time,carbon_monoxide,nitrogen_dioxide,ozone,dust,pm2_5,hour,day_of_year
2026-06-11 00:00:00+00:00,501.0,29.8,52.0,548.0,118.7,0,162
2026-06-11 01:00:00+00:00,501.0,28.2,62.0,717.0,136.4,1,162
2026-06-11 02:00:00+00:00,566.0,25.8,78.0,957.0,152.3,2,162
2026-06-11 03:00:00+00:00,592.0,22.6,100.0,1186.0,174.6,3,162
2026-06-11 04:00:00+00:00,525.0,17.8,134.0,1383.0,197.0,4,162
2026-06-11 05:00:00+00:00,420.0,12.1,174.0,1571.0,209.1,5,162
2026-06-11 06:00:00+00:00,337.0,7.9,204.0,1732.0,208.6,6,162
2026-06-11 07:00:00+00:00,300.0,5.8,218.0,1878.0,209.1,7,162
2026-06-11 08:00:00+00:00,285.0,5.2,221.0,1998.0,212.3,8,162
2026-06-11 09:00:00+00:00,285.0,6.0,217.0,2045.0,214.2,9,162
2026-06-11 10:00:00+00:00,300.0,8.8,203.0,2001.0,214.2,10,162
2026-06-11 11:00:00+00:00,330.0,12.9,182.0,1885.0,204.4,11,162
2026-06-11 12:00:00+00:00,371.0,14.2,158.0,3340.0,330.6,12,162
2026-06-11 13:00:00+00:00,435.0,15.8,145.0,2562.0,285.0,13,162
2026-06-11 14:00:00+00:00,510.0,17.9,128.0,1495.0,217.5,14,162
2026-06-11 15:00:00+00:00,554.0,18.9,115.0,738.0,140.6,15,162
2026-06-11 16:00:00+00:00,544.0,17.9,113.0,623.0,90.1,16,162
2026-06-11 17:00:00+00:00,504.0,15.8,116.0,818.0,67.8,17,162
2026-06-11 18:00:00+00:00,461.0,14.1,117.0,933.0,120.6,18,162
2026-06-11 19:00:00+00:00,422.0,13.3,112.0,798.0,132.2,19,162
2026-06-11 20:00:00+00:00,380.0,12.9,105.0,583.0,125.7,20,162
2026-06-11 21:00:00+00:00,348.0,12.7,100.0,406.0,78.2,21,162
2026-06-11 22:00:00+00:00,324.0,12.5,98.0,306.0,46.8,22,162
2026-06-11 23:00:00+00:00,309.0,12.5,98.0,244.0,51.7,23,162
2026-06-12 00:00:00+00:00,322.0,14.8,85.0,709.0,95.7,0,163
2026-06-12 01:00:00+00:00,392.0,15.1,92.0,508.0,85.2,1,163
2026-06-12 02:00:00+00:00,490.0,15.5,102.0,235.0,61.0,2,163
2026-06-12 03:00:00+00:00,543.0,14.8,114.0,68.0,38.5,3,163
2026-06-12 04:00:00+00:00,506.0,12.1,130.0,98.0,28.8,4,163
2026-06-12 05:00:00+00:00,423.0,8.4,149.0,233.0,46.6,5,163
2026-06-12 06:00:00+00:00,359.0,5.7,163.0,380.0,53.4,6,163
2026-06-12 07:00:00+00:00,331.0,4.7,168.0,525.0,70.3,7,163
2026-06-12 08:00:00+00:00,322.0,4.8,169.0,681.0,83.8,8,163
2026-06-12 09:00:00+00:00,339.0,6.0,168.0,795.0,86.1,9,163
2026-06-12 10:00:00+00:00,404.0,7.8,169.0,852.0,85.7,10,163
2026-06-12 11:00:00+00:00,496.0,10.7,169.0,866.0,87.3,11,163
2026-06-12 12:00:00+00:00,560.0,12.8,134.0,1327.0,118.7,12,163
2026-06-12 13:00:00+00:00,564.0,23.1,112.0,1124.0,114.6,13,163
2026-06-12 14:00:00+00:00,540.0,37.0,83.0,847.0,109.2,14,163
2026-06-12 15:00:00+00:00,528.0,45.2,63.0,660.0,102.2,15,163
2026-06-12 16:00:00+00:00,550.0,41.9,63.0,665.0,92.7,16,163
2026-06-12 17:00:00+00:00,585.0,32.9,73.0,760.0,93.1,17,163
2026-06-12 18:00:00+00:00,610.0,25.8,80.0,801.0,103.6,18,163
2026-06-12 19:00:00+00:00,615.0,23.9,79.0,717.0,109.0,19,163
2026-06-12 20:00:00+00:00,610.0,23.9,74.0,580.0,104.5,20,163
2026-06-12 21:00:00+00:00,601.0,24.4,70.0,461.0,94.3,21,163
2026-06-12 22:00:00+00:00,582.0,25.1,65.0,383.0,84.3,22,163
2026-06-12 23:00:00+00:00,559.0,26.3,59.0,323.0,76.8,23,163
2026-06-13 00:00:00+00:00,561.0,23.1,63.0,115.0,74.3,0,164
2026-06-13 01:00:00+00:00,616.0,23.9,70.0,242.0,70.3,1,164
2026-06-13 02:00:00+00:00,696.0,25.0,82.0,420.0,72.2,2,164
2026-06-13 03:00:00+00:00,743.0,24.5,100.0,581.0,88.5,3,164
2026-06-13 04:00:00+00:00,727.0,21.4,129.0,717.0,110.6,4,164
2026-06-13 05:00:00+00:00,677.0,16.8,165.0,835.0,124.3,5,164
2026-06-13 06:00:00+00:00,629.0,12.8,195.0,887.0,127.6,6,164
2026-06-13 07:00:00+00:00,586.0,9.8,217.0,831.0,125.7,7,164
2026-06-13 08:00:00+00:00,545.0,7.5,233.0,709.0,120.1,8,164
2026-06-13 09:00:00+00:00,523.0,6.5,240.0,600.0,112.2,9,164
2026-06-13 10:00:00+00:00,516.0,5.3,236.0,535.0,102.9,10,164
2026-06-13 11:00:00+00:00,529.0,5.5,223.0,483.0,95.2,11,164
2026-06-13 12:00:00+00:00,598.0,14.7,219.0,530.0,101.7,12,164
2026-06-13 13:00:00+00:00,760.0,31.6,182.0,494.0,104.5,13,164
2026-06-13 14:00:00+00:00,979.0,55.3,129.0,444.0,112.9,14,164
2026-06-13 15:00:00+00:00,1174.0,75.7,84.0,412.0,130.4,15,164
2026-06-13 16:00:00+00:00,1330.0,89.8,54.0,415.0,145.8,16,164
2026-06-13 17:00:00+00:00,1463.0,100.6,32.0,436.0,151.8,17,164
2026-06-13 18:00:00+00:00,1546.0,106.9,16.0,449.0,158.3,18,164
2026-06-13 19:00:00+00:00,1565.0,106.9,8.0,448.0,161.1,19,164
2026-06-13 20:00:00+00:00,1535.0,102.4,6.0,439.0,156.9,20,164
2026-06-13 21:00:00+00:00,1469.0,97.5,5.0,419.0,153.7,21,164
2026-06-13 22:00:00+00:00,1348.0,94.9,0.0,373.0,151.3,22,164
2026-06-13 23:00:00+00:00,1192.0,91.9,0.0,316.0,146.7,23,164
2026-06-14 00:00:00+00:00,1078.0,28.7,49.0,430.0,127.1,0,165
2026-06-14 01:00:00+00:00,1065.0,25.5,62.0,451.0,125.7,1,165
2026-06-14 02:00:00+00:00,1094.0,21.0,81.0,484.0,109.7,2,165
2026-06-14 03:00:00+00:00,1069.0,16.8,103.0,531.0,95.0,3,165
2026-06-14 04:00:00+00:00,933.0,13.4,134.0,616.0,100.8,4,165
2026-06-14 05:00:00+00:00,743.0,10.2,168.0,716.0,116.2,5,165
2026-06-14 06:00:00+00:00,575.0,7.6,188.0,767.0,115.3,6,165
2026-06-14 07:00:00+00:00,448.0,5.4,184.0,721.0,91.0,7,165
2026-06-14 08:00:00+00:00,343.0,3.8,166.0,626.0,90.6,8,165
2026-06-14 09:00:00+00:00,284.0,3.2,149.0,561.0,84.8,9,165
2026-06-14 10:00:00+00:00,284.0,2.5,141.0,567.0,85.0,10,165
2026-06-14 11:00:00+00:00,330.0,2.8,133.0,604.0,85.7,11,165
2026-06-14 12:00:00+00:00,406.0,8.8,131.0,564.0,78.9,12,165
2026-06-14 13:00:00+00:00,531.0,23.2,109.0,552.0,83.6,13,165
2026-06-14 14:00:00+00:00,686.0,43.4,77.0,535.0,97.8,14,165
2026-06-14 15:00:00+00:00,797.0,61.5,50.0,528.0,114.6,15,165
2026-06-14 16:00:00+00:00,835.0,75.5,31.0,544.0,127.6,16,165
2026-06-14 17:00:00+00:00,828.0,87.3,16.0,570.0,138.3,17,165
2026-06-14 18:00:00+00:00,793.0,94.8,6.0,576.0,148.5,18,165
2026-06-14 19:00:00+00:00,724.0,96.2,1.0,549.0,153.7,19,165
2026-06-14 20:00:00+00:00,626.0,93.2,0.0,503.0,152.7,20,165
2026-06-14 21:00:00+00:00,526.0,89.4,1.0,452.0,145.8,21,165
2026-06-14 22:00:00+00:00,407.0,86.1,0.0,391.0,140.6,22,165
2026-06-14 23:00:00+00:00,286.0,82.0,0.0,325.0,136.0,23,165
2026-06-15 00:00:00+00:00,238.0,30.6,45.0,397.0,88.7,0,166
2026-06-15 01:00:00+00:00,339.0,26.9,54.0,378.0,85.4,1,166
2026-06-15 02:00:00+00:00,513.0,21.8,68.0,355.0,88.2,2,166
2026-06-15 03:00:00+00:00,612.0,16.9,86.0,349.0,78.0,3,166
2026-06-15 04:00:00+00:00,553.0,12.7,111.0,383.0,79.2,4,166
2026-06-15 05:00:00+00:00,419.0,8.8,139.0,436.0,83.1,5,166
2026-06-15 06:00:00+00:00,309.0,6.0,160.0,466.0,83.4,6,166
2026-06-15 07:00:00+00:00,243.0,4.5,168.0,442.0,79.2,7,166
2026-06-15 08:00:00+00:00,202.0,4.0,169.0,396.0,75.4,8,166
2026-06-15 09:00:00+00:00,224.0,4.3,166.0,382.0,73.6,9,166
2026-06-15 10:00:00+00:00,341.0,4.7,161.0,440.0,73.8,10,166
2026-06-15 11:00:00+00:00,522.0,5.9,152.0,531.0,78.9,11,166
2026-06-15 12:00:00+00:00,710.0,10.6,108.0,1464.0,136.0,12,166
2026-06-15 13:00:00+00:00,914.0,19.1,90.0,1347.0,140.2,13,166
2026-06-15 14:00:00+00:00,1125.0,31.2,66.0,1187.0,145.8,14,166
2026-06-15 15:00:00+00:00,1257.0,43.3,44.0,1085.0,152.7,15,166
2026-06-15 16:00:00+00:00,1271.0,55.0,29.0,1095.0,161.6,16,166
2026-06-15 17:00:00+00:00,1205.0,66.7,17.0,1162.0,174.2,17,166
2026-06-15 18:00:00+00:00,1089.0,75.3,8.0,1218.0,183.9,18,166
2026-06-15 19:00:00+00:00,897.0,79.3,3.0,1241.0,192.3,19,166
2026-06-15 20:00:00+00:00,655.0,80.2,1.0,1253.0,195.1,20,166
2026-06-15 21:00:00+00:00,465.0,79.8,0.0,1254.0,197.4,21,166
2026-06-15 22:00:00+00:00,363.0,79.2,0.0,1249.0,199.8,22,166
2026-06-15 23:00:00+00:00,313.0,77.4,0.0,1233.0,200.7,23,166
2026-06-16 00:00:00+00:00,309.0,41.8,18.0,728.0,145.3,0,167
2026-06-16 01:00:00+00:00,386.0,37.5,34.0,749.0,144.8,1,167
2026-06-16 02:00:00+00:00,510.0,31.4,56.0,779.0,143.9,2,167
2026-06-16 03:00:00+00:00,573.0,25.2,79.0,798.0,130.4,3,167
2026-06-16 04:00:00+00:00,507.0,18.9,102.0,806.0,113.6,4,167
2026-06-16 05:00:00+00:00,380.0,12.4,126.0,805.0,101.3,5,167
2026-06-16 06:00:00+00:00,289.0,7.6,145.0,781.0,94.5,6,167
2026-06-16 07:00:00+00:00,279.0,5.1,157.0,718.0,91.5,7,167
2026-06-16 08:00:00+00:00,306.0,4.3,164.0,634.0,85.4,8,167
2026-06-16 09:00:00+00:00,335.0,4.7,165.0,566.0,80.6,9,167
2026-06-16 10:00:00+00:00,299.0,6.1,160.0,534.0,79.6,10,167
2026-06-16 11:00:00+00:00,265.0,8.6,150.0,520.0,78.9,11,167
2026-06-16 12:00:00+00:00,395.0,10.4,152.0,299.0,50.6,12,167
2026-06-16 13:00:00+00:00,871.0,25.0,125.0,281.0,53.4,13,167
2026-06-16 14:00:00+00:00,1511.0,45.7,87.0,257.0,63.8,14,167
2026-06-16 15:00:00+00:00,1933.0,65.5,54.0,241.0,78.0,15,167
2026-06-16 16:00:00+00:00,1918.0,84.0,31.0,238.0,91.0,16,167
2026-06-16 17:00:00+00:00,1684.0,101.6,14.0,244.0,104.8,17,167
2026-06-16 18:00:00+00:00,1506.0,113.0,2.0,255.0,115.9,18,167
2026-06-16 19:00:00+00:00,1491.0,114.9,0.0,266.0,120.6,19,167
2026-06-16 20:00:00+00:00,1530.0,110.6,0.0,283.0,117.8,20,167
2026-06-16 21:00:00+00:00,1575.0,104.4,0.0,325.0,114.3,21,167
2026-06-16 22:00:00+00:00,1643.0,97.3,0.0,402.0,115.3,22,167
2026-06-16 23:00:00+00:00,1715.0,88.3,0.0,503.0,120.1,23,167
2026-06-17 00:00:00+00:00,1691.0,39.9,38.0,772.0,95.5,0,168
2026-06-17 01:00:00+00:00,1490.0,35.4,49.0,818.0,94.8,1,168
2026-06-17 02:00:00+00:00,1192.0,28.9,65.0,883.0,100.1,2,168
2026-06-17 03:00:00+00:00,934.0,23.0,83.0,947.0,107.6,3,168
2026-06-17 04:00:00+00:00,763.0,18.2,105.0,1014.0,112.2,4,168
2026-06-17 05:00:00+00:00,632.0,13.9,129.0,1080.0,118.3,5,168
2026-06-17 06:00:00+00:00,536.0,10.4,150.0,1114.0,120.6,6,168
2026-06-17 07:00:00+00:00,484.0,7.7,166.0,1101.0,121.5,7,168
2026-06-17 08:00:00+00:00,468.0,5.9,178.0,1058.0,118.3,8,168
2026-06-17 09:00:00+00:00,453.0,5.5,182.0,999.0,114.3,9,168
2026-06-17 10:00:00+00:00,423.0,5.9,177.0,922.0,109.7,10,168
2026-06-17 11:00:00+00:00,396.0,7.7,165.0,830.0,103.8,11,168
2026-06-17 12:00:00+00:00,389.0,10.7,140.0,672.0,77.5,12,168
2026-06-17 13:00:00+00:00,394.0,22.0,117.0,636.0,79.9,13,168
2026-06-17 14:00:00+00:00,420.0,38.0,85.0,587.0,88.2,14,168
2026-06-17 15:00:00+00:00,513.0,53.4,57.0,556.0,99.2,15,168
2026-06-17 16:00:00+00:00,728.0,67.5,37.0,557.0,109.4,16,168
2026-06-17 17:00:00+00:00,1010.0,80.9,21.0,576.0,122.5,17,168
2026-06-17 18:00:00+00:00,1234.0,91.0,9.0,597.0,133.6,18,168
2026-06-17 19:00:00+00:00,1374.0,96.0,3.0,618.0,142.5,19,168
2026-06-17 20:00:00+00:00,1457.0,97.5,1.0,642.0,150.4,20,168
2026-06-17 21:00:00+00:00,1438.0,97.8,1.0,660.0,156.5,21,168
2026-06-17 22:00:00+00:00,1235.0,98.3,0.0,672.0,161.1,22,168
2026-06-17 23:00:00+00:00,931.0,97.5,0.0,677.0,164.4,23,168
2026-06-18 00:00:00+00:00,727.0,48.8,22.0,264.0,85.0,0,169
2026-06-18 01:00:00+00:00,755.0,44.5,40.0,307.0,89.6,1,169
2026-06-18 02:00:00+00:00,883.0,38.3,65.0,364.0,89.9,2,169
2026-06-18 03:00:00+00:00,923.0,31.2,92.0,386.0,90.1,3,169
2026-06-18 04:00:00+00:00,760.0,22.4,123.0,335.0,88.2,4,169
2026-06-18 05:00:00+00:00,509.0,12.7,155.0,249.0,72.6,5,169
2026-06-18 06:00:00+00:00,320.0,5.6,178.0,190.0,58.4,6,169
2026-06-18 07:00:00+00:00,261.0,3.0,185.0,187.0,62.2,7,169
2026-06-18 08:00:00+00:00,264.0,3.0,181.0,212.0,59.5,8,169
2026-06-18 09:00:00+00:00,278.0,4.0,175.0,245.0,56.1,9,169
2026-06-18 10:00:00+00:00,289.0,5.2,168.0,278.0,61.9,10,169
2026-06-18 11:00:00+00:00,310.0,7.3,158.0,319.0,60.3,11,169
2026-06-18 12:00:00+00:00,328.0,10.3,138.0,377.0,56.7,12,169
2026-06-18 13:00:00+00:00,335.0,16.8,121.0,441.0,64.5,13,169
2026-06-18 14:00:00+00:00,340.0,25.8,97.0,529.0,77.1,14,169
2026-06-18 15:00:00+00:00,352.0,33.3,77.0,586.0,86.8,15,169
2026-06-18 16:00:00+00:00,386.0,37.4,65.0,587.0,93.6,16,169
2026-06-18 17:00:00+00:00,427.0,39.9,57.0,559.0,99.9,17,169
2026-06-18 18:00:00+00:00,445.0,42.8,50.0,524.0,105.2,18,169
2026-06-18 19:00:00+00:00,418.0,46.7,42.0,486.0,108.0,19,169
2026-06-18 20:00:00+00:00,368.0,50.8,35.0,443.0,110.1,20,169
2026-06-18 21:00:00+00:00,330.0,55.2,29.0,409.0,112.9,21,169
2026-06-18 22:00:00+00:00,312.0,61.5,20.0,395.0,117.3,22,169
2026-06-18 23:00:00+00:00,306.0,68.1,11.0,390.0,122.5,23,169
2026-06-19 00:00:00+00:00,325.0,20.1,47.0,1061.0,142.0,0,170
2026-06-19 01:00:00+00:00,393.0,20.5,50.0,1072.0,154.1,1,170
2026-06-19 02:00:00+00:00,485.0,20.8,56.0,1083.0,156.9,2,170
2026-06-19 03:00:00+00:00,539.0,19.8,71.0,1061.0,152.7,3,170
2026-06-19 04:00:00+00:00,522.0,16.1,105.0,971.0,141.1,4,170
2026-06-19 05:00:00+00:00,467.0,11.1,149.0,848.0,133.2,5,170
2026-06-19 06:00:00+00:00,414.0,7.1,181.0,763.0,126.2,6,170
2026-06-19 07:00:00+00:00,374.0,5.1,192.0,765.0,133.6,7,170
2026-06-19 08:00:00+00:00,336.0,4.2,191.0,804.0,129.9,8,170
2026-06-19 09:00:00+00:00,311.0,4.4,184.0,806.0,117.1,9,170
2026-06-19 10:00:00+00:00,307.0,5.4,172.0,714.0,102.0,10,170
2026-06-19 11:00:00+00:00,317.0,7.5,155.0,584.0,91.7,11,170
2026-06-19 12:00:00+00:00,326.0,9.8,133.0,1071.0,118.7,12,170
2026-06-19 13:00:00+00:00,327.0,12.8,119.0,1251.0,136.0,13,170
2026-06-19 14:00:00+00:00,329.0,17.2,99.0,1496.0,155.5,14,170
2026-06-19 15:00:00+00:00,342.0,21.6,81.0,1661.0,169.0,15,170
2026-06-19 16:00:00+00:00,381.0,26.3,68.0,1681.0,178.8,16,170
2026-06-19 17:00:00+00:00,431.0,31.0,57.0,1622.0,184.4,17,170
2026-06-19 18:00:00+00:00,464.0,34.0,50.0,1533.0,182.5,18,170
2026-06-19 19:00:00+00:00,459.0,33.9,48.0,1424.0,177.4,19,170
2026-06-19 20:00:00+00:00,437.0,32.0,49.0,1286.0,170.0,20,170
2026-06-19 21:00:00+00:00,427.0,30.3,51.0,1142.0,161.6,21,170
2026-06-19 22:00:00+00:00,446.0,29.8,49.0,993.0,153.2,22,170
2026-06-19 23:00:00+00:00,476.0,29.5,48.0,838.0,145.3,23,170
2026-06-20 00:00:00+00:00,499.0,21.1,71.0,836.0,152.3,0,171
2026-06-20 01:00:00+00:00,513.0,20.3,85.0,787.0,149.5,1,171
2026-06-20 02:00:00+00:00,518.0,19.1,104.0,718.0,144.8,2,171
2026-06-20 03:00:00+00:00,497.0,16.9,123.0,653.0,122.9,3,171
2026-06-20 04:00:00+00:00,425.0,12.7,141.0,589.0,98.0,4,171
2026-06-20 05:00:00+00:00,325.0,7.6,159.0,529.0,93.6,5,171
2026-06-20 06:00:00+00:00,254.0,3.9,170.0,513.0,76.1,6,171
2026-06-20 07:00:00+00:00,237.0,2.6,170.0,569.0,89.9,7,171
2026-06-20 08:00:00+00:00,248.0,2.7,163.0,669.0,77.3,8,171
2026-06-20 09:00:00+00:00,262.0,3.6,154.0,762.0,84.5,9,171
2026-06-20 10:00:00+00:00,272.0,4.8,146.0,823.0,83.6,10,171
2026-06-20 11:00:00+00:00,285.0,6.7,137.0,878.0,87.8,11,171
2026-06-20 12:00:00+00:00,298.0,10.7,125.0,757.0,83.4,12,171
2026-06-20 13:00:00+00:00,307.0,15.9,111.0,766.0,85.4,13,171
2026-06-20 14:00:00+00:00,316.0,23.3,90.0,778.0,93.1,14,171
2026-06-20 15:00:00+00:00,333.0,30.1,72.0,793.0,107.8,15,171
2026-06-20 16:00:00+00:00,374.0,35.7,59.0,814.0,122.0,16,171
2026-06-20 17:00:00+00:00,423.0,40.7,48.0,837.0,134.1,17,171
2026-06-20 18:00:00+00:00,447.0,43.8,39.0,851.0,142.5,18,171
2026-06-20 19:00:00+00:00,423.0,44.0,34.0,853.0,146.7,19,171
2026-06-20 20:00:00+00:00,373.0,42.4,31.0,847.0,150.4,20,171
2026-06-20 21:00:00+00:00,330.0,40.2,29.0,832.0,152.3,21,171
2026-06-20 22:00:00+00:00,304.0,38.2,27.0,804.0,152.3,22,171
2026-06-20 23:00:00+00:00,285.0,35.6,26.0,766.0,149.9,23,171
2026-06-21 00:00:00+00:00,275.0,15.6,53.0,887.0,130.4,0,172
2026-06-21 01:00:00+00:00,282.0,15.2,53.0,938.0,130.4,1,172
2026-06-21 02:00:00+00:00,298.0,14.4,54.0,1010.0,129.9,2,172
2026-06-21 03:00:00+00:00,301.0,13.0,63.0,1084.0,132.7,3,172
2026-06-21 04:00:00+00:00,275.0,10.2,86.0,1162.0,130.4,4,172
2026-06-21 05:00:00+00:00,235.0,6.8,116.0,1241.0,129.0,5,172
2026-06-21 06:00:00+00:00,206.0,4.2,139.0,1295.0,132.7,6,172
2026-06-21 07:00:00+00:00,201.0,3.0,151.0,1308.0,118.3,7,172
2026-06-21 08:00:00+00:00,208.0,2.7,156.0,1294.0,120.6,8,172
2026-06-21 09:00:00+00:00,213.0,3.1,156.0,1274.0,120.6,9,172
2026-06-21 10:00:00+00:00,211.0,3.8,150.0,1251.0,116.9,10,172
2026-06-21 11:00:00+00:00,207.0,5.2,139.0,1220.0,114.6,11,172
2026-06-21 12:00:00+00:00,207.0,10.3,120.0,831.0,82.0,12,172
2026-06-21 13:00:00+00:00,214.0,16.8,103.0,775.0,82.9,13,172
2026-06-21 14:00:00+00:00,225.0,25.7,79.0,703.0,85.7,14,172
2026-06-21 15:00:00+00:00,239.0,31.8,61.0,692.0,91.5,15,172
2026-06-21 16:00:00+00:00,264.0,32.3,53.0,816.0,109.2,16,172
2026-06-21 17:00:00+00:00,292.0,30.1,50.0,1001.0,132.2,17,172
2026-06-21 18:00:00+00:00,303.0,28.1,48.0,1101.0,143.9,18,172
2026-06-21 19:00:00+00:00,276.0,27.5,44.0,1039.0,145.3,19,172
2026-06-21 20:00:00+00:00,231.0,27.2,41.0,893.0,139.2,20,172
2026-06-21 21:00:00+00:00,209.0,27.3,38.0,744.0,128.5,21,172
2026-06-21 22:00:00+00:00,229.0,28.4,32.0,611.0,115.7,22,172
2026-06-21 23:00:00+00:00,272.0,29.8,26.0,476.0,103.4,23,172
2026-06-22 00:00:00+00:00,314.0,20.5,45.0,960.0,128.1,0,173
2026-06-22 01:00:00+00:00,357.0,20.0,49.0,992.0,121.5,1,173
2026-06-22 02:00:00+00:00,399.0,19.2,56.0,1034.0,122.0,2,173
2026-06-22 03:00:00+00:00,414.0,17.5,71.0,1058.0,135.5,3,173
2026-06-22 04:00:00+00:00,381.0,14.0,103.0,1045.0,144.4,4,173
2026-06-22 05:00:00+00:00,320.0,9.6,144.0,1013.0,140.2,5,173
2026-06-22 06:00:00+00:00,271.0,6.2,171.0,991.0,131.3,6,173
2026-06-22 07:00:00+00:00,247.0,4.5,174.0,988.0,115.9,7,173
2026-06-22 08:00:00+00:00,235.0,3.7,165.0,994.0,102.4,8,173
2026-06-22 09:00:00+00:00,230.0,4.0,154.0,1009.0,98.7,9,173
2026-06-22 10:00:00+00:00,233.0,5.3,147.0,1022.0,101.3,10,173
2026-06-22 11:00:00+00:00,244.0,7.7,139.0,1044.0,109.0,11,173
2026-06-22 12:00:00+00:00,257.0,11.3,128.0,802.0,80.1,12,173
2026-06-22 13:00:00+00:00,270.0,15.9,115.0,737.0,79.9,13,173
2026-06-22 14:00:00+00:00,285.0,22.4,96.0,646.0,80.1,14,173
2026-06-22 15:00:00+00:00,305.0,27.8,80.0,563.0,72.6,15,173
2026-06-22 16:00:00+00:00,338.0,31.1,69.0,503.0,65.2,16,173
2026-06-22 17:00:00+00:00,377.0,33.2,60.0,451.0,61.7,17,173
2026-06-22 18:00:00+00:00,402.0,34.7,53.0,402.0,59.6,18,173
2026-06-22 19:00:00+00:00,404.0,35.4,46.0,352.0,57.4,19,173
2026-06-22 20:00:00+00:00,392.0,35.4,41.0,304.0,56.0,20,173
2026-06-22 21:00:00+00:00,373.0,35.1,37.0,267.0,55.4,21,173
2026-06-22 22:00:00+00:00,338.0,34.9,33.0,241.0,52.9,22,173
2026-06-22 23:00:00+00:00,296.0,34.4,30.0,226.0,52.7,23,173
2026-06-23 00:00:00+00:00,282.0,52.8,17.0,263.0,73.8,0,174
2026-06-23 01:00:00+00:00,329.0,45.4,39.0,283.0,75.7,1,174
2026-06-23 02:00:00+00:00,404.0,35.0,71.0,310.0,79.4,2,174
2026-06-23 03:00:00+00:00,439.0,25.4,102.0,336.0,78.0,3,174
2026-06-23 04:00:00+00:00,390.0,17.6,132.0,351.0,71.7,4,174
2026-06-23 05:00:00+00:00,301.0,10.7,162.0,364.0,68.2,5,174
2026-06-23 06:00:00+00:00,236.0,5.8,180.0,392.0,63.8,6,174
2026-06-23 07:00:00+00:00,224.0,3.5,180.0,457.0,64.3,7,174
2026-06-23 08:00:00+00:00,235.0,3.2,168.0,537.0,70.1,8,174
2026-06-23 09:00:00+00:00,250.0,3.7,155.0,585.0,69.6,9,174
2026-06-23 10:00:00+00:00,258.0,4.3,145.0,567.0,76.1,10,174
2026-06-23 11:00:00+00:00,269.0,5.9,135.0,517.0,75.7,11,174
2026-06-23 12:00:00+00:00,291.0,14.7,93.0,829.0,91.0,12,174
2026-06-23 13:00:00+00:00,337.0,20.3,82.0,788.0,89.4,13,174
2026-06-23 14:00:00+00:00,394.0,28.5,66.0,729.0,91.5,14,174
2026-06-23 15:00:00+00:00,437.0,37.1,50.0,673.0,96.2,15,174
2026-06-23 16:00:00+00:00,457.0,46.8,36.0,625.0,101.0,16,174
2026-06-23 17:00:00+00:00,464.0,57.0,22.0,581.0,109.0,17,174
2026-06-23 18:00:00+00:00,457.0,64.1,12.0,542.0,115.3,18,174
2026-06-23 19:00:00+00:00,432.0,66.0,8.0,507.0,115.9,19,174
2026-06-23 20:00:00+00:00,394.0,64.8,7.0,477.0,116.4,20,174
2026-06-23 21:00:00+00:00,362.0,63.0,7.0,465.0,116.6,21,174
2026-06-23 22:00:00+00:00,340.0,62.3,4.0,475.0,116.2,22,174
2026-06-23 23:00:00+00:00,325.0,61.1,2.0,503.0,116.9,23,174
2026-06-24 00:00:00+00:00,326.0,54.2,10.0,568.0,128.5,0,175
2026-06-24 01:00:00+00:00,362.0,48.0,24.0,603.0,125.7,1,175
2026-06-24 02:00:00+00:00,413.0,39.2,44.0,650.0,118.7,2,175
2026-06-24 03:00:00+00:00,434.0,30.5,66.0,675.0,112.9,3,175
2026-06-24 04:00:00+00:00,392.0,22.0,90.0,656.0,98.7,4,175
2026-06-24 05:00:00+00:00,320.0,13.6,116.0,615.0,88.2,5,175
2026-06-24 06:00:00+00:00,262.0,7.4,136.0,586.0,85.7,6,175
2026-06-24 07:00:00+00:00,236.0,4.5,147.0,584.0,87.5,7,175
2026-06-24 08:00:00+00:00,226.0,3.9,152.0,593.0,85.7,8,175
2026-06-24 09:00:00+00:00,225.0,4.2,153.0,600.0,77.8,9,175
2026-06-24 10:00:00+00:00,237.0,4.5,153.0,605.0,74.7,10,175
2026-06-24 11:00:00+00:00,259.0,5.9,149.0,609.0,77.1,11,175
2026-06-24 12:00:00+00:00,277.0,10.0,139.0,598.0,76.6,12,175
2026-06-24 13:00:00+00:00,271.0,18.8,120.0,558.0,79.4,13,175
2026-06-24 14:00:00+00:00,261.0,30.4,95.0,503.0,85.2,14,175
2026-06-24 15:00:00+00:00,297.0,41.1,74.0,464.0,93.1,15,175
2026-06-24 16:00:00+00:00,429.0,50.3,59.0,460.0,102.0,16,175
2026-06-24 17:00:00+00:00,607.0,58.5,48.0,471.0,113.9,17,175
2026-06-24 18:00:00+00:00,734.0,63.5,40.0,476.0,121.5,18,175
2026-06-24 19:00:00+00:00,756.0,62.9,38.0,462.0,121.5,19,175
2026-06-24 20:00:00+00:00,726.0,59.1,39.0,440.0,120.1,20,175
2026-06-24 21:00:00+00:00,707.0,56.8,39.0,422.0,119.7,21,175
2026-06-24 22:00:00+00:00,732.0,59.5,31.0,410.0,120.6,22,175
2026-06-24 23:00:00+00:00,768.0,63.7,21.0,402.0,123.9,23,175
2026-06-25 00:00:00+00:00,782.0,64.4,24.0,398.0,129.0,0,176
2026-06-25 01:00:00+00:00,767.0,58.9,50.0,400.0,131.8,1,176
2026-06-25 02:00:00+00:00,729.0,49.8,89.0,406.0,122.5,2,176
2026-06-25 03:00:00+00:00,661.0,40.1,125.0,415.0,118.3,3,176
2026-06-25 04:00:00+00:00,532.0,29.5,154.0,432.0,112.2,4,176
2026-06-25 05:00:00+00:00,373.0,18.3,179.0,453.0,105.2,5,176
2026-06-25 06:00:00+00:00,259.0,9.9,197.0,460.0,98.5,6,176
2026-06-25 07:00:00+00:00,231.0,6.0,206.0,444.0,93.4,7,176
2026-06-25 08:00:00+00:00,249.0,5.0,208.0,415.0,90.3,8,176
2026-06-25 09:00:00+00:00,274.0,5.2,202.0,389.0,85.4,9,176
2026-06-25 10:00:00+00:00,285.0,5.5,187.0,373.0,82.4,10,176
2026-06-25 11:00:00+00:00,302.0,7.0,164.0,360.0,78.0,11,176
2026-06-25 12:00:00+00:00,353.0,11.0,198.0,212.0,56.5,12,176
2026-06-25 13:00:00+00:00,464.0,22.2,168.0,191.0,58.8,13,176
2026-06-25 14:00:00+00:00,608.0,37.6,126.0,164.0,68.0,14,176
2026-06-25 15:00:00+00:00,729.0,48.7,92.0,153.0,75.4,15,176
2026-06-25 16:00:00+00:00,817.0,51.0,74.0,174.0,71.7,16,176
2026-06-25 17:00:00+00:00,882.0,49.1,63.0,211.0,72.4,17,176
2026-06-25 18:00:00+00:00,898.0,48.4,53.0,237.0,79.2,18,176
2026-06-25 19:00:00+00:00,825.0,51.4,43.0,240.0,83.4,19,176
2026-06-25 20:00:00+00:00,703.0,55.8,33.0,231.0,83.4,20,176
2026-06-25 21:00:00+00:00,620.0,59.6,26.0,223.0,86.1,21,176
2026-06-25 22:00:00+00:00,625.0,63.7,17.0,219.0,88.2,22,176
2026-06-25 23:00:00+00:00,669.0,67.3,10.0,214.0,91.0,23,176
2026-06-26 00:00:00+00:00,695.0,64.3,23.0,182.0,105.7,0,177
2026-06-26 01:00:00+00:00,685.0,55.0,41.0,196.0,101.5,1,177
2026-06-26 02:00:00+00:00,658.0,41.8,68.0,214.0,89.9,2,177
2026-06-26 03:00:00+00:00,611.0,30.0,98.0,223.0,79.2,3,177
2026-06-26 04:00:00+00:00,529.0,20.9,136.0,211.0,77.3,4,177
2026-06-26 05:00:00+00:00,427.0,13.0,177.0,189.0,69.8,5,177
2026-06-26 06:00:00+00:00,348.0,7.4,206.0,175.0,62.2,6,177
2026-06-26 07:00:00+00:00,304.0,4.7,214.0,175.0,52.3,7,177
2026-06-26 08:00:00+00:00,284.0,4.2,209.0,183.0,51.3,8,177
2026-06-26 09:00:00+00:00,292.0,4.7,198.0,201.0,51.1,9,177
2026-06-26 10:00:00+00:00,336.0,5.3,183.0,240.0,48.9,10,177
2026-06-26 11:00:00+00:00,409.0,6.9,163.0,290.0,52.2,11,177
2026-06-26 12:00:00+00:00,496.0,12.7,161.0,203.0,51.7,12,177
2026-06-26 13:00:00+00:00,604.0,19.1,143.0,202.0,57.2,13,177
2026-06-26 14:00:00+00:00,727.0,28.2,118.0,201.0,65.7,14,177
2026-06-26 15:00:00+00:00,830.0,36.6,95.0,204.0,65.7,15,177
2026-06-26 16:00:00+00:00,908.0,43.9,77.0,214.0,69.6,16,177
2026-06-26 17:00:00+00:00,967.0,50.5,60.0,228.0,77.1,17,177
2026-06-26 18:00:00+00:00,989.0,54.1,48.0,236.0,82.9,18,177
2026-06-26 19:00:00+00:00,959.0,52.8,41.0,233.0,85.2,19,177
2026-06-26 20:00:00+00:00,891.0,48.4,38.0,224.0,81.7,20,177
2026-06-26 21:00:00+00:00,814.0,44.1,36.0,221.0,73.8,21,177
2026-06-26 22:00:00+00:00,720.0,40.9,31.0,222.0,68.5,22,177
2026-06-26 23:00:00+00:00,616.0,37.7,27.0,229.0,66.8,23,177
2026-06-27 00:00:00+00:00,548.0,24.3,57.0,390.0,73.1,0,178
2026-06-27 01:00:00+00:00,557.0,23.5,65.0,498.0,86.8,1,178
2026-06-27 02:00:00+00:00,602.0,22.3,77.0,643.0,105.0,2,178
2026-06-27 03:00:00+00:00,610.0,20.1,96.0,719.0,116.9,3,178
2026-06-27 04:00:00+00:00,533.0,16.0,131.0,659.0,117.3,4,178
2026-06-27 05:00:00+00:00,418.0,11.0,173.0,530.0,110.6,5,178
2026-06-27 06:00:00+00:00,333.0,7.1,202.0,425.0,101.0,6,178
2026-06-27 07:00:00+00:00,309.0,5.1,209.0,383.0,93.4,7,178
2026-06-27 08:00:00+00:00,315.0,4.3,204.0,366.0,85.4,8,178
2026-06-27 09:00:00+00:00,322.0,4.4,194.0,353.0,83.6,9,178
2026-06-27 10:00:00+00:00,318.0,5.1,180.0,334.0,76.8,10,178
2026-06-27 11:00:00+00:00,315.0,6.8,162.0,319.0,72.4,11,178
2026-06-27 12:00:00+00:00,318.0,11.3,146.0,292.0,68.0,12,178
2026-06-27 13:00:00+00:00,314.0,19.7,126.0,288.0,70.1,13,178
2026-06-27 14:00:00+00:00,316.0,31.6,99.0,282.0,76.8,14,178
2026-06-27 15:00:00+00:00,370.0,43.6,74.0,280.0,85.4,15,178
2026-06-27 16:00:00+00:00,530.0,55.5,55.0,289.0,94.8,16,178
2026-06-27 17:00:00+00:00,743.0,67.5,39.0,303.0,104.5,17,178
2026-06-27 18:00:00+00:00,889.0,76.5,26.0,305.0,112.0,18,178
2026-06-27 19:00:00+00:00,923.0,81.0,17.0,286.0,115.7,19,178
2026-06-27 20:00:00+00:00,892.0,82.5,12.0,255.0,116.2,20,178
2026-06-27 21:00:00+00:00,816.0,81.9,8.0,229.0,116.9,21,178
2026-06-27 22:00:00+00:00,667.0,80.1,3.0,205.0,116.6,22,178
2026-06-27 23:00:00+00:00,474.0,76.2,0.0,185.0,115.7,23,178
2026-06-28 00:00:00+00:00,342.0,33.3,36.0,213.0,71.7,0,179
2026-06-28 01:00:00+00:00,333.0,30.5,46.0,234.0,71.0,1,179
2026-06-28 02:00:00+00:00,386.0,26.5,60.0,261.0,72.6,2,179
2026-06-28 03:00:00+00:00,419.0,22.0,83.0,278.0,75.0,3,179
2026-06-28 04:00:00+00:00,397.0,16.6,121.0,273.0,76.8,4,179
2026-06-28 05:00:00+00:00,356.0,10.7,166.0,257.0,76.8,5,179
2026-06-28 06:00:00+00:00,322.0,6.3,199.0,241.0,71.2,6,179
2026-06-28 07:00:00+00:00,302.0,4.3,210.0,229.0,66.4,7,179
2026-06-28 08:00:00+00:00,290.0,3.8,209.0,217.0,65.4,8,179
2026-06-28 09:00:00+00:00,286.0,4.1,203.0,209.0,62.2,9,179
2026-06-28 10:00:00+00:00,294.0,4.8,195.0,205.0,63.8,10,179
2026-06-28 11:00:00+00:00,311.0,6.2,182.0,205.0,62.2,11,179
2026-06-28 12:00:00+00:00,334.0,8.9,167.0,212.0,62.6,12,179
2026-06-28 13:00:00+00:00,360.0,13.1,149.0,232.0,67.5,13,179
2026-06-28 14:00:00+00:00,392.0,18.6,128.0,260.0,81.3,14,179
2026-06-28 15:00:00+00:00,431.0,24.9,108.0,284.0,87.5,15,179
2026-06-28 16:00:00+00:00,481.0,32.7,90.0,298.0,97.6,16,179
2026-06-28 17:00:00+00:00,539.0,41.3,73.0,309.0,108.0,17,179
2026-06-28 18:00:00+00:00,592.0,48.1,59.0,317.0,113.9,18,179
2026-06-28 19:00:00+00:00,649.0,52.2,50.0,323.0,116.4,19,179
2026-06-28 20:00:00+00:00,701.0,54.6,43.0,328.0,119.7,20,179
2026-06-28 21:00:00+00:00,713.0,55.5,38.0,334.0,121.5,21,179
2026-06-28 22:00:00+00:00,650.0,55.2,32.0,341.0,120.1,22,179
2026-06-28 23:00:00+00:00,546.0,53.4,27.0,349.0,123.4,23,179
2026-06-29 00:00:00+00:00,465.0,21.8,85.0,148.0,72.4,0,180
2026-06-29 01:00:00+00:00,440.0,21.7,86.0,158.0,71.5,1,180
2026-06-29 02:00:00+00:00,438.0,21.4,88.0,183.0,71.9,2,180
2026-06-29 03:00:00+00:00,419.0,19.7,94.0,286.0,72.9,3,180
2026-06-29 04:00:00+00:00,357.0,15.3,109.0,541.0,85.0,4,180
2026-06-29 05:00:00+00:00,278.0,9.4,129.0,874.0,107.3,5,180
2026-06-29 06:00:00+00:00,219.0,5.1,145.0,1125.0,120.6,6,180
2026-06-29 07:00:00+00:00,199.0,3.4,155.0,1224.0,132.2,7,180
2026-06-29 08:00:00+00:00,199.0,3.2,160.0,1242.0,129.9,8,180
2026-06-29 09:00:00+00:00,205.0,4.0,161.0,1222.0,129.0,9,180
2026-06-29 10:00:00+00:00,187.0,5.3,156.0,1160.0,125.7,10,180
2026-06-29 11:00:00+00:00,175.0,7.5,145.0,1061.0,126.7,11,180
2026-06-29 12:00:00+00:00,246.0,11.5,135.0,1055.0,121.1,12,180
2026-06-29 13:00:00+00:00,484.0,21.2,119.0,982.0,116.2,13,180
2026-06-29 14:00:00+00:00,806.0,34.7,97.0,880.0,123.9,14,180
2026-06-29 15:00:00+00:00,1040.0,45.4,78.0,798.0,134.6,15,180
2026-06-29 16:00:00+00:00,1122.0,50.8,66.0,758.0,145.3,16,180
2026-06-29 17:00:00+00:00,1116.0,53.4,57.0,738.0,149.9,17,180
2026-06-29 18:00:00+00:00,1039.0,53.9,50.0,721.0,144.8,18,180
2026-06-29 19:00:00+00:00,842.0,51.7,46.0,708.0,143.9,19,180
2026-06-29 20:00:00+00:00,574.0,47.4,43.0,698.0,143.0,20,180
2026-06-29 21:00:00+00:00,395.0,43.2,42.0,665.0,138.8,21,180
2026-06-29 22:00:00+00:00,401.0,39.9,40.0,580.0,128.5,22,180
2026-06-29 23:00:00+00:00,496.0,36.7,39.0,473.0,117.3,23,180
2026-06-30 00:00:00+00:00,550.0,26.3,71.0,632.0,106.4,0,181
2026-06-30 01:00:00+00:00,502.0,25.4,68.0,946.0,108.5,1,181
2026-06-30 02:00:00+00:00,413.0,24.0,64.0,1387.0,132.2,2,181
2026-06-30 03:00:00+00:00,336.0,22.3,62.0,1787.0,194.2,3,181
2026-06-30 04:00:00+00:00,289.0,20.0,60.0,2141.0,244.9,4,181
2026-06-30 05:00:00+00:00,255.0,17.4,60.0,2453.0,270.1,5,181
2026-06-30 06:00:00+00:00,232.0,14.8,69.0,2562.0,276.6,6,181
2026-06-30 07:00:00+00:00,222.0,11.8,97.0,2336.0,248.7,7,181
2026-06-30 08:00:00+00:00,223.0,8.9,135.0,1907.0,204.9,8,181
2026-06-30 09:00:00+00:00,228.0,7.9,164.0,1510.0,167.2,9,181
2026-06-30 10:00:00+00:00,227.0,10.3,176.0,1213.0,137.4,10,181
2026-06-30 11:00:00+00:00,230.0,14.7,178.0,947.0,117.8,11,181
2026-06-30 12:00:00+00:00,260.0,18.9,127.0,1039.0,110.4,12,181
2026-06-30 13:00:00+00:00,343.0,22.9,114.0,862.0,76.1,13,181
2026-06-30 14:00:00+00:00,454.0,28.3,96.0,619.0,63.8,14,181
2026-06-30 15:00:00+00:00,539.0,32.2,81.0,454.0,65.0,15,181
2026-06-30 16:00:00+00:00,579.0,33.2,71.0,447.0,70.1,16,181
2026-06-30 17:00:00+00:00,594.0,32.7,64.0,518.0,74.0,17,181
2026-06-30 18:00:00+00:00,589.0,31.7,58.0,565.0,75.0,18,181
2026-06-30 19:00:00+00:00,557.0,30.5,54.0,549.0,72.6,19,181
2026-06-30 20:00:00+00:00,505.0,28.8,51.0,509.0,70.5,20,181
2026-06-30 21:00:00+00:00,465.0,27.1,50.0,460.0,74.3,21,181
2026-06-30 22:00:00+00:00,445.0,25.3,51.0,399.0,78.5,22,181
2026-06-30 23:00:00+00:00,436.0,23.5,53.0,329.0,69.6,23,181
2026-07-01 00:00:00+00:00,446.0,21.5,61.0,61.0,40.2,0,182
2026-07-01 01:00:00+00:00,488.0,23.6,59.0,70.0,38.3,1,182
2026-07-01 02:00:00+00:00,548.0,26.4,57.0,85.0,38.6,2,182
2026-07-01 03:00:00+00:00,590.0,28.0,60.0,116.0,43.9,3,182
2026-07-01 04:00:00+00:00,603.0,27.4,71.0,179.0,48.7,4,182
2026-07-01 05:00:00+00:00,599.0,25.6,88.0,257.0,58.8,5,182
2026-07-01 06:00:00+00:00,576.0,23.4,103.0,313.0,62.6,6,182
2026-07-01 07:00:00+00:00,517.0,20.4,115.0,323.0,57.9,7,182
2026-07-01 08:00:00+00:00,440.0,17.0,126.0,311.0,61.0,8,182
2026-07-01 09:00:00+00:00,397.0,14.8,136.0,306.0,67.1,9,182
2026-07-01 10:00:00+00:00,415.0,14.2,146.0,327.0,74.5,10,182
2026-07-01 11:00:00+00:00,467.0,14.8,154.0,356.0,78.9,11,182
2026-07-01 12:00:00+00:00,527.0,22.9,105.0,290.0,59.8,12,182
2026-07-01 13:00:00+00:00,591.0,27.8,93.0,267.0,59.1,13,182
2026-07-01 14:00:00+00:00,662.0,34.6,76.0,236.0,60.3,14,182
2026-07-01 15:00:00+00:00,725.0,40.0,62.0,216.0,64.5,15,182
2026-07-01 16:00:00+00:00,780.0,42.8,54.0,220.0,67.3,16,182
2026-07-01 17:00:00+00:00,827.0,44.2,48.0,234.0,69.2,17,182
2026-07-01 18:00:00+00:00,844.0,44.0,45.0,239.0,70.1,18,182
2026-07-01 19:00:00+00:00,813.0,41.2,45.0,225.0,68.0,19,182
2026-07-01 20:00:00+00:00,753.0,36.7,47.0,202.0,72.6,20,182
2026-07-01 21:00:00+00:00,697.0,33.4,48.0,175.0,67.8,21,182
2026-07-01 22:00:00+00:00,641.0,32.7,46.0,141.0,61.5,22,182
2026-07-01 23:00:00+00:00,589.0,33.2,43.0,102.0,58.9,23,182
2026-07-02 00:00:00+00:00,583.0,33.0,46.0,130.0,61.0,0,183
2026-07-02 01:00:00+00:00,666.0,33.0,55.0,134.0,59.1,1,183
2026-07-02 02:00:00+00:00,795.0,32.8,68.0,140.0,60.1,2,183
2026-07-02 03:00:00+00:00,883.0,31.2,83.0,141.0,60.8,3,183
2026-07-02 04:00:00+00:00,886.0,27.0,99.0,135.0,58.9,4,183
2026-07-02 05:00:00+00:00,848.0,21.4,116.0,125.0,54.1,5,183
2026-07-02 06:00:00+00:00,809.0,16.5,134.0,114.0,50.5,6,183
2026-07-02 07:00:00+00:00,781.0,12.6,155.0,103.0,45.3,7,183
2026-07-02 08:00:00+00:00,751.0,9.3,177.0,91.0,39.9,8,183
2026-07-02 09:00:00+00:00,723.0,7.6,192.0,83.0,37.3,9,183
2026-07-02 10:00:00+00:00,650.0,7.7,199.0,82.0,37.3,10,183
2026-07-02 11:00:00+00:00,579.0,9.5,200.0,85.0,35.6,11,183
2026-07-02 12:00:00+00:00,653.0,11.5,154.0,118.0,34.3,12,183
2026-07-02 13:00:00+00:00,1051.0,17.8,139.0,101.0,33.6,13,183
2026-07-02 14:00:00+00:00,1594.0,26.5,119.0,79.0,35.0,14,183
2026-07-02 15:00:00+00:00,1893.0,32.9,101.0,65.0,37.1,15,183
2026-07-02 16:00:00+00:00,1715.0,35.1,90.0,68.0,38.3,16,183
2026-07-02 17:00:00+00:00,1293.0,35.1,81.0,81.0,39.5,17,183
2026-07-02 18:00:00+00:00,937.0,34.2,75.0,92.0,41.6,18,183
2026-07-02 19:00:00+00:00,768.0,32.9,69.0,103.0,43.0,19,183
2026-07-02 20:00:00+00:00,665.0,30.8,65.0,113.0,45.4,20,183
2026-07-02 21:00:00+00:00,580.0,28.2,65.0,110.0,47.8,21,183
2026-07-02 22:00:00+00:00,484.0,24.7,70.0,84.0,46.0,22,183
2026-07-02 23:00:00+00:00,407.0,20.8,78.0,46.0,41.1,23,183
2026-07-03 00:00:00+00:00,384.0,15.2,94.0,8.0,21.8,0,184
2026-07-03 01:00:00+00:00,466.0,17.0,94.0,11.0,21.4,1,184
2026-07-03 02:00:00+00:00,604.0,19.3,94.0,15.0,23.3,2,184
2026-07-03 03:00:00+00:00,681.0,20.1,101.0,21.0,24.6,3,184
2026-07-03 04:00:00+00:00,632.0,17.7,121.0,29.0,27.2,4,184
2026-07-03 05:00:00+00:00,523.0,13.8,148.0,40.0,29.3,5,184
2026-07-03 06:00:00+00:00,439.0,11.1,167.0,49.0,31.2,6,184
2026-07-03 07:00:00+00:00,411.0,11.1,170.0,56.0,32.4,7,184
2026-07-03 08:00:00+00:00,408.0,12.4,165.0,63.0,33.8,8,184
2026-07-03 09:00:00+00:00,419.0,13.7,160.0,71.0,34.9,9,184
2026-07-03 10:00:00+00:00,422.0,13.9,160.0,84.0,38.1,10,184
2026-07-03 11:00:00+00:00,440.0,14.1,160.0,98.0,40.6,11,184
2026-07-03 12:00:00+00:00,531.0,15.8,190.0,84.0,45.2,12,184
2026-07-03 13:00:00+00:00,776.0,26.5,160.0,77.0,50.1,13,184
2026-07-03 14:00:00+00:00,1095.0,41.3,118.0,68.0,57.0,14,184
2026-07-03 15:00:00+00:00,1307.0,52.1,84.0,60.0,65.4,15,184
2026-07-03 16:00:00+00:00,1321.0,55.4,66.0,56.0,66.4,16,184
2026-07-03 17:00:00+00:00,1228.0,54.8,56.0,54.0,65.7,17,184
2026-07-03 18:00:00+00:00,1115.0,52.7,50.0,52.0,63.1,18,184
2026-07-03 19:00:00+00:00,994.0,49.1,46.0,48.0,59.4,19,184
2026-07-03 20:00:00+00:00,853.0,44.1,46.0,45.0,56.7,20,184
2026-07-03 21:00:00+00:00,747.0,40.2,46.0,40.0,55.5,21,184
2026-07-03 22:00:00+00:00,697.0,39.0,42.0,33.0,54.9,22,184
2026-07-03 23:00:00+00:00,680.0,38.8,39.0,25.0,54.6,23,184
2026-07-04 00:00:00+00:00,686.0,33.5,50.0,68.0,55.9,0,185
2026-07-04 01:00:00+00:00,736.0,31.6,66.0,69.0,57.7,1,185
2026-07-04 02:00:00+00:00,808.0,28.7,89.0,71.0,55.1,2,185
2026-07-04 03:00:00+00:00,824.0,25.1,112.0,71.0,48.2,3,185
2026-07-04 04:00:00+00:00,722.0,20.2,135.0,70.0,39.9,4,185
2026-07-04 05:00:00+00:00,565.0,14.5,158.0,67.0,36.9,5,185
2026-07-04 06:00:00+00:00,464.0,10.4,176.0,63.0,34.5,6,185
2026-07-04 07:00:00+00:00,477.0,8.7,187.0,56.0,32.4,7,185
2026-07-04 08:00:00+00:00,546.0,8.5,193.0,48.0,33.6,8,185
2026-07-04 09:00:00+00:00,610.0,9.0,197.0,43.0,36.4,9,185
2026-07-04 10:00:00+00:00,639.0,9.6,202.0,45.0,39.2,10,185
2026-07-04 11:00:00+00:00,662.0,10.9,204.0,51.0,41.9,11,185
2026-07-04 12:00:00+00:00,708.0,25.2,155.0,61.0,58.2,12,185
2026-07-04 13:00:00+00:00,787.0,31.9,135.0,55.0,60.8,13,185
2026-07-04 14:00:00+00:00,888.0,41.0,107.0,46.0,66.6,14,185
2026-07-04 15:00:00+00:00,1008.0,47.3,85.0,44.0,73.1,15,185
2026-07-04 16:00:00+00:00,1186.0,48.1,75.0,55.0,79.4,16,185
2026-07-04 17:00:00+00:00,1383.0,46.0,70.0,72.0,83.6,17,185
2026-07-04 18:00:00+00:00,1477.0,43.3,67.0,82.0,78.0,18,185
2026-07-04 19:00:00+00:00,1380.0,40.4,65.0,80.0,73.3,19,185
2026-07-04 20:00:00+00:00,1179.0,36.9,64.0,71.0,69.6,20,185
2026-07-04 21:00:00+00:00,1015.0,34.4,63.0,60.0,67.8,21,185
2026-07-04 22:00:00+00:00,945.0,34.3,56.0,46.0,67.5,22,185
2026-07-04 23:00:00+00:00,913.0,35.2,49.0,30.0,66.4,23,185
2026-07-05 00:00:00+00:00,889.0,27.4,66.0,10.0,54.5,0,186
2026-07-05 01:00:00+00:00,876.0,26.4,76.0,8.0,43.8,1,186
2026-07-05 02:00:00+00:00,870.0,24.8,92.0,5.0,36.0,2,186
2026-07-05 03:00:00+00:00,834.0,22.1,113.0,5.0,31.5,3,186
2026-07-05 04:00:00+00:00,734.0,17.4,145.0,11.0,32.6,4,186
2026-07-05 05:00:00+00:00,603.0,11.7,184.0,21.0,33.6,5,186
2026-07-05 06:00:00+00:00,503.0,7.4,212.0,29.0,34.0,6,186
2026-07-05 07:00:00+00:00,461.0,5.6,223.0,33.0,34.6,7,186
2026-07-05 08:00:00+00:00,450.0,5.2,225.0,35.0,34.9,8,186
2026-07-05 09:00:00+00:00,451.0,5.5,224.0,37.0,34.8,9,186
2026-07-05 10:00:00+00:00,456.0,6.0,226.0,42.0,36.2,10,186
2026-07-05 11:00:00+00:00,473.0,7.2,226.0,48.0,36.4,11,186
2026-07-05 12:00:00+00:00,513.0,11.3,195.0,81.0,40.4,12,186
2026-07-05 13:00:00+00:00,594.0,21.0,164.0,76.0,48.2,13,186
2026-07-05 14:00:00+00:00,698.0,34.3,120.0,71.0,56.7,14,186
2026-07-05 15:00:00+00:00,783.0,43.9,85.0,73.0,66.6,15,186
2026-07-05 16:00:00+00:00,844.0,46.7,67.0,94.0,74.7,16,186
2026-07-05 17:00:00+00:00,887.0,45.7,59.0,122.0,76.4,17,186
2026-07-05 18:00:00+00:00,886.0,42.8,55.0,132.0,72.4,18,186
2026-07-05 19:00:00+00:00,811.0,37.6,57.0,106.0,57.3,19,186
2026-07-05 20:00:00+00:00,693.0,30.5,63.0,63.0,52.6,20,186
2026-07-05 21:00:00+00:00,596.0,24.5,70.0,28.0,48.5,21,186
2026-07-05 22:00:00+00:00,533.0,20.2,77.0,13.0,42.7,22,186
2026-07-05 23:00:00+00:00,491.0,17.0,84.0,7.0,38.9,23,186
2026-07-06 00:00:00+00:00,497.0,17.3,85.0,0.0,26.5,0,187
2026-07-06 01:00:00+00:00,603.0,19.3,83.0,1.0,25.6,1,187
2026-07-06 02:00:00+00:00,757.0,21.9,81.0,2.0,24.5,2,187
2026-07-06 03:00:00+00:00,832.0,23.2,86.0,3.0,21.8,3,187
2026-07-06 04:00:00+00:00,747.0,22.0,100.0,4.0,22.0,4,187
2026-07-06 05:00:00+00:00,582.0,19.3,121.0,4.0,22.9,5,187
2026-07-06 06:00:00+00:00,455.0,16.6,143.0,4.0,23.8,6,187
2026-07-06 07:00:00+00:00,409.0,13.6,168.0,4.0,25.4,7,187
2026-07-06 08:00:00+00:00,400.0,10.6,195.0,4.0,26.8,8,187
2026-07-06 09:00:00+00:00,413.0,9.0,215.0,4.0,29.4,9,187
2026-07-06 10:00:00+00:00,427.0,8.0,230.0,4.0,31.5,10,187
2026-07-06 11:00:00+00:00,463.0,8.5,239.0,3.0,33.1,11,187
2026-07-06 12:00:00+00:00,569.0,13.0,201.0,19.0,33.1,12,187
2026-07-06 13:00:00+00:00,812.0,30.5,160.0,18.0,37.7,13,187
2026-07-06 14:00:00+00:00,1124.0,54.6,104.0,16.0,52.0,14,187
2026-07-06 15:00:00+00:00,1349.0,72.5,59.0,15.0,61.7,15,187
2026-07-06 16:00:00+00:00,1429.0,78.3,39.0,15.0,63.8,16,187
2026-07-06 17:00:00+00:00,1423.0,77.9,30.0,16.0,66.1,17,187
2026-07-06 18:00:00+00:00,1349.0,76.1,25.0,16.0,67.5,18,187
2026-07-06 19:00:00+00:00,1183.0,73.9,21.0,15.0,67.1,19,187
2026-07-06 20:00:00+00:00,950.0,70.4,20.0,14.0,66.1,20,187
2026-07-06 21:00:00+00:00,738.0,67.2,19.0,13.0,65.2,21,187
2026-07-06 22:00:00+00:00,554.0,65.6,14.0,11.0,64.3,22,187
2026-07-06 23:00:00+00:00,392.0,64.5,10.0,10.0,65.0,23,187
2026-07-07 00:00:00+00:00,326.0,37.3,34.0,53.0,49.0,0,188
2026-07-07 01:00:00+00:00,443.0,37.9,37.0,52.0,49.0,1,188
2026-07-07 02:00:00+00:00,656.0,38.4,42.0,52.0,41.2,2,188
2026-07-07 03:00:00+00:00,784.0,37.3,56.0,50.0,43.2,3,188
2026-07-07 04:00:00+00:00,728.0,33.3,84.0,47.0,45.5,4,188
2026-07-07 05:00:00+00:00,588.0,27.5,121.0,44.0,45.4,5,188
2026-07-07 06:00:00+00:00,476.0,22.2,157.0,40.0,42.5,6,188
2026-07-07 07:00:00+00:00,427.0,17.5,190.0,35.0,41.9,7,188
2026-07-07 08:00:00+00:00,408.0,13.1,222.0,29.0,43.7,8,188
2026-07-07 09:00:00+00:00,428.0,10.7,244.0,24.0,46.6,9,188
2026-07-07 10:00:00+00:00,498.0,9.3,255.0,21.0,48.7,10,188
2026-07-07 11:00:00+00:00,608.0,9.8,255.0,19.0,47.8,11,188
2026-07-07 12:00:00+00:00,742.0,35.4,101.0,88.0,46.9,12,188
2026-07-07 13:00:00+00:00,936.0,38.3,88.0,66.0,41.3,13,188
2026-07-07 14:00:00+00:00,1155.0,42.6,70.0,35.0,41.1,14,188
2026-07-07 15:00:00+00:00,1276.0,47.6,53.0,11.0,43.5,15,188
2026-07-07 16:00:00+00:00,1229.0,55.0,39.0,1.0,50.4,16,188
2026-07-07 17:00:00+00:00,1084.0,63.1,27.0,0.0,58.4,17,188
2026-07-07 18:00:00+00:00,925.0,66.8,21.0,0.0,60.1,18,188
2026-07-07 19:00:00+00:00,762.0,63.0,22.0,6.0,58.8,19,188
2026-07-07 20:00:00+00:00,585.0,54.8,29.0,14.0,57.2,20,188
2026-07-07 21:00:00+00:00,452.0,46.0,38.0,19.0,52.5,21,188
2026-07-07 22:00:00+00:00,383.0,36.8,49.0,15.0,48.3,22,188
2026-07-07 23:00:00+00:00,356.0,27.1,62.0,6.0,39.5,23,188
2026-07-08 00:00:00+00:00,367.0,35.4,48.0,0.0,49.4,0,189
2026-07-08 01:00:00+00:00,440.0,36.9,49.0,0.0,46.1,1,189
2026-07-08 02:00:00+00:00,550.0,38.9,51.0,0.0,46.6,2,189
2026-07-08 03:00:00+00:00,613.0,39.3,55.0,0.0,39.2,3,189
2026-07-08 04:00:00+00:00,578.0,37.1,59.0,0.0,34.8,4,189
2026-07-08 05:00:00+00:00,498.0,33.2,64.0,0.0,27.6,5,189
2026-07-08 06:00:00+00:00,443.0,28.8,77.0,0.0,25.9,6,189
2026-07-08 07:00:00+00:00,446.0,23.0,105.0,0.0,25.3,7,189
2026-07-08 08:00:00+00:00,475.0,16.5,141.0,1.0,26.5,8,189
2026-07-08 09:00:00+00:00,508.0,12.7,163.0,1.0,29.3,9,189
2026-07-08 10:00:00+00:00,530.0,12.6,163.0,1.0,30.3,10,189
2026-07-08 11:00:00+00:00,556.0,15.1,151.0,2.0,29.5,11,189
2026-07-08 12:00:00+00:00,603.0,39.9,71.0,1.0,41.7,12,189
2026-07-08 13:00:00+00:00,705.0,40.5,64.0,1.0,39.3,13,189
2026-07-08 14:00:00+00:00,828.0,41.2,53.0,1.0,38.5,14,189
2026-07-08 15:00:00+00:00,890.0,40.4,47.0,1.0,38.4,15,189
2026-07-08 16:00:00+00:00,843.0,37.0,47.0,1.0,36.3,16,189
2026-07-08 17:00:00+00:00,735.0,32.2,51.0,0.0,32.0,17,189
2026-07-08 18:00:00+00:00,624.0,27.7,56.0,0.0,25.0,18,189
2026-07-08 19:00:00+00:00,517.0,23.9,60.0,0.0,21.0,19,189
2026-07-08 20:00:00+00:00,407.0,20.4,65.0,0.0,19.6,20,189
2026-07-08 21:00:00+00:00,329.0,17.7,69.0,0.0,18.0,21,189
2026-07-08 22:00:00+00:00,300.0,15.6,72.0,0.0,16.6,22,189
2026-07-08 23:00:00+00:00,302.0,14.2,75.0,0.0,16.0,23,189
2026-07-09 00:00:00+00:00,322.0,26.9,45.0,1.0,25.8,0,190
2026-07-09 01:00:00+00:00,361.0,26.9,51.0,0.0,23.2,1,190
2026-07-09 02:00:00+00:00,417.0,26.8,60.0,0.0,23.1,2,190
2026-07-09 03:00:00+00:00,469.0,25.6,71.0,2.0,26.3,3,190
2026-07-09 04:00:00+00:00,515.0,22.5,83.0,16.0,26.3,4,190
2026-07-09 05:00:00+00:00,558.0,18.4,97.0,36.0,29.3,5,190
2026-07-09 06:00:00+00:00,580.0,14.7,109.0,52.0,29.2,6,190
2026-07-09 07:00:00+00:00,563.0,11.4,121.0,60.0,32.1,7,190
2026-07-09 08:00:00+00:00,526.0,8.5,132.0,64.0,27.4,8,190
2026-07-09 09:00:00+00:00,508.0,7.7,137.0,66.0,26.2,9,190
2026-07-09 10:00:00+00:00,524.0,8.7,134.0,68.0,24.1,10,190
2026-07-09 11:00:00+00:00,559.0,11.6,126.0,69.0,23.0,11,190
2026-07-09 12:00:00+00:00,607.0,23.8,95.0,28.0,35.9,12,190
2026-07-09 13:00:00+00:00,679.0,38.6,72.0,24.0,40.5,13,190
2026-07-09 14:00:00+00:00,763.0,59.0,41.0,18.0,54.4,14,190
2026-07-09 15:00:00+00:00,825.0,74.2,17.0,13.0,68.5,15,190
2026-07-09 16:00:00+00:00,850.0,79.4,7.0,9.0,72.2,16,190
2026-07-09 17:00:00+00:00,851.0,79.4,4.0,6.0,78.5,17,190
2026-07-09 18:00:00+00:00,834.0,78.4,3.0,5.0,80.3,18,190
2026-07-09 19:00:00+00:00,794.0,77.5,1.0,8.0,83.4,19,190
2026-07-09 20:00:00+00:00,736.0,75.5,1.0,12.0,82.0,20,190
2026-07-09 21:00:00+00:00,674.0,73.7,1.0,16.0,78.2,21,190
2026-07-09 22:00:00+00:00,601.0,73.0,0.0,15.0,77.8,22,190
2026-07-09 23:00:00+00:00,525.0,72.4,0.0,12.0,81.3,23,190
2026-07-10 00:00:00+00:00,485.0,26.2,36.0,27.0,48.1,0,191
2026-07-10 01:00:00+00:00,518.0,24.9,46.0,43.0,47.7,1,191
2026-07-10 02:00:00+00:00,586.0,23.0,61.0,65.0,41.8,2,191
2026-07-10 03:00:00+00:00,620.0,20.4,79.0,92.0,39.3,3,191
2026-07-10 04:00:00+00:00,580.0,16.7,103.0,120.0,45.6,4,191
2026-07-10 05:00:00+00:00,505.0,12.4,130.0,151.0,52.2,5,191
2026-07-10 06:00:00+00:00,443.0,9.0,153.0,192.0,57.6,6,191
2026-07-10 07:00:00+00:00,403.0,6.9,170.0,252.0,63.3,7,191
2026-07-10 08:00:00+00:00,376.0,5.8,183.0,321.0,69.8,8,191
2026-07-10 09:00:00+00:00,380.0,6.3,189.0,379.0,73.1,9,191
2026-07-10 10:00:00+00:00,377.0,7.7,189.0,429.0,77.1,10,191
2026-07-10 11:00:00+00:00,405.0,10.7,183.0,467.0,81.5,11,191
2026-07-10 12:00:00+00:00,601.0,18.7,150.0,1140.0,119.2,12,191
2026-07-10 13:00:00+00:00,1138.0,37.8,119.0,1016.0,122.9,13,191
2026-07-10 14:00:00+00:00,1844.0,63.8,76.0,840.0,128.1,14,191
2026-07-10 15:00:00+00:00,2335.0,81.0,44.0,668.0,124.8,15,191
2026-07-10 16:00:00+00:00,2467.0,80.6,34.0,508.0,105.9,16,191
2026-07-10 17:00:00+00:00,2384.0,71.3,35.0,351.0,88.9,17,191
2026-07-10 18:00:00+00:00,2141.0,64.2,35.0,231.0,82.9,18,191
2026-07-10 19:00:00+00:00,1643.0,63.4,30.0,166.0,84.8,19,191
2026-07-10 20:00:00+00:00,985.0,64.7,25.0,138.0,80.8,20,191
2026-07-10 21:00:00+00:00,501.0,66.1,20.0,124.0,73.6,21,191
2026-07-10 22:00:00+00:00,345.0,68.2,11.0,118.0,72.9,22,191
2026-07-10 23:00:00+00:00,362.0,70.5,2.0,126.0,79.6,23,191
2026-07-11 00:00:00+00:00,426.0,55.3,19.0,267.0,98.5,0,192
2026-07-11 01:00:00+00:00,542.0,49.3,33.0,314.0,96.2,1,192
2026-07-11 02:00:00+00:00,703.0,40.7,54.0,388.0,100.1,2,192
2026-07-11 03:00:00+00:00,767.0,31.9,76.0,508.0,111.5,3,192
2026-07-11 04:00:00+00:00,630.0,22.7,100.0,697.0,125.7,4,192
2026-07-11 05:00:00+00:00,396.0,13.2,125.0,932.0,137.4,5,192
2026-07-11 06:00:00+00:00,224.0,6.5,143.0,1165.0,149.5,6,192
2026-07-11 07:00:00+00:00,180.0,3.6,149.0,1426.0,165.8,7,192
2026-07-11 08:00:00+00:00,199.0,3.4,147.0,1684.0,181.1,8,192
2026-07-11 09:00:00+00:00,251.0,5.4,141.0,1797.0,184.9,9,192
2026-07-11 10:00:00+00:00,255.0,9.1,133.0,1664.0,180.7,10,192
2026-07-11 11:00:00+00:00,292.0,15.1,122.0,1385.0,168.6,11,192
2026-07-11 12:00:00+00:00,576.0,16.5,127.0,1028.0,141.6,12,192
2026-07-11 13:00:00+00:00,1437.0,43.6,92.0,921.0,150.4,13,192
2026-07-11 14:00:00+00:00,2545.0,80.7,45.0,772.0,173.7,14,192
2026-07-11 15:00:00+00:00,3120.0,106.4,10.0,648.0,197.4,15,192
2026-07-11 16:00:00+00:00,2665.0,109.7,1.0,578.0,208.6,16,192
2026-07-11 17:00:00+00:00,1678.0,101.7,5.0,533.0,206.8,17,192
2026-07-11 18:00:00+00:00,873.0,94.0,8.0,491.0,193.2,18,192
2026-07-11 19:00:00+00:00,528.0,91.1,6.0,438.0,177.9,19,192
2026-07-11 20:00:00+00:00,366.0,88.6,4.0,388.0,163.0,20,192
2026-07-11 21:00:00+00:00,270.0,84.9,3.0,366.0,150.4,21,192
2026-07-11 22:00:00+00:00,223.0,80.1,2.0,373.0,142.0,22,192
2026-07-11 23:00:00+00:00,242.0,74.1,2.0,407.0,137.8,23,192
2026-07-12 00:00:00+00:00,265.0,29.1,30.0,901.0,132.2,0,193
2026-07-12 01:00:00+00:00,278.0,24.5,40.0,1042.0,151.3,1,193
2026-07-12 02:00:00+00:00,295.0,18.1,54.0,1245.0,170.0,2,193
2026-07-12 03:00:00+00:00,297.0,12.6,70.0,1468.0,189.5,3,193
2026-07-12 04:00:00+00:00,271.0,9.0,90.0,1736.0,195.6,4,193
2026-07-12 05:00:00+00:00,230.0,6.4,111.0,2024.0,212.8,5,193
2026-07-12 06:00:00+00:00,200.0,4.6,126.0,2205.0,230.0,6,193
2026-07-12 07:00:00+00:00,187.0,3.4,130.0,2227.0,233.3,7,193
2026-07-12 08:00:00+00:00,186.0,3.0,127.0,2144.0,220.3,8,193
2026-07-12 09:00:00+00:00,201.0,4.1,122.0,1986.0,203.5,9,193
2026-07-12 10:00:00+00:00,229.0,6.5,117.0,1726.0,185.8,10,193
2026-07-12 11:00:00+00:00,275.0,10.4,110.0,1392.0,167.6,11,193
2026-07-12 12:00:00+00:00,357.0,16.6,117.0,1246.0,185.3,12,193
2026-07-12 13:00:00+00:00,530.0,33.8,93.0,1183.0,187.7,13,193
2026-07-12 14:00:00+00:00,739.0,57.4,61.0,1095.0,200.7,14,193
2026-07-12 15:00:00+00:00,838.0,74.0,36.0,1024.0,213.3,15,193
2026-07-12 16:00:00+00:00,728.0,77.4,28.0,994.0,219.3,16,193
2026-07-12 17:00:00+00:00,509.0,73.8,28.0,981.0,223.1,17,193
2026-07-12 18:00:00+00:00,333.0,69.0,28.0,957.0,220.7,18,193
2026-07-12 19:00:00+00:00,260.0,64.6,26.0,903.0,207.7,19,193
2026-07-12 20:00:00+00:00,231.0,59.0,24.0,836.0,195.1,20,193
2026-07-12 21:00:00+00:00,217.0,52.3,24.0,786.0,175.6,21,193
2026-07-12 22:00:00+00:00,208.0,43.8,25.0,760.0,152.7,22,193
2026-07-12 23:00:00+00:00,215.0,34.2,27.0,750.0,137.8,23,193
2026-07-13 00:00:00+00:00,242.0,21.1,47.0,735.0,140.6,0,194
2026-07-13 01:00:00+00:00,314.0,20.9,55.0,755.0,142.5,1,194
2026-07-13 02:00:00+00:00,406.0,20.6,67.0,784.0,144.4,2,194
2026-07-13 03:00:00+00:00,453.0,18.9,81.0,819.0,138.8,3,194
2026-07-13 04:00:00+00:00,409.0,14.7,99.0,871.0,127.1,4,194
2026-07-13 05:00:00+00:00,319.0,9.3,119.0,929.0,122.0,5,194
2026-07-13 06:00:00+00:00,252.0,5.4,134.0,955.0,117.3,6,194
2026-07-13 07:00:00+00:00,230.0,3.8,143.0,930.0,112.9,7,194
2026-07-13 08:00:00+00:00,230.0,3.8,146.0,873.0,104.5,8,194
2026-07-13 09:00:00+00:00,255.0,5.2,146.0,806.0,105.0,9,194
2026-07-13 10:00:00+00:00,265.0,6.8,142.0,729.0,103.8,10,194
2026-07-13 11:00:00+00:00,300.0,10.0,134.0,641.0,98.0,11,194
2026-07-13 12:00:00+00:00,475.0,21.8,110.0,674.0,104.3,12,194
2026-07-13 13:00:00+00:00,975.0,41.5,84.0,655.0,111.1,13,194
2026-07-13 14:00:00+00:00,1616.0,68.6,49.0,627.0,124.3,14,194
2026-07-13 15:00:00+00:00,1962.0,89.1,21.0,592.0,140.6,15,194
2026-07-13 16:00:00+00:00,1741.0,97.3,9.0,542.0,158.3,16,194
2026-07-13 17:00:00+00:00,1226.0,98.8,4.0,485.0,171.8,17,194
2026-07-13 18:00:00+00:00,801.0,96.5,3.0,443.0,157.4,18,194
2026-07-13 19:00:00+00:00,622.0,90.3,3.0,410.0,132.2,19,194
2026-07-13 20:00:00+00:00,534.0,80.1,7.0,393.0,123.9,20,194
2026-07-13 21:00:00+00:00,451.0,69.0,11.0,434.0,122.0,21,194
2026-07-13 22:00:00+00:00,311.0,56.6,16.0,576.0,121.1,22,194
2026-07-13 23:00:00+00:00,177.0,43.3,21.0,776.0,131.8,23,194
2026-07-14 00:00:00+00:00,153.0,24.7,42.0,185.0,68.0,0,195
2026-07-14 01:00:00+00:00,360.0,24.5,48.0,186.0,63.1,1,195
2026-07-14 02:00:00+00:00,677.0,23.9,57.0,195.0,63.3,2,195
2026-07-14 03:00:00+00:00,852.0,22.0,71.0,262.0,71.2,3,195
2026-07-14 04:00:00+00:00,731.0,17.4,97.0,432.0,86.6,4,195
2026-07-14 05:00:00+00:00,468.0,11.5,128.0,660.0,104.5,5,195
2026-07-14 06:00:00+00:00,269.0,7.0,150.0,854.0,121.1,6,195
2026-07-14 07:00:00+00:00,210.0,4.9,156.0,991.0,133.6,7,195
2026-07-14 08:00:00+00:00,214.0,4.2,152.0,1096.0,140.2,8,195
2026-07-14 09:00:00+00:00,259.0,5.2,145.0,1150.0,142.5,9,195
2026-07-14 10:00:00+00:00,353.0,7.8,136.0,1148.0,138.8,10,195
2026-07-14 11:00:00+00:00,487.0,12.1,124.0,1096.0,140.6,11,195
2026-07-14 12:00:00+00:00,617.0,17.8,124.0,671.0,125.7,12,195
2026-07-14 13:00:00+00:00,742.0,26.2,103.0,544.0,111.8,13,195
2026-07-14 14:00:00+00:00,863.0,37.7,74.0,367.0,101.7,14,195
2026-07-14 15:00:00+00:00,931.0,45.5,51.0,226.0,94.8,15,195
2026-07-14 16:00:00+00:00,918.0,46.0,41.0,155.0,81.3,16,195
2026-07-14 17:00:00+00:00,853.0,42.8,39.0,119.0,70.5,17,195
2026-07-14 18:00:00+00:00,771.0,39.4,38.0,98.0,68.9,18,195
2026-07-14 19:00:00+00:00,673.0,36.9,39.0,90.0,66.6,19,195
2026-07-14 20:00:00+00:00,559.0,34.3,43.0,98.0,61.9,20,195
2026-07-14 21:00:00+00:00,463.0,32.0,45.0,107.0,58.8,21,195
2026-07-14 22:00:00+00:00,377.0,30.1,43.0,113.0,58.4,22,195
2026-07-14 23:00:00+00:00,309.0,28.6,40.0,122.0,58.9,23,195
2026-07-15 00:00:00+00:00,321.0,40.3,20.0,47.0,51.5,0,196
2026-07-15 01:00:00+00:00,505.0,39.8,26.0,62.0,53.6,1,196
2026-07-15 02:00:00+00:00,769.0,38.6,35.0,89.0,61.2,2,196
2026-07-15 03:00:00+00:00,900.0,35.0,51.0,155.0,68.7,3,196
2026-07-15 04:00:00+00:00,759.0,26.4,82.0,284.0,82.0,4,196
2026-07-15 05:00:00+00:00,485.0,15.3,121.0,451.0,97.3,5,196
2026-07-15 06:00:00+00:00,279.0,7.1,148.0,614.0,110.6,6,196
2026-07-15 07:00:00+00:00,224.0,4.0,155.0,765.0,122.0,7,196
2026-07-15 08:00:00+00:00,236.0,3.7,150.0,911.0,129.9,8,196
2026-07-15 09:00:00+00:00,267.0,5.1,142.0,1026.0,136.0,9,196
2026-07-15 10:00:00+00:00,265.0,6.4,135.0,1098.0,142.5,10,196
2026-07-15 11:00:00+00:00,281.0,9.3,124.0,1139.0,149.5,11,196
2026-07-15 12:00:00+00:00,423.0,16.4,107.0,785.0,127.1,12,196
2026-07-15 13:00:00+00:00,833.0,33.8,82.0,708.0,130.9,13,196
2026-07-15 14:00:00+00:00,1368.0,57.7,48.0,600.0,142.5,14,196
2026-07-15 15:00:00+00:00,1707.0,74.4,23.0,509.0,153.2,15,196
2026-07-15 16:00:00+00:00,1693.0,77.4,15.0,457.0,149.5,16,196
2026-07-15 17:00:00+00:00,1483.0,73.3,16.0,422.0,138.3,17,196
2026-07-15 18:00:00+00:00,1232.0,68.5,17.0,382.0,128.1,18,196
2026-07-15 19:00:00+00:00,949.0,64.9,16.0,323.0,116.4,19,196
2026-07-15 20:00:00+00:00,623.0,60.5,16.0,260.0,106.9,20,196
2026-07-15 21:00:00+00:00,380.0,56.3,16.0,214.0,98.5,21,196
2026-07-15 22:00:00+00:00,276.0,52.7,13.0,181.0,90.1,22,196
2026-07-15 23:00:00+00:00,254.0,49.2,9.0,165.0,84.8,23,196
2026-07-16 00:00:00+00:00,268.0,30.1,30.0,510.0,115.9,0,197
2026-07-16 01:00:00+00:00,331.0,29.1,43.0,499.0,118.5,1,197
2026-07-16 02:00:00+00:00,430.0,27.4,62.0,490.0,121.1,2,197
2026-07-16 03:00:00+00:00,481.0,24.3,82.0,521.0,116.9,3,197
2026-07-16 04:00:00+00:00,431.0,18.4,106.0,628.0,102.9,4,197
2026-07-16 05:00:00+00:00,332.0,11.1,132.0,776.0,105.7,5,197
2026-07-16 06:00:00+00:00,255.0,5.7,149.0,902.0,116.9,6,197
2026-07-16 07:00:00+00:00,228.0,3.7,153.0,986.0,127.6,7,197
2026-07-16 08:00:00+00:00,223.0,3.5,149.0,1047.0,127.6,8,197
2026-07-16 09:00:00+00:00,229.0,4.5,142.0,1083.0,124.3,9,197
2026-07-16 10:00:00+00:00,218.0,5.3,136.0,1076.0,117.6,10,197
2026-07-16 11:00:00+00:00,218.0,7.1,127.0,1042.0,115.9,11,197
2026-07-16 12:00:00+00:00,306.0,13.1,113.0,1272.0,145.3,12,197
2026-07-16 13:00:00+00:00,582.0,29.7,89.0,1305.0,158.3,13,197
2026-07-16 14:00:00+00:00,946.0,52.7,56.0,1352.0,178.8,14,197
2026-07-16 15:00:00+00:00,1172.0,71.3,29.0,1400.0,200.7,15,197
2026-07-16 16:00:00+00:00,1141.0,81.0,15.0,1444.0,221.7,16,197
2026-07-16 17:00:00+00:00,973.0,86.3,7.0,1488.0,237.5,17,197
2026-07-16 18:00:00+00:00,796.0,89.7,2.0,1532.0,247.7,18,197
2026-07-16 19:00:00+00:00,638.0,91.7,0.0,1592.0,255.2,19,197
2026-07-16 20:00:00+00:00,471.0,91.8,0.0,1653.0,261.7,20,197
2026-07-16 21:00:00+00:00,345.0,90.9,0.0,1663.0,267.3,21,197
2026-07-16 22:00:00+00:00,279.0,90.0,0.0,1595.0,271.0,22,197
2026-07-16 23:00:00+00:00,255.0,88.0,0.0,1477.0,267.3,23,197
2026-07-17 00:00:00+00:00,264.0,69.6,1.0,641.0,162.1,0,198
2026-07-17 01:00:00+00:00,334.0,58.9,20.0,587.0,145.3,1,198
2026-07-17 02:00:00+00:00,437.0,44.0,48.0,518.0,126.2,2,198
2026-07-17 03:00:00+00:00,488.0,30.5,76.0,504.0,110.4,3,198
2026-07-17 04:00:00+00:00,430.0,20.2,104.0,593.0,110.6,4,198
2026-07-17 05:00:00+00:00,319.0,11.4,133.0,737.0,119.7,5,198
2026-07-17 06:00:00+00:00,235.0,5.3,152.0,860.0,118.5,6,198
2026-07-17 07:00:00+00:00,210.0,2.9,155.0,932.0,116.4,7,198
2026-07-17 08:00:00+00:00,213.0,3.3,149.0,983.0,119.2,8,198
2026-07-17 09:00:00+00:00,224.0,4.7,141.0,1030.0,123.4,9,198
2026-07-17 10:00:00+00:00,211.0,6.2,134.0,1090.0,129.9,10,198
2026-07-17 11:00:00+00:00,208.0,8.8,126.0,1146.0,133.6,11,198
2026-07-17 12:00:00+00:00,295.0,15.1,101.0,1506.0,165.8,12,198
2026-07-17 13:00:00+00:00,576.0,24.7,84.0,1415.0,168.6,13,198
2026-07-17 14:00:00+00:00,949.0,38.2,61.0,1290.0,176.0,14,198
2026-07-17 15:00:00+00:00,1186.0,51.3,40.0,1196.0,178.8,15,198
2026-07-17 16:00:00+00:00,1170.0,63.6,25.0,1182.0,187.2,16,198
2026-07-17 17:00:00+00:00,1018.0,75.4,12.0,1200.0,194.6,17,198
2026-07-17 18:00:00+00:00,856.0,83.0,3.0,1169.0,200.2,18,198
2026-07-17 19:00:00+00:00,714.0,84.2,0.0,1044.0,197.9,19,198
2026-07-17 20:00:00+00:00,561.0,81.2,0.0,870.0,191.4,20,198
2026-07-17 21:00:00+00:00,435.0,76.6,1.0,708.0,176.0,21,198
2026-07-17 22:00:00+00:00,341.0,70.9,3.0,556.0,155.1,22,198
2026-07-17 23:00:00+00:00,273.0,63.6,7.0,416.0,131.3,23,198
2026-07-18 00:00:00+00:00,253.0,70.4,4.0,450.0,141.6,0,199
2026-07-18 01:00:00+00:00,321.0,58.9,20.0,418.0,112.0,1,199
2026-07-18 02:00:00+00:00,436.0,42.8,43.0,388.0,98.3,2,199
2026-07-18 03:00:00+00:00,496.0,28.7,66.0,476.0,92.2,3,199
2026-07-18 04:00:00+00:00,438.0,18.8,89.0,776.0,98.0,4,199
2026-07-18 05:00:00+00:00,324.0,11.0,112.0,1193.0,120.1,5,199
2026-07-18 06:00:00+00:00,239.0,5.6,129.0,1560.0,156.5,6,199
2026-07-18 07:00:00+00:00,219.0,3.2,136.0,1842.0,186.3,7,199
2026-07-18 08:00:00+00:00,228.0,3.2,137.0,2072.0,200.7,8,199
2026-07-18 09:00:00+00:00,247.0,4.6,134.0,2185.0,206.3,9,199
2026-07-18 10:00:00+00:00,256.0,6.7,130.0,2113.0,206.3,10,199
2026-07-18 11:00:00+00:00,275.0,10.2,122.0,1923.0,204.9,11,199
2026-07-18 12:00:00+00:00,343.0,22.4,83.0,1283.0,147.6,12,199
2026-07-18 13:00:00+00:00,522.0,39.8,62.0,1226.0,148.5,13,199
2026-07-18 14:00:00+00:00,751.0,63.8,32.0,1142.0,157.9,14,199
2026-07-18 15:00:00+00:00,887.0,81.2,10.0,1035.0,170.9,15,199
2026-07-18 16:00:00+00:00,854.0,86.0,2.0,893.0,169.0,16,199
2026-07-18 17:00:00+00:00,729.0,84.3,2.0,728.0,152.7,17,199
2026-07-18 18:00:00+00:00,600.0,80.6,4.0,585.0,139.2,18,199
2026-07-18 19:00:00+00:00,481.0,75.9,6.0,477.0,126.7,19,199
2026-07-18 20:00:00+00:00,358.0,69.3,10.0,390.0,116.2,20,199
2026-07-18 21:00:00+00:00,272.0,62.9,14.0,329.0,106.6,21,199
2026-07-18 22:00:00+00:00,243.0,57.6,15.0,305.0,99.0,22,199
2026-07-18 23:00:00+00:00,253.0,52.5,16.0,307.0,94.8,23,199
2026-07-19 00:00:00+00:00,286.0,71.9,3.0,188.0,110.8,0,200
2026-07-19 01:00:00+00:00,365.0,65.1,18.0,148.0,105.7,1,200
2026-07-19 02:00:00+00:00,467.0,55.3,39.0,99.0,100.4,2,200
2026-07-19 03:00:00+00:00,513.0,44.5,64.0,120.0,81.5,3,200
2026-07-19 04:00:00+00:00,447.0,31.9,96.0,262.0,70.5,4,200
2026-07-19 05:00:00+00:00,324.0,18.4,131.0,472.0,75.7,5,200
2026-07-19 06:00:00+00:00,231.0,8.4,155.0,669.0,90.1,6,200
2026-07-19 07:00:00+00:00,201.0,4.1,160.0,838.0,97.6,7,200
2026-07-19 08:00:00+00:00,201.0,3.3,154.0,994.0,111.8,8,200
2026-07-19 09:00:00+00:00,212.0,4.3,144.0,1093.0,118.7,9,200
2026-07-19 10:00:00+00:00,221.0,5.9,133.0,1097.0,126.7,10,200
2026-07-19 11:00:00+00:00,241.0,9.1,118.0,1046.0,131.3,11,200
2026-07-19 12:00:00+00:00,293.0,22.2,114.0,807.0,127.1,12,200
2026-07-19 13:00:00+00:00,412.0,27.0,101.0,686.0,121.5,13,200
2026-07-19 14:00:00+00:00,561.0,33.7,84.0,518.0,116.2,14,200
2026-07-19 15:00:00+00:00,655.0,38.7,69.0,380.0,108.7,15,200
2026-07-19 16:00:00+00:00,648.0,40.6,59.0,298.0,103.6,16,200
2026-07-19 17:00:00+00:00,586.0,40.8,52.0,247.0,98.3,17,200
2026-07-19 18:00:00+00:00,513.0,40.4,47.0,225.0,91.5,18,200
2026-07-19 19:00:00+00:00,433.0,39.7,43.0,249.0,89.6,19,200
2026-07-19 20:00:00+00:00,344.0,38.4,40.0,302.0,90.8,20,200
2026-07-19 21:00:00+00:00,279.0,36.7,39.0,341.0,92.4,21,200
2026-07-19 22:00:00+00:00,249.0,34.1,39.0,348.0,95.2,22,200
2026-07-19 23:00:00+00:00,244.0,31.2,39.0,341.0,92.9,23,200
2026-07-20 00:00:00+00:00,273.0,19.4,57.0,73.0,32.9,0,201
2026-07-20 01:00:00+00:00,358.0,24.0,54.0,58.0,31.3,1,201
2026-07-20 02:00:00+00:00,477.0,30.1,50.0,40.0,30.6,2,201
2026-07-20 03:00:00+00:00,567.0,32.8,50.0,36.0,33.5,3,201
2026-07-20 04:00:00+00:00,608.0,28.8,59.0,53.0,34.7,4,201
2026-07-20 05:00:00+00:00,620.0,21.3,72.0,85.0,36.8,5,201
2026-07-20 06:00:00+00:00,601.0,15.6,83.0,135.0,39.5,6,201
2026-07-20 07:00:00+00:00,526.0,13.3,88.0,219.0,42.3,7,201
2026-07-20 08:00:00+00:00,419.0,12.8,91.0,321.0,51.9,8,201
2026-07-20 09:00:00+00:00,354.0,13.8,92.0,397.0,61.0,9,201
2026-07-20 10:00:00+00:00,340.0,16.0,94.0,435.0,67.5,10,201
2026-07-20 11:00:00+00:00,368.0,19.7,94.0,447.0,73.6,11,201
2026-07-20 12:00:00+00:00,480.0,33.5,86.0,73.0,35.4,12,201
2026-07-20 13:00:00+00:00,764.0,47.4,64.0,64.0,41.2,13,201
2026-07-20 14:00:00+00:00,1133.0,66.3,35.0,50.0,54.4,14,201
2026-07-20 15:00:00+00:00,1368.0,78.4,15.0,39.0,63.6,15,201
2026-07-20 16:00:00+00:00,1364.0,77.7,14.0,32.0,62.4,16,201
2026-07-20 17:00:00+00:00,1225.0,70.1,22.0,27.0,59.5,17,201
2026-07-20 18:00:00+00:00,1047.0,61.7,31.0,22.0,51.1,18,201
2026-07-20 19:00:00+00:00,824.0,53.7,38.0,17.0,42.3,19,201
2026-07-20 20:00:00+00:00,561.0,44.8,46.0,12.0,34.9,20,201
2026-07-20 21:00:00+00:00,367.0,37.6,51.0,8.0,31.4,21,201
2026-07-20 22:00:00+00:00,289.0,33.4,51.0,5.0,30.6,22,201
2026-07-20 23:00:00+00:00,280.0,30.8,48.0,3.0,27.8,23,201
2026-07-21 00:00:00+00:00,311.0,25.4,49.0,3.0,18.7,0,202
2026-07-21 01:00:00+00:00,407.0,25.0,54.0,2.0,20.3,1,202
2026-07-21 02:00:00+00:00,543.0,24.4,62.0,2.0,21.2,2,202
2026-07-21 03:00:00+00:00,620.0,22.9,71.0,1.0,22.3,3,202
2026-07-21 04:00:00+00:00,577.0,19.7,83.0,1.0,15.5,4,202
2026-07-21 05:00:00+00:00,474.0,15.5,96.0,1.0,13.0,5,202
2026-07-21 06:00:00+00:00,394.0,12.6,107.0,1.0,12.0,6,202
2026-07-21 07:00:00+00:00,362.0,11.8,115.0,1.0,11.7,7,202
2026-07-21 08:00:00+00:00,353.0,12.1,121.0,0.0,12.1,8,202
2026-07-21 09:00:00+00:00,366.0,12.9,126.0,0.0,13.6,9,202
2026-07-21 10:00:00+00:00,406.0,13.5,132.0,0.0,13.5,10,202
2026-07-21 11:00:00+00:00,468.0,14.6,136.0,0.0,15.1,11,202
2026-07-21 12:00:00+00:00,542.0,21.8,115.0,2.0,30.2,12,202
2026-07-21 13:00:00+00:00,648.0,26.4,101.0,2.0,36.4,13,202
2026-07-21 14:00:00+00:00,765.0,32.6,82.0,1.0,39.9,14,202
2026-07-21 15:00:00+00:00,822.0,36.0,68.0,1.0,35.2,15,202
2026-07-21 16:00:00+00:00,769.0,33.9,66.0,1.0,32.7,16,202
2026-07-21 17:00:00+00:00,655.0,29.0,70.0,0.0,32.2,17,202
2026-07-21 18:00:00+00:00,558.0,24.6,73.0,0.0,31.3,18,202
2026-07-21 19:00:00+00:00,506.0,22.0,73.0,0.0,30.3,19,202
2026-07-21 20:00:00+00:00,472.0,20.0,73.0,0.0,30.0,20,202
2026-07-21 21:00:00+00:00,443.0,18.5,72.0,0.0,29.3,21,202
2026-07-21 22:00:00+00:00,410.0,17.5,69.0,0.0,29.5,22,202
2026-07-21 23:00:00+00:00,384.0,17.0,65.0,0.0,29.6,23,202
2026-07-22 00:00:00+00:00,386.0,22.9,53.0,1.0,36.1,0,203
2026-07-22 01:00:00+00:00,446.0,22.6,58.0,0.0,35.2,1,203
2026-07-22 02:00:00+00:00,534.0,22.0,66.0,0.0,35.3,2,203
2026-07-22 03:00:00+00:00,584.0,20.3,81.0,1.0,36.7,3,203
2026-07-22 04:00:00+00:00,558.0,16.4,109.0,38.0,37.4,4,203
2026-07-22 05:00:00+00:00,495.0,11.5,143.0,88.0,33.8,5,203
2026-07-22 06:00:00+00:00,442.0,7.8,170.0,123.0,41.2,6,203
2026-07-22 07:00:00+00:00,413.0,5.8,184.0,130.0,42.3,7,203
2026-07-22 08:00:00+00:00,394.0,5.1,190.0,122.0,37.4,8,203
2026-07-22 09:00:00+00:00,396.0,7.0,187.0,108.0,39.5,9,203
2026-07-22 10:00:00+00:00,413.0,13.0,171.0,88.0,40.3,10,203
2026-07-22 11:00:00+00:00,451.0,21.7,146.0,63.0,35.3,11,203
2026-07-22 12:00:00+00:00,539.0,14.7,145.0,3.0,14.7,12,203
2026-07-22 13:00:00+00:00,742.0,24.3,121.0,2.0,17.3,13,203
2026-07-22 14:00:00+00:00,994.0,37.3,88.0,1.0,23.9,14,203
2026-07-22 15:00:00+00:00,1128.0,45.1,65.0,0.0,25.4,15,203
2026-07-22 16:00:00+00:00,1040.0,42.9,62.0,0.0,23.3,16,203
2026-07-22 17:00:00+00:00,833.0,35.6,68.0,0.0,21.0,17,203
2026-07-22 18:00:00+00:00,651.0,29.1,73.0,0.0,17.6,18,203
2026-07-22 19:00:00+00:00,543.0,25.2,73.0,34.0,14.9,19,203
2026-07-22 20:00:00+00:00,459.0,22.1,71.0,82.0,21.2,20,203
2026-07-22 21:00:00+00:00,397.0,20.0,68.0,124.0,24.9,21,203
2026-07-22 22:00:00+00:00,352.0,19.3,63.0,162.0,28.7,22,203
2026-07-22 23:00:00+00:00,328.0,19.7,58.0,195.0,34.2,23,203
2026-07-23 00:00:00+00:00,339.0,21.4,55.0,87.0,30.7,0,204
2026-07-23 01:00:00+00:00,418.0,20.4,63.0,71.0,33.5,1,204
2026-07-23 02:00:00+00:00,533.0,18.9,76.0,48.0,38.6,2,204
2026-07-23 03:00:00+00:00,595.0,16.8,92.0,29.0,28.3,3,204
2026-07-23 04:00:00+00:00,551.0,13.3,116.0,13.0,23.1,4,204
2026-07-23 05:00:00+00:00,455.0,9.2,144.0,0.0,21.5,5,204
2026-07-23 06:00:00+00:00,382.0,6.4,164.0,0.0,20.5,6,204
2026-07-23 07:00:00+00:00,356.0,5.6,170.0,26.0,20.4,7,204
2026-07-23 08:00:00+00:00,354.0,6.2,168.0,65.0,33.3,8,204
2026-07-23 09:00:00+00:00,381.0,7.6,163.0,90.0,28.2,9,204
2026-07-23 10:00:00+00:00,447.0,10.0,157.0,88.0,28.9,10,204
2026-07-23 11:00:00+00:00,541.0,13.3,148.0,71.0,31.0,11,204
2026-07-23 12:00:00+00:00,637.0,16.5,132.0,0.0,22.5,12,204
2026-07-23 13:00:00+00:00,748.0,21.0,119.0,0.0,27.6,13,204
2026-07-23 14:00:00+00:00,861.0,27.0,100.0,0.0,28.8,14,204
2026-07-23 15:00:00+00:00,908.0,30.6,87.0,0.0,28.8,15,204
2026-07-23 16:00:00+00:00,841.0,29.3,84.0,0.0,29.5,16,204
2026-07-23 17:00:00+00:00,708.0,25.5,86.0,0.0,30.0,17,204
2026-07-23 18:00:00+00:00,582.0,22.4,87.0,0.0,30.0,18,204
2026-07-23 19:00:00+00:00,480.0,21.1,83.0,0.0,30.5,19,204
2026-07-23 20:00:00+00:00,385.0,20.4,78.0,0.0,31.7,20,204
2026-07-23 21:00:00+00:00,318.0,19.9,74.0,0.0,33.5,21,204
2026-07-23 22:00:00+00:00,287.0,19.4,71.0,0.0,35.0,22,204
2026-07-23 23:00:00+00:00,284.0,19.0,68.0,0.0,35.6,23,204
2026-07-24 00:00:00+00:00,306.0,18.0,73.0,0.0,37.7,0,205
2026-07-24 01:00:00+00:00,377.0,17.8,77.0,0.0,37.7,1,205
2026-07-24 02:00:00+00:00,473.0,17.4,83.0,0.0,34.3,2,205
2026-07-24 03:00:00+00:00,525.0,16.3,94.0,0.0,31.5,3,205
2026-07-24 04:00:00+00:00,488.0,13.6,113.0,0.0,26.4,4,205
2026-07-24 05:00:00+00:00,407.0,10.2,136.0,0.0,24.1,5,205
2026-07-24 06:00:00+00:00,345.0,7.9,152.0,0.0,22.9,6,205
2026-07-24 07:00:00+00:00,320.0,7.4,153.0,0.0,21.4,7,205
2026-07-24 08:00:00+00:00,315.0,8.1,147.0,0.0,20.4,8,205
2026-07-24 09:00:00+00:00,336.0,9.4,140.0,0.0,17.7,9,205
2026-07-24 10:00:00+00:00,389.0,10.9,137.0,0.0,16.1,10,205
2026-07-24 11:00:00+00:00,468.0,13.2,133.0,0.0,16.5,11,205
2026-07-24 12:00:00+00:00,568.0,17.3,119.0,0.0,23.3,12,205
2026-07-24 13:00:00+00:00,732.0,26.2,98.0,0.0,29.5,13,205
2026-07-24 14:00:00+00:00,918.0,38.2,70.0,0.0,34.3,14,205
2026-07-24 15:00:00+00:00,988.0,45.1,50.0,1.0,34.3,15,205
2026-07-24 16:00:00+00:00,841.0,42.2,47.0,2.0,32.8,16,205
2026-07-24 17:00:00+00:00,578.0,34.3,52.0,3.0,31.9,17,205
2026-07-24 18:00:00+00:00,375.0,27.6,57.0,5.0,30.5,18,205
2026-07-24 19:00:00+00:00,304.0,24.1,58.0,7.0,28.0,19,205
2026-07-24 20:00:00+00:00,293.0,21.8,59.0,9.0,26.5,20,205
2026-07-24 21:00:00+00:00,290.0,20.4,58.0,10.0,26.3,21,205
2026-07-24 22:00:00+00:00,276.0,20.4,54.0,8.0,26.5,22,205
2026-07-24 23:00:00+00:00,270.0,21.3,50.0,4.0,27.1,23,205
2026-07-25 00:00:00+00:00,288.0,22.5,46.0,8.0,29.7,0,206
2026-07-25 01:00:00+00:00,353.0,21.9,52.0,7.0,29.8,1,206
2026-07-25 02:00:00+00:00,441.0,20.9,60.0,5.0,28.5,2,206
2026-07-25 03:00:00+00:00,493.0,19.0,72.0,4.0,29.0,3,206
2026-07-25 04:00:00+00:00,472.0,15.4,91.0,5.0,29.5,4,206
2026-07-25 05:00:00+00:00,414.0,11.0,113.0,6.0,26.8,5,206
2026-07-25 06:00:00+00:00,369.0,7.8,130.0,9.0,24.3,6,206
2026-07-25 07:00:00+00:00,350.0,6.4,140.0,14.0,25.8,7,206
2026-07-25 08:00:00+00:00,344.0,6.3,144.0,21.0,32.2,8,206
2026-07-25 09:00:00+00:00,361.0,7.7,143.0,24.0,26.4,9,206
2026-07-25 10:00:00+00:00,413.0,10.7,135.0,21.0,25.1,10,206
2026-07-25 11:00:00+00:00,488.0,15.2,120.0,15.0,24.9,11,206
2026-07-25 12:00:00+00:00,565.0,23.0,97.0,6.0,38.3,12,206
2026-07-25 13:00:00+00:00,648.0,29.1,80.0,5.0,44.2,13,206
2026-07-25 14:00:00+00:00,733.0,37.3,58.0,3.0,51.8,14,206
2026-07-25 15:00:00+00:00,781.0,42.5,42.0,1.0,50.3,15,206
2026-07-25 16:00:00+00:00,772.0,42.0,40.0,0.0,45.1,16,206
2026-07-25 17:00:00+00:00,727.0,38.4,45.0,0.0,46.8,17,206
2026-07-25 18:00:00+00:00,670.0,34.6,50.0,0.0,48.1,18,206
2026-07-25 19:00:00+00:00,597.0,31.2,53.0,0.0,48.5,19,206
2026-07-25 20:00:00+00:00,511.0,27.7,55.0,0.0,47.0,20,206
2026-07-25 21:00:00+00:00,446.0,25.2,56.0,0.0,45.4,21,206
2026-07-25 22:00:00+00:00,415.0,24.9,52.0,1.0,44.7,22,206
2026-07-25 23:00:00+00:00,405.0,25.7,47.0,3.0,44.9,23,206
2026-07-26 00:00:00+00:00,408.0,23.0,56.0,1.0,26.0,0,207
2026-07-26 01:00:00+00:00,432.0,22.2,64.0,2.0,27.8,1,207
2026-07-26 02:00:00+00:00,470.0,21.0,76.0,3.0,26.9,2,207
2026-07-26 03:00:00+00:00,487.0,19.1,94.0,5.0,28.9,3,207
2026-07-26 04:00:00+00:00,463.0,16.0,124.0,9.0,32.1,4,207
2026-07-26 05:00:00+00:00,418.0,12.2,160.0,15.0,34.7,5,207
2026-07-26 06:00:00+00:00,382.0,9.2,189.0,19.0,36.7,6,207
2026-07-26 07:00:00+00:00,363.0,7.3,207.0,21.0,36.8,7,207
2026-07-26 08:00:00+00:00,352.0,6.1,219.0,22.0,39.0,8,207
2026-07-26 09:00:00+00:00,354.0,6.1,224.0,23.0,39.3,9,207
2026-07-26 10:00:00+00:00,335.0,5.7,226.0,24.0,40.4,10,207
2026-07-26 11:00:00+00:00,329.0,6.5,221.0,25.0,40.2,11,207
2026-07-26 12:00:00+00:00,445.0,12.4,184.0,24.0,44.2,12,207
2026-07-26 13:00:00+00:00,831.0,33.2,148.0,22.0,51.0,13,207
2026-07-26 14:00:00+00:00,1340.0,61.6,98.0,19.0,70.1,14,207
2026-07-26 15:00:00+00:00,1633.0,81.2,59.0,16.0,86.1,15,207
2026-07-26 16:00:00+00:00,1507.0,83.0,43.0,14.0,91.3,16,207
2026-07-26 17:00:00+00:00,1165.0,76.1,38.0,13.0,89.4,17,207
2026-07-26 18:00:00+00:00,885.0,70.5,33.0,12.0,85.2,18,207
2026-07-26 19:00:00+00:00,764.0,70.7,25.0,12.0,86.4,19,207
2026-07-26 20:00:00+00:00,703.0,72.4,17.0,12.0,89.6,20,207
2026-07-26 21:00:00+00:00,690.0,72.6,12.0,12.0,91.0,21,207
2026-07-26 22:00:00+00:00,743.0,70.5,8.0,11.0,92.2,22,207
2026-07-26 23:00:00+00:00,843.0,67.1,5.0,9.0,90.8,23,207
2026-07-27 00:00:00+00:00,914.0,58.3,22.0,7.0,82.7,0,208
2026-07-27 01:00:00+00:00,933.0,54.3,38.0,9.0,84.1,1,208
2026-07-27 02:00:00+00:00,923.0,48.4,62.0,13.0,79.2,2,208
2026-07-27 03:00:00+00:00,875.0,41.4,93.0,16.0,65.2,3,208
2026-07-27 04:00:00+00:00,760.0,32.1,136.0,20.0,55.9,4,208
2026-07-27 05:00:00+00:00,606.0,21.7,187.0,24.0,50.3,5,208
2026-07-27 06:00:00+00:00,493.0,13.9,228.0,26.0,46.3,6,208
2026-07-27 07:00:00+00:00,448.0,10.6,256.0,26.0,47.5,7,208
2026-07-27 08:00:00+00:00,443.0,9.9,275.0,24.0,48.8,8,208
2026-07-27 09:00:00+00:00,475.0,10.4,283.0,24.0,50.6,9,208
2026-07-27 10:00:00+00:00,541.0,11.0,280.0,27.0,49.8,10,208
2026-07-27 11:00:00+00:00,644.0,12.7,267.0,30.0,47.7,11,208
2026-07-27 12:00:00+00:00,792.0,23.7,185.0,61.0,50.2,12,208
2026-07-27 13:00:00+00:00,1067.0,33.3,156.0,50.0,58.7,13,208
2026-07-27 14:00:00+00:00,1388.0,46.2,117.0,36.0,66.6,14,208
2026-07-27 15:00:00+00:00,1519.0,53.7,86.0,37.0,68.7,15,208
2026-07-27 16:00:00+00:00,1289.0,50.8,74.0,71.0,66.6,16,208
2026-07-27 17:00:00+00:00,869.0,42.5,72.0,119.0,64.5,17,208
2026-07-27 18:00:00+00:00,543.0,35.3,70.0,145.0,61.2,18,208
2026-07-27 19:00:00+00:00,432.0,31.2,68.0,126.0,56.5,19,208
2026-07-27 20:00:00+00:00,414.0,28.1,66.0,85.0,51.6,20,208
2026-07-27 21:00:00+00:00,404.0,26.1,64.0,51.0,49.8,21,208
2026-07-27 22:00:00+00:00,366.0,25.4,58.0,37.0,49.4,22,208
2026-07-27 23:00:00+00:00,336.0,25.7,50.0,31.0,48.4,23,208
2026-07-28 00:00:00+00:00,342.0,32.3,39.0,113.0,55.8,0,209
2026-07-28 01:00:00+00:00,420.0,32.2,43.0,98.0,54.0,1,209
2026-07-28 02:00:00+00:00,534.0,31.8,51.0,78.0,48.4,2,209
2026-07-28 03:00:00+00:00,606.0,30.1,68.0,66.0,44.6,3,209
2026-07-28 04:00:00+00:00,594.0,25.9,101.0,71.0,47.5,4,209
2026-07-28 05:00:00+00:00,540.0,20.4,144.0,83.0,48.9,5,209
2026-07-28 06:00:00+00:00,495.0,15.8,182.0,88.0,44.1,6,209
2026-07-28 07:00:00+00:00,472.0,12.5,213.0,77.0,42.0,7,209
2026-07-28 08:00:00+00:00,458.0,10.1,239.0,58.0,43.3,8,209
2026-07-28 09:00:00+00:00,465.0,10.1,250.0,42.0,43.4,9,209
2026-07-28 10:00:00+00:00,468.0,12.7,241.0,33.0,43.5,10,209
2026-07-28 11:00:00+00:00,492.0,17.6,218.0,28.0,44.0,11,209
2026-07-28 12:00:00+00:00,618.0,49.5,86.0,25.0,34.7,12,209
2026-07-28 13:00:00+00:00,969.0,57.7,70.0,21.0,32.4,13,209
2026-07-28 14:00:00+00:00,1422.0,69.0,47.0,16.0,39.8,14,209
2026-07-28 15:00:00+00:00,1692.0,77.7,29.0,12.0,47.6,15,209
2026-07-28 16:00:00+00:00,1616.0,81.5,19.0,9.0,52.7,16,209
2026-07-28 17:00:00+00:00,1358.0,82.8,13.0,7.0,51.3,17,209
2026-07-28 18:00:00+00:00,1120.0,82.9,9.0,5.0,47.4,18,209
2026-07-28 19:00:00+00:00,974.0,82.6,6.0,4.0,43.8,19,209
2026-07-28 20:00:00+00:00,849.0,81.2,5.0,4.0,42.1,20,209
2026-07-28 21:00:00+00:00,738.0,78.1,6.0,4.0,44.8,21,209
2026-07-28 22:00:00+00:00,626.0,72.3,10.0,3.0,47.8,22,209
2026-07-28 23:00:00+00:00,527.0,64.8,16.0,3.0,46.6,23,209
2026-07-29 00:00:00+00:00,477.0,57.6,24.0,7.0,47.8,0,210
2026-07-29 01:00:00+00:00,510.0,52.5,33.0,7.0,51.1,1,210
2026-07-29 02:00:00+00:00,592.0,45.4,46.0,8.0,43.9,2,210
2026-07-29 03:00:00+00:00,651.0,39.6,62.0,8.0,38.2,3,210
2026-07-29 04:00:00+00:00,652.0,36.7,80.0,9.0,35.5,4,210
2026-07-29 05:00:00+00:00,629.0,35.0,101.0,9.0,32.0,5,210
2026-07-29 06:00:00+00:00,618.0,33.3,122.0,10.0,31.5,6,210
2026-07-29 07:00:00+00:00,626.0,30.3,145.0,11.0,34.0,7,210
2026-07-29 08:00:00+00:00,645.0,27.3,168.0,12.0,36.8,8,210
2026-07-29 09:00:00+00:00,682.0,26.3,184.0,13.0,39.8,9,210
2026-07-29 10:00:00+00:00,702.0,26.5,194.0,14.0,43.5,10,210
2026-07-29 11:00:00+00:00,739.0,28.8,198.0,14.0,45.9,11,210
2026-07-29 12:00:00+00:00,903.0,20.4,226.0,21.0,59.6,12,210
2026-07-29 13:00:00+00:00,1328.0,32.9,195.0,17.0,68.0,13,210
2026-07-29 14:00:00+00:00,1880.0,49.9,151.0,12.0,80.1,14,210
2026-07-29 15:00:00+00:00,2271.0,61.6,114.0,8.0,75.4,15,210
2026-07-29 16:00:00+00:00,2384.0,63.2,91.0,6.0,80.3,16,210
2026-07-29 17:00:00+00:00,2337.0,59.5,74.0,4.0,81.5,17,210
2026-07-29 18:00:00+00:00,2192.0,54.6,62.0,3.0,80.8,18,210
2026-07-29 19:00:00+00:00,1918.0,49.2,54.0,2.0,77.8,19,210
2026-07-29 20:00:00+00:00,1547.0,42.6,50.0,2.0,74.7,20,210
2026-07-29 21:00:00+00:00,1241.0,37.6,47.0,2.0,71.7,21,210
2026-07-29 22:00:00+00:00,1064.0,35.4,41.0,2.0,69.2,22,210
2026-07-29 23:00:00+00:00,952.0,34.7,36.0,1.0,67.5,23,210
2026-07-30 00:00:00+00:00,871.0,38.8,44.0,1.0,70.5,0,211
2026-07-30 01:00:00+00:00,829.0,37.8,56.0,1.0,73.3,1,211
2026-07-30 02:00:00+00:00,818.0,36.3,75.0,1.0,68.2,2,211
2026-07-30 03:00:00+00:00,776.0,33.0,100.0,1.0,52.4,3,211
2026-07-30 04:00:00+00:00,656.0,26.6,138.0,0.0,47.0,4,211
2026-07-30 05:00:00+00:00,504.0,18.5,183.0,0.0,43.2,5,211
2026-07-30 06:00:00+00:00,401.0,12.3,219.0,2.0,41.8,6,211
2026-07-30 07:00:00+00:00,381.0,9.3,240.0,10.0,41.1,7,211
2026-07-30 08:00:00+00:00,410.0,8.2,252.0,21.0,41.9,8,211
2026-07-30 09:00:00+00:00,461.0,8.6,254.0,27.0,42.1,9,211
2026-07-30 10:00:00+00:00,546.0,10.6,244.0,26.0,41.2,10,211
2026-07-30 11:00:00+00:00,655.0,14.2,224.0,21.0,40.6,11,211
2026-07-30 12:00:00+00:00,727.0,20.0,164.0,3.0,40.9,12,211
2026-07-30 13:00:00+00:00,728.0,28.6,135.0,2.0,43.8,13,211
2026-07-30 14:00:00+00:00,693.0,40.3,96.0,2.0,46.4,14,211
2026-07-30 15:00:00+00:00,669.0,47.9,66.0,1.0,46.1,15,211
2026-07-30 16:00:00+00:00,684.0,47.7,54.0,1.0,45.5,16,211
2026-07-30 17:00:00+00:00,709.0,43.3,52.0,2.0,45.8,17,211
2026-07-30 18:00:00+00:00,707.0,38.4,52.0,2.0,45.4,18,211
2026-07-30 19:00:00+00:00,652.0,33.6,53.0,0.0,43.3,19,211
2026-07-30 20:00:00+00:00,570.0,28.3,57.0,0.0,39.3,20,211
2026-07-30 21:00:00+00:00,493.0,24.1,60.0,2.0,33.8,21,211
2026-07-30 22:00:00+00:00,425.0,21.7,60.0,85.0,29.0,22,211
2026-07-30 23:00:00+00:00,363.0,20.5,58.0,196.0,38.3,23,211
2026-07-31 00:00:00+00:00,334.0,19.9,59.0,212.0,37.7,0,212
2026-07-31 01:00:00+00:00,368.0,19.5,63.0,151.0,32.6,1,212
2026-07-31 02:00:00+00:00,434.0,18.8,69.0,68.0,27.4,2,212
2026-07-31 03:00:00+00:00,472.0,17.3,81.0,7.0,21.6,3,212
2026-07-31 04:00:00+00:00,446.0,14.3,103.0,0.0,20.5,4,212
2026-07-31 05:00:00+00:00,392.0,10.6,131.0,0.0,21.3,5,212
2026-07-31 06:00:00+00:00,353.0,7.9,150.0,1.0,22.8,6,212
2026-07-31 07:00:00+00:00,342.0,6.7,154.0,6.0,22.2,7,212
2026-07-31 08:00:00+00:00,347.0,6.6,149.0,12.0,20.8,8,212
2026-07-31 09:00:00+00:00,372.0,7.3,144.0,16.0,21.7,9,212
2026-07-31 10:00:00+00:00,431.0,8.9,142.0,13.0,20.7,10,212
2026-07-31 11:00:00+00:00,511.0,11.3,139.0,6.0,20.2,11,212
2026-07-31 12:00:00+00:00,571.0,19.2,125.0,1.0,31.5,12,212
2026-07-31 13:00:00+00:00,599.0,24.9,107.0,1.0,35.2,13,212
2026-07-31 14:00:00+00:00,609.0,32.5,83.0,1.0,36.7,14,212
2026-07-31 15:00:00+00:00,600.0,37.1,65.0,1.0,36.3,15,212
2026-07-31 16:00:00+00:00,566.0,36.0,58.0,0.0,34.9,16,212
2026-07-31 17:00:00+00:00,514.0,31.8,58.0,0.0,33.4,17,212
2026-07-31 18:00:00+00:00,461.0,27.7,58.0,2.0,31.2,18,212
2026-07-31 19:00:00+00:00,410.0,24.4,59.0,103.0,28.6,19,212
2026-07-31 20:00:00+00:00,358.0,21.2,61.0,242.0,41.2,20,212
2026-07-31 21:00:00+00:00,321.0,18.9,62.0,344.0,49.4,21,212
2026-07-31 22:00:00+00:00,299.0,18.2,59.0,380.0,52.9,22,212
2026-07-31 23:00:00+00:00,292.0,18.4,56.0,379.0,52.4,23,212
2026-08-01 00:00:00+00:00,308.0,18.9,55.0,2.0,25.5,0,213
2026-08-01 01:00:00+00:00,372.0,18.5,62.0,1.0,26.8,1,213
2026-08-01 02:00:00+00:00,460.0,17.8,73.0,0.0,27.5,2,213
2026-08-01 03:00:00+00:00,511.0,16.4,88.0,2.0,26.4,3,213
2026-08-01 04:00:00+00:00,487.0,13.7,112.0,12.0,25.3,4,213
2026-08-01 05:00:00+00:00,424.0,10.2,140.0,27.0,34.8,5,213
2026-08-01 06:00:00+00:00,375.0,7.8,162.0,34.0,27.6,6,213
2026-08-01 07:00:00+00:00,348.0,7.0,172.0,29.0,30.2,7,213
2026-08-01 08:00:00+00:00,334.0,7.2,175.0,17.0,30.5,8,213
2026-08-01 09:00:00+00:00,353.0,8.1,173.0,7.0,30.0,9,213
2026-08-01 10:00:00+00:00,424.0,9.5,168.0,3.0,29.5,10,213
2026-08-01 11:00:00+00:00,529.0,11.6,157.0,2.0,28.8,11,213
2026-08-01 12:00:00+00:00,631.0,14.6,159.0,38.0,36.6,12,213
2026-08-01 13:00:00+00:00,738.0,20.8,137.0,29.0,41.2,13,213
2026-08-01 14:00:00+00:00,843.0,29.2,107.0,16.0,44.9,14,213
2026-08-01 15:00:00+00:00,886.0,34.8,84.0,6.0,44.9,15,213
2026-08-01 16:00:00+00:00,825.0,35.2,75.0,2.0,43.2,16,213
2026-08-01 17:00:00+00:00,703.0,32.8,74.0,0.0,40.7,17,213
2026-08-01 18:00:00+00:00,590.0,29.7,75.0,0.0,40.3,18,213
2026-08-01 19:00:00+00:00,505.0,25.8,78.0,0.0,37.4,19,213
2026-08-01 20:00:00+00:00,429.0,21.1,83.0,1.0,35.0,20,213
2026-08-01 21:00:00+00:00,374.0,17.8,86.0,2.0,34.6,21,213
2026-08-01 22:00:00+00:00,344.0,17.0,82.0,2.0,35.3,22,213
2026-08-01 23:00:00+00:00,336.0,17.6,76.0,3.0,35.9,23,213
2026-08-02 00:00:00+00:00,354.0,22.8,62.0,2.0,44.2,0,214
2026-08-02 01:00:00+00:00,424.0,22.0,71.0,20.0,45.2,1,214
2026-08-02 02:00:00+00:00,519.0,20.7,85.0,43.0,43.0,2,214
2026-08-02 03:00:00+00:00,565.0,18.5,105.0,58.0,39.3,3,214
2026-08-02 04:00:00+00:00,513.0,14.7,135.0,55.0,39.9,4,214
2026-08-02 05:00:00+00:00,412.0,9.9,171.0,43.0,38.1,5,214
2026-08-02 06:00:00+00:00,333.0,6.5,197.0,32.0,37.7,6,214
2026-08-02 07:00:00+00:00,304.0,5.0,205.0,24.0,36.3,7,214
2026-08-02 08:00:00+00:00,298.0,4.9,203.0,17.0,34.5,8,214
2026-08-02 09:00:00+00:00,305.0,5.8,197.0,11.0,35.3,9,214
2026-08-02 10:00:00+00:00,311.0,7.7,189.0,7.0,36.9,10,214
2026-08-02 11:00:00+00:00,331.0,10.7,177.0,5.0,35.6,11,214
2026-08-02 12:00:00+00:00,393.0,16.0,139.0,2.0,29.8,12,214
2026-08-02 13:00:00+00:00,545.0,21.0,120.0,2.0,33.8,13,214
2026-08-02 14:00:00+00:00,740.0,27.9,94.0,1.0,37.7,14,214
2026-08-02 15:00:00+00:00,867.0,32.4,73.0,1.0,36.8,15,214
2026-08-02 16:00:00+00:00,874.0,32.4,64.0,1.0,37.0,16,214
2026-08-02 17:00:00+00:00,813.0,30.0,61.0,1.0,38.4,17,214
2026-08-02 18:00:00+00:00,734.0,27.4,60.0,2.0,37.4,18,214
2026-08-02 19:00:00+00:00,637.0,25.0,61.0,3.0,35.6,19,214
2026-08-02 20:00:00+00:00,520.0,22.4,64.0,4.0,34.5,20,214
2026-08-02 21:00:00+00:00,430.0,20.6,66.0,5.0,32.6,21,214
2026-08-02 22:00:00+00:00,377.0,20.0,64.0,5.0,28.8,22,214
2026-08-02 23:00:00+00:00,350.0,20.2,60.0,5.0,27.0,23,214
2026-08-03 00:00:00+00:00,363.0,21.2,52.0,4.0,25.8,0,215
2026-08-03 01:00:00+00:00,454.0,22.7,54.0,4.0,28.9,1,215
2026-08-03 02:00:00+00:00,585.0,24.5,58.0,5.0,31.3,2,215
2026-08-03 03:00:00+00:00,661.0,24.5,70.0,5.0,31.1,3,215
2026-08-03 04:00:00+00:00,626.0,20.8,97.0,5.0,30.9,4,215
2026-08-03 05:00:00+00:00,535.0,15.4,132.0,4.0,29.9,5,215
2026-08-03 06:00:00+00:00,461.0,11.3,158.0,4.0,31.7,6,215
2026-08-03 07:00:00+00:00,420.0,9.6,169.0,3.0,31.3,7,215
2026-08-03 08:00:00+00:00,395.0,9.4,171.0,3.0,30.7,8,215
2026-08-03 09:00:00+00:00,405.0,11.0,167.0,2.0,32.2,9,215
2026-08-03 10:00:00+00:00,456.0,14.6,155.0,2.0,31.9,10,215
2026-08-03 11:00:00+00:00,541.0,20.0,136.0,1.0,31.3,11,215
2026-08-03 12:00:00+00:00,660.0,22.0,140.0,2.0,44.6,12,215
2026-08-03 13:00:00+00:00,856.0,34.1,116.0,2.0,48.3,13,215
2026-08-03 14:00:00+00:00,1086.0,50.9,82.0,1.0,57.0,14,215
2026-08-03 15:00:00+00:00,1221.0,63.9,55.0,1.0,65.7,15,215
2026-08-03 16:00:00+00:00,1191.0,70.5,39.0,1.0,70.8,16,215
2026-08-03 17:00:00+00:00,1066.0,73.2,29.0,0.0,78.5,17,215
2026-08-03 18:00:00+00:00,928.0,71.6,25.0,0.0,76.4,18,215
2026-08-03 19:00:00+00:00,790.0,63.2,29.0,0.0,75.2,19,215
2026-08-03 20:00:00+00:00,640.0,50.4,39.0,0.0,63.6,20,215
2026-08-03 21:00:00+00:00,520.0,39.7,47.0,0.0,54.9,21,215
2026-08-03 22:00:00+00:00,438.0,33.2,51.0,0.0,45.4,22,215
2026-08-03 23:00:00+00:00,386.0,28.7,54.0,0.0,38.3,23,215
2026-08-04 00:00:00+00:00,385.0,23.9,61.0,1.0,36.2,0,216
2026-08-04 01:00:00+00:00,475.0,25.6,63.0,1.0,35.9,1,216
2026-08-04 02:00:00+00:00,616.0,27.8,66.0,1.0,31.5,2,216
2026-08-04 03:00:00+00:00,704.0,28.3,75.0,1.0,27.3,3,216
2026-08-04 04:00:00+00:00,665.0,25.7,96.0,1.0,26.3,4,216
2026-08-04 05:00:00+00:00,574.0,21.6,123.0,2.0,27.6,5,216
2026-08-04 06:00:00+00:00,545.0,18.1,143.0,2.0,28.4,6,216
2026-08-04 07:00:00+00:00,652.0,15.7,152.0,2.0,27.7,7,216
2026-08-04 08:00:00+00:00,822.0,14.0,155.0,2.0,27.1,8,216
2026-08-04 09:00:00+00:00,953.0,14.3,154.0,2.0,27.1,9,216
2026-08-04 10:00:00+00:00,981.0,16.8,152.0,2.0,27.8,10,216
2026-08-04 11:00:00+00:00,969.0,21.3,147.0,2.0,36.9,11,216
2026-08-04 12:00:00+00:00,1012.0,46.4,101.0,1.0,33.1,12,216
2026-08-04 13:00:00+00:00,1199.0,55.5,85.0,1.0,37.8,13,216
2026-08-04 14:00:00+00:00,1441.0,68.0,62.0,1.0,51.9,14,216
2026-08-04 15:00:00+00:00,1556.0,77.2,43.0,1.0,62.2,15,216
2026-08-04 16:00:00+00:00,1426.0,80.4,31.0,1.0,68.5,16,216
2026-08-04 17:00:00+00:00,1169.0,80.3,23.0,1.0,76.1,17,216
2026-08-04 18:00:00+00:00,965.0,78.2,19.0,1.0,75.2,18,216
2026-08-04 19:00:00+00:00,886.0,73.7,20.0,1.0,65.9,19,216
2026-08-04 20:00:00+00:00,860.0,67.2,24.0,1.0,60.1,20,216
2026-08-04 21:00:00+00:00,848.0,61.5,27.0,1.0,57.7,21,216
2026-08-04 22:00:00+00:00,835.0,57.8,24.0,1.0,56.6,22,216
2026-08-04 23:00:00+00:00,836.0,54.9,19.0,0.0,55.9,23,216
2026-08-05 00:00:00+00:00,858.0,59.6,18.0,1.0,71.9,0,217
2026-08-05 01:00:00+00:00,933.0,53.9,31.0,1.0,68.2,1,217
2026-08-05 02:00:00+00:00,1029.0,45.8,51.0,1.0,57.9,2,217
2026-08-05 03:00:00+00:00,1052.0,37.8,76.0,1.0,47.6,3,217
2026-08-05 04:00:00+00:00,935.0,30.4,113.0,0.0,37.6,4,217
2026-08-05 05:00:00+00:00,745.0,23.2,155.0,0.0,35.7,5,217
2026-08-05 06:00:00+00:00,595.0,17.4,188.0,2.0,37.6,6,217
2026-08-05 07:00:00+00:00,523.0,13.5,205.0,21.0,40.0,7,217
2026-08-05 08:00:00+00:00,490.0,11.1,212.0,47.0,43.0,8,217
2026-08-05 09:00:00+00:00,496.0,10.1,211.0,61.0,49.7,9,217
2026-08-05 10:00:00+00:00,537.0,9.3,204.0,50.0,42.8,10,217
2026-08-05 11:00:00+00:00,615.0,9.8,190.0,27.0,39.3,11,217
2026-08-05 12:00:00+00:00,740.0,18.9,160.0,16.0,46.1,12,217
2026-08-05 13:00:00+00:00,948.0,33.4,130.0,13.0,54.0,13,217
2026-08-05 14:00:00+00:00,1202.0,53.4,89.0,8.0,64.5,14,217
2026-08-05 15:00:00+00:00,1399.0,68.4,56.0,5.0,65.2,15,217
2026-08-05 16:00:00+00:00,1514.0,74.3,40.0,6.0,65.7,16,217
2026-08-05 17:00:00+00:00,1571.0,75.2,32.0,8.0,70.1,17,217
2026-08-05 18:00:00+00:00,1539.0,72.5,29.0,9.0,74.7,18,217
2026-08-05 19:00:00+00:00,1363.0,64.9,33.0,8.0,70.5,19,217
2026-08-05 20:00:00+00:00,1097.0,53.7,42.0,5.0,61.2,20,217
2026-08-05 21:00:00+00:00,873.0,44.4,50.0,4.0,62.4,21,217
2026-08-05 22:00:00+00:00,725.0,38.5,55.0,4.0,60.5,22,217
2026-08-05 23:00:00+00:00,620.0,34.5,58.0,5.0,57.7,23,217
2026-08-06 00:00:00+00:00,585.0,47.3,47.0,6.0,68.7,0,218
2026-08-06 01:00:00+00:00,669.0,49.3,48.0,5.0,70.3,1,218
2026-08-06 02:00:00+00:00,825.0,51.7,50.0,3.0,75.0,2,218
2026-08-06 03:00:00+00:00,937.0,51.5,58.0,2.0,70.1,3,218
2026-08-06 04:00:00+00:00,960.0,45.9,78.0,1.0,54.6,4,218
2026-08-06 05:00:00+00:00,941.0,37.7,104.0,1.0,45.3,5,218
2026-08-06 06:00:00+00:00,901.0,31.8,123.0,4.0,44.6,6,218
2026-08-06 07:00:00+00:00,831.0,30.0,131.0,13.0,44.9,7,218
2026-08-06 08:00:00+00:00,741.0,30.5,133.0,25.0,47.4,8,218
2026-08-06 09:00:00+00:00,686.0,33.0,129.0,32.0,51.9,9,218
2026-08-06 10:00:00+00:00,681.0,38.8,116.0,29.0,50.9,10,218
2026-08-06 11:00:00+00:00,712.0,46.6,98.0,21.0,57.6,11,218
2026-08-06 12:00:00+00:00,785.0,51.4,62.0,3.0,31.8,12,218
2026-08-06 13:00:00+00:00,950.0,53.5,53.0,2.0,32.7,13,218
2026-08-06 14:00:00+00:00,1159.0,56.4,41.0,2.0,34.8,14,218
2026-08-06 15:00:00+00:00,1271.0,57.7,32.0,1.0,37.0,15,218
2026-08-06 16:00:00+00:00,1203.0,56.7,27.0,1.0,37.6,16,218
2026-08-06 17:00:00+00:00,1039.0,54.1,24.0,1.0,39.1,17,218
2026-08-06 18:00:00+00:00,889.0,50.3,24.0,1.0,39.9,18,218
2026-08-06 19:00:00+00:00,794.0,44.6,28.0,1.0,36.6,19,218
2026-08-06 20:00:00+00:00,712.0,37.6,34.0,0.0,34.7,20,218
2026-08-06 21:00:00+00:00,631.0,31.3,41.0,0.0,31.8,21,218
2026-08-06 22:00:00+00:00,523.0,25.6,48.0,0.0,28.5,22,218
2026-08-06 23:00:00+00:00,415.0,20.7,56.0,0.0,25.6,23,218
2026-08-07 00:00:00+00:00,374.0,23.4,50.0,0.0,35.0,0,219
2026-08-07 01:00:00+00:00,466.0,25.4,57.0,0.0,36.9,1,219
2026-08-07 02:00:00+00:00,625.0,28.0,67.0,0.0,38.4,2,219
2026-08-07 03:00:00+00:00,724.0,28.4,78.0,0.0,43.3,3,219
2026-08-07 04:00:00+00:00,694.0,24.4,91.0,0.0,49.0,4,219
2026-08-07 05:00:00+00:00,603.0,18.2,105.0,0.0,32.5,5,219
2026-08-07 06:00:00+00:00,527.0,14.1,116.0,0.0,26.7,6,219
2026-08-07 07:00:00+00:00,473.0,13.6,122.0,0.0,26.7,7,219
2026-08-07 08:00:00+00:00,434.0,15.2,124.0,0.0,25.8,8,219
2026-08-07 09:00:00+00:00,463.0,18.6,120.0,0.0,28.1,9,219
2026-08-07 10:00:00+00:00,639.0,24.3,107.0,0.0,29.2,10,219
2026-08-07 11:00:00+00:00,883.0,31.7,88.0,0.0,29.0,11,219
2026-08-07 12:00:00+00:00,1018.0,31.1,86.0,1.0,34.6,12,219
2026-08-07 13:00:00+00:00,928.0,32.0,80.0,1.0,35.6,13,219
2026-08-07 14:00:00+00:00,728.0,33.1,73.0,1.0,36.0,14,219
2026-08-07 15:00:00+00:00,584.0,33.7,66.0,1.0,34.7,15,219
2026-08-07 16:00:00+00:00,581.0,33.2,62.0,1.0,35.2,16,219
2026-08-07 17:00:00+00:00,634.0,32.2,59.0,0.0,36.3,17,219
2026-08-07 18:00:00+00:00,660.0,30.8,57.0,0.0,37.7,18,219
2026-08-07 19:00:00+00:00,616.0,28.9,56.0,0.0,38.3,19,219
2026-08-07 20:00:00+00:00,545.0,26.7,55.0,0.0,39.6,20,219
2026-08-07 21:00:00+00:00,486.0,25.2,54.0,0.0,41.4,21,219
2026-08-07 22:00:00+00:00,437.0,25.4,49.0,0.0,41.9,22,219
2026-08-07 23:00:00+00:00,400.0,26.3,43.0,0.0,43.9,23,219
2026-08-08 00:00:00+00:00,423.0,23.6,50.0,1.0,44.9,0,220
2026-08-08 01:00:00+00:00,576.0,23.3,58.0,1.0,47.4,1,220
2026-08-08 02:00:00+00:00,787.0,22.8,70.0,2.0,47.5,2,220
2026-08-08 03:00:00+00:00,893.0,21.1,87.0,3.0,44.2,3,220
2026-08-08 04:00:00+00:00,784.0,16.9,113.0,4.0,39.0,4,220
2026-08-08 05:00:00+00:00,568.0,11.6,143.0,6.0,35.7,5,220
2026-08-08 06:00:00+00:00,409.0,8.0,165.0,7.0,37.8,6,220
2026-08-08 07:00:00+00:00,366.0,7.5,172.0,7.0,36.1,7,220
2026-08-08 08:00:00+00:00,380.0,8.7,171.0,5.0,43.4,8,220
2026-08-08 09:00:00+00:00,430.0,10.9,168.0,4.0,39.7,9,220
2026-08-08 10:00:00+00:00,507.0,12.6,167.0,3.0,37.1,10,220
2026-08-08 11:00:00+00:00,621.0,15.2,163.0,2.0,36.6,11,220
2026-08-08 12:00:00+00:00,784.0,21.2,145.0,26.0,36.3,12,220
2026-08-08 13:00:00+00:00,1063.0,33.8,118.0,20.0,42.8,13,220
2026-08-08 14:00:00+00:00,1391.0,50.9,80.0,13.0,48.3,14,220
2026-08-08 15:00:00+00:00,1584.0,61.0,54.0,8.0,56.5,15,220
2026-08-08 16:00:00+00:00,1537.0,57.5,51.0,9.0,56.7,16,220
2026-08-08 17:00:00+00:00,1354.0,47.1,59.0,12.0,49.4,17,220
2026-08-08 18:00:00+00:00,1167.0,38.3,65.0,13.0,47.1,18,220
2026-08-08 19:00:00+00:00,1008.0,34.1,64.0,11.0,48.4,19,220
2026-08-08 20:00:00+00:00,845.0,31.5,61.0,6.0,47.6,20,220
2026-08-08 21:00:00+00:00,705.0,29.6,58.0,3.0,45.4,21,220
2026-08-08 22:00:00+00:00,586.0,28.5,52.0,1.0,44.0,22,220
2026-08-08 23:00:00+00:00,492.0,28.0,46.0,1.0,43.8,23,220
2026-08-09 00:00:00+00:00,458.0,37.6,34.0,1.0,53.6,0,221
2026-08-09 01:00:00+00:00,540.0,33.2,51.0,1.0,50.8,1,221
2026-08-09 02:00:00+00:00,684.0,26.9,76.0,0.0,46.1,2,221
2026-08-09 03:00:00+00:00,759.0,20.9,105.0,0.0,42.1,3,221
2026-08-09 04:00:00+00:00,690.0,15.5,140.0,0.0,38.2,4,221
2026-08-09 05:00:00+00:00,554.0,10.3,179.0,0.0,37.5,5,221
2026-08-09 06:00:00+00:00,450.0,6.6,208.0,0.0,36.9,6,221
2026-08-09 07:00:00+00:00,416.0,5.0,221.0,14.0,36.6,7,221
2026-08-09 08:00:00+00:00,415.0,4.8,225.0,34.0,41.6,8,221
2026-08-09 09:00:00+00:00,435.0,5.6,228.0,46.0,42.0,9,221
2026-08-09 10:00:00+00:00,441.0,5.3,239.0,43.0,41.2,10,221
2026-08-09 11:00:00+00:00,469.0,5.8,248.0,33.0,41.3,11,221
2026-08-09 12:00:00+00:00,610.0,13.1,184.0,0.0,48.0,12,221
2026-08-09 13:00:00+00:00,989.0,39.8,143.0,0.0,60.5,13,221
2026-08-09 14:00:00+00:00,1481.0,76.6,86.0,0.0,83.4,14,221
2026-08-09 15:00:00+00:00,1812.0,103.6,41.0,0.0,107.8,15,221
2026-08-09 16:00:00+00:00,1830.0,113.6,20.0,0.0,128.1,16,221
2026-08-09 17:00:00+00:00,1686.0,113.8,12.0,0.0,140.6,17,221
2026-08-09 18:00:00+00:00,1558.0,106.2,12.0,0.0,130.4,18,221
2026-08-09 19:00:00+00:00,1520.0,86.6,23.0,0.0,100.1,19,221
2026-08-09 20:00:00+00:00,1497.0,59.2,42.0,0.0,74.3,20,221
2026-08-09 21:00:00+00:00,1450.0,38.2,55.0,0.0,59.1,21,221
2026-08-09 22:00:00+00:00,1354.0,30.2,55.0,0.0,53.0,22,221
2026-08-09 23:00:00+00:00,1233.0,28.7,50.0,0.0,50.3,23,221
2026-08-10 00:00:00+00:00,1117.0,21.6,71.0,0.0,37.8,0,222
2026-08-10 01:00:00+00:00,1014.0,24.4,69.0,0.0,36.0,1,222
2026-08-10 02:00:00+00:00,916.0,28.0,68.0,0.0,32.4,2,222
2026-08-10 03:00:00+00:00,823.0,29.5,76.0,0.0,29.9,3,222
2026-08-10 04:00:00+00:00,729.0,26.8,103.0,0.0,28.9,4,222
2026-08-10 05:00:00+00:00,640.0,21.9,140.0,1.0,30.6,5,222
2026-08-10 06:00:00+00:00,579.0,18.2,168.0,3.0,31.5,6,222
2026-08-10 07:00:00+00:00,556.0,16.6,180.0,9.0,32.9,7,222
2026-08-10 08:00:00+00:00,561.0,16.1,184.0,16.0,36.2,8,222
2026-08-10 09:00:00+00:00,589.0,17.5,180.0,20.0,37.8,9,222
2026-08-10 10:00:00+00:00,627.0,21.0,168.0,18.0,39.6,10,222
2026-08-10 11:00:00+00:00,687.0,26.4,149.0,13.0,40.5,11,222
2026-08-10 12:00:00+00:00,802.0,27.9,144.0,4.0,52.5,12,222
2026-08-10 13:00:00+00:00,1052.0,34.0,120.0,3.0,56.9,13,222
2026-08-10 14:00:00+00:00,1358.0,42.4,88.0,1.0,58.8,14,222
2026-08-10 15:00:00+00:00,1513.0,48.6,62.0,0.0,65.0,15,222
2026-08-10 16:00:00+00:00,1385.0,51.0,50.0,0.0,70.8,16,222
2026-08-10 17:00:00+00:00,1106.0,51.2,45.0,1.0,77.1,17,222
2026-08-10 18:00:00+00:00,864.0,49.7,43.0,1.0,77.3,18,222
2026-08-10 19:00:00+00:00,728.0,45.7,43.0,1.0,77.3,19,222
2026-08-10 20:00:00+00:00,630.0,40.0,46.0,1.0,76.6,20,222
2026-08-10 21:00:00+00:00,555.0,34.9,49.0,1.0,74.5,21,222
2026-08-10 22:00:00+00:00,494.0,31.2,49.0,1.0,71.9,22,222
2026-08-10 23:00:00+00:00,455.0,28.1,49.0,1.0,65.4,23,222
2026-08-11 00:00:00+00:00,448.0,24.2,57.0,1.0,51.9,0,223
2026-08-11 01:00:00+00:00,493.0,26.4,57.0,1.0,47.4,1,223
2026-08-11 02:00:00+00:00,570.0,29.3,58.0,0.0,50.5,2,223
2026-08-11 03:00:00+00:00,623.0,30.0,70.0,0.0,44.9,3,223
2026-08-11 04:00:00+00:00,625.0,26.4,101.0,0.0,40.3,4,223
2026-08-11 05:00:00+00:00,604.0,20.7,143.0,0.0,37.5,5,223
2026-08-11 06:00:00+00:00,591.0,16.2,174.0,0.0,38.5,6,223
2026-08-11 07:00:00+00:00,597.0,13.8,187.0,0.0,39.8,7,223
2026-08-11 08:00:00+00:00,611.0,12.8,189.0,1.0,39.6,8,223
2026-08-11 09:00:00+00:00,634.0,14.1,184.0,1.0,38.0,9,223
2026-08-11 10:00:00+00:00,613.0,18.2,171.0,1.0,36.4,10,223
2026-08-11 11:00:00+00:00,600.0,24.7,151.0,0.0,37.0,11,223
2026-08-11 12:00:00+00:00,754.0,35.7,121.0,0.0,45.2,12,223
2026-08-11 13:00:00+00:00,1241.0,48.4,99.0,0.0,47.4,13,223
2026-08-11 14:00:00+00:00,1896.0,66.0,68.0,0.0,58.9,14,223
2026-08-11 15:00:00+00:00,2379.0,80.5,42.0,0.0,74.7,15,223
2026-08-11 16:00:00+00:00,2558.0,89.1,27.0,0.0,86.6,16,223
2026-08-11 17:00:00+00:00,2567.0,94.5,16.0,0.0,102.7,17,223
2026-08-11 18:00:00+00:00,2466.0,96.9,9.0,0.0,111.3,18,223
2026-08-11 19:00:00+00:00,2235.0,95.8,5.0,0.0,109.0,19,223
2026-08-11 20:00:00+00:00,1894.0,91.8,4.0,0.0,110.4,20,223
2026-08-11 21:00:00+00:00,1570.0,86.7,5.0,0.0,116.9,21,223
2026-08-11 22:00:00+00:00,1281.0,81.1,3.0,0.0,122.0,22,223
2026-08-11 23:00:00+00:00,1008.0,74.4,3.0,0.0,114.6,23,223
2026-08-12 00:00:00+00:00,825.0,66.0,13.0,0.0,92.2,0,224
2026-08-12 01:00:00+00:00,799.0,56.6,33.0,0.0,93.6,1,224
2026-08-12 02:00:00+00:00,862.0,43.6,63.0,0.0,75.0,2,224
2026-08-12 03:00:00+00:00,886.0,32.5,93.0,0.0,54.5,3,224
2026-08-12 04:00:00+00:00,803.0,25.7,123.0,0.0,40.4,4,224
2026-08-12 05:00:00+00:00,682.0,20.9,155.0,1.0,40.6,5,224
2026-08-12 06:00:00+00:00,597.0,17.0,184.0,1.0,42.8,6,224
2026-08-12 07:00:00+00:00,581.0,13.1,210.0,1.0,44.6,7,224
2026-08-12 08:00:00+00:00,603.0,10.1,234.0,1.0,46.4,8,224
2026-08-12 09:00:00+00:00,642.0,9.1,249.0,1.0,47.7,9,224
2026-08-12 10:00:00+00:00,616.0,7.7,258.0,1.0,47.7,10,224
2026-08-12 11:00:00+00:00,608.0,8.3,258.0,0.0,48.8,11,224
2026-08-12 12:00:00+00:00,850.0,20.2,219.0,6.0,43.9,12,224
2026-08-12 13:00:00+00:00,1685.0,38.2,178.0,6.0,65.4,13,224
2026-08-12 14:00:00+00:00,2770.0,62.7,120.0,6.0,82.4,14,224
2026-08-12 15:00:00+00:00,3302.0,78.6,76.0,6.0,85.9,15,224
2026-08-12 16:00:00+00:00,2739.0,78.0,59.0,4.0,87.3,16,224
2026-08-12 17:00:00+00:00,1622.0,68.9,54.0,2.0,81.5,17,224
2026-08-12 18:00:00+00:00,777.0,60.1,52.0,0.0,77.3,18,224
2026-08-12 19:00:00+00:00,563.0,54.7,48.0,0.0,66.8,19,224
2026-08-12 20:00:00+00:00,621.0,49.7,46.0,0.0,61.2,20,224
2026-08-12 21:00:00+00:00,695.0,44.8,45.0,0.0,55.4,21,224
2026-08-12 22:00:00+00:00,704.0,39.4,45.0,0.0,47.5,22,224
2026-08-12 23:00:00+00:00,729.0,34.1,46.0,0.0,41.1,23,224
2026-08-13 00:00:00+00:00,762.0,44.8,27.0,0.0,51.5,0,225
2026-08-13 01:00:00+00:00,818.0,40.4,47.0,2.0,50.3,1,225
2026-08-13 02:00:00+00:00,882.0,34.0,76.0,4.0,47.3,2,225
2026-08-13 03:00:00+00:00,894.0,27.6,108.0,7.0,44.2,3,225
2026-08-13 04:00:00+00:00,809.0,21.0,147.0,10.0,46.0,4,225
2026-08-13 05:00:00+00:00,672.0,14.4,188.0,12.0,44.4,5,225
2026-08-13 06:00:00+00:00,560.0,9.4,219.0,13.0,42.3,6,225
2026-08-13 07:00:00+00:00,496.0,6.9,232.0,7.0,41.8,7,225
2026-08-13 08:00:00+00:00,458.0,6.1,234.0,0.0,39.6,8,225
2026-08-13 09:00:00+00:00,455.0,6.7,228.0,4.0,37.5,9,225
2026-08-13 10:00:00+00:00,474.0,5.8,217.0,39.0,37.8,10,225
2026-08-13 11:00:00+00:00,528.0,6.4,198.0,88.0,41.7,11,225
2026-08-13 12:00:00+00:00,667.0,17.4,167.0,19.0,37.6,12,225
2026-08-13 13:00:00+00:00,945.0,33.9,132.0,18.0,46.0,13,225
2026-08-13 14:00:00+00:00,1308.0,56.6,84.0,17.0,54.8,14,225
2026-08-13 15:00:00+00:00,1641.0,73.2,48.0,16.0,63.6,15,225
2026-08-13 16:00:00+00:00,1965.0,77.9,35.0,14.0,76.8,16,225
2026-08-13 17:00:00+00:00,2259.0,76.6,34.0,11.0,83.6,17,225
2026-08-13 18:00:00+00:00,2351.0,73.8,34.0,9.0,74.0,18,225
2026-08-13 19:00:00+00:00,2088.0,70.6,34.0,7.0,73.6,19,225
2026-08-13 20:00:00+00:00,1624.0,65.9,36.0,4.0,72.6,20,225
2026-08-13 21:00:00+00:00,1242.0,62.0,36.0,3.0,72.4,21,225
2026-08-13 22:00:00+00:00,1053.0,60.1,31.0,2.0,71.5,22,225
2026-08-13 23:00:00+00:00,947.0,58.8,24.0,2.0,71.7,23,225
2026-08-14 00:00:00+00:00,878.0,55.8,20.0,9.0,61.2,0,226
2026-08-14 01:00:00+00:00,852.0,52.7,25.0,13.0,59.4,1,226
2026-08-14 02:00:00+00:00,863.0,48.4,33.0,19.0,51.3,2,226
2026-08-14 03:00:00+00:00,848.0,43.8,46.0,25.0,48.5,3,226
2026-08-14 04:00:00+00:00,769.0,38.8,67.0,30.0,43.5,4,226
2026-08-14 05:00:00+00:00,664.0,33.7,93.0,36.0,42.8,5,226
2026-08-14 06:00:00+00:00,589.0,30.2,116.0,38.0,40.3,6,226
2026-08-14 07:00:00+00:00,562.0,29.2,133.0,36.0,38.4,7,226
2026-08-14 08:00:00+00:00,565.0,29.8,146.0,31.0,38.8,8,226
2026-08-14 09:00:00+00:00,600.0,31.6,153.0,26.0,39.5,9,226
2026-08-14 10:00:00+00:00,670.0,33.5,155.0,21.0,39.2,10,226
2026-08-14 11:00:00+00:00,772.0,36.6,151.0,17.0,37.8,11,226
2026-08-14 12:00:00+00:00,900.0,34.6,135.0,27.0,46.2,12,226
2026-08-14 13:00:00+00:00,1087.0,51.2,105.0,24.0,50.2,13,226
2026-08-14 14:00:00+00:00,1299.0,74.0,63.0,20.0,66.4,14,226
2026-08-14 15:00:00+00:00,1435.0,90.9,31.0,16.0,79.2,15,226
2026-08-14 16:00:00+00:00,1434.0,96.0,18.0,14.0,89.4,16,226
2026-08-14 17:00:00+00:00,1355.0,95.2,14.0,12.0,91.7,17,226
2026-08-14 18:00:00+00:00,1275.0,93.6,11.0,10.0,93.6,18,226
2026-08-14 19:00:00+00:00,1224.0,92.7,8.0,9.0,95.2,19,226
2026-08-14 20:00:00+00:00,1172.0,91.0,6.0,8.0,93.6,20,226
2026-08-14 21:00:00+00:00,1101.0,88.8,4.0,7.0,94.1,21,226
2026-08-14 22:00:00+00:00,971.0,86.7,0.0,6.0,94.5,22,226
2026-08-14 23:00:00+00:00,822.0,84.2,0.0,5.0,95.7,23,226
2026-08-15 00:00:00+00:00,762.0,59.1,26.0,19.0,97.1,0,227
2026-08-15 01:00:00+00:00,890.0,51.6,42.0,21.0,93.4,1,227
2026-08-15 02:00:00+00:00,1108.0,40.9,66.0,23.0,85.2,2,227
2026-08-15 03:00:00+00:00,1222.0,31.3,95.0,25.0,65.0,3,227
2026-08-15 04:00:00+00:00,1127.0,23.8,132.0,25.0,52.6,4,227
2026-08-15 05:00:00+00:00,929.0,17.2,173.0,24.0,51.0,5,227
2026-08-15 06:00:00+00:00,757.0,12.3,204.0,22.0,49.5,6,227
2026-08-15 07:00:00+00:00,652.0,9.3,218.0,20.0,48.8,7,227
2026-08-15 08:00:00+00:00,574.0,7.9,222.0,17.0,48.4,8,227
2026-08-15 09:00:00+00:00,526.0,8.4,219.0,15.0,44.9,9,227
2026-08-15 10:00:00+00:00,491.0,10.4,211.0,13.0,42.7,10,227
2026-08-15 11:00:00+00:00,486.0,14.3,196.0,12.0,41.0,11,227
2026-08-15 12:00:00+00:00,570.0,18.5,156.0,53.0,43.8,12,227
2026-08-15 13:00:00+00:00,838.0,39.6,120.0,58.0,56.5,13,227
2026-08-15 14:00:00+00:00,1195.0,68.7,71.0,64.0,72.9,14,227
2026-08-15 15:00:00+00:00,1414.0,91.7,32.0,72.0,83.1,15,227
2026-08-15 16:00:00+00:00,1380.0,103.2,13.0,81.0,90.6,16,227
2026-08-15 17:00:00+00:00,1207.0,108.6,5.0,90.0,103.6,17,227
2026-08-15 18:00:00+00:00,1015.0,108.9,1.0,99.0,110.6,18,227
2026-08-15 19:00:00+00:00,807.0,103.0,0.0,109.0,104.3,19,227
2026-08-15 20:00:00+00:00,580.0,92.1,4.0,119.0,94.1,20,227
2026-08-15 21:00:00+00:00,442.0,81.3,8.0,119.0,92.7,21,227
2026-08-15 22:00:00+00:00,472.0,72.1,12.0,99.0,91.5,22,227
2026-08-15 23:00:00+00:00,591.0,63.1,17.0,70.0,77.3,23,227
2026-08-16 00:00:00+00:00,675.0,17.6,48.0,395.0,65.4,0,228
2026-08-16 01:00:00+00:00,675.0,17.4,50.0,435.0,74.5,1,228
2026-08-16 02:00:00+00:00,639.0,16.9,53.0,490.0,82.4,2,228
2026-08-16 03:00:00+00:00,585.0,15.5,62.0,521.0,87.3,3,228
2026-08-16 04:00:00+00:00,506.0,12.4,82.0,508.0,96.2,4,228
2026-08-16 05:00:00+00:00,410.0,8.4,109.0,471.0,92.9,5,228
2026-08-16 06:00:00+00:00,339.0,5.4,130.0,438.0,75.7,6,228
2026-08-16 07:00:00+00:00,309.0,3.9,142.0,419.0,68.7,7,228
2026-08-16 08:00:00+00:00,305.0,3.5,149.0,402.0,66.1,8,228
2026-08-16 09:00:00+00:00,317.0,4.3,151.0,384.0,68.2,9,228
2026-08-16 10:00:00+00:00,337.0,6.1,150.0,364.0,68.5,10,228
2026-08-16 11:00:00+00:00,374.0,9.1,144.0,342.0,66.6,11,228
2026-08-16 12:00:00+00:00,447.0,16.1,101.0,689.0,91.3,12,228
2026-08-16 13:00:00+00:00,600.0,28.3,80.0,624.0,95.2,13,228
2026-08-16 14:00:00+00:00,788.0,44.9,52.0,531.0,106.4,14,228
2026-08-16 15:00:00+00:00,895.0,55.4,33.0,442.0,105.7,15,228
2026-08-16 16:00:00+00:00,845.0,53.8,33.0,364.0,92.0,16,228
2026-08-16 17:00:00+00:00,715.0,46.2,42.0,289.0,82.4,17,228
2026-08-16 18:00:00+00:00,616.0,40.2,48.0,229.0,71.9,18,228
2026-08-16 19:00:00+00:00,601.0,38.6,45.0,187.0,70.1,19,228
2026-08-16 20:00:00+00:00,618.0,38.7,39.0,160.0,70.3,20,228
2026-08-16 21:00:00+00:00,623.0,39.7,33.0,144.0,68.7,21,228
2026-08-16 22:00:00+00:00,596.0,42.8,25.0,142.0,73.3,22,228
2026-08-16 23:00:00+00:00,557.0,46.9,18.0,152.0,75.2,23,228
2026-08-17 00:00:00+00:00,518.0,31.9,23.0,211.0,64.3,0,229
2026-08-17 01:00:00+00:00,483.0,27.5,32.0,200.0,58.8,1,229
2026-08-17 02:00:00+00:00,448.0,21.4,45.0,191.0,53.4,2,229
2026-08-17 03:00:00+00:00,409.0,16.0,60.0,227.0,47.6,3,229
2026-08-17 04:00:00+00:00,360.0,12.0,80.0,360.0,42.7,4,229
2026-08-17 05:00:00+00:00,307.0,8.7,102.0,537.0,56.7,5,229
2026-08-17 06:00:00+00:00,268.0,6.3,120.0,647.0,71.7,6,229
2026-08-17 07:00:00+00:00,241.0,4.8,133.0,628.0,74.3,7,229
2026-08-17 08:00:00+00:00,227.0,4.2,141.0,542.0,65.0,8,229
2026-08-17 09:00:00+00:00,250.0,5.0,144.0,456.0,66.6,9,229
2026-08-17 10:00:00+00:00,320.0,6.3,140.0,393.0,67.5,10,229
2026-08-17 11:00:00+00:00,427.0,9.0,131.0,331.0,67.1,11,229
2026-08-17 12:00:00+00:00,563.0,16.4,108.0,274.0,55.5,12,229
2026-08-17 13:00:00+00:00,750.0,30.9,83.0,235.0,57.4,13,229
2026-08-17 14:00:00+00:00,965.0,50.9,49.0,181.0,64.5,14,229
2026-08-17 15:00:00+00:00,1139.0,66.2,22.0,135.0,72.6,15,229
2026-08-17 16:00:00+00:00,1271.0,72.9,10.0,108.0,78.2,16,229
2026-08-17 17:00:00+00:00,1360.0,74.8,5.0,90.0,82.4,17,229
2026-08-17 18:00:00+00:00,1337.0,73.4,4.0,72.0,82.4,18,229
2026-08-17 19:00:00+00:00,1112.0,67.0,7.0,49.0,72.2,19,229
2026-08-17 20:00:00+00:00,775.0,57.3,14.0,26.0,55.4,20,229
2026-08-17 21:00:00+00:00,518.0,50.1,18.0,11.0,44.6,21,229
2026-08-17 22:00:00+00:00,426.0,49.1,14.0,5.0,41.8,22,229
2026-08-17 23:00:00+00:00,415.0,50.7,7.0,6.0,48.1,23,229
2026-08-18 00:00:00+00:00,430.0,19.8,33.0,47.0,29.2,0,230
2026-08-18 01:00:00+00:00,478.0,19.7,39.0,144.0,41.6,1,230
2026-08-18 02:00:00+00:00,552.0,19.4,47.0,277.0,51.3,2,230
2026-08-18 03:00:00+00:00,578.0,18.1,61.0,375.0,56.1,3,230
2026-08-18 04:00:00+00:00,504.0,14.8,84.0,406.0,63.8,4,230
2026-08-18 05:00:00+00:00,382.0,10.4,111.0,402.0,71.0,5,230
2026-08-18 06:00:00+00:00,293.0,7.1,133.0,389.0,61.2,6,230
2026-08-18 07:00:00+00:00,265.0,5.6,145.0,371.0,57.5,7,230
2026-08-18 08:00:00+00:00,271.0,5.2,152.0,343.0,56.8,8,230
2026-08-18 09:00:00+00:00,312.0,6.1,154.0,320.0,57.2,9,230
2026-08-18 10:00:00+00:00,394.0,6.5,153.0,310.0,60.3,10,230
2026-08-18 11:00:00+00:00,511.0,8.3,147.0,304.0,58.3,11,230
2026-08-18 12:00:00+00:00,642.0,20.7,123.0,211.0,55.1,12,230
2026-08-18 13:00:00+00:00,815.0,42.2,92.0,191.0,69.4,13,230
2026-08-18 14:00:00+00:00,1002.0,71.5,50.0,162.0,90.1,14,230
2026-08-18 15:00:00+00:00,1094.0,90.7,21.0,135.0,103.8,15,230
2026-08-18 16:00:00+00:00,1015.0,89.8,18.0,114.0,88.5,16,230
2026-08-18 17:00:00+00:00,840.0,78.9,28.0,94.0,83.1,17,230
2026-08-18 18:00:00+00:00,690.0,70.2,34.0,79.0,80.6,18,230
2026-08-18 19:00:00+00:00,608.0,68.6,31.0,69.0,78.9,19,230
2026-08-18 20:00:00+00:00,551.0,69.3,24.0,62.0,81.0,20,230
2026-08-18 21:00:00+00:00,505.0,70.3,18.0,58.0,86.4,21,230
2026-08-18 22:00:00+00:00,455.0,72.1,10.0,55.0,92.2,22,230
2026-08-18 23:00:00+00:00,417.0,74.1,2.0,53.0,96.4,23,230
2026-08-19 00:00:00+00:00,419.0,51.1,27.0,59.0,65.0,0,231
2026-08-19 01:00:00+00:00,499.0,46.7,42.0,73.0,67.8,1,231
2026-08-19 02:00:00+00:00,620.0,40.3,64.0,92.0,64.7,2,231
2026-08-19 03:00:00+00:00,699.0,33.3,88.0,105.0,61.5,3,231
2026-08-19 04:00:00+00:00,695.0,25.2,116.0,108.0,58.0,4,231
2026-08-19 05:00:00+00:00,651.0,16.4,148.0,105.0,57.3,5,231
2026-08-19 06:00:00+00:00,609.0,10.0,174.0,101.0,50.5,6,231
2026-08-19 07:00:00+00:00,581.0,7.2,194.0,97.0,47.8,7,231
2026-08-19 08:00:00+00:00,555.0,6.8,209.0,91.0,47.5,8,231
2026-08-19 09:00:00+00:00,545.0,7.4,218.0,87.0,49.5,9,231
2026-08-19 10:00:00+00:00,502.0,8.2,221.0,86.0,49.8,10,231
2026-08-19 11:00:00+00:00,475.0,10.1,217.0,86.0,50.4,11,231
2026-08-19 12:00:00+00:00,619.0,18.9,142.0,84.0,50.6,12,231
2026-08-19 13:00:00+00:00,1124.0,30.4,118.0,70.0,51.5,13,231
2026-08-19 14:00:00+00:00,1799.0,46.0,85.0,51.0,59.0,14,231
2026-08-19 15:00:00+00:00,2232.0,56.0,61.0,36.0,60.8,15,231
2026-08-19 16:00:00+00:00,2206.0,55.0,54.0,29.0,57.4,16,231
2026-08-19 17:00:00+00:00,1937.0,48.3,55.0,26.0,59.6,17,231
2026-08-19 18:00:00+00:00,1658.0,42.3,56.0,24.0,61.0,18,231
2026-08-19 19:00:00+00:00,1427.0,38.9,55.0,23.0,58.2,19,231
2026-08-19 20:00:00+00:00,1186.0,36.1,54.0,22.0,58.4,20,231
2026-08-19 21:00:00+00:00,1000.0,34.1,53.0,22.0,58.2,21,231
2026-08-19 22:00:00+00:00,895.0,33.0,49.0,21.0,58.6,22,231
2026-08-19 23:00:00+00:00,845.0,32.6,44.0,19.0,57.7,23,231
2026-08-20 00:00:00+00:00,833.0,26.4,68.0,17.0,38.0,0,232
2026-08-20 01:00:00+00:00,895.0,28.1,68.0,16.0,37.1,1,232
2026-08-20 02:00:00+00:00,996.0,30.3,69.0,16.0,34.8,2,232
2026-08-20 03:00:00+00:00,1016.0,30.4,79.0,18.0,30.7,3,232
2026-08-20 04:00:00+00:00,867.0,26.7,108.0,24.0,31.7,4,232
2026-08-20 05:00:00+00:00,637.0,20.9,146.0,33.0,34.1,5,232
2026-08-20 06:00:00+00:00,464.0,15.9,176.0,40.0,36.7,6,232
2026-08-20 07:00:00+00:00,408.0,12.2,190.0,43.0,38.1,7,232
2026-08-20 08:00:00+00:00,410.0,9.3,197.0,44.0,37.7,8,232
2026-08-20 09:00:00+00:00,433.0,8.2,199.0,43.0,36.6,9,232
2026-08-20 10:00:00+00:00,452.0,7.1,203.0,41.0,37.1,10,232
2026-08-20 11:00:00+00:00,493.0,7.7,204.0,37.0,38.3,11,232
2026-08-20 12:00:00+00:00,597.0,41.6,131.0,52.0,51.0,12,232
2026-08-20 13:00:00+00:00,793.0,51.7,108.0,51.0,57.6,13,232
2026-08-20 14:00:00+00:00,1053.0,65.5,76.0,49.0,67.3,14,232
2026-08-20 15:00:00+00:00,1333.0,75.5,51.0,46.0,74.3,15,232
2026-08-20 16:00:00+00:00,1676.0,78.6,41.0,42.0,80.6,16,232
2026-08-20 17:00:00+00:00,2040.0,77.8,38.0,37.0,87.3,17,232
2026-08-20 18:00:00+00:00,2249.0,75.2,36.0,32.0,85.0,18,232
2026-08-20 19:00:00+00:00,2212.0,70.0,34.0,26.0,77.1,19,232
2026-08-20 20:00:00+00:00,2021.0,63.0,34.0,21.0,74.7,20,232
2026-08-20 21:00:00+00:00,1779.0,58.1,32.0,17.0,78.2,21,232
2026-08-20 22:00:00+00:00,1472.0,58.3,25.0,16.0,80.1,22,232
2026-08-20 23:00:00+00:00,1113.0,60.6,17.0,18.0,82.7,23,232
2026-08-21 00:00:00+00:00,849.0,21.7,64.0,35.0,38.5,0,233
2026-08-21 01:00:00+00:00,772.0,20.5,67.0,33.0,33.9,1,233
2026-08-21 02:00:00+00:00,788.0,18.8,72.0,32.0,32.8,2,233
2026-08-21 03:00:00+00:00,764.0,16.6,84.0,39.0,32.0,3,233
2026-08-21 04:00:00+00:00,625.0,13.4,111.0,64.0,33.4,4,233
2026-08-21 05:00:00+00:00,446.0,9.7,145.0,98.0,42.1,5,233
2026-08-21 06:00:00+00:00,315.0,7.0,172.0,119.0,42.4,6,233
2026-08-21 07:00:00+00:00,269.0,5.5,188.0,114.0,40.9,7,233
2026-08-21 08:00:00+00:00,272.0,5.0,198.0,96.0,43.5,8,233
2026-08-21 09:00:00+00:00,305.0,5.8,199.0,84.0,44.0,9,233
2026-08-21 10:00:00+00:00,348.0,7.6,191.0,88.0,44.6,10,233
2026-08-21 11:00:00+00:00,420.0,10.7,175.0,97.0,44.7,11,233
2026-08-21 12:00:00+00:00,563.0,15.4,142.0,168.0,45.9,12,233
2026-08-21 13:00:00+00:00,842.0,26.3,116.0,146.0,49.4,13,233
2026-08-21 14:00:00+00:00,1191.0,41.4,81.0,116.0,55.5,14,233
2026-08-21 15:00:00+00:00,1452.0,53.8,52.0,94.0,60.5,15,233
2026-08-21 16:00:00+00:00,1587.0,61.1,37.0,91.0,64.3,16,233
2026-08-21 17:00:00+00:00,1634.0,65.6,28.0,97.0,72.9,17,233
2026-08-21 18:00:00+00:00,1542.0,67.3,23.0,99.0,81.7,18,233
2026-08-21 19:00:00+00:00,1211.0,65.5,20.0,93.0,85.0,19,233
2026-08-21 20:00:00+00:00,741.0,60.8,21.0,84.0,83.8,20,233
2026-08-21 21:00:00+00:00,388.0,55.4,25.0,75.0,76.1,21,233
2026-08-21 22:00:00+00:00,260.0,49.0,32.0,66.0,61.9,22,233
2026-08-21 23:00:00+00:00,248.0,41.7,42.0,56.0,53.8,23,233
2026-08-22 00:00:00+00:00,283.0,21.9,54.0,58.0,34.6,0,234
2026-08-22 01:00:00+00:00,380.0,22.0,54.0,75.0,33.2,1,234
2026-08-22 02:00:00+00:00,525.0,22.0,55.0,101.0,37.3,2,234
2026-08-22 03:00:00+00:00,598.0,20.9,68.0,135.0,41.2,3,234
2026-08-22 04:00:00+00:00,526.0,17.6,102.0,185.0,46.0,4,234
2026-08-22 05:00:00+00:00,384.0,13.1,146.0,243.0,53.4,5,234
2026-08-22 06:00:00+00:00,277.0,9.4,181.0,291.0,63.6,6,234
2026-08-22 07:00:00+00:00,245.0,7.0,198.0,321.0,68.0,7,234
2026-08-22 08:00:00+00:00,248.0,5.4,206.0,340.0,71.2,8,234
2026-08-22 09:00:00+00:00,274.0,5.5,205.0,353.0,73.3,9,234
2026-08-22 10:00:00+00:00,301.0,7.0,196.0,364.0,73.6,10,234
2026-08-22 11:00:00+00:00,350.0,10.3,180.0,368.0,74.0,11,234
2026-08-22 12:00:00+00:00,481.0,22.1,139.0,309.0,69.4,12,234
2026-08-22 13:00:00+00:00,784.0,35.1,112.0,262.0,68.5,13,234
2026-08-22 14:00:00+00:00,1168.0,53.0,76.0,198.0,76.4,14,234
2026-08-22 15:00:00+00:00,1414.0,66.6,47.0,143.0,76.8,15,234
2026-08-22 16:00:00+00:00,1419.0,71.9,35.0,110.0,82.7,16,234
2026-08-22 17:00:00+00:00,1287.0,72.8,32.0,87.0,82.2,17,234
2026-08-22 18:00:00+00:00,1113.0,72.4,30.0,71.0,86.1,18,234
2026-08-22 19:00:00+00:00,877.0,70.9,27.0,63.0,86.6,19,234
2026-08-22 20:00:00+00:00,599.0,67.9,26.0,63.0,89.2,20,234
2026-08-22 21:00:00+00:00,428.0,65.4,24.0,64.0,92.9,21,234
2026-08-22 22:00:00+00:00,464.0,65.6,18.0,62.0,95.7,22,234
2026-08-22 23:00:00+00:00,609.0,66.2,12.0,61.0,96.4,23,234
2026-08-23 00:00:00+00:00,714.0,26.2,62.0,41.0,40.7,0,235
2026-08-23 01:00:00+00:00,723.0,24.7,71.0,38.0,41.6,1,235
2026-08-23 02:00:00+00:00,694.0,22.4,84.0,34.0,34.7,2,235
2026-08-23 03:00:00+00:00,651.0,19.4,101.0,33.0,32.2,3,235
2026-08-23 04:00:00+00:00,598.0,15.2,126.0,39.0,32.2,4,235
2026-08-23 05:00:00+00:00,532.0,10.3,156.0,48.0,32.0,5,235
2026-08-23 06:00:00+00:00,468.0,6.7,180.0,54.0,32.4,6,235
2026-08-23 07:00:00+00:00,402.0,4.9,195.0,54.0,32.4,7,235
2026-08-23 08:00:00+00:00,339.0,4.4,204.0,51.0,32.9,8,235
2026-08-23 09:00:00+00:00,303.0,4.9,207.0,48.0,34.5,9,235
2026-08-23 10:00:00+00:00,279.0,6.5,203.0,48.0,35.6,10,235
2026-08-23 11:00:00+00:00,282.0,9.2,191.0,49.0,36.1,11,235
2026-08-23 12:00:00+00:00,388.0,14.8,130.0,135.0,51.2,12,235
2026-08-23 13:00:00+00:00,714.0,33.8,103.0,129.0,57.5,13,235
2026-08-23 14:00:00+00:00,1143.0,59.9,65.0,120.0,72.6,14,235
2026-08-23 15:00:00+00:00,1393.0,78.1,38.0,112.0,93.4,15,235
2026-08-23 16:00:00+00:00,1297.0,81.2,31.0,105.0,111.1,16,235
2026-08-23 17:00:00+00:00,1023.0,76.3,34.0,99.0,116.4,17,235
2026-08-23 18:00:00+00:00,789.0,70.4,35.0,93.0,88.9,18,235
2026-08-23 19:00:00+00:00,672.0,64.6,31.0,87.0,73.6,19,235
2026-08-23 20:00:00+00:00,597.0,57.7,25.0,81.0,72.9,20,235
2026-08-23 21:00:00+00:00,550.0,52.6,21.0,77.0,80.1,21,235
2026-08-23 22:00:00+00:00,527.0,51.2,17.0,75.0,85.0,22,235
2026-08-23 23:00:00+00:00,533.0,51.5,14.0,75.0,83.8,23,235
2026-08-24 00:00:00+00:00,576.0,41.8,35.0,83.0,67.1,0,236
2026-08-24 01:00:00+00:00,698.0,39.5,47.0,87.0,71.7,1,236
2026-08-24 02:00:00+00:00,856.0,36.3,66.0,93.0,68.7,2,236
2026-08-24 03:00:00+00:00,935.0,32.7,87.0,95.0,66.4,3,236
2026-08-24 04:00:00+00:00,862.0,28.9,113.0,91.0,62.4,4,236
2026-08-24 05:00:00+00:00,710.0,24.8,141.0,84.0,59.8,5,236
2026-08-24 06:00:00+00:00,578.0,21.0,168.0,79.0,56.8,6,236
2026-08-24 07:00:00+00:00,486.0,17.0,194.0,77.0,56.6,7,236
2026-08-24 08:00:00+00:00,414.0,13.3,217.0,77.0,57.9,8,236
2026-08-24 09:00:00+00:00,403.0,11.6,230.0,76.0,58.2,9,236
2026-08-24 10:00:00+00:00,411.0,12.1,227.0,74.0,57.7,10,236
2026-08-24 11:00:00+00:00,480.0,14.6,214.0,70.0,57.3,11,236
2026-08-24 12:00:00+00:00,774.0,31.9,122.0,59.0,51.3,12,236
2026-08-24 13:00:00+00:00,1581.0,35.1,112.0,51.0,52.4,13,236
2026-08-24 14:00:00+00:00,2614.0,40.0,97.0,39.0,51.5,14,236
2026-08-24 15:00:00+00:00,3174.0,46.6,81.0,29.0,55.8,15,236
2026-08-24 16:00:00+00:00,2821.0,56.8,61.0,23.0,63.8,16,236
2026-08-24 17:00:00+00:00,1995.0,68.6,38.0,18.0,73.1,17,236
2026-08-24 18:00:00+00:00,1314.0,76.5,23.0,15.0,83.6,18,236
2026-08-24 19:00:00+00:00,1014.0,77.8,19.0,14.0,89.2,19,236
2026-08-24 20:00:00+00:00,859.0,75.2,22.0,15.0,89.4,20,236
2026-08-24 21:00:00+00:00,766.0,70.4,26.0,16.0,78.9,21,236
2026-08-24 22:00:00+00:00,710.0,62.7,30.0,16.0,66.1,22,236
2026-08-24 23:00:00+00:00,717.0,52.9,36.0,15.0,46.3,23,236
2026-08-25 00:00:00+00:00,775.0,37.1,53.0,25.0,61.5,0,237
2026-08-25 01:00:00+00:00,929.0,39.8,54.0,26.0,64.5,1,237
2026-08-25 02:00:00+00:00,1136.0,43.3,57.0,28.0,65.2,2,237
2026-08-25 03:00:00+00:00,1254.0,43.5,74.0,33.0,67.1,3,237
2026-08-25 04:00:00+00:00,1203.0,37.5,115.0,42.0,62.6,4,237
2026-08-25 05:00:00+00:00,1064.0,28.3,169.0,54.0,57.9,5,237
2026-08-25 06:00:00+00:00,933.0,20.6,214.0,63.0,60.5,6,237
2026-08-25 07:00:00+00:00,832.0,15.7,244.0,65.0,62.6,7,237
2026-08-25 08:00:00+00:00,740.0,12.3,264.0,64.0,65.2,8,237
2026-08-25 09:00:00+00:00,690.0,11.2,274.0,63.0,69.4,9,237
2026-08-25 10:00:00+00:00,640.0,9.4,274.0,64.0,71.0,10,237
2026-08-25 11:00:00+00:00,634.0,9.8,262.0,65.0,72.2,11,237
2026-08-25 12:00:00+00:00,832.0,29.9,166.0,19.0,50.8,12,237
2026-08-25 13:00:00+00:00,1471.0,35.6,143.0,16.0,52.4,13,237
2026-08-25 14:00:00+00:00,2316.0,43.7,112.0,12.0,57.4,14,237
2026-08-25 15:00:00+00:00,2819.0,51.4,84.0,9.0,67.3,15,237
2026-08-25 16:00:00+00:00,2684.0,58.2,65.0,7.0,78.0,16,237
2026-08-25 17:00:00+00:00,2208.0,64.6,49.0,7.0,88.0,17,237
2026-08-25 18:00:00+00:00,1736.0,69.5,37.0,6.0,97.3,18,237
2026-08-25 19:00:00+00:00,1350.0,72.0,29.0,5.0,103.6,19,237
2026-08-25 20:00:00+00:00,968.0,72.9,23.0,5.0,109.4,20,237
2026-08-25 21:00:00+00:00,690.0,73.8,19.0,5.0,115.3,21,237
2026-08-25 22:00:00+00:00,564.0,76.4,10.0,5.0,120.1,22,237
2026-08-25 23:00:00+00:00,541.0,78.9,1.0,5.0,125.3,23,237
2026-08-26 00:00:00+00:00,574.0,52.5,36.0,2.0,95.9,0,238
2026-08-26 01:00:00+00:00,691.0,49.8,57.0,3.0,105.2,1,238
2026-08-26 02:00:00+00:00,864.0,45.7,88.0,4.0,98.5,2,238
2026-08-26 03:00:00+00:00,964.0,40.2,124.0,7.0,82.9,3,238
2026-08-26 04:00:00+00:00,912.0,32.0,169.0,12.0,66.1,4,238
2026-08-26 05:00:00+00:00,786.0,22.4,220.0,18.0,62.9,5,238
2026-08-26 06:00:00+00:00,698.0,14.9,261.0,23.0,65.9,6,238
2026-08-26 07:00:00+00:00,694.0,10.8,289.0,26.0,71.5,7,238
2026-08-26 08:00:00+00:00,727.0,8.9,307.0,29.0,77.3,8,238
2026-08-26 09:00:00+00:00,764.0,9.2,311.0,34.0,78.5,9,238
2026-08-26 10:00:00+00:00,736.0,10.4,297.0,43.0,78.9,10,238
2026-08-26 11:00:00+00:00,712.0,13.7,268.0,55.0,78.7,11,238
2026-08-26 12:00:00+00:00,860.0,36.8,186.0,84.0,90.8,12,238
2026-08-26 13:00:00+00:00,1389.0,54.1,146.0,64.0,94.8,13,238
2026-08-26 14:00:00+00:00,2090.0,77.6,90.0,39.0,111.1,14,238
2026-08-26 15:00:00+00:00,2509.0,92.3,49.0,32.0,119.0,15,238
2026-08-26 16:00:00+00:00,2391.0,89.9,36.0,65.0,117.1,16,238
2026-08-26 17:00:00+00:00,1991.0,78.7,37.0,117.0,112.5,17,238
2026-08-26 18:00:00+00:00,1620.0,68.1,39.0,152.0,106.2,18,238
2026-08-26 19:00:00+00:00,1374.0,61.0,37.0,153.0,98.7,19,238
2026-08-26 20:00:00+00:00,1157.0,54.5,36.0,137.0,91.7,20,238
2026-08-26 21:00:00+00:00,989.0,49.5,34.0,120.0,85.0,21,238
2026-08-26 22:00:00+00:00,877.0,46.7,30.0,106.0,82.2,22,238
2026-08-26 23:00:00+00:00,815.0,45.4,25.0,91.0,81.0,23,238
2026-08-27 00:00:00+00:00,800.0,39.4,33.0,51.0,72.4,0,239
2026-08-27 01:00:00+00:00,866.0,39.9,39.0,50.0,77.3,1,239
2026-08-27 02:00:00+00:00,980.0,40.4,48.0,50.0,74.7,2,239
2026-08-27 03:00:00+00:00,1038.0,39.2,67.0,49.0,69.2,3,239
2026-08-27 04:00:00+00:00,975.0,34.9,102.0,48.0,61.9,4,239
2026-08-27 05:00:00+00:00,855.0,28.9,147.0,47.0,60.1,5,239
2026-08-27 06:00:00+00:00,774.0,23.7,185.0,48.0,61.2,6,239
2026-08-27 07:00:00+00:00,781.0,19.5,213.0,53.0,60.5,7,239
2026-08-27 08:00:00+00:00,825.0,16.0,233.0,60.0,64.0,8,239
2026-08-27 09:00:00+00:00,852.0,15.0,244.0,62.0,65.7,9,239
2026-08-27 10:00:00+00:00,759.0,15.7,243.0,56.0,66.4,10,239
2026-08-27 11:00:00+00:00,648.0,18.9,232.0,45.0,63.1,11,239
2026-08-27 12:00:00+00:00,771.0,28.3,209.0,36.0,60.8,12,239
2026-08-27 13:00:00+00:00,1386.0,50.1,166.0,32.0,70.8,13,239
2026-08-27 14:00:00+00:00,2234.0,78.1,112.0,29.0,86.6,14,239
2026-08-27 15:00:00+00:00,2792.0,97.7,70.0,27.0,95.9,15,239
2026-08-27 16:00:00+00:00,2811.0,101.1,52.0,23.0,97.6,16,239
2026-08-27 17:00:00+00:00,2539.0,96.0,46.0,18.0,102.2,17,239
2026-08-27 18:00:00+00:00,2194.0,90.7,42.0,17.0,106.4,18,239
2026-08-27 19:00:00+00:00,1800.0,88.2,35.0,18.0,108.7,19,239
2026-08-27 20:00:00+00:00,1332.0,85.3,29.0,23.0,112.7,20,239
2026-08-27 21:00:00+00:00,933.0,81.2,24.0,34.0,114.8,21,239
2026-08-27 22:00:00+00:00,632.0,75.5,17.0,46.0,114.6,22,239
2026-08-27 23:00:00+00:00,400.0,68.4,11.0,64.0,112.7,23,239
2026-08-28 00:00:00+00:00,290.0,31.1,47.0,115.0,54.6,0,240
2026-08-28 01:00:00+00:00,393.0,29.1,52.0,110.0,51.3,1,240
2026-08-28 02:00:00+00:00,618.0,26.1,60.0,110.0,51.9,2,240
2026-08-28 03:00:00+00:00,740.0,22.3,73.0,156.0,53.9,3,240
2026-08-28 04:00:00+00:00,632.0,17.0,97.0,283.0,66.1,4,240
2026-08-28 05:00:00+00:00,421.0,11.0,126.0,456.0,79.6,5,240
2026-08-28 06:00:00+00:00,262.0,6.6,148.0,617.0,93.1,6,240
2026-08-28 07:00:00+00:00,215.0,4.4,157.0,756.0,104.5,7,240
2026-08-28 08:00:00+00:00,221.0,3.8,157.0,882.0,108.5,8,240
2026-08-28 09:00:00+00:00,255.0,5.4,153.0,971.0,119.0,9,240
2026-08-28 10:00:00+00:00,277.0,8.9,144.0,1009.0,126.2,10,240
2026-08-28 11:00:00+00:00,327.0,14.5,130.0,1010.0,130.4,11,240
2026-08-28 12:00:00+00:00,509.0,21.5,106.0,908.0,118.5,12,240
2026-08-28 13:00:00+00:00,982.0,39.3,82.0,894.0,124.8,13,240
2026-08-28 14:00:00+00:00,1585.0,63.9,48.0,873.0,141.6,14,240
2026-08-28 15:00:00+00:00,1942.0,83.1,21.0,839.0,160.7,15,240
2026-08-28 16:00:00+00:00,1846.0,92.3,9.0,793.0,170.9,16,240
2026-08-28 17:00:00+00:00,1503.0,96.1,4.0,735.0,177.9,17,240
2026-08-28 18:00:00+00:00,1156.0,96.2,1.0,662.0,177.4,18,240
2026-08-28 19:00:00+00:00,858.0,92.5,0.0,552.0,165.3,19,240
2026-08-28 20:00:00+00:00,556.0,85.2,1.0,427.0,146.7,20,240
2026-08-28 21:00:00+00:00,336.0,75.7,4.0,344.0,124.8,21,240
2026-08-28 22:00:00+00:00,247.0,63.3,9.0,334.0,102.7,22,240
2026-08-28 23:00:00+00:00,240.0,48.8,16.0,366.0,85.0,23,240
2026-08-29 00:00:00+00:00,259.0,21.7,38.0,580.0,81.5,0,241
2026-08-29 01:00:00+00:00,305.0,20.4,45.0,655.0,85.4,1,241
2026-08-29 02:00:00+00:00,376.0,18.4,55.0,760.0,95.2,2,241
2026-08-29 03:00:00+00:00,412.0,15.9,70.0,858.0,103.8,3,241
2026-08-29 04:00:00+00:00,374.0,12.5,92.0,943.0,111.5,4,241
2026-08-29 05:00:00+00:00,300.0,8.5,119.0,1021.0,118.7,5,241
2026-08-29 06:00:00+00:00,244.0,5.7,139.0,1066.0,122.9,6,241
2026-08-29 07:00:00+00:00,225.0,4.1,150.0,1066.0,122.0,7,241
2026-08-29 08:00:00+00:00,224.0,3.5,154.0,1033.0,120.1,8,241
2026-08-29 09:00:00+00:00,241.0,5.3,152.0,980.0,118.5,9,241
2026-08-29 10:00:00+00:00,257.0,9.5,142.0,900.0,117.1,10,241
2026-08-29 11:00:00+00:00,291.0,16.0,124.0,799.0,114.6,11,241
2026-08-29 12:00:00+00:00,398.0,20.0,106.0,648.0,91.0,12,241
2026-08-29 13:00:00+00:00,674.0,36.1,82.0,605.0,95.7,13,241
2026-08-29 14:00:00+00:00,1022.0,58.3,50.0,545.0,108.7,14,241
2026-08-29 15:00:00+00:00,1213.0,75.7,24.0,492.0,120.1,15,241
2026-08-29 16:00:00+00:00,1105.0,84.2,12.0,453.0,128.1,16,241
2026-08-29 17:00:00+00:00,839.0,87.9,6.0,421.0,136.0,17,241
2026-08-29 18:00:00+00:00,605.0,87.6,4.0,397.0,136.9,18,241
2026-08-29 19:00:00+00:00,467.0,83.0,4.0,383.0,130.4,19,241
2026-08-29 20:00:00+00:00,361.0,74.3,7.0,377.0,117.6,20,241
2026-08-29 21:00:00+00:00,285.0,63.7,12.0,381.0,98.7,21,241
2026-08-29 22:00:00+00:00,245.0,49.7,19.0,396.0,82.7,22,241
2026-08-29 23:00:00+00:00,235.0,33.7,28.0,419.0,72.2,23,241
2026-08-30 00:00:00+00:00,239.0,16.7,46.0,662.0,80.8,0,242
2026-08-30 01:00:00+00:00,262.0,15.5,53.0,709.0,84.3,1,242
2026-08-30 02:00:00+00:00,299.0,13.7,63.0,775.0,95.2,2,242
2026-08-30 03:00:00+00:00,315.0,11.7,76.0,840.0,101.5,3,242
2026-08-30 04:00:00+00:00,289.0,9.2,94.0,915.0,108.0,4,242
2026-08-30 05:00:00+00:00,242.0,6.5,115.0,988.0,114.6,5,242
2026-08-30 06:00:00+00:00,206.0,4.5,131.0,999.0,119.0,6,242
2026-08-30 07:00:00+00:00,193.0,3.5,140.0,898.0,100.8,7,242
2026-08-30 08:00:00+00:00,192.0,3.3,145.0,736.0,93.1,8,242
2026-08-30 09:00:00+00:00,197.0,4.2,144.0,602.0,88.7,9,242
2026-08-30 10:00:00+00:00,193.0,5.3,138.0,537.0,85.0,10,242
2026-08-30 11:00:00+00:00,197.0,7.6,127.0,500.0,82.7,11,242
2026-08-30 12:00:00+00:00,251.0,15.0,118.0,392.0,75.4,12,242
2026-08-30 13:00:00+00:00,421.0,34.9,91.0,354.0,84.3,13,242
2026-08-30 14:00:00+00:00,641.0,62.2,54.0,301.0,97.8,14,242
2026-08-30 15:00:00+00:00,762.0,81.4,26.0,251.0,109.9,15,242
2026-08-30 16:00:00+00:00,691.0,85.2,15.0,204.0,113.2,16,242
2026-08-30 17:00:00+00:00,521.0,80.9,13.0,159.0,109.9,17,242
2026-08-30 18:00:00+00:00,378.0,75.3,12.0,137.0,101.7,18,242
2026-08-30 19:00:00+00:00,310.0,70.4,11.0,143.0,94.5,19,242
2026-08-30 20:00:00+00:00,270.0,64.2,13.0,171.0,89.9,20,242
2026-08-30 21:00:00+00:00,241.0,57.1,15.0,225.0,89.9,21,242
2026-08-30 22:00:00+00:00,213.0,48.4,18.0,324.0,90.3,22,242
2026-08-30 23:00:00+00:00,196.0,38.9,22.0,450.0,88.2,23,242
2026-08-31 00:00:00+00:00,200.0,14.4,46.0,851.0,102.2,0,243
2026-08-31 01:00:00+00:00,248.0,14.9,48.0,851.0,104.5,1,243
2026-08-31 02:00:00+00:00,317.0,15.5,52.0,854.0,108.0,2,243
2026-08-31 03:00:00+00:00,356.0,15.0,62.0,874.0,108.0,3,243
2026-08-31 04:00:00+00:00,333.0,12.6,84.0,938.0,111.8,4,243
2026-08-31 05:00:00+00:00,279.0,9.1,112.0,1020.0,120.1,5,243
2026-08-31 06:00:00+00:00,238.0,6.5,134.0,1054.0,128.5,6,243
2026-08-31 07:00:00+00:00,226.0,5.2,146.0,1000.0,127.1,7,243
2026-08-31 08:00:00+00:00,226.0,4.8,152.0,898.0,116.9,8,243
2026-08-31 09:00:00+00:00,233.0,5.6,153.0,799.0,107.1,9,243
2026-08-31 10:00:00+00:00,221.0,6.1,148.0,721.0,103.4,10,243
2026-08-31 11:00:00+00:00,216.0,7.9,138.0,646.0,98.5,11,243
2026-08-31 12:00:00+00:00,289.0,12.9,109.0,567.0,84.3,12,243
2026-08-31 13:00:00+00:00,476.0,29.2,84.0,525.0,86.6,13,243
2026-08-31 14:00:00+00:00,741.0,51.9,49.0,468.0,95.7,14,243
2026-08-31 15:00:00+00:00,1042.0,70.3,22.0,429.0,107.1,15,243
2026-08-31 16:00:00+00:00,1472.0,80.7,9.0,430.0,119.7,16,243
2026-08-31 17:00:00+00:00,1939.0,86.9,3.0,450.0,135.0,17,243
2026-08-31 18:00:00+00:00,2126.0,89.4,0.0,455.0,146.2,18,243
2026-08-31 19:00:00+00:00,1794.0,86.9,0.0,428.0,147.1,19,243
2026-08-31 20:00:00+00:00,1182.0,80.7,1.0,388.0,142.0,20,243
2026-08-31 21:00:00+00:00,687.0,74.9,3.0,353.0,136.4,21,243
2026-08-31 22:00:00+00:00,460.0,71.8,2.0,332.0,129.9,22,243
2026-08-31 23:00:00+00:00,348.0,69.2,1.0,317.0,122.5,23,243
2026-09-01 00:00:00+00:00,296.0,15.0,44.0,596.0,78.0,0,244
2026-09-01 01:00:00+00:00,314.0,15.5,47.0,605.0,80.8,1,244
2026-09-01 02:00:00+00:00,390.0,16.0,53.0,615.0,84.3,2,244
2026-09-01 03:00:00+00:00,432.0,15.5,64.0,607.0,81.0,3,244
2026-09-01 04:00:00+00:00,390.0,12.8,85.0,567.0,76.8,4,244
2026-09-01 05:00:00+00:00,313.0,9.1,112.0,510.0,75.4,5,244
2026-09-01 06:00:00+00:00,259.0,6.3,134.0,455.0,67.1,6,244
2026-09-01 07:00:00+00:00,244.0,5.1,148.0,406.0,60.3,7,244
2026-09-01 08:00:00+00:00,252.0,4.8,157.0,359.0,58.1,8,244
2026-09-01 09:00:00+00:00,290.0,5.8,161.0,329.0,58.7,9,244
2026-09-01 10:00:00+00:00,366.0,8.3,159.0,335.0,61.2,10,244
2026-09-01 11:00:00+00:00,471.0,12.2,151.0,357.0,61.2,11,244
2026-09-01 12:00:00+00:00,589.0,18.3,152.0,229.0,57.6,12,244
2026-09-01 13:00:00+00:00,729.0,24.1,135.0,185.0,61.9,13,244
2026-09-01 14:00:00+00:00,881.0,32.0,111.0,123.0,61.0,14,244
2026-09-01 15:00:00+00:00,1000.0,38.1,90.0,75.0,58.2,15,244
2026-09-01 16:00:00+00:00,1082.0,40.5,76.0,53.0,56.9,16,244
2026-09-01 17:00:00+00:00,1131.0,41.0,64.0,45.0,55.2,17,244
2026-09-01 18:00:00+00:00,1118.0,40.6,55.0,38.0,52.5,18,244
2026-09-01 19:00:00+00:00,999.0,38.9,47.0,30.0,48.8,19,244
2026-09-01 20:00:00+00:00,817.0,36.2,42.0,24.0,46.9,20,244
2026-09-01 21:00:00+00:00,672.0,34.8,36.0,19.0,45.3,21,244
2026-09-01 22:00:00+00:00,593.0,36.2,27.0,14.0,44.1,22,244
2026-09-01 23:00:00+00:00,550.0,38.8,18.0,10.0,44.2,23,244
2026-09-02 00:00:00+00:00,559.0,35.3,39.0,31.0,47.0,0,245
2026-09-02 01:00:00+00:00,669.0,34.9,47.0,40.0,50.9,1,245
2026-09-02 02:00:00+00:00,831.0,34.1,59.0,53.0,46.4,2,245
2026-09-02 03:00:00+00:00,909.0,31.5,79.0,68.0,43.4,3,245
2026-09-02 04:00:00+00:00,822.0,25.3,117.0,85.0,45.8,4,245
2026-09-02 05:00:00+00:00,652.0,17.2,163.0,105.0,49.0,5,245
2026-09-02 06:00:00+00:00,509.0,11.0,195.0,123.0,49.9,6,245
2026-09-02 07:00:00+00:00,427.0,7.8,201.0,145.0,48.4,7,245
2026-09-02 08:00:00+00:00,371.0,6.5,192.0,166.0,46.6,8,245
2026-09-02 09:00:00+00:00,356.0,7.6,177.0,168.0,57.9,9,245
2026-09-02 10:00:00+00:00,395.0,12.0,158.0,136.0,39.3,10,245
2026-09-02 11:00:00+00:00,473.0,18.8,133.0,85.0,35.2,11,245
2026-09-02 12:00:00+00:00,559.0,17.1,111.0,70.0,35.4,12,245
2026-09-02 13:00:00+00:00,658.0,31.0,86.0,56.0,37.8,13,245
2026-09-02 14:00:00+00:00,764.0,49.9,52.0,37.0,49.2,14,245
2026-09-02 15:00:00+00:00,827.0,62.0,28.0,22.0,51.8,15,245
2026-09-02 16:00:00+00:00,814.0,61.2,23.0,14.0,48.4,16,245
2026-09-02 17:00:00+00:00,758.0,53.7,28.0,9.0,43.7,17,245
2026-09-02 18:00:00+00:00,706.0,46.0,34.0,5.0,40.2,18,245
2026-09-02 19:00:00+00:00,671.0,39.7,40.0,3.0,35.6,19,245
2026-09-02 20:00:00+00:00,639.0,33.3,47.0,2.0,31.8,20,245
2026-09-02 21:00:00+00:00,617.0,28.5,52.0,1.0,29.2,21,245
2026-09-02 22:00:00+00:00,604.0,26.3,52.0,0.0,28.5,22,245
2026-09-02 23:00:00+00:00,601.0,25.6,50.0,0.0,28.1,23,245
2026-09-03 00:00:00+00:00,609.0,19.1,64.0,0.0,12.0,0,246
2026-09-03 01:00:00+00:00,647.0,20.6,65.0,0.0,12.4,1,246
2026-09-03 02:00:00+00:00,697.0,22.6,67.0,0.0,12.8,2,246
2026-09-03 03:00:00+00:00,706.0,23.1,74.0,0.0,13.1,3,246
2026-09-03 04:00:00+00:00,635.0,20.9,89.0,7.0,15.1,4,246
2026-09-03 05:00:00+00:00,523.0,17.3,107.0,16.0,16.9,5,246
2026-09-03 06:00:00+00:00,433.0,14.4,122.0,21.0,17.6,6,246
2026-09-03 07:00:00+00:00,379.0,12.7,128.0,18.0,17.2,7,246
2026-09-03 08:00:00+00:00,347.0,11.7,131.0,11.0,18.1,8,246
2026-09-03 09:00:00+00:00,357.0,12.0,132.0,5.0,19.0,9,246
2026-09-03 10:00:00+00:00,434.0,11.6,138.0,4.0,21.0,10,246
2026-09-03 11:00:00+00:00,552.0,12.4,142.0,5.0,22.5,11,246
2026-09-03 12:00:00+00:00,660.0,33.5,85.0,0.0,25.3,12,246
2026-09-03 13:00:00+00:00,730.0,47.0,66.0,0.0,30.3,13,246
2026-09-03 14:00:00+00:00,790.0,65.5,39.0,0.0,41.4,14,246
2026-09-03 15:00:00+00:00,865.0,79.0,19.0,0.0,52.0,15,246
2026-09-03 16:00:00+00:00,985.0,83.1,11.0,0.0,66.4,16,246
2026-09-03 17:00:00+00:00,1122.0,82.3,9.0,0.0,67.8,17,246
2026-09-03 18:00:00+00:00,1215.0,79.2,9.0,0.0,64.3,18,246
2026-09-03 19:00:00+00:00,1235.0,74.1,11.0,0.0,61.7,19,246
2026-09-03 20:00:00+00:00,1211.0,66.8,15.0,1.0,59.3,20,246
2026-09-03 21:00:00+00:00,1174.0,59.9,19.0,1.0,58.2,21,246
2026-09-03 22:00:00+00:00,1139.0,54.3,19.0,1.0,56.9,22,246
2026-09-03 23:00:00+00:00,1092.0,49.1,19.0,1.0,54.7,23,246
2026-09-04 00:00:00+00:00,1019.0,48.8,23.0,1.0,51.8,0,247
2026-09-04 01:00:00+00:00,902.0,47.7,24.0,1.0,48.0,1,247
2026-09-04 02:00:00+00:00,760.0,45.9,28.0,1.0,44.9,2,247
2026-09-04 03:00:00+00:00,637.0,42.6,39.0,1.0,46.9,3,247
2026-09-04 04:00:00+00:00,544.0,36.4,67.0,1.0,41.3,4,247
2026-09-04 05:00:00+00:00,471.0,28.8,102.0,1.0,38.4,5,247
2026-09-04 06:00:00+00:00,427.0,23.1,129.0,1.0,33.4,6,247
2026-09-04 07:00:00+00:00,415.0,20.7,139.0,1.0,31.9,7,247
2026-09-04 08:00:00+00:00,432.0,20.3,139.0,1.0,31.1,8,247
2026-09-04 09:00:00+00:00,482.0,21.2,136.0,1.0,30.9,9,247
2026-09-04 10:00:00+00:00,588.0,22.6,133.0,1.0,30.9,10,247
2026-09-04 11:00:00+00:00,725.0,25.3,126.0,1.0,31.0,11,247
2026-09-04 12:00:00+00:00,828.0,28.4,99.0,35.0,48.9,12,247
2026-09-04 13:00:00+00:00,865.0,35.7,82.0,25.0,51.9,13,247
2026-09-04 14:00:00+00:00,866.0,45.5,59.0,10.0,54.6,14,247
2026-09-04 15:00:00+00:00,856.0,50.9,43.0,0.0,52.2,15,247
2026-09-04 16:00:00+00:00,843.0,48.0,41.0,0.0,45.9,16,247
2026-09-04 17:00:00+00:00,817.0,40.6,46.0,0.0,39.2,17,247
2026-09-04 18:00:00+00:00,777.0,33.5,51.0,0.0,34.6,18,247
2026-09-04 19:00:00+00:00,714.0,27.9,55.0,0.0,27.9,19,247
2026-09-04 20:00:00+00:00,636.0,22.6,59.0,0.0,23.1,20,247
2026-09-04 21:00:00+00:00,564.0,18.8,62.0,0.0,18.2,21,247
2026-09-04 22:00:00+00:00,490.0,16.9,62.0,0.0,15.0,22,247
2026-09-04 23:00:00+00:00,422.0,16.4,59.0,0.0,13.7,23,247
2026-09-05 00:00:00+00:00,405.0,19.7,50.0,0.0,18.0,0,248
2026-09-05 01:00:00+00:00,488.0,24.3,44.0,0.0,20.4,1,248
2026-09-05 02:00:00+00:00,623.0,30.4,38.0,0.0,24.9,2,248
2026-09-05 03:00:00+00:00,706.0,33.7,38.0,0.0,25.7,3,248
2026-09-05 04:00:00+00:00,677.0,31.8,51.0,0.0,24.2,4,248
2026-09-05 05:00:00+00:00,597.0,27.1,72.0,0.0,22.8,5,248
2026-09-05 06:00:00+00:00,547.0,22.8,91.0,0.0,22.4,6,248
2026-09-05 07:00:00+00:00,566.0,19.6,109.0,0.0,23.7,7,248
2026-09-05 08:00:00+00:00,614.0,16.8,126.0,1.0,24.2,8,248
2026-09-05 09:00:00+00:00,655.0,15.8,136.0,1.0,24.7,9,248
2026-09-05 10:00:00+00:00,613.0,15.8,135.0,1.0,26.1,10,248
2026-09-05 11:00:00+00:00,564.0,17.7,127.0,1.0,28.2,11,248
2026-09-05 12:00:00+00:00,700.0,28.1,74.0,2.0,38.3,12,248
2026-09-05 13:00:00+00:00,1229.0,34.9,62.0,2.0,44.0,13,248
2026-09-05 14:00:00+00:00,1943.0,44.1,45.0,1.0,48.2,14,248
2026-09-05 15:00:00+00:00,2408.0,49.8,33.0,1.0,49.5,15,248
2026-09-05 16:00:00+00:00,2405.0,48.9,31.0,1.0,48.3,16,248
2026-09-05 17:00:00+00:00,2153.0,44.4,34.0,1.0,47.0,17,248
2026-09-05 18:00:00+00:00,1872.0,40.2,37.0,1.0,47.1,18,248
2026-09-05 19:00:00+00:00,1614.0,37.2,38.0,1.0,46.4,19,248
2026-09-05 20:00:00+00:00,1326.0,34.3,38.0,1.0,44.9,20,248
2026-09-05 21:00:00+00:00,1071.0,32.2,38.0,1.0,45.8,21,248
2026-09-05 22:00:00+00:00,862.0,31.4,35.0,1.0,47.0,22,248
2026-09-05 23:00:00+00:00,686.0,31.3,32.0,1.0,46.3,23,248
2026-09-06 00:00:00+00:00,561.0,31.4,35.0,1.0,45.5,0,249
2026-09-06 01:00:00+00:00,508.0,28.8,46.0,1.0,50.1,1,249
2026-09-06 02:00:00+00:00,505.0,25.2,63.0,1.0,43.8,2,249
2026-09-06 03:00:00+00:00,509.0,21.3,81.0,1.0,34.6,3,249
2026-09-06 04:00:00+00:00,510.0,17.1,102.0,1.0,30.2,4,249
2026-09-06 05:00:00+00:00,517.0,12.7,125.0,0.0,26.9,5,249
2026-09-06 06:00:00+00:00,511.0,9.5,143.0,0.0,25.1,6,249
2026-09-06 07:00:00+00:00,467.0,7.8,153.0,0.0,23.1,7,249
2026-09-06 08:00:00+00:00,410.0,7.3,157.0,0.0,23.3,8,249
2026-09-06 09:00:00+00:00,393.0,7.9,157.0,0.0,23.5,9,249
2026-09-06 10:00:00+00:00,404.0,7.8,154.0,0.0,22.7,10,249
2026-09-06 11:00:00+00:00,455.0,8.9,146.0,0.0,22.4,11,249
2026-09-06 12:00:00+00:00,630.0,16.5,93.0,0.0,23.6,12,249
2026-09-06 13:00:00+00:00,1056.0,29.7,73.0,0.0,29.4,13,249
2026-09-06 14:00:00+00:00,1607.0,48.0,45.0,0.0,40.3,14,249
2026-09-06 15:00:00+00:00,1991.0,62.8,24.0,0.0,50.4,15,249
2026-09-06 16:00:00+00:00,2065.0,70.1,15.0,0.0,53.6,16,249
2026-09-06 17:00:00+00:00,1971.0,73.9,13.0,0.0,59.8,17,249
2026-09-06 18:00:00+00:00,1846.0,76.8,11.0,0.0,69.4,18,249
2026-09-06 19:00:00+00:00,1710.0,79.6,9.0,0.0,75.4,19,249
2026-09-06 20:00:00+00:00,1542.0,81.5,7.0,0.0,77.1,20,249
2026-09-06 21:00:00+00:00,1416.0,83.0,6.0,0.0,79.6,21,249
2026-09-06 22:00:00+00:00,1378.0,85.6,1.0,0.0,81.5,22,249
2026-09-06 23:00:00+00:00,1382.0,87.8,0.0,0.0,84.5,23,249
2026-09-07 00:00:00+00:00,1364.0,69.7,2.0,0.0,78.2,0,250
2026-09-07 01:00:00+00:00,1306.0,60.4,20.0,0.0,83.1,1,250
2026-09-07 02:00:00+00:00,1226.0,47.3,46.0,0.0,73.3,2,250
2026-09-07 03:00:00+00:00,1112.0,35.5,78.0,4.0,51.1,3,250
2026-09-07 04:00:00+00:00,936.0,26.6,122.0,16.0,41.6,4,250
2026-09-07 05:00:00+00:00,727.0,19.0,172.0,32.0,46.8,5,250
2026-09-07 06:00:00+00:00,560.0,13.2,212.0,42.0,54.7,6,250
2026-09-07 07:00:00+00:00,455.0,9.1,237.0,42.0,59.6,7,250
2026-09-07 08:00:00+00:00,394.0,6.7,251.0,37.0,61.0,8,250
2026-09-07 09:00:00+00:00,393.0,7.0,252.0,32.0,59.6,9,250
2026-09-07 10:00:00+00:00,419.0,9.3,236.0,31.0,58.0,10,250
2026-09-07 11:00:00+00:00,506.0,14.2,206.0,31.0,54.0,11,250
2026-09-07 12:00:00+00:00,778.0,28.0,158.0,38.0,68.2,12,250
2026-09-07 13:00:00+00:00,1465.0,48.0,125.0,34.0,82.2,13,250
2026-09-07 14:00:00+00:00,2337.0,75.2,79.0,29.0,99.7,14,250
2026-09-07 15:00:00+00:00,2824.0,93.8,46.0,25.0,105.2,15,250
2026-09-07 16:00:00+00:00,2567.0,95.7,37.0,23.0,99.9,16,250
2026-09-07 17:00:00+00:00,1925.0,88.9,40.0,22.0,100.1,17,250
2026-09-07 18:00:00+00:00,1412.0,81.1,44.0,21.0,99.7,18,250
2026-09-07 19:00:00+00:00,1251.0,74.6,44.0,21.0,98.7,19,250
2026-09-07 20:00:00+00:00,1217.0,67.2,45.0,21.0,98.3,20,250
2026-09-07 21:00:00+00:00,1155.0,60.1,45.0,22.0,96.6,21,250
2026-09-07 22:00:00+00:00,974.0,53.3,44.0,23.0,92.7,22,250
2026-09-07 23:00:00+00:00,763.0,46.8,42.0,24.0,87.5,23,250
2026-09-08 00:00:00+00:00,635.0,73.6,43.0,33.0,116.2,0,251
2026-09-08 01:00:00+00:00,683.0,63.4,62.0,30.0,99.0,1,251
2026-09-08 02:00:00+00:00,813.0,49.0,88.0,26.0,88.9,2,251
2026-09-08 03:00:00+00:00,855.0,35.6,117.0,26.0,61.9,3,251
2026-09-08 04:00:00+00:00,701.0,24.4,150.0,32.0,47.0,4,251
2026-09-08 05:00:00+00:00,458.0,14.3,185.0,41.0,39.9,5,251
2026-09-08 06:00:00+00:00,277.0,7.2,208.0,48.0,37.3,6,251
2026-09-08 07:00:00+00:00,217.0,4.0,211.0,47.0,35.0,7,251
2026-09-08 08:00:00+00:00,219.0,3.9,201.0,43.0,34.8,8,251
2026-09-08 09:00:00+00:00,259.0,5.6,187.0,48.0,34.6,9,251
2026-09-08 10:00:00+00:00,335.0,8.9,171.0,71.0,34.7,10,251
2026-09-08 11:00:00+00:00,449.0,14.2,152.0,103.0,40.7,11,251
2026-09-08 12:00:00+00:00,581.0,21.6,122.0,135.0,44.4,12,251
2026-09-08 13:00:00+00:00,746.0,31.3,102.0,122.0,49.4,13,251
2026-09-08 14:00:00+00:00,929.0,44.7,74.0,105.0,53.2,14,251
2026-09-08 15:00:00+00:00,1067.0,55.0,52.0,97.0,56.8,15,251
2026-09-08 16:00:00+00:00,1152.0,59.2,42.0,106.0,62.2,16,251
2026-09-08 17:00:00+00:00,1192.0,60.2,37.0,124.0,68.2,17,251
2026-09-08 18:00:00+00:00,1146.0,60.2,34.0,136.0,73.1,18,251
2026-09-08 19:00:00+00:00,951.0,59.9,30.0,135.0,74.5,19,251
2026-09-08 20:00:00+00:00,669.0,58.5,27.0,128.0,73.8,20,251
2026-09-08 21:00:00+00:00,447.0,56.2,25.0,126.0,72.4,21,251
2026-09-08 22:00:00+00:00,340.0,52.8,21.0,134.0,70.1,22,251
2026-09-08 23:00:00+00:00,294.0,48.5,17.0,147.0,67.1,23,251
2026-09-09 00:00:00+00:00,286.0,23.4,38.0,220.0,54.0,0,252
2026-09-09 01:00:00+00:00,339.0,23.3,40.0,211.0,49.0,1,252
2026-09-09 02:00:00+00:00,432.0,22.8,45.0,201.0,48.7,2,252
2026-09-09 03:00:00+00:00,479.0,21.1,57.0,216.0,52.3,3,252
2026-09-09 04:00:00+00:00,431.0,16.7,84.0,281.0,59.1,4,252
2026-09-09 05:00:00+00:00,338.0,11.0,118.0,371.0,65.9,5,252
2026-09-09 06:00:00+00:00,266.0,6.7,143.0,440.0,72.6,6,252
2026-09-09 07:00:00+00:00,228.0,4.6,153.0,468.0,74.7,7,252
2026-09-09 08:00:00+00:00,211.0,4.0,154.0,474.0,74.0,8,252
2026-09-09 09:00:00+00:00,243.0,5.5,150.0,475.0,74.5,9,252
2026-09-09 10:00:00+00:00,332.0,9.3,140.0,475.0,75.7,10,252
2026-09-09 11:00:00+00:00,469.0,15.3,124.0,470.0,77.5,11,252
2026-09-09 12:00:00+00:00,664.0,22.3,104.0,397.0,70.8,12,252
2026-09-09 13:00:00+00:00,993.0,34.0,83.0,371.0,76.1,13,252
2026-09-09 14:00:00+00:00,1378.0,50.2,55.0,336.0,83.6,14,252
2026-09-09 15:00:00+00:00,1595.0,62.1,33.0,316.0,92.0,15,252
2026-09-09 16:00:00+00:00,1513.0,65.4,26.0,327.0,100.4,16,252
2026-09-09 17:00:00+00:00,1264.0,64.6,25.0,352.0,109.2,17,252
2026-09-09 18:00:00+00:00,1012.0,64.2,24.0,364.0,116.4,18,252
2026-09-09 19:00:00+00:00,795.0,66.4,19.0,349.0,121.5,19,252
2026-09-09 20:00:00+00:00,575.0,69.0,14.0,319.0,123.9,20,252
2026-09-09 21:00:00+00:00,411.0,70.5,9.0,287.0,117.8,21,252
2026-09-09 22:00:00+00:00,319.0,70.5,4.0,252.0,107.1,22,252
2026-09-09 23:00:00+00:00,282.0,69.4,0.0,213.0,96.4,23,252
2026-09-10 00:00:00+00:00,308.0,36.8,35.0,130.0,61.5,0,253
2026-09-10 01:00:00+00:00,456.0,35.5,43.0,128.0,61.0,1,253
2026-09-10 02:00:00+00:00,667.0,33.5,55.0,127.0,61.2,2,253
2026-09-10 03:00:00+00:00,771.0,29.7,73.0,137.0,58.2,3,253
2026-09-10 04:00:00+00:00,658.0,22.6,102.0,167.0,56.8,4,253
2026-09-10 05:00:00+00:00,439.0,13.7,137.0,209.0,56.9,5,253
2026-09-10 06:00:00+00:00,273.0,7.2,162.0,242.0,56.8,6,253
2026-09-10 07:00:00+00:00,219.0,4.4,170.0,259.0,52.4,7,253
2026-09-10 08:00:00+00:00,217.0,3.9,167.0,267.0,54.8,8,253
2026-09-10 09:00:00+00:00,254.0,5.7,160.0,273.0,55.8,9,253
2026-09-10 10:00:00+00:00,307.0,9.9,149.0,278.0,57.7,10,253
2026-09-10 11:00:00+00:00,399.0,16.5,133.0,281.0,59.3,11,253
2026-09-10 12:00:00+00:00,574.0,19.5,111.0,361.0,60.5,12,253
2026-09-10 13:00:00+00:00,918.0,27.2,94.0,350.0,65.4,13,253
2026-09-10 14:00:00+00:00,1347.0,38.1,71.0,335.0,71.2,14,253
2026-09-10 15:00:00+00:00,1653.0,47.8,51.0,323.0,77.1,15,253
2026-09-10 16:00:00+00:00,1734.0,55.5,38.0,322.0,83.6,16,253
2026-09-10 17:00:00+00:00,1693.0,62.0,29.0,323.0,90.3,17,253
2026-09-10 18:00:00+00:00,1629.0,65.4,23.0,307.0,95.0,18,253
2026-09-10 19:00:00+00:00,1581.0,64.1,20.0,257.0,93.6,19,253
2026-09-10 20:00:00+00:00,1511.0,59.8,19.0,190.0,87.3,20,253
2026-09-10 21:00:00+00:00,1401.0,55.7,20.0,133.0,80.3,21,253
2026-09-10 22:00:00+00:00,1204.0,53.1,19.0,99.0,74.7,22,253
2026-09-10 23:00:00+00:00,967.0,50.8,19.0,76.0,72.9,23,253
