actual_carbon_kg,predicted_carbon_kg,error_kg
553.54,541.972828016253,11.567171983747016
1036.07,1097.046557238797,-60.97655723879711
875.14,874.7392588948281,0.40074110517184636
1056.19,1099.8721896671811,-43.68218966718109
431.1,410.1668550363383,20.933144963661732
1394.81,1368.0699698294036,26.740030170596356
413.92,441.2986593215969,-27.3786593215969
571.72,567.5172750366856,4.202724963314381
394.44,448.1380342902099,-53.698034290209876
534.81,542.0031357887854,-7.193135788785412
74.7,120.900826191034,-46.200826191034
344.43,410.5887989721473,-66.15879897214728
451.48,357.3581199307225,94.1218800692775
754.65,765.8246836685715,-11.17468366857156
873.66,742.6083720832056,131.05162791679436
360.48,357.41679907538213,3.063200924617888
396.07,396.5976214636316,-0.5276214636315899
407.47,460.27918182502765,-52.80918182502762
256.38,269.0109878420707,-12.630987842070681
761.3,776.678497411482,-15.378497411482044
2046.93,1883.1084297607954,163.82157023920468
1262.05,1159.6373282092927,102.41267179070724
497.08,508.2363190817458,-11.156319081745835
1212.59,1221.0991728045074,-8.509172804507443
765.78,745.9408112494507,19.839188750549283
1351.6,1401.497459444041,-49.89745944404103
577.1,583.8037427433311,-6.703742743331077
595.76,616.5714955556883,-20.81149555568834
848.51,900.4547013558175,-51.94470135581753
870.63,876.6598035437853,-6.029803543785306
1042.91,984.3880309594788,58.5219690405213
571.43,587.7284368778752,-16.298436877875247
611.78,605.8327086269187,5.947291373081271
917.52,956.0126961693036,-38.4926961693036
554.48,621.4163147098676,-66.93631470986759
574.15,566.5793020864696,7.570697913530353
350.72,414.084152189661,-63.364152189660956
1016.53,1041.3249674103322,-24.79496741033222
2454.19,2330.8924378790343,123.29756212096572
537.06,557.4295923807127,-20.36959238071279
733.91,720.7055517386156,13.204448261384414
1704.16,1695.443544046973,8.71645595302698
526.44,528.44470663698,-2.004706636979904
692.62,749.5783118790515,-56.95831187905151
663.7,669.8105817631302,-6.110581763130199
694.41,723.8130151279828,-29.403015127982826
853.2,828.3128828702788,24.88711712972122
1832.25,1806.0404424215628,26.20955757843717
349.42,359.9631486864534,-10.543148686453378
2258.9,2170.8246868170545,88.07531318294559
637.35,656.2992631787157,-18.949263178715682
701.76,667.2511381188414,34.50886188115862
622.97,639.8186198294801,-16.84861982948007
848.22,822.0958102873557,26.124189712644352
724.26,728.7571443565242,-4.497144356524245
655.92,670.6718424336748,-14.751842433674824
667.57,654.4570438836005,13.112956116399573
569.32,587.6514498993768,-18.331449899376707
449.32,504.5399378269741,-55.2199378269741
1687.37,1571.4460804116582,115.92391958834173
492.57,473.9068831811824,18.66311681881757
396.43,389.7029979819695,6.727002018030532
674.89,717.7236347810576,-42.83363478105764
443.13,531.7157935735554,-88.5857935735554
497.33,466.95728782362,30.37271217637999
456.02,486.6842110413877,-30.664211041387716
411.59,465.3767267226147,-53.78672672261473
1493.36,1438.740509658153,54.61949034184681
457.49,459.8774822898915,-2.387482289891466
1299.81,1332.7325117692862,-32.9225117692863
254.13,297.9089141496465,-43.77891414964648
365.31,412.7643257449975,-47.454325744997504
380.9,378.193811386728,2.7061886132719906
911.95,955.0233790066001,-43.07337900660002
551.47,577.2288820127135,-25.758882012713457
1439.46,1294.2043600368854,145.25563996311462
506.33,551.0658272662607,-44.73582726626074
644.93,648.5905766127433,-3.660576612743398
1068.64,1005.41139479487,63.228605205130066
881.87,864.8882267805127,16.98177321948731
844.63,769.9521002420843,74.67789975791572
1061.05,1034.0822141353626,26.967785864637335
1361.88,1287.0784562639742,74.8015437360259
1091.36,1035.995966721676,55.36403327832386
570.74,634.7073545487078,-63.96735454870782
1258.12,1295.7121317189533,-37.5921317189534
791.9,814.8869694981095,-22.986969498109488
992.26,982.2676178657043,9.992382134295667
1077.59,1161.4663100668074,-83.87631006680749
1291.77,1305.184802186355,-13.414802186355018
530.49,548.921576775414,-18.431576775413987
499.21,517.647362473865,-18.437362473864994
1226.95,1283.8318135561758,-56.88181355617576
753.16,773.2781876795927,-20.11818767959278
381.62,420.74520292342066,-39.12520292342066
365.45,381.1089261688683,-15.658926168868334
848.72,901.0284311150223,-52.308431115022245
792.16,740.0952798346149,52.0647201653851
288.85,392.3480810703381,-103.49808107033806
571.59,559.2188993119323,12.371100688067713
1783.55,1642.77834055088,140.77165944911985
1035.53,1003.260580059874,32.269419940126
402.07,408.1567014138995,-6.086701413899505
1244.68,1360.647231226334,-115.96723122633398
727.5,768.9698350974303,-41.46983509743029
530.74,560.1000846102949,-29.360084610294848
478.84,502.5361654185329,-23.696165418532928
711.99,529.1378507910553,182.85214920894475
813.34,799.3175119829035,14.02248801709652
1692.78,1636.0835875241132,56.696412475886746
787.43,799.3269532884934,-11.896953288493478
947.27,969.1826136582314,-21.912613658231407
1251.69,1229.99459094582,21.695409054180118
1348.61,1354.500397853886,-5.890397853886043
2196.96,2029.4572219839808,167.5027780160192
451.54,444.60737999414937,6.9326200058506515
530.88,539.9318817390553,-9.051881739055261
853.71,900.0514287040413,-46.34142870404128
1486.45,1498.3034089473188,-11.853408947318712
927.4,841.7479751826488,85.65202481735116
681.06,628.1726518689055,52.88734813109443
425.44,448.4386672623413,-22.998667262341314
530.39,541.1369791662065,-10.746979166206529
1094.82,1082.2715037634234,12.548496236576511
595.72,614.3638863919379,-18.643886391937826
523.56,530.5391015344097,-6.979101534409779
538.06,525.3044921250824,12.755507874917498
1095.41,1002.6290768572061,92.780923142794
839.2,787.9349682991052,51.26503170089484
547.78,590.2626918301557,-42.48269183015577
700.69,795.264236729094,-94.57423672909397
783.05,800.4411803877102,-17.39118038771028
779.05,777.9160499192058,1.1339500807941931
431.87,494.0197343221805,-62.14973432218051
1075.45,1013.5030938176589,61.946906182341195
548.52,523.0186983038705,25.50130169612953
1390.15,1416.7629240603071,-26.612924060307023
479.74,456.7352308251056,23.00476917489442
362.3,350.96795298080684,11.332047019193169
551.28,542.3677741279212,8.912225872078807
1368.11,1299.9349029257148,68.17509707428508
988.09,925.5111697865907,62.57883021340933
816.95,822.3751739985994,-5.425173998599348
550.53,609.0596218552179,-58.5296218552179
1191.64,1296.1183020801986,-104.47830208019855
460.46,477.6040069102108,-17.144006910210805
568.41,570.4282250583531,-2.018225058353096
687.69,659.0426253172117,28.64737468278838
1041.07,1064.4954277881998,-23.42542778819984
798.13,712.5983041023085,85.53169589769152
382.92,492.5992869961555,-109.6792869961555
1354.08,1266.583290828232,87.49670917176786
535.41,539.380004756048,-3.97000475604807
651.35,599.7798213294901,51.570178670509904
1536.03,1488.5217618810752,47.50823811892474
312.63,368.1975380525391,-55.56753805253908
850.12,815.6616699414648,34.45833005853524
4045.46,3170.6731516857885,874.7868483142115
596.95,675.2229131695909,-78.27291316959088
658.02,766.5409550632604,-108.52095506326043
493.33,548.365665067356,-55.03566506735598
672.96,674.5188992880377,-1.5588992880376509
768.29,779.0862180441482,-10.79621804414819
697.14,684.0523503218526,13.087649678147386
1105.64,967.6374093096449,138.0025906903552
522.19,588.6024569816111,-66.41245698161106
731.61,662.9014808576702,68.7085191423298
393.84,389.1253948472979,4.714605152702063
572.37,610.3579641176198,-37.987964117619754
1391.93,1337.8081483354397,54.12185166456038
794.26,863.2815461712966,-69.02154617129656
1580.57,1468.0373416316477,112.53265836835226
849.72,821.4130124349938,28.30698756500624
500.21,466.54984939934945,33.660150600650525
443.96,468.6643273507358,-24.70432735073581
1618.93,1674.4576748918946,-55.52767489189455
1262.93,1217.6902311555089,45.23976884449121
1748.28,1807.5272258729754,-59.24722587297538
812.44,826.0123082910177,-13.572308291017634
844.45,859.4789239292166,-15.028923929216603
2446.82,2404.0353642386954,42.7846357613048
767.03,745.9839545002777,21.046045499722254
1402.46,1334.2289126889095,68.2310873110905
1752.39,1736.5102803236764,15.879719676323703
1569.18,1627.6485234191425,-58.46852341914246
307.92,284.2270520731793,23.692947926820693
830.19,712.4476536960044,117.74234630399565
573.07,568.1736447331344,4.896355266865612
1692.92,1885.775362824484,-192.85536282448402
634.78,600.0562822197411,34.72371778025888
389.16,400.230575216594,-11.070575216593966
1078.27,1170.183337266356,-91.91333726635594
1345.04,1216.808099876814,128.23190012318605
1089.49,1082.1321557808021,7.357844219197887
840.83,869.4041581355567,-28.574158135556672
916.15,993.6007385157939,-77.45073851579389
667.47,683.9539066700851,-16.483906670085048
917.13,908.9030320887043,8.226967911295674
842.23,752.0939402240724,90.1360597759276
1122.84,1144.9352299666627,-22.095229966662828
665.41,643.3272385650878,22.082761434912186
200.43,208.85798656212353,-8.427986562123522
578.37,689.5268830906213,-111.15688309062125
1018.4,984.912486734361,33.487513265638995
390.65,418.8030125873106,-28.153012587310627
354.52,368.9859862868203,-14.465986286820339
554.35,526.8819821925633,27.468017807436695
1166.58,1198.704764780024,-32.12476478002418
1297.88,1261.2678894936857,36.612110506314366
1417.99,1523.2411199839942,-105.25111998399416
756.53,799.7778124636314,-43.247812463631476
1555.87,1598.4040573822272,-42.534057382227275
607.71,584.5769297515862,23.133070248413787
937.48,885.1396927421436,52.340307257856466
511.49,499.8920793937703,11.597920606229707
987.11,1008.6467830407815,-21.53678304078153
735.15,800.2240357042334,-65.07403570423344
356.85,379.8704773104004,-23.020477310400395
903.43,887.7883015993451,15.641698400654832
495.1,432.43883900409946,62.66116099590056
1602.77,1580.781965295776,21.988034704223992
667.01,713.4672761916629,-46.45727619166291
961.03,1043.2543675925504,-82.22436759255038
922.03,918.9495614149973,3.0804385850026392
652.43,576.4172295094723,76.0127704905276
380.36,409.13806603133423,-28.77806603133422
677.87,692.7290905420365,-14.859090542036483
447.47,403.60726425645396,43.86273574354607
503.27,570.5783348801788,-67.30833488017879
716.82,684.9575999747769,31.86240002522311
2838.74,2805.645229162521,33.09477083747879
500.06,465.1253530263232,34.93464697367682
871.7,867.9062107040486,3.7937892959514556
726.88,739.2050695227201,-12.325069522720128
1603.28,1319.031578534604,284.24842146539595
715.97,778.1564370477819,-62.18643704778185
699.24,718.7450705810886,-19.505070581088603
485.11,481.50465078245975,3.6053492175402653
486.5,482.0362047042115,4.463795295788486
685.2,682.287302902009,2.9126970979910993
1032.25,982.4160107471166,49.833989252883384
506.87,501.24209071201165,5.627909287988359
1078.0,960.3837561769195,117.61624382308048
719.58,725.5515176204867,-5.971517620486679
993.93,1031.0950778650551,-37.165077865055196
475.93,456.21165718203144,19.718342817968562
382.76,442.07906096800633,-59.31906096800634
790.2,842.0121312885844,-51.812131288584396
658.78,665.9070150613725,-7.127015061372504
840.13,837.6038802735328,2.5261197264671864
912.83,922.0060647158537,-9.176064715853613
637.05,595.8080612974808,41.24193870251918
826.71,803.8840019124298,22.82599808757027
755.77,738.6587213779127,17.111278622087298
520.2,532.2441489236514,-12.044148923651392
486.44,445.8503775026599,40.58962249734009
1931.11,2067.122123723617,-136.01212372361692
545.31,531.7333442198745,13.576655780125407
794.5,838.1992360149233,-43.69923601492326
540.0,521.8432541319335,18.156745868066537
620.52,659.9239612190951,-39.403961219095095
612.1,686.6094929591934,-74.50949295919338
797.93,837.9367724280709,-40.00677242807092
439.72,482.804350074501,-43.08435007450095
1242.39,1258.3358284616847,-15.945828461684641
479.48,447.83663503971746,31.643364960282554
893.04,891.3963152784474,1.6436847215525177
472.98,479.4980135314937,-6.518013531493693
1347.87,1277.042641668968,70.82735833103197
778.63,854.7939521193382,-76.1639521193382
416.51,480.0659470027333,-63.55594700273332
687.68,668.7257252080383,18.954274791961666
715.45,677.7612194015888,37.6887805984112
484.75,471.9916203122375,12.758379687762499
1784.86,1706.8249497679085,78.03505023209141
1168.49,1167.0160887222012,1.473911277798834
959.38,834.1973741339962,125.18262586600383
795.75,713.6743622151517,82.07563778484825
1072.16,1133.7109461338914,-61.55094613389133
794.55,845.8158767266324,-51.26587672663243
699.77,667.2822224697663,32.48777753023364
972.5,937.9499380544053,34.550061945594734
769.19,580.7030027863193,188.48699721368075
355.48,421.97017252974393,-66.49017252974392
391.2,408.49074055571134,-17.290740555711352
1002.26,956.0421737940045,46.21782620599549
949.05,946.655268704226,2.3947312957739086
916.3,983.41594442255,-67.11594442255
1818.6,1811.8643338358693,6.735666164130635
889.68,880.561587298269,9.118412701730904
640.48,697.5115099765403,-57.03150997654029
573.68,556.3563140933687,17.323685906631226
255.33,241.58148758246887,13.748512417531146
659.2,646.6338286508199,12.566171349180195
553.32,526.6864433861799,26.633556613820133
413.69,414.71313263965527,-1.0231326396552731
631.66,667.7446592122527,-36.084659212252745
590.46,643.2259957409166,-52.76599574091654
1431.51,1116.2912845364838,315.2187154635162
1071.17,1133.4017351136717,-62.231735113671675
1142.28,1107.1275180975056,35.1524819024944
1317.11,1273.5117557557076,43.598244244292346
804.87,781.2473816509646,23.622618349035406
1095.03,1122.876610237302,-27.846610237302002
1496.25,1532.682169737548,-36.432169737548065
1627.26,1622.2719354730718,4.988064526928156
1977.74,2054.5751195091184,-76.83511950911839
535.29,391.9635445203685,143.32645547963148
785.32,802.3980463443457,-17.078046344345694
440.51,469.828010633829,-29.318010633829033
479.76,453.4622242631241,26.297775736875906
1298.13,1205.6382147155598,92.49178528444031
1362.48,1363.3660212880584,-0.8860212880583731
548.28,558.262047225226,-9.982047225225983
793.7,753.8685993111175,39.83140068888258
565.97,654.7703007202803,-88.80030072028023
906.22,948.1649629736964,-41.94496297369642
597.88,581.7662226450583,16.113777354941703
486.56,411.42042420968664,75.13957579031336
297.26,331.2365335383871,-33.976533538387116
647.25,581.3833813085448,65.86661869145519
1312.74,1309.8199110275325,2.9200889724675108
712.01,666.082684513124,45.927315486875955
483.21,503.4902362890267,-20.280236289026732
618.9,636.0878820566575,-17.187882056657486
1174.8,1235.5701987126724,-60.77019871267248
1005.8,931.6648446497845,74.13515535021543
610.9,683.1606670013573,-72.26066700135732
655.16,685.8713201546124,-30.711320154612395
250.06,274.615069978233,-24.555069978233007
708.38,703.6915634664172,4.688436533582831
748.82,714.2170106300485,34.6029893699515
425.81,454.55995090384664,-28.74995090384664
611.47,621.9166898557899,-10.446689855789828
610.82,632.3089725332567,-21.48897253325663
1177.23,1125.1790414725658,52.050958527434204
664.11,637.2961995024604,26.81380049753966
606.23,645.9900876442539,-39.76008764425387
792.48,725.0010345483347,67.47896545166532
544.77,589.3584496038953,-44.588449603895356
967.48,963.2888169894011,4.191183010598934
416.77,399.40620813172984,17.36379186827014
404.67,357.1061320458998,47.5638679541002
1408.9,1315.0867670588195,93.81323294118056
480.26,483.39080609218104,-3.1308060921810466
545.1,582.7334464571217,-37.633446457121636
576.18,617.6031288105191,-41.42312881051919
508.61,468.14394978771827,40.46605021228174
470.67,485.20165164410963,-14.531651644109616
816.67,840.21802947285,-23.54802947285009
391.89,375.19554134412533,16.694458655874655
433.35,455.45579159644694,-22.10579159644692
749.93,824.8952933441365,-74.96529334413651
568.77,537.1354865912099,31.6345134087901
530.66,532.3981536386071,-1.738153638607173
821.3,827.7874915542127,-6.487491554212738
491.05,558.2797410241304,-67.22974102413042
1041.2,950.9807093847522,90.21929061524781
1432.04,1533.7835352507695,-101.74353525076958
568.46,589.1134179441239,-20.653417944123817
482.83,495.9998450227808,-13.169845022780805
1431.02,1427.5296783829683,3.490321617031668
708.72,724.1004115276202,-15.38041152762014
594.9,621.8748104913459,-26.97481049134592
675.72,639.134501710731,36.585498289269026
1005.3,1042.0151861272586,-36.715186127258676
36.36,78.89062241251003,-42.53062241251003
326.35,341.31204072002816,-14.962040720028142
493.1,540.7402186828834,-47.640218682883415
363.72,367.8046582891952,-4.084658289195147
531.69,600.5216666226418,-68.8316666226417
731.55,662.2487170448758,69.30128295512418
693.1,684.441078081296,8.658921918703982
491.14,477.36692010924344,13.773079890756549
2096.14,2273.632290438671,-177.49229043867126
794.31,804.5468423182261,-10.236842318226195
801.29,842.7174864692985,-41.427486469298515
529.43,597.9857154836843,-68.55571548368437
1145.7,1108.9920533215172,36.70794667848281
382.13,365.7177351354263,16.41226486457367
695.12,669.1100578853773,26.00994211462273
866.22,923.6917284932277,-57.471728493227715
20.0,55.66923920996423,-35.66923920996423
534.74,511.54348678839506,23.19651321160495
1410.87,1545.024824515721,-134.1548245157212
764.33,745.874509580708,18.455490419292005
974.69,988.5813287249067,-13.891328724906657
1020.31,1115.0249330645802,-94.71493306458024
813.78,783.4720635276187,30.307936472381243
695.44,672.9696451410368,22.47035485896322
557.85,496.5679991902129,61.28200080978712
446.84,395.5948758811393,51.2451241188607
181.4,220.67302555658034,-39.273025556580336
655.43,689.4522400594249,-34.02224005942492
815.21,805.6309080118154,9.579091988184587
1273.29,1202.6785005665588,70.61149943344117
1159.22,1124.717184105876,34.50281589412407
1082.81,1158.0792481617707,-75.26924816177075
427.92,413.2623391796662,14.657660820333831
772.4,760.9202828823471,11.479717117652854
755.88,746.4889609275749,9.391039072425087
720.25,581.9518903175809,138.29810968241907
964.32,1047.358182991348,-83.03818299134798
407.03,416.04307315530644,-9.013073155306472
1041.23,1025.5428274345827,15.687172565417313
156.54,172.79649270924247,-16.25649270924248
505.31,509.6333400666957,-4.323340066695721
176.26,192.67769900046767,-16.417699000467678
612.11,612.0548025278624,0.05519747213759274
445.89,507.5289324374243,-61.63893243742433
407.78,434.2307616536901,-26.45076165369011
754.92,795.286108390077,-40.36610839007699
366.0,387.8436431589022,-21.843643158902182
895.2,927.364594486021,-32.164594486020974
984.83,1024.3944405739353,-39.56444057393526
1978.89,1886.724783581263,92.16521641873715
478.39,462.7744975508391,15.615502449160886
607.03,592.2025389504562,14.827461049543786
1044.43,1037.1603554662588,7.269644533741257
817.47,848.4118593603677,-30.94185936036763
809.23,803.211757057285,6.0182429427150055
251.05,251.17367136909755,-0.1236713690975364
1613.1,1544.1144578750202,68.9855421249797
1107.28,1116.0038333616828,-8.723833361682864
397.87,410.8407727278006,-12.970772727800579
608.15,630.6754559996942,-22.52545599969426
1845.69,1721.0441865383727,124.64581346162731
482.13,530.8135735346324,-48.68357353463239
1954.27,1835.7263521743275,118.54364782567245
686.12,658.135458723485,27.98454127651496
794.22,776.000462533567,18.219537466433053
111.07,109.16731104855845,1.9026889514415473
444.0,460.44860000223645,-16.448600002236446
1191.29,1244.908026176018,-53.61802617601802
860.38,799.87979457433,60.50020542566995
378.83,354.68894073106605,24.14105926893393
106.7,137.59563806077622,-30.89563806077622
550.11,533.4394389512373,16.670561048762693
568.16,626.6693559819768,-58.509355981976796
621.91,623.9548369616421,-2.0448369616420905
829.33,841.5294763326722,-12.199476332672134
767.54,813.0804553039593,-45.540455303959334
734.57,856.5523356985589,-121.98233569855881
940.17,903.4977072125489,36.672292787451056
766.41,739.7997779592895,26.610222040710482
733.23,765.9982866748996,-32.76828667489963
1779.27,1816.9846791031184,-37.71467910311844
943.0,886.4300815874599,56.56991841254012
281.68,301.3785081803356,-19.69850818033558
603.78,591.3373668130871,12.442633186912872
1291.2,1211.934832431889,79.26516756811111
1226.85,1250.629775887849,-23.779775887849155
1662.93,1704.6849339931134,-41.754933993113355
990.76,917.636127709097,73.12387229090302
421.35,412.1696589681563,9.180341031843739
1178.1,1184.232989207637,-6.132989207637138
345.07,345.7522371358261,-0.6822371358260853
589.87,603.5606181098294,-13.690618109829416
410.05,435.9037661414748,-25.853766141474807
584.15,554.9741020140103,29.17589798598965
353.6,386.1113050868465,-32.511305086846505
612.79,585.9094025777866,26.880597422213327
477.51,510.8648640056917,-33.354864005691695
1000.8,871.2197973337687,129.58020266623123
704.0,698.310028103644,5.689971896356042
643.9,668.803687129932,-24.903687129931996
1452.82,1518.8086810457244,-65.98868104572443
329.99,341.79680293295417,-11.806802932954156
802.44,816.4544336651063,-14.014433665106253
669.4,723.9289003627025,-54.52890036270253
935.31,910.158329033393,25.151670966606957
651.18,659.2547199517028,-8.074719951702832
646.2,600.2351406900251,45.96485930997494
629.94,642.7761450580965,-12.836145058096463
964.75,879.3541260988605,85.39587390113945
1694.32,1528.5011455043757,165.81885449562424
505.47,513.9829172900191,-8.512917290019118
1130.14,1155.5685252714793,-25.428525271479202
347.88,351.691632075112,-3.8116320751120156
974.63,902.2312076413799,72.39879235862008
1014.61,1003.6827065575122,10.92729344248778
885.58,832.5535111943987,53.02648880560139
655.91,664.5942886379861,-8.684288637986128
1347.51,1317.503977576146,30.006022423853892
733.19,673.1806227532562,60.00937724674384
766.05,741.550269292005,24.4997307079949
413.96,442.1829990008544,-28.22299900085443
1143.44,1201.8484872680265,-58.40848726802642
373.08,382.71482380461305,-9.634823804613063
466.54,434.5101137457665,32.02988625423353
717.92,685.4374050426513,32.482594957348624
621.58,568.8115294042176,52.768470595782446
631.16,620.6404273529154,10.519572647084601
825.62,760.7813710014973,64.83862899850271
1218.65,1218.8193441785759,-0.1693441785757841
348.17,341.0770007863795,7.092999213620544
618.7,589.9511393584598,28.748860641540205
467.74,478.30862771635003,-10.568627716350022
583.65,540.5374624826921,43.11253751730783
1321.1,1359.984042565182,-38.8840425651822
947.99,929.1697250825662,18.820274917433835
726.92,766.1572021937011,-39.23720219370114
261.57,259.4219364492673,2.1480635507326724
1494.09,1389.2325088743307,104.85749112566918
156.95,150.22528181623642,6.724718183763571
411.94,388.07189607282197,23.868103927178026
1225.69,1262.0360321036999,-36.34603210369983
463.96,527.0802507717023,-63.120250771702274
716.67,659.4982073414516,57.171792658548384
280.24,259.2768332680567,20.963166731943318
1084.84,1006.4560822898147,78.38391771018519
567.61,575.6793282784377,-8.069328278437638
590.94,554.047171454634,36.892828545366
1119.91,1103.3546354632763,16.5553645367238
282.23,293.4717884253751,-11.241788425375091
1412.31,1439.4867337186204,-27.176733718620426
820.58,825.8654523030782,-5.285452303078159
1306.49,1182.5373205645753,123.95267943542467
810.64,858.4353057183466,-47.79530571834664
290.09,288.7430374522381,1.3469625477618479
747.62,721.3591156750488,26.260884324951235
763.16,729.3698074142662,33.790192585733735
1846.91,1190.5925937112781,656.3174062887219
804.78,786.4021266613425,18.377873338657423
1215.42,1313.121439840684,-97.70143984068386
598.57,675.7289060241695,-77.15890602416948
996.52,965.3455521851795,31.174447814820496
761.97,759.8973182991544,2.0726817008455782
1023.43,905.9562623654058,117.47373763459416
372.48,402.44925670384407,-29.969256703844053
664.87,624.5373820391251,40.33261796087493
655.17,616.5493361941986,38.620663805801314
356.14,375.3181460882265,-19.178146088226526
466.0,480.4208569805458,-14.420856980545807
685.9,638.533957724834,47.36604227516602
961.88,959.4610082343573,2.4189917656426587
580.97,606.3275829342757,-25.357582934275683
619.3,616.9334176665509,2.3665823334490597
262.11,276.31236406906015,-14.202364069060138
259.93,282.78195189161795,-22.851951891617944
307.7,289.04425536926084,18.65574463073915
730.35,686.1227953662064,44.227204633793576
1528.44,1537.8747707389632,-9.434770738963152
828.68,820.9831337491564,7.696866250843527
545.45,640.0280019974056,-94.57800199740552
366.23,393.487547951425,-27.257547951424954
1074.63,1089.6293244448443,-14.999324444844206
593.26,623.0439354060176,-29.783935406017576
627.84,594.4554341754813,33.384565824518745
1437.73,1574.3480216998496,-136.61802169984958
841.51,869.7410340052912,-28.231034005291235
825.21,808.1619717101962,17.048028289803824
631.83,562.6277138587982,69.20228614120185
540.87,568.3897904441931,-27.519790444193063
705.58,713.052857307743,-7.47285730774297
656.56,712.0341513401086,-55.47415134010862
1280.08,1332.1567074686561,-52.076707468656195
931.25,923.3881382833434,7.861861716656563
956.92,889.5033029001646,67.41669709983535
468.84,444.801175789123,24.038824210876953
675.52,593.6785076798952,81.84149232010475
2370.87,2356.8913658323645,13.978634167635391
367.42,404.8637173991896,-37.44371739918961
475.52,451.7320202884013,23.787979711598666
645.43,647.8897573384083,-2.4597573384083944
733.91,825.9314090586923,-92.02140905869237
573.62,597.0221073497742,-23.402107349774155
643.9,673.2367543182653,-29.33675431826532
792.45,855.5858618887111,-63.13586188871102
499.7,431.06827927139676,68.63172072860323
497.48,450.0547213303087,47.425278669691295
810.86,845.9156995719768,-35.05569957197679
554.15,512.1230101040138,42.02698989598616
523.11,575.4345534896108,-52.32455348961082
346.06,339.86985801268855,6.190141987311449
803.24,846.9297766011256,-43.68977660112557
1039.92,1014.4131512400093,25.506848759990817
957.53,1035.5687824819945,-78.03878248199453
959.14,982.9948355804129,-23.854835580412896
322.77,324.36012580375973,-1.5901258037597472
866.66,886.3779707524446,-19.71797075244467
1327.77,1308.0028867330245,19.767113266975457
743.42,619.1000785912222,124.31992140877776
792.81,784.9616799882315,7.848320011768465
632.47,632.0470991029441,0.4229008970559107
467.4,497.9153858135605,-30.5153858135605
753.93,720.4383863932122,33.49161360678772
440.26,448.21530726142555,-7.95530726142556
1083.79,1094.6229581373582,-10.832958137358219
450.09,477.74573839416746,-27.655738394167486
535.98,533.359979751911,2.620020248088963
854.89,756.0087920335286,98.88120796647138
523.97,539.4486199913133,-15.47861999131328
685.95,645.3167039989876,40.63329600101247
417.02,406.1326595162961,10.887340483703895
1516.67,1450.3227318065433,66.34726819345678
1076.58,1143.1781140513795,-66.59811405137953
832.58,845.7472742099723,-13.16727420997222
734.58,632.9124961876792,101.66750381232089
1478.47,1390.0485735242776,88.42142647572246
241.44,241.1913791872151,0.24862081278490678
758.62,725.0896226751677,33.53037732483233
634.88,610.9586192778129,23.92138072218711
1303.9,1282.4079832152677,21.492016784732414
783.24,774.674028694971,8.565971305029052
1238.38,1445.4512566621295,-207.07125666212937
1084.92,1089.0995363195746,-4.179536319574481
731.15,784.4996527001223,-53.349652700122306
702.35,711.0374537538728,-8.687453753872774
1538.73,1437.608013438519,101.12198656148098
999.55,1067.838926863895,-68.28892686389509
1001.63,1030.3254667274166,-28.6954667274166
303.04,326.8327299381104,-23.79272993811037
502.2,510.62775114758074,-8.42775114758075
614.1,613.3430586949252,0.7569413050748608
195.78,390.56796875425215,-194.78796875425215
790.76,849.8603727701035,-59.10037277010349
669.53,601.7648290971042,67.76517090289576
1214.75,1178.320816835606,36.42918316439409
1011.7,1052.3882219651766,-40.68822196517658
1059.14,1004.5915569033331,54.54844309666703
781.35,753.4709565440575,27.879043455942565
732.77,747.7384373264791,-14.968437326479147
781.19,754.6599616178685,26.53003838213158
908.78,942.7422013906452,-33.96220139064519
323.41,321.23567977262013,2.1743202273798943
218.2,255.73480286913878,-37.53480286913879
268.74,273.8811441466724,-5.141144146672389
561.17,508.83486933065075,52.33513066934921
452.09,426.42818299121444,25.661817008785533
253.63,402.9514142097068,-149.3214142097068
608.13,600.9818312383867,7.148168761613306
562.48,572.0561026211784,-9.576102621178393
418.61,445.43391657284616,-26.823916572846144
681.66,697.4949385593503,-15.834938559350348
1231.66,1265.0290386420354,-33.36903864203532
823.35,828.3871374056082,-5.037137405608178
830.81,894.8802236380715,-64.07022363807152
543.92,387.18433508440324,156.73566491559671
581.74,567.1948970118125,14.545102988187523
726.17,740.6114579911793,-14.44145799117939
725.48,772.6078490295902,-47.12784902959015
873.25,857.5710119084196,15.678988091580436
1177.21,1133.7235736530365,43.486426346963526
1154.28,1104.4304178961831,49.84958210381683
891.63,941.0364864177667,-49.4064864177667
490.9,488.31945667438544,2.580543325614542
1311.73,1273.611257791368,38.11874220863206
2592.27,2461.3812863587737,130.88871364122633
601.02,549.6544000830439,51.36559991695606
452.45,470.2394983227623,-17.789498322762313
861.08,846.8736636964122,14.206336303587818
1021.5,1029.4723201456832,-7.97232014568317
1618.5,1588.3673934451442,30.132606554855784
483.06,489.6819233903435,-6.621923390343511
403.63,424.7040027270963,-21.074002727096286
525.14,507.11350777515855,18.026492224841434
708.7,802.7980026392016,-94.09800263920158
996.6,1052.582793854742,-55.982793854742
849.49,902.1367264345756,-52.64672643457561
1099.05,1092.826430966565,6.223569033434842
1216.14,1314.2016184771053,-98.06161847710518
637.16,583.1812399902873,53.97876000971269
298.44,315.6601690755333,-17.220169075533306
959.9,869.796210412921,90.10378958707895
2112.09,2188.7887170310014,-76.69871703100125
206.17,210.54542713668047,-4.375427136680486
942.47,961.1270555038506,-18.65705550385053
438.46,422.99697136357815,15.463028636421825
609.66,631.7097646530718,-22.04976465307186
359.01,368.1309921251829,-9.120992125182909
1250.83,1233.9123720374196,16.917627962580355
285.07,317.3124665710161,-32.24246657101611
803.55,819.7217383281393,-16.171738328139327
422.41,432.344516860639,-9.93451686063895
687.18,646.1180109024057,41.06198909759428
1043.12,1056.4803280114002,-13.36032801140027
560.62,559.2076702859385,1.4123297140614568
497.91,541.9952859689154,-44.08528596891534
1414.71,1430.0536429938618,-15.34364299386175
588.95,551.3212158730538,37.62878412694624
1846.14,1838.1840207388586,7.955979261141465
918.96,943.1370181373827,-24.177018137382674
296.49,298.7887837225187,-2.2987837225186922
458.64,456.3181263747921,2.3218736252078997
261.38,282.45909009236476,-21.079090092364765
816.65,759.5880757563604,57.06192424363962
903.49,988.8550702948678,-85.36507029486779
410.27,439.71572193160017,-29.44572193160019
1186.84,1207.791167898512,-20.95116789851204
998.58,978.3373531507224,20.242646849277662
482.17,485.9804616464696,-3.810461646469605
324.98,314.15590074627,10.824099253730026
865.66,850.2378253511819,15.4221746488181
1224.24,1268.3131183826615,-44.073118382661505
493.76,564.6855947693983,-70.92559476939834
977.05,954.8400688723843,22.20993112761562
1533.23,1488.4337940250805,44.79620597491953
500.55,537.139276329818,-36.589276329818006
1261.02,1257.133851348107,3.8861486518928814
510.76,545.65257456716,-34.892574567159954
955.83,986.6398883141798,-30.809888314179716
260.95,283.5343091691152,-22.584309169115215
373.88,421.41396884861945,-47.53396884861945
801.66,852.9857196072645,-51.325719607264546
929.6,851.2179714404033,78.38202855959673
650.08,697.9698574046566,-47.889857404656595
1564.85,1465.1421553645753,99.70784463542464
427.09,433.4040980394206,-6.314098039420628
548.75,566.8985105372913,-18.14851053729126
751.36,674.8433646957209,76.51663530427913
321.18,306.5963650961376,14.58363490386239
721.35,713.8524664000495,7.497533599950543
499.84,536.7846181108292,-36.94461811082925
20.0,164.98539138402813,-144.98539138402813
1108.42,1147.1290673027554,-38.70906730275533
867.9,845.257826050077,22.64217394992295
512.82,484.57227449917275,28.2477255008273
418.77,400.9532895611502,17.816710438849782
449.58,411.02306288507026,38.556937114929724
534.02,579.3105676254703,-45.29056762547032
608.6,642.0441395787664,-33.44413957876634
599.45,589.8336072333549,9.616392766645163
366.27,377.2921971424418,-11.022197142441826
612.07,601.8260570581748,10.243942941825253
554.29,549.9689874624215,4.32101253757844
882.54,892.6151882510102,-10.075188251010218
365.34,394.1328975075056,-28.792897507505643
667.66,654.0125780650802,13.647421934919748
625.9,596.4538776871643,29.446122312835655
696.64,603.5838389131607,93.05616108683932
349.66,423.90799632832994,-74.24799632832992
748.9,720.1675304764607,28.732469523539294
1434.45,1485.9113566904468,-51.46135669044679
913.09,848.4837654915639,64.60623450843616
891.06,925.6365862295836,-34.576586229583654
735.95,702.8005699343425,33.1494300656575
1231.72,1221.8465770143296,9.873422985670459
581.46,600.7210760680176,-19.261076068017587
1109.13,1102.2583773303184,6.871622669681756
473.14,477.6525729882671,-4.512572988267095
377.76,413.2459950477164,-35.485995047716415
825.95,806.5315661755353,19.418433824464728
1157.75,1218.217520843163,-60.4675208431629
529.14,528.3935202359968,0.7464797640031975
575.9,567.2630511384224,8.636948861577594
714.51,673.4033835094483,41.10661649055169
816.96,752.7805826177405,64.17941738225954
947.04,908.9114612789307,38.128538721069276
742.89,644.6915811453606,98.19841885463939
1757.58,1794.3047038092147,-36.724703809214816
495.63,482.3075054789729,13.322494521027068
365.03,357.41881769767224,7.611182302327734
1484.33,1438.9195211575943,45.41047884240561
934.53,851.8192536518613,82.71074634813863
663.68,638.4110699733797,25.268930026620296
848.51,831.1490580614034,17.360941938596625
1202.83,995.3163087620068,207.51369123799316
1104.37,1132.5908264154702,-28.220826415470356
735.31,842.7086402187174,-107.39864021871745
554.79,580.8458613399081,-26.05586133990812
710.33,666.0507155543584,44.27928444564168
992.22,1134.672954655918,-142.4529546559179
707.95,624.1551485206087,83.79485147939135
742.63,683.0167824655637,59.61321753443633
687.79,794.0823668241285,-106.29236682412852
842.76,926.5688410868003,-83.80884108680027
946.54,944.3305215067684,2.209478493231586
576.76,580.5261648614825,-3.76616486148248
546.19,525.0852074638932,21.104792536106856
568.76,608.3817846265246,-39.62178462652457
966.38,1074.8122231006653,-108.43222310066528
309.97,352.043731906682,-42.073731906681985
521.84,539.5622874231002,-17.72228742310017
750.45,682.8921155418042,67.55788445819587
938.78,996.5241742418442,-57.744174241844235
575.05,573.55394549282,1.496054507179906
1246.83,1201.317183457061,45.512816542938936
223.35,202.23471241183435,21.115287588165643
865.82,843.3363055977719,22.48369440222814
464.22,514.0809711033693,-49.86097110336925
555.72,548.1760623089358,7.5439376910642295
925.65,887.4303584760652,38.2196415239348
356.44,384.72675145880817,-28.28675145880817
414.01,430.6425764773347,-16.632576477334737
446.15,480.92141493214393,-34.771414932143955
841.59,815.4186582183629,26.171341781637125
1177.3,1133.6366562119636,43.6633437880364
567.82,543.7803069382966,24.039693061703474
839.96,846.7532561406379,-6.793256140637823
1035.12,963.8026780999525,71.31732190004743
958.1,991.3414301894269,-33.241430189426865
440.35,474.2531111103476,-33.903111110347595
125.27,292.59251197918906,-167.32251197918907
1653.46,1586.206786951561,67.25321304843897
440.26,449.8458195050608,-9.585819505060783
718.22,682.6441064217586,35.57589357824145
650.12,644.0501505967909,6.069849403209105
953.04,951.0753955264346,1.9646044735653732
227.11,241.56432672477635,-14.454326724776337
450.85,498.38711314171786,-47.53711314171784
515.89,531.1476471734358,-15.257647173435771
1018.75,938.327929467232,80.42207053276798
484.27,418.24367525235596,66.02632474764403
468.54,454.12809330406617,14.411906695933851
608.61,639.1804090988437,-30.570409098843697
434.69,469.30360720305333,-34.613607203053334
744.82,796.4321872704014,-51.612187270401364
848.26,937.2244854944115,-88.96448549441152
379.11,466.3751608348968,-87.26516083489679
682.07,738.835407205182,-56.76540720518199
1416.07,1386.4317958194626,29.638204180537286
829.68,748.7714960168487,80.90850398315126
906.11,900.7131512313895,5.396848768610539
503.74,479.72063986165807,24.019360138341938
203.48,219.86455441599946,-16.384554415999474
338.0,330.0170421491318,7.9829578508682175
1262.23,1325.3082756000695,-63.078275600069446
1923.35,1955.6105087572205,-32.26050875722058
627.07,603.0899626379563,23.98003736204373
1048.7,1047.9507938517932,0.7492061482068948
1099.32,1132.0374357460328,-32.717435746032834
706.71,700.1966683375829,6.513331662417158
1203.87,1213.4346960696219,-9.56469606962196
265.95,280.63328370968657,-14.683283709686577
3357.42,3307.8118907798794,49.608109220120696
515.52,451.75511323581367,63.764886764186315
778.38,763.6862065588208,14.693793441179196
682.0,638.7078506089213,43.29214939107874
826.96,825.0106827872538,1.949317212746223
751.82,737.7388414670794,14.081158532920654
968.4,974.7519612569826,-6.351961256982577
622.01,577.837879352758,44.17212064724197
135.84,199.48251224029812,-63.64251224029812
531.46,501.0718106635479,30.388189336452115
948.75,682.9536543655619,265.7963456344381
861.02,742.2293827353586,118.79061726464136
738.52,775.8595403429117,-37.33954034291173
719.75,662.4792853864001,57.27071461359992
395.03,328.17883917516525,66.85116082483472
474.85,495.35837765770754,-20.508377657707513
581.46,605.0824296543416,-23.622429654341545
530.5,496.15317459179266,34.34682540820734
538.9,492.11696321861336,46.78303678138661
805.49,830.15858917068,-24.66858917067998
1214.23,1226.546515560328,-12.316515560328071
102.29,259.87606079604797,-157.58606079604795
832.3,774.4563507147968,57.84364928520313
1568.48,1566.4446456332603,2.035354366739739
713.82,712.2685744785199,1.5514255214801551
287.48,283.0311627380453,4.448837261954736
508.42,548.6602795274257,-40.240279527425685
2171.92,2178.37206330587,-6.45206330587007
1649.02,1529.637085546116,119.38291445388404
1104.35,1079.852193035703,24.497806964296842
784.45,822.9717811558254,-38.52178115582535
453.51,441.42184675700025,12.088153242999738
705.79,689.4246102624929,16.36538973750703
630.56,625.054431242486,5.50556875751397
430.11,429.65995610989046,0.4500438901095549
280.02,322.9108118245636,-42.89081182456363
775.74,796.1231751183428,-20.38317511834282
1398.76,1320.1744851608755,78.58551483912447
780.25,722.7130333184597,57.53696668154032
471.41,474.71071759326054,-3.300717593260515
982.69,963.9581283442511,18.731871655748932
453.0,506.1381314593952,-53.1381314593952
685.09,614.6484046175541,70.44159538244594
762.6,711.0012897434322,51.59871025656787
502.23,468.8405105720068,33.389489427993226
521.6,516.5097893211555,5.090210678844528
1062.27,1045.5390795102303,16.730920489769687
426.14,413.78602945723543,12.353970542764557
311.96,363.19751119824036,-51.237511198240384
212.27,236.8406577609746,-24.570657760974598
317.23,351.5542575138942,-34.32425751389417
1419.55,1311.6489611277884,107.90103887221153
855.93,870.3877022144535,-14.457702214453548
1136.36,1180.9215523020657,-44.56155230206582
227.6,252.7192190700366,-25.119219070036593
237.53,251.22327722924518,-13.693277229245183
594.97,565.2660605919201,29.70393940807992
1038.62,1068.4351501837182,-29.815150183718288
1031.43,1031.7895715944696,-0.3595715944695712
1188.14,1170.6256186086312,17.514381391368943
154.94,227.4813090127106,-72.5413090127106
681.72,700.2912474121254,-18.57124741212533
1147.57,1197.3228909895547,-49.75289098955477
397.93,435.6274460710326,-37.69744607103257
593.52,577.5389777975918,15.981022202408212
414.58,360.4226235740689,54.15737642593109
1308.15,1194.405388983527,113.74461101647307
553.69,628.7610064401722,-75.07100644017214
804.03,895.7887868910868,-91.75878689108686
591.26,575.6083992964482,15.651600703551821
1528.78,1557.477571038039,-28.697571038039086
973.51,978.3851614967498,-4.875161496749797
1112.76,1026.21738392215,86.54261607784997
802.57,761.6062429212179,40.96375707878212
534.14,556.418481685169,-22.278481685169027
1633.92,1443.2488086089434,190.6711913910567
931.78,925.582436779105,6.197563220894949
2467.39,2427.1271549766225,40.262845023377395
472.39,492.5386963668666,-20.148696366866602
585.01,668.0706345296645,-83.06063452966453
646.26,672.1322920371083,-25.87229203710831
702.84,727.6275607800036,-24.78756078000356
1358.11,1380.3173799663396,-22.20737996633966
495.5,479.5489059061852,15.951094093814788
444.77,494.43706772605503,-49.66706772605505
389.78,361.5334629269446,28.24653707305538
361.51,391.92884122325364,-30.41884122325365
659.22,626.6574441193554,32.562555880644595
979.11,924.0008150926215,55.10918490737856
1276.3,1312.0320968135266,-35.732096813526596
913.71,887.2414546321147,26.468545367885326
430.0,412.7713423248932,17.228657675106774
2870.67,2629.2231352610106,241.44686473898946
567.25,556.7540830202532,10.495916979746767
690.29,685.9853255829933,4.304674417006709
1848.7,1846.8760994917202,1.8239005082798485
548.04,563.3238031556571,-15.283803155657097
704.75,635.8898211498649,68.86017885013507
754.24,781.2702471761719,-27.030247176171883
1208.99,1216.1535620647098,-7.163562064709822
678.13,672.6340233898841,5.4959766101159175
1647.67,1672.230546476593,-24.56054647659289
955.15,957.6335602629731,-2.4835602629731284
557.47,616.743678766015,-59.273678766014996
979.9,1010.353950385062,-30.453950385062058
628.56,649.0721532484995,-20.512153248499544
645.66,667.9183374216689,-22.258337421668898
87.1,128.2351782082271,-41.1351782082271
1043.85,1136.2642909262154,-92.41429092621547
796.47,849.4259493575852,-52.955949357585155
673.68,635.3378886812405,38.34211131875941
1963.89,1865.0391932956838,98.85080670431626
2752.97,2760.8403660901404,-7.870366090140578
319.63,389.64744782364966,-70.01744782364966
1312.02,1303.6986909266857,8.321309073314296
433.21,506.3799477387896,-73.16994773878963
923.52,938.9997945085366,-15.479794508536656
977.45,891.4067127146491,86.04328728535097
825.6,822.4258342528567,3.17416574714332
410.16,406.0353620155695,4.124637984430535
147.5,122.88353914679574,24.61646085320426
1275.87,1272.0981690753817,3.7718309246181434
398.5,375.0837553722053,23.416244627794697
622.26,601.0542024277668,21.205797572233223
607.25,654.1372181294937,-46.887218129493704
652.86,644.2721166974959,8.58788330250411
309.74,322.2806084635838,-12.540608463583794
1456.75,1365.863615931973,90.88638406802693
840.37,831.7289946681902,8.641005331809765
1417.54,1381.1671824160976,36.37281758390236
851.28,916.0866375305336,-64.80663753053364
451.25,428.8749040606033,22.375095939396715
800.74,758.9117766349179,41.82822336508207
251.01,268.0657045034437,-17.055704503443735
398.01,559.1878017228927,-161.1778017228927
542.12,555.5383111679727,-13.41831116797266
950.89,930.2627166555931,20.62728334440692
1591.22,1670.3054920766817,-79.0854920766817
1415.15,1221.2620297728918,193.88797022710833
549.23,599.1255484228909,-49.8955484228909
673.53,676.2440839853838,-2.714083985383809
341.1,355.65915621357783,-14.559156213577808
1396.86,1365.2779624181987,31.58203758180116
900.95,778.1475272487918,122.80247275120826
451.44,455.0713160344844,-3.6313160344844277
829.51,865.1488425586392,-35.638842558639226
665.18,678.8267381131153,-13.646738113115362
271.03,240.14545918393276,30.884540816067215
837.39,867.3724025878497,-29.98240258784972
604.0,651.6555361228468,-47.6555361228468
1156.02,1147.5894683357271,8.430531664272849
800.62,854.5481147735811,-53.928114773581115
777.28,761.7468143751057,15.533185624894259
952.68,904.0434378675623,48.63656213243769
836.29,884.9903503072973,-48.7003503072973
743.33,753.3711069539303,-10.041106953930239
640.89,649.3113015682148,-8.421301568214858
821.94,839.9676288154856,-18.027628815485514
788.65,812.4198377813766,-23.769837781376623
849.53,920.874270784353,-71.34427078435306
1496.22,982.4841606911799,513.7358393088201
826.72,848.8537777895145,-22.13377778951451
547.5,547.8936393553291,-0.3936393553291282
388.81,445.9004530522212,-57.09045305222122
663.28,686.9714019150881,-23.691401915088136
365.85,372.6702255083191,-6.8202255083190835
615.92,725.1827997796296,-109.26279977962963
555.22,535.5794337125834,19.64056628741662
782.42,768.4638069786592,13.95619302134071
465.25,486.84173048073063,-21.591730480730632
470.76,532.598401878898,-61.838401878898026
437.15,463.09176310406684,-25.941763104066865
666.63,627.1982267702961,39.431773229703936
462.64,472.07797387741584,-9.437973877415857
2133.87,1946.8428324529311,187.02716754706876
519.91,466.89014727952303,53.01985272047693
574.11,539.9243566981539,34.185643301846085
330.61,349.3775358130426,-18.76753581304257
558.47,587.8595556709812,-29.389555670981167
784.48,770.4872879668999,13.992712033100133
340.98,366.2790629006893,-25.299062900689307
640.87,591.3149440529222,49.55505594707779
443.73,397.8146552513391,45.915344748660914
1494.24,1441.325469923936,52.91453007606401
1342.13,1210.7538449139265,131.3761550860736
426.53,329.87520979915115,96.65479020084882
1250.08,1155.8390173335179,94.24098266648207
499.47,485.23821358594955,14.231786414050475
853.93,861.8025411610776,-7.872541161077606
521.17,569.7278495231741,-48.55784952317413
350.08,381.80899438496516,-31.728994384965176
730.38,779.6824390836099,-49.3024390836099
791.28,791.4398072405584,-0.15980724055839346
640.06,640.3437968813289,-0.28379688132895353
1465.88,1326.6511391183108,139.22886088168934
509.76,504.9043591003602,4.855640899639809
871.95,795.1952781647043,76.75472183529575
660.31,567.0160160589921,93.29398394100781
1403.1,1442.8533954801685,-39.75339548016859
509.79,476.10324570926775,33.68675429073227
287.89,330.67512280410267,-42.785122804102684
838.6,809.7715917556526,28.82840824434743
358.73,378.8908331427679,-20.1608331427679
988.49,945.8749899159833,42.61501008401672
720.03,709.7449491593893,10.285050840610666
419.94,396.54538509838216,23.394614901617842
1145.25,1134.7656989930279,10.484301006972146
640.87,598.8734517721689,41.99654822783111
431.74,385.76577513120253,45.97422486879748
1012.82,984.3299948318139,28.490005168186144
591.87,602.3924275168746,-10.522427516874586
2393.92,2309.80012821702,84.11987178298023
500.69,511.4607499548619,-10.770749954861913
320.71,368.52756378864865,-47.81756378864867
884.41,884.0925540038817,0.3174459961182947
1233.5,1170.0555210714354,63.44447892856465
909.32,899.1203071871331,10.199692812866942
1234.66,1096.3372596482889,138.32274035171122
1100.12,1024.5504696343103,75.56953036568962
434.84,560.4307170785464,-125.59071707854645
349.04,340.11690706490276,8.923092935097259
987.87,984.8768483161832,2.993151683816791
168.38,200.64819808608578,-32.26819808608579
1458.25,1370.5514388336321,87.69856116636788
1869.03,1820.8566975164838,48.17330248351618
776.53,794.121236140767,-17.591236140767023
1124.24,1236.5554388576031,-112.31543885760311
1816.6,1924.4822326670478,-107.8822326670479
693.08,738.9674494019715,-45.88744940197148
1099.79,1133.6470332708382,-33.8570332708382
2194.73,2239.8985646090155,-45.16856460901545
481.7,590.5592746873722,-108.85927468737219
499.33,460.9965363390528,38.33346366094719
477.99,487.2795179329912,-9.289517932991203
822.86,835.6410166600385,-12.781016660038517
662.67,655.7507592478822,6.91924075211773
702.24,659.873186623095,42.36681337690504
448.74,436.2919892740894,12.448010725910592
552.54,543.795345374492,8.74465462550802
2154.34,2319.7529679701047,-165.41296797010455
1355.4,1358.8342698409444,-3.434269840944353
844.26,809.2180225983356,35.04197740166444
953.01,973.2195803754878,-20.209580375487803
883.19,782.678201905191,100.51179809480902
1859.04,1809.7397402694735,49.30025973052648
663.85,669.1619131863572,-5.311913186357174
658.65,660.5043393807682,-1.8543393807682378
1637.6,1647.2455004302508,-9.645500430250877
942.02,955.372804820557,-13.352804820557026
639.56,622.5469693194158,17.013030680584166
379.82,393.12896078849826,-13.308960788498268
750.98,798.6760042272559,-47.69600422725591
649.53,643.4092421174887,6.1207578825112705
284.11,336.77661855253297,-52.66661855253295
1278.22,1264.6283829931706,13.591617006829438
751.38,532.5756304718261,218.80436952817388
413.87,408.92318430774395,4.946815692256052
456.37,540.4471867591581,-84.07718675915805
381.94,412.01336474052596,-30.07336474052596
664.49,631.9369360992375,32.55306390076248
606.96,658.8009267010783,-51.840926701078274
971.56,954.5786110398152,16.981388960184745
683.73,701.4665742086072,-17.73657420860718
772.21,763.8956512154998,8.314348784500226
452.04,460.9066664909012,-8.866666490901196
685.59,728.7640973429196,-43.174097342919595
353.92,366.2712978251804,-12.351297825180382
702.46,756.0383362562741,-53.57833625627404
978.14,943.9116793619345,34.2283206380655
1131.41,1196.5837113410973,-65.17371134109726
2500.8,2427.999859588845,72.8001404111551
823.66,840.3446763206514,-16.68467632065142
1213.35,1253.4239904007634,-40.07399040076348
1232.79,1236.2731499271622,-3.4831499271622306
546.88,616.6697821194216,-69.7897821194216
474.1,481.87720071306927,-7.777200713069249
1212.54,938.850006769132,273.6899932308679
967.11,933.5893686029148,33.52063139708525
760.86,708.1322288454467,52.72777115455335
982.37,985.4260489547835,-3.0560489547834777
374.24,373.2827356168298,0.9572643831701839
586.89,598.9070723820963,-12.01707238209633
638.08,642.6975391193868,-4.61753911938672
573.12,603.8654086458431,-30.7454086458431
1902.57,1928.444187080584,-25.87418708058408
457.8,438.200322060857,19.59967793914302
850.18,859.774254281239,-9.594254281239046
512.33,546.3147338814548,-33.98473388145476
685.62,640.6394249404186,44.98057505958138
601.66,578.1195578039775,23.540442196022468
821.55,731.9331446388105,89.61685536118944
1232.03,1147.1601349740308,84.86986502596915
248.96,301.4238408436247,-52.463840843624695
333.17,361.3104252744719,-28.14042527447191
597.01,554.1665328005237,42.84346719947632
880.51,896.692668715631,-16.182668715631053
440.34,455.90595629331636,-15.56595629331639
1004.43,986.150137015924,18.279862984075976
1121.45,1091.1847315711782,30.265268428821855
417.24,421.1797897640487,-3.939789764048669
869.84,812.1771433095578,57.662856690442254
661.63,656.2877905588773,5.342209441122691
668.48,659.6372533709683,8.842746629031694
842.12,754.7755914730362,87.34440852696378
2393.8,2438.0376070965867,-44.237607096586544
577.1,565.3359177635905,11.764082236409536
556.97,592.7129547696317,-35.74295476963164
2366.89,2290.2541098207716,76.63589017922823
271.25,319.2034362955704,-47.953436295570384
378.31,346.0156588537512,32.294341146248826
517.76,559.8293003385593,-42.06930033855929
570.95,616.9551109860822,-46.00511098608217
471.41,507.39175694480565,-35.981756944805625
309.43,343.4404614854371,-34.01046148543708
573.57,545.6862430205019,27.883756979498116
1313.0,1361.4209066366925,-48.42090663669251
753.37,762.1991677061314,-8.829167706131443
492.14,370.2439774241341,121.89602257586591
605.15,616.1514735954185,-11.001473595418474
1790.3,1672.6356727203913,117.66432727960864
646.38,661.2526534098278,-14.872653409827763
625.09,580.3220645900349,44.76793540996516
794.65,796.3193318697109,-1.669331869710959
1055.03,946.2667194759657,108.76328052403426
653.78,711.9411311216359,-58.16113112163589
1678.21,1706.3181832891871,-28.10818328918708
1166.91,1208.9037935235053,-41.993793523505246
1430.82,1489.3949414397314,-58.57494143973145
413.09,477.88628885823823,-64.79628885823826
1031.09,1028.295530098815,2.7944699011848115
190.24,169.5725880075649,20.66741199243512
1345.5,1382.3452034318566,-36.84520343185659
600.97,504.25440359838313,96.71559640161689
1233.38,1338.3499149717559,-104.96991497175577
1152.16,1171.4758644406065,-19.315864440606447
1508.03,1596.2069644873457,-88.17696448734569
1991.47,1995.9472699394837,-4.477269939483676
388.28,435.9662717648633,-47.68627176486331
1057.92,1018.9918262308872,38.928173769112846
950.26,981.7442954812053,-31.484295481205322
1049.43,1045.4695495716,3.9604504284000086
413.61,399.9226268183173,13.687373181682688
646.16,629.1451095457535,17.014890454246483
781.7,874.9035071406565,-93.20350714065648
982.77,951.2964919766558,31.473508023344152
432.22,490.2433735548311,-58.023373554831096
910.51,859.3438474373347,51.166152562665275
877.35,752.5153571678554,124.8346428321446
759.42,746.1184176065104,13.301582393489525
777.8,716.0687161845594,61.73128381544052
731.4,734.8433030366594,-3.443303036659472
206.84,288.7254949251008,-81.8854949251008
837.89,685.302777469465,152.58722253053497
386.12,379.6892860356228,6.430713964377219
963.43,944.6341533648325,18.795846635167436
499.6,446.6951694191999,52.90483058080014
769.13,741.0157933210667,28.11420667893333
645.76,707.2560255393503,-61.496025539350285
676.72,768.0618250600785,-91.34182506007846
1298.83,1318.6302329651992,-19.800232965199257
774.91,723.669283580568,51.24071641943192
1201.18,1213.9397986080287,-12.759798608028632
343.66,338.16851019899264,5.49148980100739
1028.79,964.6346903033,64.15530969669999
713.0,676.6510354890925,36.348964510907535
573.33,493.48743923428896,79.84256076571108
505.3,543.8689679881696,-38.56896798816962
171.28,154.2088665290169,17.071133470983114
688.87,647.8334571690629,41.03654283093715
279.13,311.1350983236477,-32.0050983236477
84.85,204.74363864574536,-119.89363864574537
527.06,567.5356498753354,-40.47564987533542
597.63,594.0890505513116,3.540949448688366
656.23,634.7887449201254,21.441255079874622
770.06,740.2903607983685,29.769639201631435
855.13,903.0816118559787,-47.95161185597874
455.92,422.3531120624382,33.56688793756183
994.51,965.032192991022,29.477807008977948
867.04,840.0639250044029,26.97607499559706
1174.8,1196.3066189738358,-21.506618973835884
973.34,986.8290396865725,-13.489039686572482
654.6,646.1198982949252,8.480101705074844
985.56,1014.0894857945879,-28.529485794587913
77.58,190.61746938035128,-113.03746938035128
538.37,495.59083349393535,42.779166506064655
448.2,441.8494150248689,6.350584975131085
672.15,659.8784747955143,12.27152520448567
892.02,825.1402818401125,66.87971815988749
510.49,548.2093382557807,-37.71933825578071
700.26,694.5510040147076,5.708995985292404
632.66,634.8452997253058,-2.1852997253058675
462.76,485.1712028858354,-22.411202885835394
87.01,189.44880741192102,-102.43880741192102
680.46,662.2296078237357,18.23039217626433
321.74,347.57246825570786,-25.83246825570785
841.04,863.0933162374563,-22.05331623745633
571.27,579.7388732174238,-8.468873217423834
469.47,513.8971592057161,-44.427159205716066
906.85,904.3303115755489,2.5196884244511466
867.79,930.0844999925657,-62.29449999256576
744.41,698.1423671546636,46.26763284533638
882.74,899.5010720812782,-16.761072081278144
649.8,601.8272126580342,47.97278734196573
760.7,764.4622576081583,-3.7622576081582793
1320.39,1365.3066521449425,-44.91665214494242
383.59,448.45911505549816,-64.86911505549818
626.68,624.8490094615105,1.8309905384894591
728.08,733.5270919129879,-5.447091912987844
1286.82,1287.9623671016127,-1.1423671016127628
285.79,296.89160729455637,-11.101607294556345
875.15,952.6312804233054,-77.4812804233054
754.48,743.5129295229106,10.967070477089464
381.83,378.5712197379779,3.2587802620220714
371.01,374.3014842383373,-3.2914842383373184
806.36,763.6988833579136,42.66111664208643
1438.11,1523.991394119135,-85.88139411913517
427.99,439.5511783562271,-11.561178356227117
437.49,527.9045927413168,-90.41459274131682
394.82,446.8676413054628,-52.04764130546283
416.83,448.1480921392788,-31.318092139278804
851.98,667.1713513883017,184.80864861169835
835.15,907.6240501152415,-72.47405011524154
942.51,821.6792020950179,120.83079790498209
697.63,709.4474327583979,-11.8174327583979
406.6,430.98271110088973,-24.382711100889708
1120.72,1168.2732727965335,-47.55327279653352
421.41,426.016630590825,-4.606630590824977
134.2,155.0093209734899,-20.809320973489918
453.51,432.79167958262224,20.718320417377754
1615.8,1554.6540949774985,61.14590502250144
737.72,692.7653482821947,44.95465171780529
519.9,503.64891329366253,16.251086706337446
395.61,387.20857098895925,8.401429011040761
580.21,574.8520737978641,5.3579262021359
402.89,424.7692624372609,-21.879262437260934
1250.46,1149.3966946865953,101.06330531340473
301.87,326.0172584013654,-24.147258401365377
1331.88,1302.4357053853857,29.444294614614364
630.07,616.9166571018236,13.153342898176447
821.55,801.0790645412357,20.470935458764302
1042.91,900.5111623195148,142.39883768048526
501.99,551.354932486262,-49.36493248626198
1004.63,1128.0273608839407,-123.39736088394068
695.49,638.0939550180614,57.396044981938644
423.2,433.25613157122683,-10.056131571226842
963.79,1006.1285549640113,-42.33855496401134
265.22,335.90714832918064,-70.68714832918062
247.36,301.5596071854757,-54.19960718547571
520.29,522.3508983319176,-2.060898331917656
422.4,438.0577266699678,-15.657726669967815
332.32,402.67390554157,-70.35390554156999
758.31,778.1928148968296,-19.8828148968297
730.49,665.2687446178052,65.22125538219484
637.17,635.8713497941579,1.2986502058420228
1130.49,1173.1784146081932,-42.68841460819317
805.83,965.286529285206,-159.456529285206
238.01,257.58726288886356,-19.577262888863572
675.03,640.4723204846281,34.55767951537189
368.7,390.62035361453144,-21.92035361453145
716.52,723.8946646987479,-7.3746646987478925
303.17,324.22225572917085,-21.052255729170838
405.61,381.4954259969062,24.11457400309382
1507.69,1537.4253518141397,-29.735351814139676
334.79,325.6525435729875,9.137456427012523
603.35,657.3740657763917,-54.024065776391694
798.09,721.4538707147404,76.63612928525959
252.91,305.8926467936822,-52.98264679368222
825.2,887.8839957747035,-62.683995774703476
478.44,477.5617970500722,0.878202949927811
1158.53,1088.4057646035558,70.12423539644419
1178.99,1152.6447252152495,26.345274784750472
657.4,600.5957338728568,56.80426612714314
864.62,889.9482249535861,-25.328224953586073
319.19,306.6802961612396,12.509703838760402
397.03,386.3109418477139,10.719058152286095
912.09,948.0504723575002,-35.96047235750018
850.34,888.7052874758397,-38.36528747583964
683.06,662.8585332159381,20.201466784061836
1248.79,1274.2892978941907,-25.499297894190704
958.16,830.2586889146874,127.90131108531261
733.96,762.5825545332393,-28.62255453323928
407.81,376.0454602722881,31.764539727711906
399.08,475.1041420970838,-76.02414209708382
1108.21,1154.9654037052749,-46.75540370527483
1364.5,1244.6928695622553,119.80713043774472
839.81,808.6228852021733,31.187114797826666
49.79,74.97081408686486,-25.180814086864864
1117.9,1010.7093846947693,107.19061530523084
507.91,491.48046403671134,16.429535963288686
947.37,940.8008852150754,6.569114784924636
641.32,646.4100838471431,-5.090083847143092
430.16,404.063148070299,26.096851929701018
563.13,573.2241628314507,-10.094162831450717
1371.92,1058.994504141663,312.9254958583372
710.57,739.3741638127293,-28.804163812729257
1356.17,1358.3471071966678,-2.177107196667748
1107.12,1183.5761116192516,-76.45611161925171
341.84,323.02793432870817,18.812065671291805
551.31,543.7875019897407,7.522498010259255
716.69,735.6202306822573,-18.930230682257275
1692.42,1630.320561119827,62.09943888017301
245.82,228.08992024216084,17.73007975783915
734.64,726.6987743682646,7.941225631735392
1416.36,1345.4313680169591,70.92863198304076
1064.2,1059.2028130646636,4.997186935336458
882.73,889.483696678102,-6.75369667810196
722.66,756.3887395410375,-33.7287395410375
1830.53,1696.4025735392156,134.12742646078436
525.31,525.9903596521686,-0.6803596521687041
608.1,600.917281931628,7.182718068371969
1555.19,1525.8125079450986,29.377492054901495
1095.65,1143.4708149724374,-47.82081497243735
409.31,489.9074967300635,-80.59749673006348
1392.28,1483.1462119315381,-90.86621193153815
1040.76,1071.7010806191283,-30.941080619128343
662.47,680.5491600426236,-18.079160042623585
703.42,702.8049914668645,0.6150085331354376
504.08,509.9814619299178,-5.9014619299178435
1048.6,948.2759081909423,100.32409180905756
593.82,588.0948091840645,5.725190815935548
369.68,411.9231626755014,-42.24316267550137
399.2,378.54798963639684,20.652010363603154
712.37,697.5220931781869,14.847906821813126
279.06,259.28690476378966,19.773095236210338
625.69,581.2496473415736,44.44035265842649
616.38,616.5150235336923,-0.13502353369233333
255.39,213.6993390086309,41.6906609913691
815.64,772.9443913723339,42.69560862766605
795.62,841.1245978174168,-45.504597817416766
463.19,475.0532887091609,-11.863288709160884
427.62,397.44584885720207,30.17415114279794
839.73,854.168946144826,-14.43894614482599
367.06,370.191571233197,-3.1315712331970076
434.32,430.70368530024206,3.616314699757936
1236.15,1193.0117593095663,43.138240690433804
543.13,557.5370885330043,-14.407088533004298
1061.95,1047.5805878862848,14.36941211371527
640.14,641.4226332376363,-1.2826332376363325
791.08,840.8943631820707,-49.81436318207068
941.7,954.4535755902699,-12.753575590269861
170.38,184.17085130786188,-13.790851307861885
706.56,690.9665541396685,15.593445860331485
659.27,615.4815876962398,43.7884123037602
814.33,775.3231204065243,39.00687959347579
477.38,539.3962168891532,-62.016216889153156
1469.48,1541.5926732349697,-72.11267323496963
913.04,871.4919168786123,41.54808312138766
758.04,758.5073306597666,-0.4673306597666169
512.58,521.071316539568,-8.491316539567947
576.75,604.7336156869394,-27.9836156869394
850.65,827.6670931648418,22.982906835158133
490.94,549.6345682969317,-58.694568296931664
648.65,602.3971368004466,46.25286319955342
784.6,796.4842065712069,-11.884206571206846
1429.15,1403.8879943303662,25.262005669633936
943.1,898.0075999613813,45.092400038618734
1298.31,1259.7947878217396,38.5152121782603
484.39,488.83137851542097,-4.441378515420979
794.58,860.1720277990828,-65.59202779908276
816.08,844.497412792065,-28.417412792064965
1010.48,990.5088363826842,19.971163617315824
553.54,493.12350560818226,60.41649439181771
1031.89,980.6929136297002,51.19708637029987
962.95,1008.048176875559,-45.09817687555892
244.31,268.79667602874395,-24.486676028743943
900.23,883.2459149692569,16.98408503074313
988.11,1005.7935909566586,-17.683590956658577
596.37,534.0537265064872,62.31627349351277
777.93,758.1115595109636,19.818440489036334
541.67,506.02022357734916,35.6497764226508
661.12,612.5094681659581,48.61053183404192
552.61,556.0409545962534,-3.4309545962534003
310.01,300.69489693369815,9.315103066301845
470.28,491.0108758568631,-20.730875856863122
645.69,679.5253430469078,-33.835343046907724
1300.47,1359.0755356223353,-58.60553562233531
616.66,629.7375550214642,-13.077555021464264
807.47,817.4789519842193,-10.008951984219266
402.12,395.8155245580628,6.3044754419372
507.37,500.97522630142527,6.394773698574738
404.68,392.68326373408007,11.996736265919935
557.18,502.8916711994017,54.288328800598265
904.79,992.7126963416122,-87.92269634161221
576.61,566.6916334475837,9.918366552416273
918.73,884.2054266001022,34.524573399897804
320.88,344.529465966803,-23.649465966803007
453.64,431.43869212035077,22.20130787964922
560.63,620.4298030263936,-59.79980302639365
728.68,668.3719973252641,60.3080026747358
1017.15,1090.3316390831524,-73.18163908315239
1255.82,1273.0495969255217,-17.22959692552172
821.45,863.7711542295486,-42.3211542295486
970.06,998.305409652991,-28.245409652991043
1364.96,1388.9152709049529,-23.95527090495284
1582.79,1642.9909397173224,-60.2009397173224
726.61,748.0011968010642,-21.39119680106421
763.85,646.147504244795,117.70249575520506
1598.86,1520.0871561521867,78.77284384781319
1028.24,1088.2816101880946,-60.04161018809464
1183.41,1288.0497983330804,-104.63979833308031
860.96,907.5699686639282,-46.60996866392816
834.25,790.0131483505204,44.236851649479604
532.85,501.05813731239516,31.791862687604862
753.0,832.3315346651859,-79.33153466518593
444.86,451.3222142816721,-6.462214281672061
379.77,379.5627640529415,0.207235947058507
649.4,628.5261975879856,20.873802412014356
1079.67,1070.2127668839553,9.45723311604479
547.72,516.1241657472696,31.59583425273047
1003.14,1077.3543594309428,-74.21435943094286
1595.45,1566.9605799715919,28.489420028408176
1021.69,1131.1140388907788,-109.42403889077877
434.09,423.8854699808893,10.204530019110678
192.9,232.447357144935,-39.547357144935006
961.77,952.0458001959882,9.724199804011732
415.27,409.4750589747326,5.794941025267406
577.7,520.6704244008465,57.02957559915353
1635.15,1595.1187459594842,40.03125404051593
893.58,851.3243767068402,42.25562329315983
230.32,234.12236617425268,-3.8023661742526826
1044.65,1063.7512781880255,-19.10127818802539
876.81,864.2556821390589,12.554317860941069
1160.38,1114.8046927436856,45.575307256314545
2020.49,2191.7944897166967,-171.3044897166967
493.35,527.756062835106,-34.40606283510601
692.58,718.5409071264669,-25.96090712646685
495.07,512.589548058632,-17.519548058631983
774.91,790.4694624398447,-15.559462439844765
716.39,723.6830976983082,-7.293097698308202
541.64,580.0781059359274,-38.43810593592741
452.28,472.0724671481717,-19.79246714817174
703.58,683.1782686703637,20.40173132963639
731.45,793.8389991034633,-62.38899910346322
545.71,527.9923343314539,17.717665668546147
837.18,789.9342373437538,47.24576265624614
768.12,719.805755365421,48.31424463457904
1882.04,1897.7349275913575,-15.694927591357555
519.78,503.15020059589085,16.62979940410912
1381.03,1345.5544143200218,35.47558567997817
618.12,620.0595789390032,-1.9395789390032405
269.45,267.01651452335443,2.433485476645558
1111.98,1154.8792062656948,-42.89920626569483
1853.99,1722.0642151634734,131.92578483652665
599.8,584.738610158527,15.061389841472987
376.49,360.6442969523231,15.84570304767692
318.02,328.36464045862897,-10.344640458628987
144.36,225.22087918929927,-80.86087918929925
642.38,656.2367279808363,-13.856727980836354
640.93,656.4494362395649,-15.519436239564925
1114.46,1094.6118296819313,19.848170318068696
850.78,808.2864991440669,42.49350085593312
700.57,744.4710474387812,-43.90104743878112
886.54,983.0809690149288,-96.5409690149288
807.56,761.0044477695291,46.55555223047088
443.63,517.818323306948,-74.18832330694795
437.99,447.4757000609714,-9.485700060971396
363.71,381.55857649464394,-17.848576494643964
770.7,812.5096984263365,-41.80969842633647
746.62,623.3212536710813,123.2987463289187
783.32,823.5351786423857,-40.215178642385695
150.98,258.7295952346823,-107.74959523468229
386.63,460.24433717529143,-73.61433717529144
654.4,712.1564674531684,-57.7564674531684
613.05,642.1714325612911,-29.121432561291158
638.18,779.8289223244066,-141.6489223244066
451.37,429.82777437031535,21.54222562968465
636.19,582.1853404853377,54.00465951466231
624.22,652.609689495226,-28.38968949522598
845.05,866.1316074096068,-21.081607409606818
494.71,451.74050845767584,42.969491542324135
590.16,565.1559814489183,25.004018551081685
635.61,697.8481260835772,-62.238126083577185
518.12,501.70869054269747,16.411309457302536
636.62,660.3951022202418,-23.77510222024182
890.5,847.3209055524051,43.179094447594935
556.73,556.9968905308697,-0.2668905308696594
662.94,705.5783107143106,-42.63831071431059
1726.77,1072.8959010745375,653.8740989254625
660.08,618.0549787436952,42.02502125630485
890.92,846.6442980853357,44.275701914664296
738.17,690.1834827682153,47.98651723178466
406.24,601.6034950958764,-195.36349509587637
1753.76,1683.1565690843797,70.60343091562027
517.93,498.5927487546377,19.337251245362268
261.37,287.8470145729149,-26.477014572914868
495.85,529.8940747199996,-34.04407471999957
2078.94,1895.69180480403,183.24819519597008
668.29,630.0050021146624,38.28499788533759
1433.23,1368.4167451363546,64.8132548636454
613.86,584.4785150390695,29.381484960930493
602.34,646.6831584293634,-44.34315842936337
420.25,460.44405961733696,-40.19405961733696
1490.65,1464.0263948146792,26.623605185320912
1035.18,1027.910375524821,7.269624475179171
783.03,821.5531567151074,-38.52315671510746
895.36,868.4147290906585,26.945270909341502
1033.84,1002.3199062177316,31.520093782268304
772.98,757.6098032480775,15.370196751922549
1308.29,1295.7022288809994,12.587771119000536
628.97,599.8568559473241,29.11314405267592
416.93,365.78029097144133,51.149709028558675
653.99,651.4320701451434,2.5579298548566385
246.56,322.6220849983384,-76.06208499833838
806.47,717.407656231057,89.06234376894304
452.12,524.2745440943177,-72.15454409431766
1058.1,1083.700539914568,-25.600539914568117
539.64,539.7752118549994,-0.13521185499939747
466.9,527.1901324768373,-60.29013247683736
972.74,972.4829177019219,0.2570822980781031
899.27,956.3156772026991,-57.04567720269915
282.59,255.33025211280417,27.2597478871958
201.16,203.94086170724376,-2.7808617072437585
663.59,676.9131887013621,-13.323188701362028
565.0,609.5858532285898,-44.585853228589826
871.54,865.7504793522012,5.789520647798781
694.47,752.0828940633326,-57.61289406333253
42.96,86.7959734269212,-43.83597342692119
453.25,470.4062858800777,-17.15628588007769
626.58,695.2716578719372,-68.6916578719372
1273.16,1236.508026706412,36.65197329358807
240.33,226.98274002314577,13.347259976854247
709.58,745.1547261820702,-35.57472618207021
1231.35,1136.9916267934673,94.35837320653263
169.66,203.77122037713764,-34.11122037713764
1287.76,1276.9295713949978,10.830428605002226
849.86,815.5359678747612,34.32403212523877
769.0,770.6554438662015,-1.6554438662014945
651.58,714.0443014198306,-62.464301419830576
1100.51,1085.716353897434,14.793646102566072
720.04,673.5865116666631,46.45348833333685
374.79,342.4093092779567,32.38069072204331
850.94,853.4801257930872,-2.5401257930870997
829.26,881.1697143040702,-51.909714304070235
1381.44,1411.7570584499929,-30.317058449992828
796.55,888.5760002766146,-92.0260002766147
592.52,637.9969830234892,-45.4769830234892
407.35,412.3457851681462,-4.995785168146199
449.42,461.2674128579305,-11.847412857930465
366.14,381.3836947188163,-15.2436947188163
1786.71,1794.383180074422,-7.673180074421907
1484.92,870.1178781948233,614.8021218051767
232.99,284.54236357910486,-51.55236357910485
696.14,657.2858345824025,38.85416541759753
1069.81,1097.0178340328084,-27.207834032808478
413.87,463.1881135675275,-49.31811356752752
328.54,329.9828709773209,-1.4428709773208652
806.89,787.313322739439,19.57667726056104
457.36,452.4187940639481,4.941205936051915
294.84,295.10342627779346,-0.26342627779348504
623.01,622.0145545840045,0.9954454159955048
644.42,656.7185398259654,-12.298539825965463
1633.28,1663.9190989543285,-30.639098954328574
840.22,831.9607613304661,8.259238669533943
810.7,857.7858858601306,-47.08588586013059
800.16,775.024414607197,25.135585392803023
709.44,718.9008878924021,-9.46088789240207
590.85,594.2804774687655,-3.4304774687655026
846.38,859.905252269373,-13.525252269373027
680.45,751.3247207209072,-70.87472072090713
820.05,863.10174128336,-43.05174128336
823.08,866.0001248542559,-42.920124854255846
814.47,757.5023253382365,56.96767466176357
354.95,429.4003449473005,-74.4503449473005
338.44,359.383303963143,-20.943303963143023
881.59,851.9936975325061,29.596302467493956
735.78,784.1355842757849,-48.35558427578496
700.66,717.9002674794683,-17.240267479468343
731.09,751.7854606114768,-20.695460611476733
387.0,373.4641354972911,13.535864502708876
1024.89,999.2133743303111,25.676625669688974
615.93,656.4826121849107,-40.5526121849108
635.72,668.7413127254481,-33.02131272544807
1790.18,1847.3694013261868,-57.189401326186726
517.75,505.63872469445425,12.111275305545746
628.2,630.8012102984003,-2.6012102984002468
376.68,405.5149200415823,-28.83492004158228
520.58,486.798781836238,33.78121816376205
388.89,410.0069943372237,-21.11699433722373
1815.67,1688.0037665521022,127.66623344789787
410.31,430.19435682904344,-19.88435682904344
834.71,833.1213160138789,1.5886839861211683
350.65,383.0537420274936,-32.40374202749365
1810.42,1681.2107078587449,129.20929214125522
1397.25,1421.1108460089565,-23.860846008956514
567.64,560.9527104358862,6.687289564113826
1077.59,1027.9133989915522,49.67660100844773
647.27,598.8665035155896,48.403496484410425
440.27,464.00212353320376,-23.732123533203776
2102.22,2300.1071730152444,-197.88717301524457
664.68,633.5633191806073,31.116680819392627
736.51,744.9641396026896,-8.454139602689565
775.76,789.7696845593525,-14.009684559352536
439.08,489.47326160079933,-50.39326160079935
453.23,512.4930276236084,-59.26302762360842
972.42,939.1209471012999,33.2990528987001
755.9,730.8722690001315,25.02773099986848
606.27,586.0732781861949,20.196721813805084
1115.66,995.2879173526455,120.37208264735455
1124.38,1138.0044035466162,-13.624403546616122
937.39,871.2009692584189,66.18903074158106
1673.32,1819.2696587875248,-145.94965878752487
328.73,402.03172226826445,-73.30172226826443
455.91,454.7169930210371,1.1930069789628988
588.6,613.1529618457514,-24.552961845751383
1047.25,1023.7998096783454,23.450190321654645
778.06,805.9671656422279,-27.907165642227937
1136.46,1036.1111931347514,100.34880686524866
1322.66,1287.2767939661333,35.38320603386683
1103.86,1191.8989174926694,-88.0389174926695
1147.06,1235.054603152463,-87.99460315246301
408.02,398.0700569084497,9.949943091550267
901.22,888.5819574228691,12.638042577130932
343.88,356.71046719979586,-12.830467199795862
347.02,376.97525315865227,-29.955253158652283
410.2,420.82566287521587,-10.62566287521588
481.31,544.205844340044,-62.89584434004399
442.66,499.16842295909436,-56.50842295909433
911.29,1013.4592670715633,-102.16926707156335
2597.26,2391.4044447682904,205.8555552317098
1113.72,1090.5796764527713,23.140323547228718
409.34,464.8023601596421,-55.46236015964212
497.33,531.6198956788195,-34.289895678819505
905.84,928.3331591866631,-22.493159186663092
705.63,686.1515404189337,19.478459581066318
705.76,712.1787477024807,-6.418747702480687
967.54,968.6648782160232,-1.1248782160232622
631.73,606.7339249533992,24.996075046600822
723.87,714.4998160572834,9.370183942716608
467.42,472.47289317349333,-5.052893173493317
540.94,547.7550640037543,-6.815064003754287
1068.06,1171.484032773937,-103.42403277393714
839.51,809.9582619910495,29.55173800895045
896.89,804.4471507791087,92.44284922089128
399.56,406.5763549209453,-7.016354920945275
331.22,396.755857775175,-65.53585777517497
1519.23,1661.3268964132328,-142.0968964132328
532.97,583.198467497311,-50.22846749731093
905.36,805.3246161637962,100.03538383620378
1166.32,1151.6958603154583,14.62413968454166
276.04,276.9424912762945,-0.9024912762944837
1220.91,1340.3135031337363,-119.4035031337362
1265.08,1330.2094115029106,-65.12941150291067
1027.02,989.190519044884,37.82948095511597
405.7,476.86337790418776,-71.16337790418777
818.06,724.8800870304266,93.17991296957337
401.71,465.3637313880671,-63.653731388067115
657.8,634.3921017728247,23.407898227175224
879.03,880.559195686477,-1.52919568647701
1023.32,977.1457678777348,46.174232122265266
1585.13,1659.3654144369243,-74.2354144369242
1106.12,1080.3542698768251,25.765730123174762
1030.68,1145.4571801997258,-114.77718019972576
954.68,1038.3648479656717,-83.68484796567179
1090.71,1125.772385295461,-35.0623852954609
501.22,407.35972093573724,93.86027906426278
672.42,728.0193589703912,-55.59935897039122
2656.46,2500.0387964263887,156.42120357361136
594.38,492.3816897619961,101.99831023800391
1363.68,1269.6678725972424,94.01212740275764
1256.21,1263.2915963636947,-7.0815963636946435
604.32,577.9106330747512,26.409366925248833
466.91,464.9472833165412,1.9627166834588365
901.58,907.9849438747324,-6.404943874732339
489.09,521.4597671899841,-32.36976718998409
341.83,343.5282108241136,-1.6982108241136302
722.8,744.8378528900015,-22.037852890001545
664.3,714.7904352011291,-50.49043520112912
616.41,601.592688893905,14.817311106094962
1479.27,1431.16654499781,48.10345500219
606.54,680.5249212448656,-73.98492124486563
1693.8,1689.2408789290848,4.5591210709151255
598.57,573.3441987245449,25.225801275455183
743.57,723.5107143778836,20.059285622116477
465.42,510.60832965426704,-45.18832965426702
1233.84,1172.3356775349155,61.50432246508444
479.12,452.8804946856713,26.23950531432871
503.89,479.59340469230887,24.29659530769112
340.49,443.4450180633512,-102.95501806335119
560.72,557.0716249006688,3.648375099331247
940.26,930.7358731671759,9.524126832824095
352.92,336.34909298506176,16.570907014938257
276.97,270.0582040395306,6.911795960469419
500.58,488.1754676722575,12.404532327742459
1025.64,1054.6719852199788,-29.03198521997865
752.76,656.7405573668295,96.01944263317046
837.56,838.0682716609111,-0.5082716609111912
483.73,538.4150640424385,-54.68506404243851
510.64,500.61567314233554,10.024326857664448
895.1,846.7227817655764,48.377218234423594
708.89,649.0735951944239,59.8164048055761
705.5,712.5717135127724,-7.071713512772362
478.39,496.186883354764,-17.79688335476402
763.44,754.2973783024898,9.142621697510208
367.64,391.59416194973386,-23.954161949733873
860.18,881.2903352036142,-21.110335203614227
1351.2,1333.758633812001,17.441366187998938
191.27,257.17670165543706,-65.90670165543705
892.04,888.4023659127115,3.637634087288461
629.42,625.7110691194949,3.7089308805050223
804.32,749.3857207812533,54.934279218746724
650.59,657.7864385912344,-7.196438591234369
234.66,226.39685034842702,8.263149651572974
896.38,893.3719934265969,3.0080065734031223
1181.82,1273.5323385166857,-91.7123385166858
1149.25,1153.50262355901,-4.25262355901009
673.26,626.7871230244555,46.47287697554452
472.83,442.55729652550906,30.272703474490925
490.74,535.0865776643282,-44.34657766432815
695.12,723.2554166760717,-28.135416676071713
518.44,548.4597423866659,-30.019742386665826
635.69,620.0176748866439,15.672325113356123
853.28,949.3283463843087,-96.04834638430873
2121.7,2085.73662765867,35.96337234132989
809.09,835.3299202446548,-26.23992024465474
727.39,761.4442709697128,-34.054270969712775
547.98,614.3069860006404,-66.32698600064043
1067.11,1078.8816943356303,-11.7716943356304
763.1,678.4032200915792,84.69677990842081
680.07,686.8209740503455,-6.750974050345462
351.5,349.5082715005451,1.9917284994548936
789.14,771.3973148395501,17.742685160449923
339.49,331.12321856540177,8.366781434598238
317.57,321.91096273317197,-4.340962733171978
491.34,551.3336065149725,-59.993606514972555
742.41,774.5845212688452,-32.17452126884518
257.46,297.858124525103,-40.398124525103015
627.34,617.0486020712258,10.291397928774245
1392.56,1261.6343333889952,130.92566661100477
418.21,459.18248866421703,-40.97248866421705
662.51,710.431638578954,-47.921638578954
938.65,941.754391829816,-3.104391829815995
2171.99,2133.4584304355135,38.53156956448629
892.6,861.7026468541948,30.897353145805255
1371.41,1419.9675774436646,-48.55757744366451
1125.47,1218.6182666167458,-93.14826661674579
978.74,989.1313772275455,-10.39137722754549
661.35,590.1005868058015,71.2494131941985
603.21,538.4450161250141,64.76498387498589
882.82,837.7573541773944,45.062645822605646
471.67,467.10560625640505,4.564393743594962
620.17,622.8317617704448,-2.661761770444855
331.95,385.10136957197705,-53.15136957197706
651.42,595.1894168933085,56.23058310669148
423.07,408.72363621599663,14.346363784003358
621.42,640.1873317526403,-18.767331752640303
725.98,719.9281709075258,6.051829092474236
269.31,330.8872924454178,-61.57729244541781
1343.23,1342.7265585915645,0.5034414084354921
227.8,201.975931455205,25.82406854479501
630.89,683.3723451474837,-52.48234514748367
559.43,595.5835435351602,-36.153543535160225
1572.83,1574.6054703176671,-1.7754703176672137
380.65,385.35167397409134,-4.701673974091364
403.05,434.25680588507703,-31.206805885077017
739.54,684.5874424134171,54.952557586582884
958.49,940.3148931742529,18.175106825747093
314.73,324.83008642054654,-10.100086420546518
426.45,473.7079402284803,-47.25794022848032
737.78,715.9754347458143,21.804565254185718
972.8,971.6136265418188,1.1863734581811514
554.74,552.8030897455621,1.936910254437862
1313.0,1276.5595017126668,36.440498287333185
436.45,451.9788155336526,-15.528815533652619
385.27,358.8215949074868,26.448405092513156
1670.22,1638.2835926772395,31.936407322760488
730.79,739.0340127714336,-8.244012771433631
710.4,693.2860671205619,17.11393287943804
630.9,639.0725247044996,-8.172524704499665
844.26,789.3901169620628,54.86988303793714
907.91,837.3611490244607,70.54885097553927
2660.38,2535.7651409105183,124.6148590894818
819.77,737.7908550965436,81.97914490345636
546.56,582.6748305528524,-36.11483055285248
862.75,879.3886763602816,-16.63867636028158
478.09,580.5810564856314,-102.49105648563142
1761.17,1614.9088384224221,146.26116157757792
338.3,322.56944190077843,15.730558099221582
1268.48,1416.39171830937,-147.91171830936992
1503.57,1449.7117148161692,53.85828518383073
464.75,467.31013997574706,-2.560139975747063
926.29,952.7119149792424,-26.421914979242388
509.92,539.528672156113,-29.60867215611296
776.47,746.2587104583185,30.21128954168148
800.45,849.0890347659105,-48.639034765910424
458.86,472.7045240609455,-13.844524060945503
386.6,345.17626098811274,41.42373901188728
673.05,638.7002730839934,34.3497269160066
1148.77,1098.192657444029,50.57734255597097
550.54,493.0577018310976,57.48229816890239
482.89,455.87633840600597,27.013661593994016
625.14,603.7533362226507,21.386663777349327
1172.32,1062.0062230811807,110.31377691881926
670.3,652.4508394918345,17.849160508165482
3458.34,3202.8053287385715,255.53467126142868
368.95,384.8821277052024,-15.93212770520239
564.35,565.8188939689428,-1.4688939689427798
832.8,806.5051131531329,26.29488684686703
567.19,540.2980379599236,26.891962040076464
315.76,374.95422740827223,-59.19422740827224
2588.31,2579.620314082493,8.689685917506722
167.92,215.68107358984497,-47.76107358984498
462.75,495.28215418868785,-32.532154188687855
636.11,567.8841758703106,68.22582412968939
623.64,586.0500138752157,37.58998612478433
1016.96,978.1518440964088,38.80815590359123
1266.96,1211.1564879224115,55.80351207758849
403.06,422.7093443381665,-19.649344338166486
1047.97,1031.2947261807096,16.675273819290396
1116.86,1123.5541757728256,-6.694175772825702
568.08,593.2510603551794,-25.171060355179407
1072.94,1083.7880211810034,-10.848021181003332
658.88,624.3880756223559,34.49192437764407
1159.24,1202.8486298724229,-43.60862987242285
1094.0,1104.6335645295992,-10.633564529599198
799.46,745.4293041255013,54.03069587449875
552.84,532.1220824517641,20.71791754823596
1326.47,1332.2070017210851,-5.737001721085107
481.77,470.62203673597776,11.147963264022223
910.78,920.8794870244718,-10.099487024471841
923.17,922.7011569733197,0.468843026680247
873.82,812.0774119137553,61.74258808624472
546.55,541.3253022098207,5.224697790179221
655.37,688.0456566902384,-32.675656690238384
2120.91,2293.3983836801863,-172.48838368018642
457.21,465.5987172164523,-8.388717216452335
760.55,754.4380267852755,6.111973214724458
1298.33,1242.1230615056961,56.20693849430381
867.73,914.8284982956403,-47.0984982956403
1478.53,1550.3092818313712,-71.77928183137124
496.54,491.83444176094235,4.705558239057666
579.7,523.6771263822674,56.02287361773267
1423.5,1346.7251909900003,76.77480900999967
379.98,361.51245398382736,18.467546016172662
496.35,558.1470855370261,-61.79708553702608
523.32,522.8474376807603,0.4725623192397279
415.73,420.7257287276933,-4.99572872769329
499.45,495.5233326153825,3.926667384617474
1368.82,1377.9690094307243,-9.14900943072439
1444.33,1383.23055183853,61.099448161470036
348.53,338.94387341294987,9.586126587050103
559.84,531.9892401816528,27.85075981834723
470.77,519.9505803798608,-49.18058037986077
431.96,398.2345152845776,33.7254847154224
708.97,692.6638098123058,16.306190187694256
515.06,521.4596497916898,-6.399649791689853
1308.49,1294.2180070839859,14.271992916014142
577.28,688.4385244043991,-111.15852440439915
1641.73,1650.2851032473075,-8.555103247307443
596.04,604.3653785936772,-8.325378593677215
949.19,1029.100387319522,-79.91038731952199
263.07,287.2350385827708,-24.16503858277082
1151.98,1083.5426941508124,68.43730584918762
732.86,778.3664577483615,-45.50645774836153
461.84,446.2718491584532,15.568150841546753
729.94,708.73089211229,21.209107887710047
680.49,736.6477484640803,-56.15774846408033
1651.22,1619.0513726537963,32.16862734620372
1850.79,1776.6057259402248,74.18427405977513
635.59,561.1712019412347,74.41879805876533
304.19,294.6125329019483,9.57746709805167
372.05,303.23012262484934,68.81987737515067
988.95,1020.8645128218193,-31.914512821819244
633.18,623.8263772748367,9.35362272516329
649.84,613.8113163379328,36.02868366206724
824.41,836.8704532842166,-12.460453284216669
945.56,886.4365677668197,59.12343223318021
996.73,1063.9199172886279,-67.18991728862784
609.06,565.3510994328016,43.708900567198384
427.87,432.5554242728757,-4.685424272875707
1184.62,1187.830588393547,-3.210588393547141
726.3,729.4611894201832,-3.161189420183291
847.04,843.9845789412805,3.055421058719503
737.07,715.700199439892,21.369800560108047
577.29,582.8678061549165,-5.577806154916516
1116.41,1068.3799505779136,48.03004942208645
394.13,478.3544159720713,-84.22441597207131
484.74,444.3913649290943,40.34863507090569
481.28,464.697591768487,16.582408231513
348.95,388.5885074282771,-39.63850742827714
581.31,661.5225857539726,-80.21258575397269
598.19,656.8231792127945,-58.6331792127944
783.57,767.3978369497352,16.172163050264885
1619.48,1531.7056716463424,87.77432835365767
1149.64,1240.0420336734187,-90.4020336734186
1065.9,1111.6374715449435,-45.737471544943446
601.36,566.145823483661,35.214176516338966
936.83,854.0029971241995,82.82700287580053
879.66,886.2770232858793,-6.617023285879327
740.76,761.1659667186583,-20.405966718658306
569.39,581.5476614874916,-12.157661487491623
908.96,952.9537262861459,-43.99372628614583
1483.31,1448.9401939216013,34.3698060783986
484.71,547.3667581995635,-62.65675819956351
881.91,900.9713900056374,-19.061390005637463
335.06,295.55377381943794,39.50622618056207
466.72,465.93932428296205,0.7806757170379797
1913.98,1889.2602116509315,24.719788349068494
464.1,490.15865022666844,-26.05865022666842
472.61,501.0030768117695,-28.393076811769504
1005.78,838.8658684512646,166.91413154873533
1002.64,1038.583930339929,-35.943930339929125
866.17,864.9692402702675,1.2007597297324537
564.36,584.4314632290732,-20.071463229073174
711.31,731.9357526339705,-20.625752633970592
406.24,409.6584996900354,-3.4184996900353894
713.7,743.301635582939,-29.60163558293891
444.27,471.19512389063493,-26.92512389063495
261.67,289.9549943807044,-28.284994380704404
763.11,780.9999095508861,-17.889909550886046
555.8,605.1734016004389,-49.37340160043891
1424.03,1395.922951552953,28.107048447046964
729.11,739.5692111137182,-10.459211113718197
360.22,431.0912862543166,-70.8712862543166
1018.14,920.6497199046121,97.4902800953879
657.85,637.73835961853,20.11164038147001
376.29,374.19424252471265,2.095757475287371
475.51,458.4075211244038,17.102478875596205
682.64,663.438730896692,19.201269103307936
1817.69,1821.0759035078713,-3.3859035078712623
776.84,760.4038599407633,16.436140059236777
435.56,427.5916146296882,7.9683853703118075
797.25,730.9153805951165,66.33461940488348
254.2,288.3336297549036,-34.13362975490361
321.29,339.92292779636455,-18.632927796364527
1244.3,1250.2777715908042,-5.9777715908041955
867.38,883.2593725403117,-15.879372540311692
489.56,558.5259042185211,-68.96590421852108
1668.51,1652.8792280420057,15.630771957994284
1064.25,1031.3873722714525,32.86262772854752
422.82,444.32546046767095,-21.505460467670957
514.97,584.2047093085134,-69.2347093085134
418.2,401.74175789236665,16.45824210763334
904.9,925.0117423470282,-20.111742347028212
1147.84,1201.9488189838673,-54.10881898386742
2667.12,2657.6879346115397,9.43206538846016
357.17,339.1300838950358,18.03991610496422
669.46,749.3546128007742,-79.89461280077421
541.64,578.3674737164694,-36.727473716469376
786.8,705.4193727358291,81.38062726417081
411.3,425.426787658272,-14.126787658272008
855.93,866.3336738018767,-10.403673801876721
563.99,524.1584449083665,39.831555091633504
868.01,897.0526832886292,-29.042683288629178
409.69,412.6906205103251,-3.0006205103251204
506.97,537.5183562958854,-30.548356295885355
446.89,406.7599394763973,40.13006052360271
302.47,299.725515902965,2.744484097035013
1060.67,1160.7814519637977,-100.11145196379766
403.57,436.1299101939271,-32.559910193927124
555.65,584.7549239741422,-29.104923974142253
775.17,817.7595516033497,-42.58955160334972
676.0,645.9081649024052,30.091835097594753
601.99,607.7745909452268,-5.784590945226796
860.67,850.2727582683317,10.39724173166826
611.77,584.3109568133704,27.45904318662963
113.2,158.08902055049165,-44.88902055049165
556.17,535.2272281622961,20.942771837703845
466.03,502.2770771605103,-36.247077160510344
549.58,521.7089738996478,27.871026100352196
810.1,870.6086664314105,-60.50866643141046
779.37,837.9070067490655,-58.53700674906554
381.1,400.16391314214525,-19.063913142145225
430.04,511.67220908170873,-81.63220908170871
504.05,499.0472082545984,5.002791745401623
578.25,699.0473258155682,-120.79732581556823
684.34,668.9489128787069,15.39108712129314
570.24,566.8395508838535,3.4004491161465467
757.98,764.8420351744771,-6.862035174477114
916.55,893.8446281866147,22.705371813385227
673.02,652.1497230057129,20.87027699428711
1042.81,1037.0480255347866,5.76197446521337
1351.08,1392.2701683752782,-41.19016837527829
700.44,692.9690178912061,7.470982108793919
1732.01,1750.1968888535448,-18.186888853544815
411.49,429.99637894279715,-18.50637894279714
1035.05,1032.9622256397172,2.087774360282765
666.09,633.725805961184,32.36419403881598
576.61,592.784627603153,-16.174627603153
260.53,322.7736259885971,-62.2436259885971
1159.56,1079.8817638527323,79.67823614726763
337.18,329.7254518482147,7.454548151785332
2084.02,2195.7403132933005,-111.72031329330048
726.38,693.4008596172274,32.979140382772584
486.65,467.46476253880564,19.185237461194333
1251.85,1220.3722815836372,31.477718416362677
438.23,449.86132902627975,-11.63132902627973
395.57,411.17437864174235,-15.604378641742358
552.67,555.1000866172592,-2.430086617259235
368.2,392.6753306592029,-24.47533065920294
982.89,965.7556056947494,17.134394305250567
1319.75,1279.597253660565,40.152746339435
1057.37,1029.7890891430693,27.580910856930586
439.68,477.4826665624741,-37.80266656247409
449.44,509.4796223138213,-60.039622313821326
954.2,970.8532530886291,-16.65325308862907
901.4,947.4839720362298,-46.08397203622985
611.29,568.8802613756415,42.40973862435851
345.62,383.9625968122999,-38.34259681229992
440.45,467.8032758412513,-27.35327584125133
1094.31,1133.993455053313,-39.68345505331308
2284.3,2262.978839708033,21.321160291967317
499.71,542.4478258776185,-42.73782587761849
394.99,398.5726743194124,-3.5826743194123765
1138.6,1172.3747721005457,-33.77477210054576
877.81,884.8841855882619,-7.074185588261912
304.62,336.032084416864,-31.41208441686399
579.99,598.1348471930564,-18.14484719305642
1001.7,1023.5092607052832,-21.809260705283123
1396.91,1355.2838345179937,41.6261654820064
812.45,681.050949680761,131.399050319239
474.47,527.0858620804444,-52.615862080444344
1084.58,1119.187065230969,-34.607065230969056
502.06,478.0111702188459,24.048829781154097
753.96,771.5301734480105,-17.57017344801045
755.17,817.5418933311485,-62.3718933311485
408.17,431.56301489585087,-23.393014895850854
417.58,391.7788785733477,25.801121426652287
772.38,807.3968772531864,-35.01687725318641
464.23,527.2759578865345,-63.04595788653444
2225.96,2230.364614930625,-4.40461493062503
359.97,348.40439950749123,11.565600492508793
701.36,695.9024043527468,5.4575956472532425
1643.35,1545.004929252562,98.34507074743783
892.34,902.3168287216597,-9.976828721659672
1056.42,891.3619847254105,165.0580152745896
1740.91,1872.1780499971053,-131.2680499971052
466.39,454.02116256596827,12.368837434031718
1172.86,1126.1305512270685,46.72944877293139
1702.82,1783.9786335277452,-81.15863352774522
774.87,736.4608502086738,38.40914979132617
1153.28,1232.6894083437176,-79.40940834371759
490.72,475.15428096897585,15.565719031024173
367.38,384.66405636332394,-17.28405636332394
507.84,474.0761811063798,33.76381889362017
698.05,695.8532844748255,2.1967155251744543
647.62,645.304244143439,2.3157558565610543
2324.36,2197.9645374175293,126.39546258247083
1445.21,1518.2822001497118,-73.07220014971176
353.5,379.3359762105769,-25.835976210576916
1177.91,1241.6635204463435,-63.75352044634337
819.55,804.296640836587,15.253359163412938
576.28,588.656218067689,-12.376218067689024
622.0,587.9006934956562,34.09930650434376
696.27,695.543630980098,0.7263690199019948
693.35,643.8315853131156,49.5184146868844
589.79,582.4703772452551,7.319622754744842
882.54,886.4029647595328,-3.862964759532815
718.49,684.2521625581597,34.23783744184027
825.95,804.7678697018491,21.182130298150923
559.63,557.4905924147884,2.139407585211643
1172.62,1068.240520745549,104.37947925445087
1223.85,1154.4385783433033,69.41142165669658
1068.85,1009.5236215011813,59.3263784988186
458.36,445.3174648369812,13.04253516301884
533.23,540.0273927246049,-6.797392724604833
1062.19,1063.3678935703265,-1.1778935703264324
750.86,728.2455117318735,22.61448826812648
745.74,667.0531176444891,78.68688235551087
533.81,554.8894387819037,-21.07943878190372
616.75,603.576945855656,13.17305414434395
1277.08,1265.8669018027922,11.213098197207728
612.91,589.960846401792,22.949153598208
1492.7,1364.2822097578405,128.41779024215953
1382.01,1289.8341720488552,92.17582795114481
490.97,482.4025223563192,8.567477643680832
583.29,555.0963577790881,28.193642220911897
592.3,584.7803556505403,7.519644349459668
479.68,545.0423939620979,-65.36239396209788
1125.41,1160.821890096072,-35.41189009607183
368.97,393.6754800652179,-24.7054800652179
189.38,188.3529108940877,1.027089105912296
990.13,941.4078242651623,48.72217573483772
1236.43,1287.6216567677106,-51.19165676771058
279.39,308.94438707622976,-29.554387076229773
680.19,690.5956310121773,-10.405631012177196
1164.95,1144.6090230150223,20.340976984977715
390.21,404.8257938282879,-14.615793828287906
384.5,359.28503635871607,25.21496364128393
895.56,801.5737528720733,93.98624712792662
472.51,492.8534149095458,-20.3434149095458
393.28,413.80962116571,-20.52962116571001
1397.45,1387.1216671991906,10.328332800809449
1907.14,1942.3001263314036,-35.16012633140349
406.47,427.57724699284495,-21.10724699284492
618.82,628.9769901530772,-10.156990153077118
740.29,789.7144938901407,-49.42449389014075
878.31,889.7448962803232,-11.4348962803233
1331.06,1245.21852646906,85.84147353094
896.53,864.8108944344917,31.719105565508244
442.96,501.59733338955897,-58.63733338955899
906.68,818.7800034586754,87.89999654132453
622.22,619.6186175836814,2.6013824163186428
644.22,667.9578736104546,-23.737873610454585
586.61,573.1329352319176,13.477064768082414
520.82,497.0276597507019,23.79234024929815
953.4,935.2714532175002,18.128546782499825
659.14,700.9493867158291,-41.80938671582908
684.01,655.8781703423676,28.131829657632352
919.03,899.1280151176368,19.901984882363195
896.07,984.0686369515773,-87.99863695157728
968.86,1036.5900140324215,-67.73001403242154
974.88,1028.8754460940975,-53.995446094097474
499.32,552.6702943661412,-53.35029436614121
467.84,472.703394526943,-4.863394526943011
139.87,195.31058422922592,-55.44058422922592
829.35,791.0236172969732,38.326382703026866
723.72,734.4522243350135,-10.732224335013484
785.84,761.0517314731471,24.788268526852903
1053.01,979.4015637818792,73.6084362181208
736.77,750.6745785130669,-13.904578513066895
452.92,510.0566277096517,-57.13662770965169
1003.76,895.9123156675859,107.84768433241413
1378.75,1483.740579958581,-104.99057995858107
430.03,463.9128492959108,-33.88284929591083
477.83,505.04149490388096,-27.211494903880975
780.92,789.2605039378068,-8.34050393780683
1256.54,1219.4681861152487,37.071813884751236
937.55,929.70474832,7.845251679999933
333.71,387.3147723918168,-53.60477239181682
997.42,946.8519832697366,50.568016730263366
541.77,577.6250208415734,-35.85502084157338
673.7,654.2590974804139,19.44090251958619
482.09,504.79921168497134,-22.709211684971365
634.06,593.2766467815547,40.7833532184452
766.05,729.5374381799176,36.5125618200824
863.6,831.9715393039106,31.628460696089405
908.17,864.9543896652974,43.215610334702546
525.14,472.0759484439937,53.06405155600629
523.11,591.3330438078384,-68.2230438078384
20.0,69.18440934595043,-49.18440934595043
1072.54,1107.460575657352,-34.92057565735195
885.43,896.3873208483908,-10.95732084839085
460.48,440.46933827846664,20.01066172153338
497.3,479.8562905651521,17.443709434847904
559.54,546.3673980727116,13.172601927288383
229.66,273.9715986187036,-44.311598618703584
392.77,364.28978151064206,28.480218489357924
1356.2,1362.1751538211363,-5.975153821136246
760.35,740.0210235173384,20.328976482661574
1412.55,1369.0448630436565,43.50513695634345
779.61,749.4455926966457,30.164407303354324
397.93,376.39145365963583,21.538546340364178
348.45,291.9437125902373,56.506287409762706
567.22,553.8346415027169,13.385358497283164
282.93,283.1411964320199,-0.21119643201990357
842.93,920.8797940028978,-77.94979400289787
438.24,470.500926186693,-32.260926186692984
232.05,256.4258210454058,-24.375821045405814
1100.03,1099.1073924897994,0.922607510200578
636.7,634.1106963217602,2.589303678239844
467.19,465.8515464425313,1.3384535574687106
632.77,619.0495247781325,13.720475221867446
567.22,486.0849040104002,81.13509598959985
779.92,707.5328276098423,72.38717239015762
486.47,480.54687380676586,5.923126193234168
312.13,366.9175697484907,-54.78756974849068
495.09,502.0547122816598,-6.964712281659843
700.4,712.1803008940922,-11.780300894092193
963.39,934.4434129686489,28.9465870313511
627.36,598.565861417165,28.79413858283499
440.05,432.30837263742393,7.741627362576082
849.72,888.046731373281,-38.32673137328095
1384.42,1339.6716074544686,44.74839254553149
776.36,736.0588531573471,40.301146842652884
523.65,529.3031173780469,-5.653117378046886
749.9,741.0349492164705,8.865050783529455
413.55,409.61777283733977,3.93222716266024
1440.21,1403.0439888020858,37.16601119791426
846.7,870.8606243468207,-24.16062434682067
603.26,559.78970035797,43.47029964203
514.36,545.5820975093121,-31.222097509312107
765.52,839.3753870407006,-73.85538704070063
390.66,361.4709406818277,29.189059318172326
811.54,809.5053615851974,2.0346384148025436
605.01,608.6249744181674,-3.614974418167435
408.96,418.60859593628453,-9.64859593628455
334.52,443.0090735186482,-108.48907351864824
620.88,619.5499093299204,1.330090670079585
329.05,331.42596007539515,-2.3759600753951418
543.36,465.3341993498722,78.02580065012779
318.78,319.8470832338143,-1.0670832338143441
907.5,845.3128403991535,62.187159600846485
966.84,941.7807127688387,25.059287231161306
480.02,469.7506968352174,10.26930316478257
817.82,756.0784375572687,61.74156244273138
627.05,622.487591799284,4.562408200715936
575.73,580.7002366004509,-4.970236600450903
606.2,557.3729104844124,48.82708951558766
490.55,497.53644626312325,-6.986446263123241
507.1,527.461627512128,-20.36162751212794
698.02,662.4036320237033,35.616367976296715
620.5,726.3434255895239,-105.84342558952392
616.3,647.8296530240733,-31.529653024073355
1359.27,1356.4679125426517,2.802087457348307
1025.47,930.6046910219676,94.86530897803243
508.17,506.9398210716446,1.2301789283554285
580.97,553.524671224503,27.445328775497046
394.95,365.78888567581777,29.161114324182222
129.04,118.75614981586958,10.283850184130415
585.4,608.4323790697015,-23.032379069701506
517.3,503.4230258811782,13.87697411882175
534.12,536.4927635744888,-2.372763574488772
419.34,418.2372427634714,1.1027572365285891
1200.88,1209.8988226845609,-9.018822684560746
695.46,675.8871871622597,19.572812837740344
971.17,945.7430574125823,25.42694258741767
444.77,542.506477514463,-97.73647751446299
834.47,832.8209340431629,1.6490659568371484
454.21,416.4861293479051,37.72387065209489
1267.15,1218.605658027616,48.54434197238402
1067.15,1157.6916188791597,-90.54161887915961
667.08,683.2639112825855,-16.183911282585427
1079.13,1113.7875062047524,-34.65750620475228
1233.09,1252.482925413625,-19.392925413625107
867.31,860.9968771263834,6.313122873616521
737.83,683.1893663451009,54.64063365489915
917.56,939.812604708183,-22.25260470818307
346.38,397.1381885906524,-50.75818859065242
1237.33,1084.953265832518,152.37673416748203
754.49,753.617738322116,0.872261677884012
834.6,788.5660623623231,46.0339376376769
498.59,539.6450399715073,-41.05503997150737
835.01,840.1921960506733,-5.182196050673269
1003.56,999.5666957426876,3.9933042573123885
1063.85,1005.3214120451973,58.52858795480256
501.55,569.7092225606997,-68.15922256069967
829.22,785.2172064953244,44.00279350467565
1121.38,1045.5302567792987,75.84974322070138
231.34,203.064272673431,28.27572732656901
814.16,844.2601868818456,-30.100186881845616
922.08,870.6544584561551,51.42554154384493
1066.95,1076.9338370417795,-9.983837041779452
566.5,554.5466923535844,11.953307646415624
1133.98,1115.1784554933934,18.80154450660666
746.8,757.4401097289636,-10.640109728963694
2307.2,2297.112869026562,10.08713097343798
475.48,529.5884500240581,-54.10845002405813
663.14,615.104373030296,48.035626969704026
259.84,226.33254610498562,33.50745389501435
1671.72,1599.1587536266359,72.56124637336416
1094.23,1093.0948062256375,1.1351937743625058
340.33,378.4072104426469,-38.0772104426469
2074.33,1945.129700608115,129.20029939188498
830.42,789.7514845934337,40.66851540656626
466.74,459.0781858301343,7.661814169865693
1918.34,2124.697061391073,-206.3570613910731
698.89,724.8951452461117,-26.005145246111738
1220.17,1157.687156497987,62.48284350201311
736.48,702.3919900314354,34.08800996856462
987.57,981.2240108620963,6.345989137903757
805.87,897.9682569280982,-92.09825692809818
702.87,665.9372614038971,36.93273859610292
1712.55,1097.2913938516783,615.2586061483216
638.22,669.6466196395272,-31.42661963952719
1051.39,1056.1755550016312,-4.78555500163111
874.48,827.9009182832228,46.57908171677718
1425.99,1483.0252465364194,-57.035246536419436
445.92,477.8899422361758,-31.96994223617577
1211.18,1241.0444127523874,-29.864412752387352
774.28,836.5147778520346,-62.234777852034654
315.44,358.685290066438,-43.245290066437974
1397.17,1397.5773038207333,-0.4073038207332047
577.44,579.5454919797181,-2.1054919797180673
1152.24,1132.1245069191627,20.11549308083727
640.1,628.0898603442243,12.010139655775674
953.67,1020.8756871424489,-67.20568714244894
699.23,711.0036743687922,-11.773674368792172
1609.3,1576.449782315406,32.85021768459387
479.08,485.5655934705517,-6.4855934705516916
570.98,534.5753928131169,36.40460718688314
1346.46,1436.9572512100256,-90.49725121002552
687.49,717.200373980611,-29.71037398061094
399.85,410.8175516410336,-10.967551641033594
461.28,498.56412987188247,-37.2841298718825
290.19,317.48998209045516,-27.29998209045516
594.52,571.3000082521505,23.219991747849463
1182.46,1076.9214381351487,105.53856186485132
1134.29,1089.2312702306879,45.058729769312095
1532.52,1415.1221488890808,117.39785111091919
695.18,692.1040902505366,3.075909749463335
1102.34,996.378489244856,105.96151075514388
138.34,182.95003716458928,-44.61003716458927
274.97,299.6560319341354,-24.68603193413537
643.88,580.5549121258463,63.32508787415372
533.37,546.3703226401748,-13.000322640174772
265.3,265.35582910726004,-0.0558291072600241
433.53,420.3699850401942,13.160014959805778
621.4,648.137465545276,-26.737465545275995
915.48,903.7053221802826,11.774677819717454
177.92,213.44670534692378,-35.52670534692379
1121.34,1174.186689714488,-52.84668971448809
528.48,528.7646801855307,-0.28468018553064667
744.11,831.0183434389673,-86.90834343896734
591.78,595.7786498542876,-3.998649854287578
994.74,942.0219511709648,52.71804882903518
491.76,492.1842199882982,-0.42421998829820495
816.35,871.8044445781875,-55.45444457818746
1172.98,915.8134181752565,257.1665818247435
1147.66,1116.7118557039685,30.948144296031614
593.48,598.5509103066628,-5.070910306662768
1137.59,1139.2271253608858,-1.6371253608858751
598.43,606.3301432009523,-7.900143200952357
1014.25,1036.1167028843838,-21.866702884383812
409.62,390.1001170318239,19.51988296817609
2394.0,2381.3316023503835,12.668397649616509
700.0,744.016508160964,-44.01650816096401
1160.27,1158.9624368564425,1.307563143557445
430.23,349.86818311539463,80.36181688460539
1284.97,1289.300680443808,-4.330680443807978
477.15,432.3387907135519,44.811209286448104
555.95,551.012097724973,4.937902275027
602.11,629.0423121086776,-26.932312108677593
1205.12,1163.1434949206691,41.976505079330764
1332.85,1264.9343039227783,67.91569607722158
1012.79,1001.8255484151933,10.964451584806625
351.4,360.0272817492723,-8.6272817492723
880.06,893.2680745737691,-13.208074573769181
334.82,415.3150609604344,-80.49506096043439
1147.7,1115.38742654018,32.31257345981999
801.46,825.4837758825058,-24.023775882505788
1022.61,1025.4801209226655,-2.8701209226654782
645.57,636.6873878319554,8.882612168044602
592.31,705.1779774246462,-112.86797742464626
840.05,833.8046162254312,6.245383774568722
1194.17,1152.452829803953,41.717170196047164
1800.53,1709.303267299792,91.226732700208
681.31,714.7727681300162,-33.46276813001623
921.43,935.4326916570412,-14.002691657041282
726.03,666.0233714752578,60.006628524742155
1761.18,1699.0804176406675,62.099582359332544
349.57,368.5597463962308,-18.989746396230828
309.34,308.72794612594333,0.6120538740566417
453.98,473.72919845352936,-19.749198453529345
1375.01,1313.9419645508817,61.06803544911827
560.61,582.8201571896321,-22.210157189632127
710.05,623.5323986667113,86.51760133328867
793.98,728.3983877849215,65.58161221507851
598.07,657.2033826187403,-59.13338261874026
1599.83,1588.4863514040194,11.34364859598054
499.2,523.3423515086138,-24.142351508613785
412.56,423.0928212520489,-10.532821252048905
1163.3,1136.4395770207445,26.860422979255418
598.41,638.7542173256044,-40.344217325604404
781.22,787.2044817238951,-5.984481723895101
927.54,879.1565722476137,48.3834277523863
596.67,528.0006696073609,68.66933039263904
1160.39,1129.1103938256563,31.279606174343826
830.11,799.3505838195675,30.75941618043248
628.61,659.5475137103698,-30.937513710369785
432.52,473.4924640422378,-40.972464042237846
373.19,355.8656798694091,17.324320130590877
981.64,961.2040405144968,20.43595948550319
904.42,876.7898180293877,27.630181970612284
579.36,608.653162186048,-29.293162186047994
739.27,776.0426982755939,-36.77269827559394
995.29,957.5985030464053,37.69149695359465
530.52,505.79702795351585,24.72297204648413
668.36,711.6477513474678,-43.28775134746775
1867.5,1958.8088277366094,-91.30882773660937
1552.93,1513.8461023116815,39.08389768831853
789.81,859.8476164306122,-70.03761643061227
912.46,972.8828681357062,-60.42286813570615
1111.55,1052.5723294630736,58.977670536926325
683.54,675.6486812169343,7.891318783065685
385.46,378.88007080415974,6.579929195840236
577.11,591.3882557798272,-14.278255779827191
2347.6,2414.5746339021666,-66.97463390216672
555.05,656.3169936988678,-101.26699369886785
916.68,887.8813943596666,28.798605640333335
452.63,483.20232307792753,-30.572323077927535
1040.86,1032.2922484336614,8.56775156633853
965.91,947.002199659867,18.907800340133008
1075.86,997.5728021923497,78.28719780765016
735.29,758.483971696615,-23.193971696614994
278.05,340.61053203290595,-62.56053203290594
695.05,675.8186653559458,19.231334644054186
1064.98,976.6868865742323,88.29311342576773
532.7,545.066145610655,-12.36614561065494
469.19,479.68459576604323,-10.494595766043233
785.77,804.1697438870029,-18.399743887002955
614.86,649.3535780847722,-34.49357808477214
669.09,667.0976773734878,1.9923226265121912
897.51,886.9030368180707,10.606963181929245
1193.37,1213.5685086485337,-20.19850864853379
383.51,425.1840818826421,-41.6740818826421
1404.87,1402.6570743569348,2.212925643065091
1272.83,1195.871497531127,76.9585024688729
819.41,765.419931221532,53.99006877846796
823.36,871.9942275754015,-48.634227575401496
602.99,642.8703229006043,-39.880322900604256
430.89,433.17562492712835,-2.2856249271283673
346.1,378.3739737442476,-32.2739737442476
540.94,544.7164656850119,-3.7764656850118854
557.91,601.5368322348096,-43.626832234809626
1620.44,1533.9318107375393,86.50818926246075
684.1,737.3518926679819,-53.251892667981906
404.98,413.8451168641526,-8.865116864152583
917.97,918.131847689408,-0.16184768940797767
625.24,587.9259847075272,37.314015292472845
669.06,634.539694214315,34.52030578568497
665.78,700.0333568396603,-34.25335683966034
885.85,838.7166001555187,47.133399844481346
623.03,618.9958686240768,4.0341313759231525
717.03,763.8504481056334,-46.82044810563343
738.69,676.2582341080146,62.43176589198549
499.77,500.69074701877065,-0.920747018770669
512.93,496.6531687259649,16.276831274035032
485.66,527.0098198673082,-41.34981986730821
2054.13,1842.5356178036016,211.59438219639856
443.42,435.83451909637466,7.585480903625353
957.89,890.1735781287862,67.71642187121381
155.51,191.62701642130548,-36.11701642130549
472.43,538.4344354049895,-66.00443540498947
1209.41,1213.2028099298802,-3.79280992988015
431.82,424.20092298921685,7.619077010783144
465.98,463.4851628360234,2.4948371639766265
490.96,507.1072167299887,-16.147216729988713
1105.67,1145.0589303238673,-39.38893032386727
854.98,827.8322289594292,27.147771040570774
542.24,550.343277552007,-8.103277552006944
318.08,341.9594792534193,-23.879479253419333
711.27,763.3434679757032,-52.07346797570324
336.09,351.08601368549307,-14.996013685493097
2044.73,2079.370606353821,-34.64060635382111
310.49,304.80750348437897,5.68249651562104
153.17,148.40781026168946,4.762189738310525
249.25,238.74015092475304,10.509849075246962
1926.42,1816.5789115915234,109.84108840847671
2221.05,2039.9848799258439,181.0651200741563
779.01,760.4185903416218,18.59140965837821
642.02,670.9264532562446,-28.906453256244617
891.18,870.3921358250595,20.78786417494041
441.58,429.61927892736975,11.960721072630236
525.35,499.20358210537785,26.146417894622175
625.05,637.7687069690945,-12.718706969094569
542.56,546.8859330212493,-4.325933021249398
723.85,751.1158630933484,-27.265863093348344
884.48,893.6035057621448,-9.12350576214476
336.78,373.24515076686487,-36.465150766864895
1018.32,998.7128912008345,19.60710879916553
733.5,654.5142244615611,78.98577553843893
551.85,538.2243303456632,13.625669654336775
894.62,873.61080317245,21.00919682755
433.39,456.36171435598555,-22.97171435598557
581.99,543.4676948870086,38.522305112991376
927.24,958.9206271067472,-31.680627106747238
589.82,639.9866205844762,-50.16662058447616
487.0,460.3210555252338,26.678944474766183
524.35,530.8181509150146,-6.468150915014576
589.38,563.2079122906125,26.172087709387483
862.52,900.3078232236549,-37.78782322365487
622.96,632.4042044773042,-9.444204477304197
424.8,396.18503600431,28.614963995690005
665.56,686.0350036392795,-20.47500363927952
1361.63,1277.5794239689649,84.05057603103523
503.07,570.189834703887,-67.11983470388697
334.09,340.1332741390816,-6.043274139081632
794.18,744.9991447315327,49.18085526846721
841.88,847.6658073425052,-5.7858073425052226
1397.57,1535.9850130173668,-138.41501301736685
680.59,680.2148518726046,0.3751481273953914
586.94,640.1045501111171,-53.16455011111702
485.39,499.40854642835484,-14.018546428354853
711.09,716.7094326231615,-5.619432623161515
953.71,870.2700202881618,83.43997971183819
706.46,677.4404817549398,29.019518245060226
1133.31,1060.9533136726766,72.35668632732336
714.68,651.3521305089664,63.32786949103354
382.96,447.2666471209426,-64.30664712094261
1404.58,1415.9071879229514,-11.327187922951452
725.62,761.867444927694,-36.247444927694005
391.33,385.82501388601503,5.504986113984955
506.01,480.52580980135673,25.48419019864326
1005.51,1005.1569492953641,0.353050704635848
607.17,554.9036546946423,52.26634530535762
947.52,979.0137118700084,-31.493711870008383
239.66,250.8467070635905,-11.18670706359049
736.63,728.4518541479366,8.17814585206338
682.51,677.7007233648673,4.809276635132733
489.6,505.2223089318562,-15.622308931856196
826.21,780.8042432245093,45.40575677549077
541.72,510.8004299532794,30.91957004672065
747.7,805.3724702103852,-57.6724702103852
1326.84,1437.6095170344652,-110.76951703446525
839.7,880.3868288504118,-40.68682885041176
912.34,896.1733624036012,16.1666375963988
296.73,254.75282234487523,41.97717765512479
1159.09,1216.1190194853186,-57.02901948531871
822.99,814.5591998745211,8.430800125478868
776.08,728.5516664898244,47.528333510175685
400.94,464.0238076373234,-63.08380763732339
417.85,428.2068113357655,-10.356811335765485
795.01,750.5357712970782,44.47422870292178
444.84,515.7566780008893,-70.91667800088936
658.69,611.3231134347358,47.36688656526428
657.22,621.3647202775636,35.85527972243642
1637.35,1325.4281159539357,311.9218840460642
1494.17,1468.8197974526636,25.350202547336494
1050.94,990.6691048182944,60.27089518170567
361.86,378.81981510152735,-16.95981510152734
454.08,456.25145442514656,-2.171454425146578
1730.29,1661.9407693153794,68.34923068462058
1087.83,1051.5564919494607,36.27350805053925
696.93,705.7561311160621,-8.826131116062129
339.06,337.71262233876286,1.3473776612371466
1435.75,1415.3416550383774,20.40834496162256
391.93,381.3125690952156,10.617430904784385
484.78,395.50509338242904,89.27490661757093
483.98,452.30461818627913,31.67538181372089
894.6,901.4869605640075,-6.886960564007495
794.83,779.4476436531194,15.38235634688067
1365.11,1446.5467520338098,-81.43675203380985
1059.26,1039.9741053100863,19.285894689913675
1045.7,1034.0683761641862,11.631623835813798
723.26,666.3896325820127,56.87036741798727
1273.27,1271.219406264139,2.050593735860957
1021.13,1081.818353997739,-60.688353997739
849.22,802.7299218319447,46.490078168055334
574.24,599.421202099866,-25.181202099866027
337.22,343.7133783031341,-6.4933783031340795
1760.13,1711.4337925891432,48.696207410856914
599.74,564.4629413830729,35.27705861692709
281.07,289.5138767798863,-8.443876779886295
1542.61,1563.6299353409559,-21.019935340955954
591.05,554.7227730317486,36.32722696825135
349.05,372.9337590569264,-23.883759056926408
1110.73,996.0496145194245,114.68038548057552
401.7,377.1549716062371,24.54502839376289
747.84,749.1269642286297,-1.2869642286296994
393.94,431.1084888488342,-37.168488848834215
163.09,174.08796024849886,-10.997960248498856
360.54,349.69011354022996,10.849886459770062
1857.33,1965.5895687931436,-108.25956879314367
518.9,472.28004707276824,46.619952927231736
387.82,467.0293995208419,-79.20939952084188
650.93,655.4039215097141,-4.47392150971416
1373.53,1357.0191585861792,16.5108414138208
1140.3,1232.9165951560346,-92.61659515603469
1164.25,1069.5686118082485,94.68138819175147
365.78,378.8284879161489,-13.048487916148929
213.23,239.9646697924537,-26.7346697924537
578.43,578.0569119887454,0.3730880112545947
286.19,310.81850644465317,-24.62850644465317
771.63,740.8578962553632,30.772103744636752
635.44,593.7340256250201,41.705974374979974
526.42,543.7685584014772,-17.34855840147725
505.88,485.05411451673325,20.825885483266745
773.27,782.9859401908735,-9.715940190873539
54.3,113.88578354533199,-59.58578354533199
409.06,424.3247535515437,-15.26475355154372
410.46,383.3331058836219,27.126894116378082
385.52,419.82278527820404,-34.302785278204055
1130.15,1134.1411783254866,-3.991178325486544
2092.42,1961.9040409058387,130.51595909416142
626.98,678.528745005441,-51.54874500544099
417.42,442.0353488071117,-24.615348807111673
503.83,507.62300801059865,-3.793008010598669
599.26,622.5661470495293,-23.306147049529272
1283.57,1209.3959439346932,74.17405606530679
422.59,458.045080878917,-35.455080878917045
740.91,724.7697247107418,16.14027528925817
506.13,547.194619188407,-41.06461918840705
789.75,773.8867747407662,15.863225259233786
350.09,467.8951367703383,-117.80513677033832
1614.82,1663.9067596557904,-49.0867596557905
1978.17,1914.7070718061177,63.46292819388236
1145.77,1172.5468958754102,-26.77689587541022
583.66,616.5783360935023,-32.918336093502376
1028.45,1067.2914919957263,-38.8414919957263
1522.79,1492.2631637699953,30.52683623000462
578.25,577.9330120293571,0.31698797064291284
1145.92,1209.3411635433024,-63.42116354330233
531.88,560.6157937557837,-28.735793755783675
415.79,423.6748107267871,-7.884810726787066
645.8,565.9284892384043,79.87151076159569
303.84,280.26758738554133,23.572412614458642
417.26,379.8233263132294,37.436673686770575
844.19,823.732285458512,20.45771454148803
619.32,600.3410316785463,18.97896832145375
1187.48,1131.5467547602523,55.93324523974775
721.13,677.3630318060013,43.76696819399865
530.7,568.3272352734588,-37.62723527345872
342.55,343.59752446124713,-1.0475244612471215
417.23,488.73891299191547,-71.50891299191545
1640.27,1719.1716482190218,-78.90164821902181
1162.22,1225.1466440372167,-62.92664403721665
928.27,936.214720927784,-7.944720927784033
508.83,466.9506828825671,41.87931711743289
512.71,558.2690674595857,-45.55906745958566
2134.53,2034.5179750499103,100.01202495008988
439.15,428.35882524705954,10.791174752940435
513.33,447.42228026392365,65.90771973607639
426.07,461.4175870878186,-35.347587087818624
526.65,569.7066854076264,-43.056685407626446
541.53,582.0395413821151,-40.50954138211512
524.81,529.0035454677131,-4.193545467713193
1171.63,1224.011504364242,-52.38150436424189
849.92,866.8964490606633,-16.9764490606633
531.92,568.3730638009059,-36.453063800905966
423.63,382.91386107453144,40.716138925468556
577.09,605.4327665654728,-28.342766565472743
1230.79,1182.1724594356917,48.61754056430823
672.49,652.9699056802334,19.5200943197666
871.21,861.8647397675581,9.345260232441888
445.1,441.46640351251295,3.6335964874870683
768.33,804.4758225183397,-36.14582251833963
627.09,595.8403991311196,31.249600868880407
472.98,447.86191690512834,25.11808309487168
1092.77,1069.3876912187172,23.382308781282745
1337.15,1224.0821024408451,113.06789755915497
872.71,857.5239442536091,15.186055746390934
1097.28,1150.7489089605326,-53.468908960532644
468.92,418.52705217621804,50.39294782378198
435.42,473.0842034244548,-37.6642034244548
702.29,773.3499668225402,-71.05996682254022
740.62,785.7131332939629,-45.093133293962865
593.5,605.9441262887872,-12.444126288787174
961.26,912.9290111624479,48.33098883755213
1004.87,1069.9219669553477,-65.05196695534767
695.11,631.2653917947354,63.84460820526465
676.1,703.7763476961522,-27.67634769615222
672.88,693.721858846132,-20.841858846132027
1304.45,1255.800023315373,48.64997668462706
1214.01,1162.5662419762803,51.44375802371974
478.04,528.061049835375,-50.02104983537498
901.16,976.2695081497495,-75.10950814974956
640.98,677.109031551555,-36.12903155155493
538.73,500.68199347032447,38.04800652967555
981.06,1048.9790291261743,-67.91902912617434
616.31,604.3147654758145,11.995234524185435
1917.45,2012.6274202524216,-95.1774202524216
558.29,504.783429738602,53.50657026139794
959.15,954.3380964605818,4.811903539418154
1199.33,1154.7789782275781,44.55102177242179
624.91,727.5889064991138,-102.67890649911385
395.81,489.5702520997039,-93.7602520997039
360.95,385.14699920130096,-24.19699920130097
446.69,481.8963925744527,-35.20639257445271
570.86,595.849716973201,-24.989716973200984
653.31,635.9092058301262,17.400794169873734
288.71,324.8593890695895,-36.14938906958952
837.22,830.1436732061105,7.076326793889507
441.66,411.5075076549742,30.15249234502585
469.89,429.1901538287544,40.69984617124561
810.18,858.2109476455886,-48.03094764558864
784.24,773.1433079458805,11.096692054119558
603.76,606.8419149812466,-3.081914981246655
390.74,390.7065862083496,0.03341379165038916
1281.75,1240.1680766324905,41.58192336750949
1342.12,1309.7666264951815,32.353373504818364
1028.5,1073.974274062798,-45.47427406279803
388.4,387.893815505414,0.5061844945859661
28.71,76.23007106802274,-47.52007106802274
946.31,883.7412883810878,62.568711618912175
343.97,267.68251759040726,76.28748240959277
689.51,682.056153350882,7.453846649117963
425.52,398.5612598177534,26.958740182246572
655.57,555.7977367269199,99.77226327308017
237.53,226.1465331250819,11.3834668749181
476.2,508.40594057842327,-32.20594057842328
520.95,633.6092687391707,-112.65926873917067
284.03,298.1825918030929,-14.152591803092946
1416.14,1544.6292885331957,-128.48928853319558
1353.52,1398.835951409874,-45.31595140987406
723.88,815.349478188468,-91.46947818846797
189.03,165.85025142569359,23.179748574306416
758.21,816.7804892518282,-58.57048925182812
830.38,813.5545575349677,16.825442465032324
343.44,404.6510352567782,-61.21103525677819
821.86,827.3635020073104,-5.503502007310431
841.01,881.7109210063858,-40.700921006385784
1069.49,1047.1582093257164,22.33179067428364
1056.35,1138.7726984321646,-82.42269843216468
809.18,785.9273411482052,23.252658851794763
602.92,665.6377761900707,-62.71777619007071
747.49,742.8336533860149,4.656346613985079
1522.49,1145.0267768628355,377.4632231371645
470.87,538.9861943016797,-68.11619430167968
251.03,322.3134899115985,-71.28348991159848
584.03,540.6009052230934,43.429094776906595
839.83,914.1165866627691,-74.28658666276908
767.55,775.8852610649706,-8.33526106497061
994.54,978.0670499610072,16.472950038992735
681.55,690.6105871134714,-9.060587113471456
743.83,813.2440269020237,-69.41402690202369
337.41,364.0688575608235,-26.658857560823492
484.47,521.8066136725255,-37.33661367252546
493.8,545.4382269781363,-51.63822697813629
682.17,632.883975402022,49.286024597977985
949.04,982.4221447405218,-33.38214474052188
431.46,438.0344334531839,-6.574433453183929
1009.42,964.048864422277,45.37113557772295
629.91,754.848156546225,-124.93815654622506
634.83,625.9233029483588,8.906697051641231
270.04,283.2187561063551,-13.178756106355081
446.6,452.20877725212387,-5.6087772521238435
796.55,767.046963129755,29.503036870244955
407.37,402.5835714454391,4.786428554560928
317.81,351.2767185274099,-33.46671852740991
801.21,799.4934039040868,1.7165960959132462
568.08,541.7904520259549,26.28954797404515
1453.74,1435.459331047968,18.2806689520321
322.69,382.1714034378752,-59.4814034378752
754.45,641.8668788432801,112.58312115671993
798.4,752.3513649777981,46.04863502220189
812.76,800.4287741141356,12.331225885864342
700.39,663.6588194252325,36.73118057476745
374.08,399.29436881788587,-25.214368817885884
1130.59,1031.5370581086029,99.05294189139704
454.96,428.4744138878734,26.485586112126555
882.95,843.3265521439042,39.62344785609582
653.28,614.5294073580279,38.75059264197205
1081.97,1000.9277315235344,81.04226847646567
1380.32,1328.9462941577237,51.373705842276195
1913.17,1742.0496321916469,171.1203678083532
1421.21,1374.4996094689684,46.710390531031635
817.06,896.5980166225835,-79.53801662258354
276.15,326.0018608386509,-49.85186083865091
658.09,579.497064616365,78.592935383635
388.29,412.4518134221483,-24.16181342214827
472.72,443.49589588678225,29.224104113217777
594.7,505.4126888440738,89.28731115592626
467.21,465.1747036864553,2.035296313544677
1320.56,1465.2555905697202,-144.69559056972025
325.21,353.0512185975374,-27.84121859753742
264.08,248.7736175731179,15.306382426882095
1448.18,1376.9066274154445,71.27337258455555
715.41,701.3521967953121,14.057803204687843
1900.46,1880.82961423693,19.63038576307008
446.23,467.1224519266169,-20.8924519266169
1516.42,1471.1216573702225,45.29834262977761
343.74,356.04323034240355,-12.303230342403538
557.32,592.4340479968906,-35.11404799689058
881.3,882.7722482466321,-1.472248246632148
290.36,280.97248004193614,9.387519958063876
1065.54,1104.1454519815495,-38.60545198154955
747.46,750.7356656911537,-3.2756656911536766
1003.06,1081.073936848706,-78.01393684870595
461.63,470.5403173853072,-8.910317385307224
596.08,647.9228672774861,-51.84286727748611
628.29,603.9504711095109,24.339528890489078
692.56,744.7013516499594,-52.14135164995946
1092.6,1079.5302393909715,13.069760609028435
1320.34,1436.4799800702579,-116.13998007025793
912.73,915.7275619630841,-2.997561963084081
2295.61,2044.2968666025058,251.3131333974943
592.41,681.5281280505754,-89.11812805057548
670.56,621.3609014487201,49.1990985512798
353.36,403.665386972665,-50.30538697266496
609.2,638.6247541423741,-29.424754142374013
814.66,839.7114668428203,-25.051466842820332
1656.38,1840.9952414287163,-184.61524142871622
669.68,660.7726585032234,8.907341496776553
612.63,667.9795805907387,-55.3495805907387
1164.57,1233.7092799459474,-69.13927994594746
518.84,432.70771486274106,86.13228513725898
1295.72,1212.2936428363917,83.42635716360837
575.26,530.8327606281099,44.427239371890096
1137.3,1163.1664937294581,-25.86649372945817
1132.06,1124.8716872297277,7.188312770272205
1984.69,1893.9939300668793,90.69606993312073
687.16,691.8664543405791,-4.706454340579171
396.25,370.9641059906928,25.285894009307185
658.3,616.0989350329684,42.201064967031584
649.37,657.348912763249,-7.9789127632490136
478.19,606.4912521894846,-128.30125218948461
1755.28,1716.4712575750282,38.8087424249718
664.15,761.7050445142759,-97.55504451427589
610.8,617.3773257130846,-6.577325713084633
664.85,674.2191626455951,-9.369162645595111
464.4,480.92343236468133,-16.523432364681355
547.66,524.7304683288313,22.92953167116866
590.88,623.5798257282972,-32.69982572829724
500.98,507.9447737293571,-6.964773729357091
337.88,363.4605189947631,-25.58051899476311
721.83,691.158163325393,30.671836674606993
1413.93,1402.1822212917168,11.74777870828325
1065.98,1029.0056035829082,36.97439641709184
822.85,817.757870995032,5.092129004968001
1245.73,1196.2912681388061,49.4387318611939
614.67,635.5354320949914,-20.865432094991434
725.62,702.4203050456443,23.199694954355664
964.23,902.1996692186405,62.03033078135957
901.55,795.7973301244024,105.75266987559758
671.3,614.9946841669511,56.305315833048894
257.0,249.44421489983696,7.555785100163035
446.12,430.4445005097956,15.675499490204402
733.4,797.1504106285323,-63.750410628532336
803.6,818.2287012721267,-14.628701272126705
854.65,856.870681346162,-2.220681346161996
883.23,852.6665461538444,30.563453846155653
474.66,490.68091916716685,-16.020919167166824
1756.77,1755.189281471422,1.5807185285780179
1210.23,1162.4278985089468,47.802101491053236
408.4,394.04541982997534,14.354580170024633
457.04,471.2690670729061,-14.229067072906105
1294.96,1283.0081601280256,11.951839871974471
913.62,959.8935417563407,-46.273541756340705
422.03,426.4227545855132,-4.392754585513217
430.47,409.592666936833,20.877333063167043
805.81,715.797354993677,90.01264500632294
1502.5,1514.4032026635368,-11.903202663536831
387.85,408.11715856156565,-20.267158561565623
555.98,560.3465219638067,-4.36652196380669
1349.08,1477.1934725942722,-128.11347259427225
364.52,429.46951214568196,-64.94951214568198
458.42,542.5585774820212,-84.13857748202116
587.16,593.6454284687411,-6.485428468741134
596.52,627.6502009577765,-31.130200957776538
810.99,843.5996173405043,-32.609617340504315
903.73,939.6959395140368,-35.96593951403679
573.09,552.057034706609,21.032965293391044
506.24,509.65368287910366,-3.4136828791036464
1485.16,1394.4451267194886,90.71487328051148
676.61,646.5353689532883,30.074631046711715
420.36,421.54183207998904,-1.1818320799890216
1316.27,1329.898879556473,-13.628879556473066
566.36,611.7749064335954,-45.414906433595434
597.5,609.6893613409239,-12.189361340923938
611.69,638.9458238082142,-27.25582380821413
977.47,980.7061555553752,-3.2361555553751487
598.33,596.2015856472613,2.128414352738787
1115.47,1041.8276464714916,73.64235352850847
430.88,421.74954810399873,9.130451896001262
1006.69,1002.0686903540352,4.621309645964857
394.52,381.25080871370534,13.269191286294642
1227.08,1173.0509117908698,54.02908820913012
1027.9,974.973802855516,52.926197144484036
556.97,537.6717778543014,19.298222145698674
215.44,235.71433117354434,-20.27433117354434
581.1,545.4591578029786,35.64084219702147
546.92,547.2333799793366,-0.3133799793366734
1075.57,1110.67889019692,-35.10889019692013
1181.25,1237.446162887341,-56.19616288734096
194.09,220.13751146772356,-26.047511467723552
891.09,881.5028710074592,9.587128992540784
460.03,428.153880391248,31.876119608751992
1404.67,1286.8090932731143,117.86090672688579
949.52,940.4008399142582,9.119160085741782
2945.0,3062.873934431641,-117.87393443164092
1208.55,1246.7543639528876,-38.20436395288766
658.71,708.5672302712929,-49.857230271292906
576.03,623.0670917609697,-47.0370917609697
1079.66,1071.3652030061971,8.294796993802947
509.49,531.178980703324,-21.688980703323978
948.89,899.4487069726472,49.4412930273528
1229.92,1192.5144881612316,37.40551183876846
821.53,806.3782590481865,15.151740951813508
706.14,702.1723139011879,3.9676860988121234
623.58,617.9565272353811,5.623472764618896
1036.97,940.8794327824505,96.0905672175495
768.6,799.2064023477103,-30.606402347710286
1336.66,1431.705453573542,-95.04545357354186
644.79,623.5455455892768,21.244454410723165
1479.76,1511.9303142418632,-32.17031424186325
600.4,626.291614151092,-25.89161415109197
811.09,755.283559480562,55.80644051943807
79.06,89.56341433697078,-10.503414336970778
944.41,992.6671367902143,-48.257136790214304
417.08,487.1244951885469,-70.04449518854693
1418.56,1446.0400365721111,-27.480036572111203
778.69,766.4477540240202,12.242245975979813
527.1,653.0041020534749,-125.90410205347484
590.4,670.4743666409092,-80.07436664090926
1117.66,1069.6622901117382,47.99770988826185
1175.86,1142.7736173770622,33.08638262293766
212.92,377.1633862842945,-164.24338628429453
781.66,879.1307901070786,-97.47079010707864
820.19,811.7741615123596,8.415838487640485
757.54,752.6078504178722,4.9321495821277495
1645.67,1548.1798861284738,97.49011387152632
479.74,523.007573489839,-43.26757348983904
683.18,622.6264255154836,60.55357448451639
432.11,477.2547686931504,-45.14476869315041
887.32,867.1876732653882,20.132326734611866
312.43,317.08863282866326,-4.658632828663258
361.67,386.7203711466497,-25.050371146649695
378.98,469.6448541875332,-90.6648541875332
1877.21,1925.755074938936,-48.54507493893607
465.34,481.7057272990365,-16.365727299036507
474.6,484.61438568342373,-10.014385683423711
707.54,686.5248551224487,21.01514487755128
349.27,401.02700693239143,-51.75700693239145
335.99,354.69521096607826,-18.705210966078255
619.42,589.6640100807911,29.7559899192089
145.63,178.88255093800328,-33.25255093800328
719.15,718.9457393928784,0.20426060712156868
1262.45,1326.8667181726498,-64.41671817264978
688.54,687.5540631517893,0.9859368482107129
870.98,849.6446516356783,21.335348364321703
453.64,481.81575025758303,-28.175750257583047
789.26,723.2345651479056,66.02543485209435
946.75,917.0179725435185,29.732027456481546
1436.05,1328.585873382393,107.46412661760701
1030.99,967.3171285221395,63.672871477860554
492.67,511.6230006435486,-18.95300064354859
969.04,1006.3280539851748,-37.288053985174884
526.02,502.1786193967814,23.841380603218568
108.33,125.1418272297338,-16.811827229733808
636.41,615.9035114460393,20.506488553960708
1280.22,1053.1194126852708,227.10058731472918
865.33,911.8492423383,-46.51924233829993
527.96,510.1987795451682,17.761220454831857
1075.87,1091.2209854052912,-15.35098540529134
999.28,862.6404656440968,136.63953435590315
1532.32,1409.531418136223,122.78858186377693
305.26,349.4740112369424,-44.21401123694238
275.46,297.41785845537544,-21.957858455375458
595.83,602.9638563535941,-7.133856353594069
594.73,612.3056467555218,-17.575646755521802
695.88,781.2283383915563,-85.34833839155635
1174.26,1136.0673175823406,38.1926824176594
533.85,535.69269930435,-1.8426993043499351
380.97,380.95342045318023,0.016579546819798452
1007.69,989.6112232756132,18.0787767243869
699.03,691.1751823149867,7.854817685013245
1563.19,1074.1599280880705,489.03007191192955
864.19,876.7239860557992,-12.533986055799119
223.0,293.06827511863355,-70.06827511863355
1538.34,1463.6806959303774,74.65930406962252
402.63,394.8463696400017,7.7836303599983125
1384.52,1363.741248214836,20.778751785163877
1623.03,1661.8351924308033,-38.805192430803345
348.47,342.1422927214299,6.327707278570131
592.12,586.2859599335703,5.834040066429679
1245.81,1200.707758400365,45.10224159963491
353.7,365.85369845812335,-12.153698458123358
1201.64,1157.7645344074974,43.87546559250268
1592.57,1604.5222822267024,-11.952282226702437
353.98,356.66845675097363,-2.6884567509736144
626.68,590.4573470684174,36.2226529315825
1194.28,1144.5640856608588,49.715914339141136
560.19,600.9382233937424,-40.748223393742364
716.47,753.1840997293298,-36.714099729329746
476.42,532.012777628401,-55.59277762840094
979.18,929.1864231110975,49.99357688890245
572.4,542.6059876372012,29.794012362798753
744.21,763.2198428207831,-19.009842820783092
462.49,456.89985275636485,5.590147243635158
237.2,216.9920421737095,20.20795782629048
1258.25,1325.7083603383307,-67.45836033833075
1200.35,1118.1057644272496,82.24423557275031
784.68,779.5618343111195,5.118165688880481
800.6,782.8523057664577,17.747694233542347
393.55,430.22254244007746,-36.67254244007745
1222.26,1114.2724980543321,107.98750194566787
550.96,500.31954564484374,50.640454355156294
269.61,301.6816925852629,-32.071692585262895
1590.93,1576.9330219558224,13.996978044177695
332.05,294.5997436619424,37.45025633805761
1454.63,1438.0273408140401,16.602659185959965
679.18,683.4773360050127,-4.297336005012767
820.89,831.4668599990897,-10.57685999908972
2287.34,2123.705369536492,163.63463046350807
436.1,477.32622801389067,-41.22622801389065
857.44,867.6688184386461,-10.228818438646044
269.58,306.3347552533596,-36.75475525335963
1100.18,1094.5307001643982,5.649299835601823
599.23,619.1227443131659,-19.89274431316585
613.19,589.2012092672331,23.988790732766915
668.78,694.7745650671862,-25.994565067186272
566.27,519.7328048623409,46.53719513765907
434.29,390.5263067056719,43.76369329432811
615.99,593.1148926079885,22.8751073920115
1282.06,1311.549274237036,-29.489274237035943
526.27,537.2742139794133,-11.004213979413294
708.86,740.8077950459431,-31.947795045943053
474.03,486.08328231287794,-12.053282312877968
771.21,730.046833653091,41.163166346909065
331.74,329.77786693743815,1.9621330625618612
591.39,575.7253355550645,15.66466444493551
349.33,367.4103863075806,-18.080386307580625
1259.61,1290.6874973656554,-31.077497365655518
714.94,696.0541927690672,18.88580723093287
1357.89,1263.716505608559,94.17349439144118
