country,year,iso3,population,gdp,methane,methane_per_capita,co2,co2_per_capita,total_ghg,ghg_per_capita,primary_energy_consumption,energy_per_capita,energy_per_gdp,agricultural_land_pct,livestock_production_index,agri_value_added_pct_gdp,rural_population_pct,urban_population_pct
Trinidad and Tobago,1990,TTO,1252215.0,17710560000.0,3.177,2.537,16.978,13.559,21.75,17.369,69.6,55581.473,3.93,15.01,52.21,2.541,44.998,55.002
Italy,1990,ITA,57031457.0,1475485283347.0,61.926,1.086,438.208,7.684,501.328,8.79,2152.229,37737.582,1.459,57.257,107.48,3.179,33.291,66.709
Netherlands,1990,NLD,15030886.0,411390791201.0,38.652,2.572,163.033,10.847,220.072,14.641,910.735,60590.891,2.214,59.775,90.37,4.018,31.013,68.987
Venezuela,1990,VEN,19827005.0,256078525417.0,49.094,2.476,120.864,6.096,203.473,10.262,603.555,30441.045,2.357,24.783,67.09,5.212,16.026,83.974
Togo,1990,TGO,3714023.0,4744275000.0,2.319,0.624,0.978,0.263,7.627,2.054,2.782,749.056,0.586,58.099,61.28,15.199,71.326,28.674
Yemen,1990,YEM,13887863.0,44971042042.0,8.474,0.61,9.572,0.689,21.964,1.581,47.06,3388.566,1.046,44.749,29.76,27.391,79.818,20.182
Nepal,1990,NPL,19524579.0,24523435000.0,19.21,0.984,0.721,0.037,42.102,2.156,3.748,191.964,0.153,28.982,57.65,48.803,80.238,19.762
Senegal,1990,SEN,7720524.0,15993263040.0,6.951,0.9,2.93,0.38,12.126,1.571,10.639,1378.018,0.665,46.066,46.7,18.466,61.053,38.947
Burundi,1990,BDI,5587051.0,6041848505.0,2.237,0.4,0.209,0.037,4.982,0.892,1.372,245.513,0.227,81.075,65.34,51.057,93.733,6.267
Argentina,1990,ARG,32755907.0,338751144000.0,113.853,3.476,112.188,3.425,286.574,8.749,513.625,15680.393,1.516,46.613,79.03,8.124,13.08,86.92
Malaysia,1990,MYS,17833179.0,143192117242.0,18.628,1.045,54.269,3.043,246.991,13.85,241.548,13544.84,1.687,20.565,34.83,15.217,50.967,49.033
Egypt,1990,EGY,58396625.0,227979905812.0,43.541,0.746,72.884,1.248,129.264,2.214,391.323,6701.131,1.716,2.66,39.62,18.513,56.431,43.569
Ecuador,1990,ECU,10473674.0,64188502782.0,17.627,1.683,16.501,1.575,100.662,9.611,80.982,7731.968,1.262,28.341,35.0,20.521,44.91,55.09
Burkina Faso,1990,BFA,9159358.0,10752296234.0,9.294,1.015,0.594,0.065,32.467,3.545,2.02,220.592,0.188,36.37,29.93,27.95,86.765,13.235
Cameroon,1990,CMR,11331827.0,22937075576.0,21.492,1.897,2.605,0.23,56.757,5.009,17.431,1538.258,0.76,19.399,52.4,23.995,59.911,40.089
Saudi Arabia,1990,SAU,10640697.0,230231005239.0,55.18,5.186,181.971,17.101,241.734,22.718,928.337,87244.008,4.032,57.441,43.3,5.636,22.991,77.009
Mali,1990,MLI,9178826.0,9628796516.0,10.54,1.148,0.422,0.046,21.479,2.34,2.109,229.794,0.219,26.33,99.22,36.525,83.369,16.631
Bulgaria,1990,BGR,8822366.0,79352520673.0,16.537,1.874,76.638,8.687,101.645,11.521,324.408,36771.109,4.088,55.672,295.93,17.746,32.961,67.039
Australia,1990,AUS,17126304.0,464136588000.0,163.762,9.562,278.061,16.236,538.479,31.442,1051.079,61372.223,2.265,60.455,81.65,4.177,14.605,85.395
Turkey,1990,TUR,56015627.0,486761175773.0,36.628,0.654,154.572,2.759,233.442,4.167,561.306,10020.523,1.153,51.553,49.22,17.476,48.969,51.031
Brazil,1990,BRA,149143223.0,1185475140000.0,365.41,2.45,218.658,1.466,2105.299,14.116,1562.972,10479.675,1.318,28.104,35.8,6.963,25.13,74.87
Rwanda,1990,RWA,7375313.0,9760500152.0,4.455,0.604,0.524,0.071,6.389,0.866,3.183,431.638,0.326,76.125,30.96,32.546,94.725,5.275
Sierra Leone,1990,SLE,4196834.0,6912780000.0,2.96,0.705,0.498,0.119,9.433,2.248,4.277,1019.11,0.619,39.138,37.0,44.029,66.543,33.457
United Arab Emirates,1990,ARE,1898220.0,40641367500.0,21.196,11.166,51.908,27.346,73.752,38.853,344.953,181724.297,8.488,4.013,25.55,1.058,21.314,78.686
New Zealand,1990,NZL,3396981.0,74483238000.0,36.137,10.638,25.49,7.504,83.066,24.453,186.435,54882.578,2.503,52.854,60.29,5.989,15.216,84.784
Thailand,1990,THA,54738329.0,407627796816.0,82.828,1.513,86.563,1.581,283.074,5.171,353.898,6465.264,0.868,41.854,59.1,12.5,81.193,18.807
Ghana,1990,GHA,15394650.0,26095563069.0,7.193,0.467,3.514,0.228,30.286,1.967,17.752,1153.139,0.68,55.498,50.64,44.848,64.257,35.743
United Kingdom,1990,GBR,57367867.0,1505692258761.0,134.691,2.348,601.945,10.493,784.056,13.667,2508.393,43724.711,1.666,75.241,97.74,1.274,21.891,78.109
Malawi,1990,MWI,9545860.0,8210711250.0,3.289,0.345,0.737,0.077,17.101,1.791,3.279,343.471,0.399,44.739,17.84,32.008,88.375,11.625
Dominica,1990,DMA,69644.0,275730000.0,0.051,0.737,0.059,0.842,0.123,1.772,0.23,3300.232,0.834,24.0,80.09,16.342,35.931,64.069
Guinea,1990,GIN,6434383.0,4999407010.0,6.839,1.063,0.967,0.15,23.314,3.623,6.039,938.483,1.208,57.179,21.4,16.933,71.785,28.215
Seychelles,1990,SYC,74000.0,584969000.0,0.041,0.555,0.15,2.03,0.204,2.757,1.805,24391.521,3.086,8.696,144.15,4.489,51.091,48.909
Lesotho,1990,LSO,1809698.0,3205046000.0,1.458,0.806,1.473,0.814,3.903,2.157,0.88,486.257,0.275,76.449,89.79,12.162,87.117,12.883
Uruguay,1990,URY,3104404.0,32048550000.0,18.655,6.009,3.977,1.281,25.558,8.233,25.218,8123.448,0.787,85.23,70.4,9.208,10.907,89.093
Namibia,1990,NAM,1369309.0,7363138831.0,4.873,3.559,,,8.992,6.567,10.159,7418.709,1.38,46.96,89.13,9.055,73.133,26.867
Zimbabwe,1990,ZWE,10137287.0,21937054921.0,11.585,1.143,15.537,1.533,57.634,5.685,53.579,5285.355,2.442,33.72,22.91,14.832,70.408,29.592
Chile,1990,CHL,13437181.0,133955187000.0,19.748,1.47,32.908,2.449,59.244,4.409,155.681,11585.809,1.162,21.383,51.47,8.165,16.809,83.191
Philippines,1990,PHL,62854668.0,227937191062.0,52.853,0.841,40.774,0.649,199.879,3.18,187.489,2982.894,0.823,37.361,36.01,19.16,63.999,36.001
Iran,1990,IRN,58380098.0,318478243281.0,102.915,1.763,211.075,3.616,370.772,6.351,811.283,13896.569,2.547,37.759,48.54,12.491,43.539,56.461
South Africa,1990,ZAF,40746274.0,235128506976.0,69.564,1.707,312.934,7.68,437.533,10.738,1029.669,25270.26,4.379,78.807,55.25,3.777,48.032,51.968
Colombia,1990,COL,32440064.0,253538201000.0,65.108,2.007,56.857,1.753,155.272,4.786,252.481,7783.004,0.996,40.634,57.21,17.067,30.509,69.491
Bolivia,1990,BOL,7130143.0,23021797458.0,22.425,3.145,10.018,1.405,77.564,10.878,24.498,3435.817,1.064,32.729,39.29,15.354,44.071,55.929
Honduras,1990,HND,4980493.0,14201085625.0,5.785,1.162,2.505,0.503,32.894,6.605,13.053,2620.887,0.919,29.672,47.82,19.914,59.512,40.488
Gabon,1990,GAB,983740.0,7172590144.0,14.004,14.235,4.485,4.559,24.016,24.413,11.214,11399.191,1.563,7.783,66.48,7.324,30.722,69.278
Nigeria,1990,NGA,97120926.0,171278462601.0,187.76,1.933,38.786,0.399,369.206,3.802,195.42,2012.134,1.141,64.466,50.35,21.556,64.813,35.187
Syria,1990,SYR,12579212.0,113006349079.0,26.432,2.101,37.265,2.962,66.837,5.313,158.488,12599.213,1.402,73.43,68.1,28.285,51.157,48.843
Malta,1990,MLT,367913.0,4761399641.0,0.147,0.398,2.427,6.598,2.613,7.102,8.106,22033.674,1.703,40.625,103.7,3.152,8.968,91.032
Gambia,1990,GMB,1054703.0,1331400000.0,0.754,0.715,0.198,0.188,1.397,1.325,0.788,746.804,0.592,57.51,40.72,24.343,64.823,35.177
Singapore,1990,SGP,3039593.0,69065570813.0,1.292,0.425,43.536,14.323,48.633,16.0,273.104,89848.742,3.954,2.985,445.42,0.323,0.0,100.0
Tanzania,1990,TZA,26110210.0,22062497802.0,25.223,0.966,2.112,0.081,85.441,3.272,12.823,491.104,0.581,35.211,41.85,28.955,81.071,18.929
Jordan,1990,JOR,3621915.0,19715854104.0,1.605,0.443,10.59,2.924,11.578,3.197,42.117,11628.393,2.136,11.788,30.49,6.881,24.851,75.149
Iraq,1990,IRQ,17581208.0,71051759191.0,97.931,5.57,49.683,2.826,160.122,9.108,237.703,13520.282,3.345,21.121,156.25,8.249,30.28,69.72
Botswana,1990,BWA,1305699.0,6660711722.0,6.783,5.195,2.7,2.068,14.169,10.851,8.951,6855.631,1.344,45.914,73.11,4.526,56.354,43.646
Mauritania,1990,MRT,1951881.0,2908675000.0,4.701,2.409,0.854,0.437,9.375,4.803,3.93,2013.312,1.351,38.475,58.94,21.886,60.53,39.47
Niger,1990,NER,8286066.0,6837988542.0,7.819,0.944,0.599,0.072,54.624,6.592,3.73,450.175,0.546,26.089,65.24,29.442,84.552,15.448
Austria,1990,AUT,7679627.0,207979127656.0,14.719,1.917,62.191,8.098,80.327,10.46,333.824,43468.785,1.605,36.644,96.2,3.135,35.889,64.111
Denmark,1990,DNK,5141024.0,151205742035.0,10.319,2.007,53.477,10.402,71.034,13.817,201.961,39284.199,1.336,69.7,88.57,3.281,15.164,84.836
Chad,1990,TCD,5982838.0,4042256503.0,10.124,1.692,0.377,0.063,22.828,3.816,1.419,237.199,0.351,38.358,25.24,27.889,78.799,21.201
Zambia,1990,ZMB,7786163.0,10251342241.0,13.666,1.755,2.407,0.309,53.909,6.924,17.112,2197.794,1.669,27.995,33.77,18.203,60.636,39.364
Romania,1990,ROU,22939530.0,127957829968.0,34.4,1.5,176.535,7.696,226.29,9.865,735.215,32050.145,5.746,64.395,137.63,21.809,45.786,54.214
Haiti,1990,HTI,6854444.0,10773450000.0,5.543,0.809,0.994,0.145,7.862,1.147,3.388,494.328,0.315,57.946,55.3,29.737,75.557,24.443
El Salvador,1990,SLV,5399728.0,17260964768.0,3.612,0.669,2.471,0.458,12.261,2.271,11.938,2210.895,0.692,61.332,59.31,16.014,51.017,48.983
Cape Verde,1990,CPV,375437.0,668100000.0,0.115,0.307,0.18,0.478,0.371,0.989,0.344,915.859,0.515,16.873,66.67,14.391,55.872,44.128
Guinea-Bissau,1990,GNB,973678.0,1261819956.0,1.228,1.261,0.095,0.098,4.556,4.679,1.131,1161.848,0.897,20.579,49.71,56.936,68.149,31.851
Tunisia,1990,TUN,8324509.0,43649701957.0,6.616,0.795,14.622,1.757,23.794,2.858,58.671,7048.021,1.344,59.159,45.34,15.721,41.943,58.057
Laos,1990,LAO,4311960.0,6235010000.0,5.547,1.286,0.513,0.119,28.681,6.652,1.309,303.673,0.21,7.192,40.51,46.469,84.756,15.244
Bangladesh,1990,BGD,111633722.0,112105268328.0,65.267,0.585,14.082,0.126,99.32,0.89,73.856,661.596,0.659,79.788,33.14,30.49,80.136,19.864
Morocco,1990,MAR,24375558.0,102154759492.0,16.084,0.66,22.298,0.915,56.695,2.326,82.756,3395.03,0.81,67.988,48.44,15.095,51.566,48.434
Costa Rica,1990,CRI,3121707.0,22906633594.0,4.759,1.525,2.909,0.932,14.977,4.798,14.923,4780.386,0.651,43.059,58.17,15.787,51.42,48.58
Panama,1990,PAN,2455588.0,17035767000.0,3.034,1.235,2.618,1.066,19.952,8.125,48.283,19662.305,2.834,28.571,46.59,8.074,46.129,53.871
Sri Lanka,1990,LKA,16352460.0,67098669421.0,9.933,0.607,3.802,0.233,26.975,1.65,29.887,1827.675,0.445,37.299,46.08,26.685,81.909,18.091
Kenya,1990,KEN,22892655.0,41570971757.0,24.568,1.073,5.789,0.253,71.293,3.114,30.359,1326.129,0.73,46.996,54.88,25.314,81.804,18.196
Mongolia,1990,MNG,2164578.0,4502883000.0,10.029,4.633,9.791,4.523,49.884,23.046,24.313,11231.988,5.399,81.203,68.07,12.474,42.978,57.022
Eswatini,1990,SWZ,872436.0,3420534889.0,1.423,1.631,0.96,1.1,2.861,3.279,3.137,3596.085,0.917,71.977,77.33,8.871,77.065,22.935
Cote d'Ivoire,1990,CIV,12189780.0,26018496693.0,6.633,0.544,4.782,0.392,74.353,6.1,20.025,1642.761,0.77,59.929,63.0,32.498,60.315,39.685
Barbados,1990,BRB,258583.0,3404428000.0,0.205,0.791,1.037,4.011,1.292,4.996,5.502,21275.953,1.616,44.186,94.11,3.445,36.441,63.559
Oman,1990,OMN,1763957.0,18309502487.0,18.101,10.261,11.285,6.398,29.883,16.941,46.62,26429.148,2.546,3.489,33.22,2.271,29.636,70.364
Sweden,1990,SWE,8558571.0,240234012000.0,12.272,1.434,57.417,6.709,63.328,7.399,644.207,75270.344,2.682,8.379,107.05,3.565,16.596,83.404
India,1990,IND,864972221.0,1750993000000.0,636.163,0.735,577.987,0.668,1526.914,1.765,2300.701,2659.855,1.314,61.016,39.05,27.585,74.422,25.578
Pakistan,1990,PAK,116155584.0,290069526062.0,91.22,0.785,67.827,0.584,182.571,1.572,305.498,2630.075,1.053,45.67,33.33,23.067,69.247,30.753
Finland,1990,FIN,4986576.0,134055215099.0,12.58,2.523,56.921,11.415,85.298,17.106,323.249,64823.824,2.411,7.856,107.12,5.397,36.123,63.877
South Korea,1990,KOR,44081425.0,594764506000.0,32.472,0.737,250.511,5.683,288.631,6.548,1078.742,24471.578,1.814,22.59,46.42,7.37,26.015,73.985
Congo,1990,COG,2380562.0,8597207705.0,9.017,3.788,1.008,0.423,18.525,7.782,4.651,1953.634,0.541,30.797,31.88,12.861,45.42,54.58
France,1990,FRA,56990239.0,1636207672000.0,89.572,1.572,394.904,6.929,584.751,10.261,2649.823,46496.09,1.619,56.764,105.47,2.978,25.932,74.068
Switzerland,1990,CHE,6713168.0,234154439697.0,7.452,1.11,44.149,6.576,55.283,8.235,331.625,49399.234,1.416,40.604,98.25,2.11,31.338,68.662
Cuba,1990,CUB,10631796.0,49943661000.0,15.171,1.427,29.638,2.788,67.633,6.361,145.492,13684.609,2.913,62.765,126.58,13.041,26.272,73.728
Indonesia,1990,IDN,183501097.0,718548888843.0,162.547,0.886,154.991,0.845,1012.411,5.517,600.179,3270.71,0.835,24.886,47.43,21.549,69.405,30.595
Paraguay,1990,PRY,4035752.0,22196120000.0,15.584,3.861,2.13,0.528,59.28,14.689,11.982,2968.974,0.54,35.876,49.22,18.602,49.908,50.092
Vietnam,1990,VNM,65504551.0,109939936906.0,53.857,0.822,21.299,0.325,126.515,1.931,77.128,1177.445,0.702,20.664,31.21,38.737,80.826,19.174
Mauritius,1990,MUS,1089033.0,12196699680.0,0.506,0.465,1.462,1.342,2.147,1.972,7.773,7137.557,0.637,54.491,37.16,10.743,56.1,43.9
Mexico,1990,MEX,82820170.0,823577476195.0,112.01,1.352,316.746,3.825,662.303,7.997,1319.072,15926.936,1.602,54.091,48.86,6.667,28.541,71.459
Comoros,1990,COM,444601.0,469560000.0,0.304,0.684,0.062,0.14,0.465,1.046,0.262,590.396,0.559,61.257,63.1,29.376,71.652,28.348
Benin,1990,BEN,5281482.0,8723574620.0,3.251,0.616,0.579,0.11,11.498,2.177,2.557,484.103,0.293,20.054,45.57,34.655,65.182,34.818
Cyprus,1990,CYP,788355.0,10601790424.0,0.4,0.507,4.648,5.896,4.076,5.171,19.275,24449.057,1.818,17.381,80.37,6.859,32.863,67.137
Guatemala,1990,GTM,9024775.0,46309390000.0,7.547,0.836,4.658,0.516,49.068,5.437,19.087,2114.973,0.412,39.987,34.05,25.879,66.099,33.901
Dominican Republic,1990,DOM,7151165.0,27899937000.0,6.713,0.939,8.929,1.249,17.933,2.508,39.858,5573.618,1.429,54.174,50.63,13.423,45.038,54.962
Uganda,1990,UGA,17569895.0,16268766281.0,11.414,0.65,0.761,0.043,37.831,2.153,4.151,236.261,0.255,59.867,38.89,53.283,90.238,9.762
China,1990,CHN,1153582725.0,3385121670000.0,867.343,0.752,2483.534,2.153,4205.167,3.645,7938.25,6881.387,2.345,53.865,30.03,26.533,73.804,26.196
Norway,1990,NOR,4241440.0,124859200464.0,7.694,1.814,35.009,8.254,48.839,11.515,492.923,116215.914,3.948,2.672,93.94,2.984,28.123,71.877
Rwanda,1991,RWA,7526964.0,9167410895.0,4.276,0.568,0.472,0.063,6.197,0.823,3.25,431.797,0.355,76.003,34.18,32.133,94.637,5.363
Bulgaria,1991,BGR,8695798.0,72983249507.0,15.567,1.79,61.521,7.075,89.922,10.341,262.598,30198.242,3.598,55.69,254.19,15.391,32.912,67.088
Ghana,1991,GHA,15787495.0,27591405114.0,7.543,0.478,3.902,0.247,25.373,1.607,17.992,1139.63,0.652,55.902,51.98,45.51,63.453,36.547
Australia,1991,AUS,17353191.0,461302112920.0,164.542,9.482,279.437,16.103,522.525,30.111,1043.94,60158.379,2.263,60.24,83.57,3.158,14.6,85.4
Sierra Leone,1991,SLE,4246268.0,6361130421.0,2.931,0.69,0.557,0.131,8.964,2.111,4.531,1067.011,0.712,39.138,49.33,36.745,66.318,33.682
Dominica,1991,DMA,69321.0,285879709.0,0.051,0.737,0.059,0.846,0.125,1.805,0.23,3315.609,0.804,24.0,80.98,15.682,35.502,64.498
Malawi,1991,MWI,9844228.0,8902464020.0,3.32,0.337,0.787,0.08,14.396,1.462,3.85,391.132,0.433,45.821,20.14,32.977,87.969,12.031
Malaysia,1991,MYS,18342474.0,157808067102.0,19.152,1.044,65.785,3.586,232.16,12.657,302.51,16492.316,1.917,20.68,39.32,14.356,49.508,50.492
Guinea,1991,GIN,6697167.0,5139871689.0,7.156,1.069,0.989,0.148,25.322,3.781,4.683,699.275,0.911,56.897,24.79,12.524,71.529,28.471
Thailand,1991,THA,55637436.0,437871480572.0,86.944,1.563,95.045,1.708,269.698,4.847,390.453,7017.81,0.892,42.115,66.23,12.65,80.643,19.357
New Zealand,1991,NZL,3480933.0,74961224062.0,35.74,10.267,26.17,7.518,83.314,23.935,190.187,54636.867,2.537,52.252,62.11,6.889,15.05,84.95
Turkey,1991,TUR,57009892.0,498030901697.0,35.179,0.617,161.126,2.826,231.524,4.061,573.129,10053.146,1.151,52.06,44.91,15.247,48.051,51.949
Iraq,1991,IRQ,17767257.0,26538332738.0,21.099,1.188,45.505,2.561,73.702,4.148,150.016,8443.392,5.653,22.014,65.66,15.616,30.636,69.364
Yemen,1991,YEM,14430205.0,47174437330.0,8.57,0.594,9.182,0.636,20.425,1.415,48.701,3374.933,1.032,44.758,32.49,26.161,79.018,20.982
Burundi,1991,BDI,5703860.0,6316030264.0,2.284,0.4,0.238,0.042,5.263,0.923,1.567,274.805,0.248,80.88,73.21,48.598,93.537,6.463
Trinidad and Tobago,1991,TTO,1262174.0,17744930735.0,3.142,2.489,16.964,13.441,21.141,16.749,69.389,54975.676,3.91,15.789,54.88,2.477,44.823,55.177
Togo,1991,TGO,3822637.0,4804300007.0,2.289,0.599,1.05,0.275,7.691,2.012,4.531,1185.338,0.943,58.559,58.94,14.321,70.896,29.104
Dominican Republic,1991,DOM,7299849.0,28624479731.0,6.993,0.958,9.529,1.305,19.016,2.605,38.164,5228.107,1.333,53.969,48.84,12.506,44.736,55.264
Italy,1991,ITA,57075394.0,1509175668697.0,61.138,1.071,437.742,7.67,496.048,8.691,2090.716,36630.781,1.385,54.585,106.2,3.235,33.299,66.701
Netherlands,1991,NLD,15155093.0,423942311236.0,38.913,2.568,171.469,11.314,229.124,15.119,928.063,61237.723,2.189,58.338,91.66,3.906,30.793,69.207
Saudi Arabia,1991,SAU,11160752.0,279266370692.0,66.562,5.964,244.534,21.91,315.35,28.255,972.452,87131.43,3.482,57.53,45.91,5.365,22.433,77.567
Senegal,1991,SEN,7943091.0,16307693057.0,7.097,0.893,3.108,0.391,14.701,1.851,9.824,1236.738,0.602,45.235,49.55,18.696,60.86,39.14
Burkina Faso,1991,BFA,9394631.0,11509843577.0,9.586,1.02,0.638,0.068,33.636,3.58,2.332,248.237,0.203,36.83,44.97,29.793,86.464,13.536
Seychelles,1991,SYC,74838.0,617088515.0,0.042,0.565,0.172,2.301,0.23,3.072,2.047,27346.631,3.316,8.696,143.87,4.46,51.321,48.679
Cameroon,1991,CMR,11667186.0,22472507403.0,20.909,1.792,2.668,0.229,57.265,4.908,17.545,1503.81,0.781,19.356,53.96,24.259,59.23,40.77
Ecuador,1991,ECU,10702377.0,67933582437.0,17.911,1.674,16.198,1.514,82.521,7.711,89.439,8356.9,1.317,28.587,37.62,20.863,44.272,55.728
Nepal,1991,NPL,20036507.0,26059005352.0,18.767,0.937,1.026,0.051,42.221,2.107,4.468,222.974,0.171,29.0,50.48,44.723,79.591,20.409
Jordan,1991,JOR,3915152.0,21426578689.0,1.76,0.45,9.991,2.552,14.855,3.794,39.949,10203.808,1.864,11.451,38.15,7.245,23.706,76.294
United Kingdom,1991,GBR,57555199.0,1488075367051.0,137.452,2.388,609.413,10.588,792.385,13.767,2561.217,44500.176,1.721,74.993,98.37,1.25,21.898,78.102
Mauritania,1991,MRT,2009739.0,3053303240.0,4.862,2.419,0.868,0.432,9.666,4.81,4.113,2046.636,1.347,38.485,57.49,28.592,60.655,39.345
Peru,1991,PER,22483784.0,108468600578.0,23.075,1.026,20.758,0.923,119.079,5.296,106.149,4721.149,0.979,17.648,35.38,7.862,30.688,69.312
Colombia,1991,COL,33098373.0,259415683485.0,64.647,1.953,56.609,1.71,173.232,5.234,259.169,7830.261,0.999,40.454,57.94,17.455,30.042,69.958
Bolivia,1991,BOL,7280294.0,24300991136.0,23.531,3.232,10.506,1.443,76.025,10.443,23.783,3266.781,0.979,33.043,39.46,15.542,43.174,56.826
Tunisia,1991,TUN,8501826.0,45587109207.0,7.077,0.832,16.755,1.971,26.434,3.109,48.366,5688.935,1.061,59.282,45.58,16.721,41.02,58.98
South Africa,1991,ZAF,41687903.0,237880804016.0,70.069,1.681,326.03,7.821,457.98,10.986,1022.248,24521.457,4.297,79.141,59.32,3.744,47.6,52.4
Nigeria,1991,NGA,99720161.0,174067595995.0,196.378,1.969,41.841,0.42,410.529,4.117,212.529,2131.258,1.221,65.258,50.04,20.885,64.034,35.966
Mozambique,1991,MOZ,13352091.0,22102096456.0,10.879,0.815,0.941,0.071,47.118,3.529,4.949,370.63,0.224,45.117,61.34,33.936,75.756,24.244
Niger,1991,NER,8546900.0,6989575096.0,8.112,0.949,0.566,0.066,62.953,7.366,3.776,441.745,0.54,26.924,64.04,31.581,84.483,15.517
Uruguay,1991,URY,3122357.0,33068762787.0,19.538,6.257,4.537,1.453,27.255,8.729,22.54,7218.911,0.682,85.253,69.62,8.498,10.553,89.447
Chad,1991,TCD,6205688.0,4243508738.0,14.781,2.382,0.388,0.063,28.917,4.66,1.388,223.602,0.327,38.397,26.76,35.508,78.708,21.292
Lesotho,1991,LSO,1842383.0,3210336421.0,1.477,0.802,1.528,0.829,4.423,2.401,0.894,485.229,0.278,76.515,62.44,7.325,86.439,13.561
Iran,1991,IRN,59986931.0,376283104666.0,124.434,2.074,223.042,3.718,407.428,6.792,880.229,14673.675,2.339,38.678,50.87,12.014,43.101,56.899
Namibia,1991,NAM,1415689.0,7919428821.0,4.986,3.522,1.044,0.738,10.655,7.527,5.397,3812.35,0.682,46.96,100.01,9.973,72.928,27.072
Chile,1991,CHL,13662482.0,143694660776.0,19.802,1.449,30.892,2.261,55.638,4.072,174.964,12806.18,1.218,21.235,51.81,9.163,16.673,83.327
Philippines,1991,PHL,64382249.0,228436344826.0,53.441,0.83,42.874,0.666,179.028,2.781,184.339,2863.199,0.807,37.418,40.57,18.338,63.743,36.257
Gambia,1991,GMB,1099960.0,1378188611.0,0.779,0.708,0.198,0.18,1.015,0.923,0.784,712.693,0.569,57.51,70.53,18.159,64.213,35.787
Zambia,1991,ZMB,7981653.0,10509127569.0,13.831,1.733,2.382,0.298,59.681,7.477,15.824,1982.549,1.506,28.015,44.64,15.814,60.746,39.254
Singapore,1991,SGP,3136294.0,74103369043.0,1.307,0.417,44.235,14.104,50.645,16.148,278.315,88740.07,3.756,1.791,380.92,0.25,0.0,100.0
Brazil,1991,BRA,151724253.0,1213090136106.0,373.664,2.463,229.394,1.512,2189.194,14.429,1624.042,10703.902,1.339,27.934,39.11,6.841,24.507,75.493
Guinea-Bissau,1991,GNB,994640.0,1300711311.0,1.244,1.25,0.095,0.096,4.1,4.122,1.131,1137.362,0.87,20.713,56.97,51.276,67.248,32.752
Cape Verde,1991,CPV,384603.0,689942658.0,0.12,0.311,0.165,0.429,0.385,1.001,0.344,894.032,0.498,16.873,71.05,13.393,54.603,45.397
Germany,1991,DEU,80303190.0,2141316417831.0,141.408,1.761,1016.93,12.664,1217.409,15.16,4090.643,50939.98,1.91,49.082,99.51,1.07,19.98,80.02
El Salvador,1991,SLV,5495081.0,18153449125.0,3.698,0.673,3.149,0.573,14.138,2.573,12.937,2354.288,0.713,61.955,61.8,15.792,50.361,49.639
Romania,1991,ROU,22947416.0,114884267222.0,30.551,1.331,142.258,6.199,181.469,7.908,624.444,27211.963,5.435,64.491,136.32,18.871,45.687,54.313
Haiti,1991,HTI,6995455.0,11156723437.0,5.758,0.823,0.974,0.139,7.402,1.058,3.481,497.611,0.312,57.91,59.48,29.899,74.637,25.363
Malta,1991,MLT,371335.0,5017928103.0,0.15,0.405,2.272,6.118,2.462,6.63,8.54,22997.986,1.702,40.625,109.53,2.985,8.578,91.422
Denmark,1991,DNK,5154346.0,154212932867.0,10.465,2.03,64.105,12.437,81.494,15.811,232.854,45176.191,1.51,69.25,90.82,3.017,15.146,84.854
Tanzania,1991,TZA,26780440.0,23131982096.0,25.415,0.949,2.255,0.084,79.327,2.962,11.117,415.098,0.481,35.631,45.8,30.2,80.733,19.267
Botswana,1991,BWA,1341767.0,7315023272.0,6.427,4.79,2.634,1.963,12.925,9.633,9.369,6982.897,1.281,45.703,118.35,4.377,54.46,45.54
Austria,1991,AUT,7757140.0,215992683383.0,14.687,1.893,65.79,8.481,83.555,10.771,349.4,45042.395,1.618,36.802,95.72,2.846,35.399,64.601
Mali,1991,MLI,9362885.0,10269524230.0,10.535,1.125,0.426,0.045,25.754,2.751,2.11,225.411,0.206,26.343,76.76,40.5,83.173,16.827
Egypt,1991,EGY,60029001.0,241323329041.0,49.822,0.83,74.447,1.24,141.137,2.351,396.433,6604.019,1.643,2.655,47.55,16.987,56.624,43.376
Argentina,1991,ARG,33230293.0,376057930424.0,113.136,3.405,117.727,3.543,316.994,9.539,522.459,15722.361,1.389,46.648,77.59,6.716,12.785,87.215
Switzerland,1991,CHE,6796942.0,236201938759.0,7.381,1.086,46.131,6.787,57.073,8.397,340.572,50106.68,1.442,40.499,99.71,1.98,30.759,69.241
Paraguay,1991,PRY,4144370.0,22815091205.0,14.582,3.519,2.098,0.506,73.725,17.789,11.316,2730.433,0.496,36.313,54.39,16.001,49.011,50.989
Vietnam,1991,VNM,66891778.0,115933551072.0,56.701,0.848,21.376,0.32,168.349,2.517,78.514,1173.749,0.677,20.741,22.67,40.489,80.56,19.44
Indonesia,1991,IDN,186778239.0,786440054225.0,169.407,0.907,174.754,0.936,994.146,5.323,652.938,3495.795,0.83,22.922,44.99,19.662,68.401,31.599
Congo,1991,COG,2449235.0,9009686346.0,8.872,3.623,1.083,0.442,17.44,7.12,4.187,1709.668,0.465,30.805,32.83,11.318,45.059,54.941
France,1991,FRA,57271564.0,1654070164992.0,89.053,1.555,419.119,7.318,638.377,11.147,2834.176,49486.617,1.713,56.564,107.32,2.472,25.78,74.22
Cyprus,1991,CYP,798950.0,10802933313.0,0.405,0.508,5.136,6.429,4.653,5.824,19.512,24422.248,1.806,17.229,80.51,6.191,32.609,67.391
Syria,1991,SYR,12980824.0,121259151277.0,31.908,2.458,42.425,3.268,76.885,5.923,146.641,11296.706,1.209,73.523,71.66,30.676,50.953,49.047
Gabon,1991,GAB,1010821.0,7974667240.0,14.446,14.291,4.522,4.473,24.66,24.396,11.558,11434.392,1.449,7.807,67.02,7.624,29.33,70.67
China,1991,CHN,1170788533.0,3508948004345.0,870.125,0.743,2619.143,2.237,4315.059,3.686,8337.61,7121.363,2.376,54.47,33.75,23.963,73.06,26.94
Benin,1991,BEN,5446935.0,9020546630.0,3.377,0.62,0.62,0.114,12.934,2.375,2.988,548.623,0.331,20.116,50.31,35.044,64.659,35.341
Mexico,1991,MEX,84430565.0,865148747123.0,112.828,1.336,329.831,3.907,615.138,7.286,1357.68,16080.432,1.569,54.607,52.66,6.497,28.141,71.859
South Korea,1991,KOR,44439146.0,651871510125.0,32.062,0.721,275.688,6.204,313.514,7.055,1224.935,27564.314,1.879,22.403,48.13,6.611,24.839,75.161
Comoros,1991,COM,455563.0,484441557.0,0.245,0.537,0.066,0.145,0.39,0.855,0.253,555.833,0.523,61.795,86.19,29.377,71.533,28.467
Costa Rica,1991,CRI,3202182.0,23392535070.0,4.774,1.491,3.282,1.025,13.136,4.102,15.8,4934.007,0.675,43.157,62.26,11.945,50.494,49.506
Sri Lanka,1991,LKA,16475354.0,73808548639.0,9.429,0.572,4.107,0.249,28.442,1.726,29.827,1810.375,0.404,37.347,49.48,27.088,82.386,17.614
Bangladesh,1991,BGD,113787112.0,117331560870.0,65.169,0.573,14.753,0.13,92.448,0.812,71.255,626.21,0.607,79.281,28.42,31.677,79.733,20.267
Kenya,1991,KEN,23646514.0,42852784377.0,23.96,1.013,4.805,0.203,67.3,2.846,27.424,1159.744,0.64,47.198,56.23,24.32,81.702,18.298
Finland,1991,FIN,5013889.0,126220143051.0,12.309,2.455,55.195,11.008,79.989,15.954,330.758,65968.336,2.62,7.961,101.77,4.824,36.03,63.97
Cuba,1991,CUB,10717640.0,42598295390.0,14.915,1.392,26.961,2.516,72.751,6.788,135.367,12630.26,3.178,62.896,103.1,12.776,25.855,74.145
Laos,1991,LAO,4435121.0,6550550266.0,5.432,1.225,0.546,0.123,27.716,6.249,1.444,325.536,0.22,7.201,44.08,43.96,84.431,15.569
Morocco,1991,MAR,24799016.0,109740063063.0,16.396,0.661,23.688,0.955,62.065,2.503,83.804,3379.32,0.764,68.015,46.79,17.499,50.847,49.153
Oman,1991,OMN,1851476.0,20523449762.0,22.139,11.958,11.658,6.297,34.35,18.553,60.838,32859.074,2.964,3.489,32.47,2.311,28.996,71.004
India,1991,IND,883927605.0,1768493598375.0,643.841,0.728,615.388,0.696,1561.427,1.766,2427.663,2746.45,1.373,61.074,36.37,27.663,74.22,25.78
Panama,1991,PAN,2508273.0,18696766794.0,3.086,1.23,3.089,1.231,21.132,8.425,48.021,19145.158,2.568,28.706,51.97,7.656,45.472,54.528
Pakistan,1991,PAK,120060409.0,311483364597.0,90.121,0.751,67.477,0.562,183.223,1.526,323.701,2696.148,1.039,45.753,34.99,22.842,69.009,30.991
Mongolia,1991,MNG,2202772.0,4287970064.0,11.134,5.054,11.96,5.429,51.687,23.465,24.205,10988.608,5.645,81.509,75.16,11.812,43.01,56.99
Norway,1991,NOR,4261618.0,132697585836.0,7.729,1.814,33.466,7.853,46.703,10.959,456.607,107144.062,3.441,2.765,91.11,2.911,27.841,72.159
Mauritius,1991,MUS,1103050.0,12478462632.0,0.503,0.456,1.521,1.379,2.2,1.994,7.895,7157.837,0.633,53.936,36.67,9.836,56.135,43.865
Honduras,1991,HND,5123797.0,14777670050.0,5.772,1.126,2.527,0.493,31.934,6.233,12.945,2526.353,0.876,29.869,49.07,19.74,59.025,40.975
Barbados,1991,BRB,259382.0,3234507041.0,0.203,0.784,1.184,4.563,1.45,5.588,5.563,21446.906,1.72,44.186,92.06,3.457,36.46,63.54
Eswatini,1991,SWZ,908193.0,3548878922.0,1.501,1.653,0.872,0.96,2.675,2.946,3.112,3426.701,0.877,71.337,87.84,9.832,77.031,22.969
Sweden,1991,SWE,8616955.0,237950140941.0,11.928,1.384,57.664,6.692,63.95,7.421,642.135,74519.977,2.699,8.244,98.85,2.998,16.505,83.495
Cote d'Ivoire,1991,CIV,12683875.0,26972060608.0,6.827,0.538,4.309,0.34,61.903,4.88,16.642,1312.042,0.617,58.586,59.81,33.294,60.013,39.987
Venezuela,1991,VEN,20304898.0,282132286314.0,51.659,2.544,114.221,5.625,194.062,9.557,607.641,29925.848,2.154,24.78,65.15,5.292,15.591,84.409
Uganda,1991,UGA,18155901.0,16538921393.0,11.828,0.651,0.783,0.043,36.873,2.031,4.46,245.675,0.27,60.217,43.44,49.373,89.995,10.005
Guatemala,1991,GTM,9272592.0,47626497282.0,7.73,0.834,4.756,0.513,47.972,5.174,18.415,1985.921,0.387,39.987,30.21,25.74,65.843,34.157
Zimbabwe,1991,ZWE,10404820.0,23189857636.0,10.786,1.037,15.491,1.489,43.302,4.162,55.381,5322.644,2.388,34.202,82.82,13.547,69.844,30.156
Italy,1992,ITA,57124993.0,1531924051790.0,59.25,1.037,437.937,7.666,490.734,8.591,2101.066,36780.156,1.372,54.327,108.29,3.114,33.295,66.705
Dominican Republic,1992,DOM,7447476.0,30699616102.0,6.761,0.908,10.405,1.397,19.85,2.665,40.954,5499.075,1.334,53.764,53.12,12.013,44.385,55.615
Yemen,1992,YEM,14989497.0,50259913722.0,8.364,0.558,9.926,0.662,23.965,1.599,51.048,3405.6,1.016,44.474,34.09,27.46,78.243,21.757
Netherlands,1992,NLD,15276787.0,433663917114.0,38.354,2.511,171.277,11.212,228.596,14.964,939.117,61473.492,2.166,58.169,94.66,3.644,30.691,69.309
Burundi,1992,BDI,5858405.0,6377442162.0,2.29,0.391,0.216,0.037,5.054,0.863,1.446,246.856,0.227,81.075,70.72,48.005,93.351,6.649
Guatemala,1992,GTM,9522265.0,50269786731.0,8.118,0.852,5.791,0.608,76.171,7.999,21.452,2252.78,0.427,39.987,29.83,25.285,65.567,34.433
Zimbabwe,1992,ZWE,10702697.0,21133778927.0,11.425,1.067,16.702,1.561,49.775,4.651,51.748,4835.014,2.449,33.871,92.19,6.751,69.433,30.567
Mexico,1992,MEX,86044806.0,902108311201.0,112.49,1.307,332.453,3.864,589.453,6.851,1384.109,16085.911,1.534,54.619,54.65,5.999,27.759,72.241
Oman,1992,OMN,1938240.0,23477627483.0,20.092,10.366,11.956,6.168,32.569,16.803,60.325,31123.568,2.569,3.499,31.49,2.05,28.564,71.436
Argentina,1992,ARG,33693532.0,416679827242.0,115.231,3.42,121.514,3.606,309.154,9.175,560.339,16630.447,1.345,46.682,75.97,5.991,12.518,87.482
Malaysia,1992,MYS,18834569.0,173041788524.0,19.558,1.038,72.961,3.874,256.138,13.599,341.257,18118.637,1.972,20.717,43.71,14.572,48.137,51.863
Guinea,1992,GIN,6914370.0,5362577356.0,6.925,1.001,1.015,0.147,23.104,3.341,4.839,699.789,0.902,57.057,26.25,11.355,71.275,28.725
India,1992,IND,902957075.0,1851711465033.0,649.039,0.719,655.424,0.726,1632.941,1.808,2552.772,2827.125,1.379,60.98,37.31,26.897,74.019,25.981
Jordan,1992,JOR,4127699.0,24977190661.0,2.008,0.486,12.189,2.953,15.761,3.818,47.071,11403.677,1.885,12.701,46.87,6.841,22.791,77.209
New Zealand,1992,NZL,3532246.0,75624106462.0,35.358,10.01,28.154,7.971,84.469,23.914,190.501,53932.098,2.519,51.655,65.34,6.717,14.919,85.081
Ghana,1992,GHA,16184863.0,28798780490.0,7.591,0.469,3.243,0.2,28.902,1.786,19.896,1229.313,0.691,55.902,51.6,44.779,62.62,37.38
Bulgaria,1992,BGR,8559091.0,67935669606.0,14.844,1.734,57.356,6.701,79.822,9.326,247.091,28868.836,3.637,55.627,236.4,11.618,32.849,67.151
Turkey,1992,TUR,57990121.0,535075772045.0,36.382,0.627,167.234,2.884,239.7,4.133,602.786,10394.637,1.127,51.848,44.36,14.984,47.207,52.793
Nepal,1992,NPL,20609708.0,27087697622.0,19.424,0.942,1.233,0.06,42.985,2.086,4.981,241.669,0.184,29.078,50.89,42.665,78.83,21.17
Trinidad and Tobago,1992,TTO,1271681.0,18033685367.0,3.047,2.396,19.098,15.018,23.027,18.107,73.446,57755.402,4.073,15.789,51.97,2.536,44.665,55.335
Sweden,1992,SWE,8667576.0,235756851945.0,11.874,1.37,57.51,6.635,65.183,7.52,652.992,75337.344,2.77,8.209,98.06,2.848,16.392,83.608
Mongolia,1992,MNG,2239130.0,4068637517.0,10.763,4.807,10.943,4.887,42.968,19.189,21.814,9742.031,5.361,79.867,68.14,25.557,43.052,56.948
Eswatini,1992,SWZ,943426.0,3732391463.0,1.516,1.607,0.832,0.882,2.511,2.662,3.044,3226.84,0.816,71.105,95.33,7.72,77.002,22.998
Zambia,1992,ZMB,8176677.0,11062309627.0,13.935,1.704,2.425,0.297,60.977,7.457,16.958,2074.009,1.533,28.336,44.54,21.268,60.903,39.097
Costa Rica,1992,CRI,3284261.0,25455642664.0,4.78,1.456,3.735,1.137,13.069,3.979,19.302,5877.006,0.758,42.303,59.14,11.9,49.522,50.478
Panama,1992,PAN,2561342.0,20281943424.0,3.17,1.237,4.098,1.6,17.424,6.803,49.289,19243.258,2.43,28.921,50.15,6.92,44.662,55.338
United Kingdom,1992,GBR,57719273.0,1491752084171.0,132.882,2.302,593.846,10.289,762.51,13.211,2545.327,44098.398,1.706,74.691,100.08,1.24,21.845,78.155
Thailand,1992,THA,56528832.0,473484188457.0,87.181,1.542,105.513,1.867,268.208,4.745,427.205,7557.287,0.902,41.837,74.48,12.297,79.775,20.225
Australia,1992,AUS,17549286.0,478633731062.0,162.966,9.286,284.433,16.208,568.962,32.421,1060.42,60425.266,2.216,60.659,81.86,3.03,14.609,85.391
Germany,1992,DEU,80934901.0,2204952392823.0,134.432,1.661,969.464,11.978,1166.562,14.414,4009.338,49537.809,1.818,48.552,91.17,0.989,19.974,80.026
Malawi,1992,MWI,10135082.0,8227066430.0,3.338,0.329,0.787,0.078,11.125,1.098,3.897,384.537,0.474,45.291,20.51,29.055,87.551,12.449
Dominica,1992,DMA,69344.0,299018295.0,0.051,0.737,0.059,0.845,0.126,1.812,0.23,3321.458,0.77,24.0,79.71,14.822,35.367,64.633
Rwanda,1992,RWA,7683266.0,9540351727.0,3.972,0.517,0.479,0.062,4.901,0.638,3.258,423.977,0.341,74.382,33.48,33.238,94.337,5.663
Brazil,1992,BRA,154275077.0,1221828516629.0,379.587,2.46,233.601,1.514,2267.928,14.701,1652.104,10708.817,1.352,27.765,41.1,6.806,23.909,76.091
Guinea-Bissau,1992,GNB,1024365.0,1333901605.0,1.266,1.236,0.095,0.093,5.249,5.124,1.202,1173.178,0.901,20.713,59.17,47.835,66.6,33.4
Cape Verde,1992,CPV,393426.0,722536200.0,0.13,0.33,0.18,0.456,0.41,1.043,0.407,1034.849,0.563,17.122,104.13,11.794,53.436,46.564
Vietnam,1992,VNM,68260336.0,125543633553.0,59.143,0.866,21.466,0.314,156.535,2.293,85.793,1256.847,0.683,21.583,24.29,33.939,80.175,19.825
Pakistan,1992,PAK,123546855.0,327814343506.0,92.768,0.751,72.015,0.583,198.285,1.605,340.029,2752.224,1.037,45.896,37.0,23.31,68.774,31.226
Barbados,1992,BRB,260272.0,3028225649.0,0.209,0.802,1.164,4.473,1.435,5.513,5.876,22578.002,1.941,44.186,80.72,3.436,36.504,63.496
Egypt,1992,EGY,61480663.0,254191038156.0,47.12,0.766,77.419,1.259,141.343,2.299,392.626,6386.172,1.545,3.01,49.94,15.586,56.823,43.177
El Salvador,1992,SLV,5585611.0,19825256603.0,3.801,0.68,3.313,0.593,13.63,2.44,14.811,2651.586,0.747,62.814,62.11,12.965,49.713,50.287
Niger,1992,NER,8817633.0,6527731522.0,8.395,0.952,0.521,0.059,46.92,5.321,3.686,417.974,0.565,27.631,71.72,33.159,84.413,15.587
Singapore,1992,SGP,3226461.0,80052595653.0,1.336,0.414,47.441,14.704,55.159,17.096,298.587,92543.344,3.73,1.791,310.97,0.197,0.0,100.0
Sierra Leone,1992,SLE,4166368.0,5753194720.0,2.902,0.697,0.282,0.068,8.775,2.106,3.275,786.048,0.569,39.0,53.39,35.887,66.104,33.896
Russia,1992,RUS,148915993.0,1557839202683.0,417.691,2.805,1963.458,13.185,2743.065,18.42,9566.62,64241.723,6.141,13.522,125.9,7.263,26.618,73.382
Romania,1992,ROU,22912389.0,109843021990.0,27.887,1.217,132.003,5.761,167.926,7.329,550.674,24033.893,5.013,64.456,123.88,19.039,45.687,54.313
Gambia,1992,GMB,1145583.0,1438713178.0,0.775,0.677,0.198,0.173,1.021,0.891,0.786,686.155,0.546,54.15,71.74,17.326,63.513,36.487
Georgia,1992,GEO,5294186.0,28371171916.0,3.852,0.728,14.127,2.668,15.744,2.974,81.125,15323.368,2.859,46.467,109.34,52.346,45.37,54.63
Haiti,1992,HTI,7136577.0,10725683419.0,6.199,0.869,0.887,0.124,8.367,1.172,3.849,539.39,0.359,57.148,63.04,34.121,73.634,26.366
Iran,1992,IRN,61184982.0,424984709524.0,131.882,2.155,228.194,3.73,409.513,6.693,973.424,15909.522,2.29,39.163,54.28,12.054,42.15,57.85
Denmark,1992,DNK,5171372.0,158125301722.0,10.444,2.02,58.327,11.279,75.894,14.676,218.137,42181.609,1.38,68.9,93.17,2.77,15.117,84.883
Tanzania,1992,TZA,27457599.0,23907182271.0,25.437,0.926,2.178,0.079,86.956,3.167,12.053,438.964,0.504,36.051,47.23,30.785,80.41,19.59
Austria,1992,AUT,7842715.0,221400873854.0,14.266,1.819,60.291,7.688,76.393,9.741,344.792,43963.363,1.557,36.512,96.13,2.483,35.05,64.95
Morocco,1992,MAR,25212469.0,107664067531.0,16.436,0.652,24.737,0.981,59.471,2.359,93.779,3719.561,0.871,68.6,47.91,14.043,50.19,49.81
Bangladesh,1992,BGD,115952198.0,123425133934.0,65.841,0.568,15.391,0.133,94.167,0.812,77.711,670.195,0.63,73.358,29.41,30.518,79.352,20.648
Kenya,1992,KEN,24382466.0,43098109029.0,24.053,0.986,5.505,0.226,62.688,2.571,30.166,1237.183,0.7,47.556,55.7,24.781,81.62,18.38
Sri Lanka,1992,LKA,16739297.0,71237383826.0,9.63,0.575,5.036,0.301,29.62,1.769,31.998,1911.578,0.449,37.378,53.73,26.122,82.855,17.145
Indonesia,1992,IDN,190043742.0,841780430872.0,179.412,0.944,199.298,1.049,1196.247,6.295,716.86,3772.081,0.852,22.829,50.33,19.521,67.309,32.691
Switzerland,1992,CHE,6875049.0,239958549277.0,7.148,1.04,46.018,6.693,56.605,8.233,346.055,50334.934,1.442,40.38,97.61,1.811,30.18,69.82
Chad,1992,TCD,6474651.0,4384566498.0,15.401,2.379,0.403,0.062,30.381,4.692,1.391,214.901,0.317,38.413,28.18,34.324,78.639,21.361
Tunisia,1992,TUN,8682509.0,49384845105.0,7.259,0.836,15.843,1.825,26.478,3.05,55.945,6443.433,1.133,60.215,47.38,16.122,40.175,59.825
Lesotho,1992,LSO,1873281.0,3373567099.0,1.585,0.846,1.587,0.847,4.166,2.224,0.931,496.879,0.276,76.943,74.1,9.077,85.709,14.291
Uruguay,1992,URY,3139704.0,35598179277.0,20.545,6.544,5.151,1.641,29.706,9.461,24.464,7791.864,0.687,85.276,70.82,8.816,10.219,89.781
Malta,1992,MLT,374805.0,5251067551.0,0.161,0.429,2.294,6.119,2.497,6.661,8.976,23947.59,1.709,40.625,123.42,2.764,8.192,91.808
Mali,1992,MLI,9553540.0,9995131433.0,10.545,1.104,0.463,0.048,61.661,6.454,2.255,236.029,0.226,26.433,78.81,35.293,82.981,17.019
Tajikistan,1992,TJK,5649397.0,15578962563.0,3.969,0.703,7.333,1.298,15.009,2.657,50.777,8988.006,3.259,32.073,38.22,29.521,69.382,30.618
Chile,1992,CHL,13884579.0,160277244361.0,20.364,1.467,32.001,2.305,57.749,4.159,194.194,13986.307,1.212,20.922,52.83,9.089,16.504,83.496
Philippines,1992,PHL,65926130.0,230909837938.0,51.246,0.777,47.772,0.725,154.14,2.338,198.103,3004.926,0.858,37.277,41.22,19.107,63.476,36.524
Botswana,1992,BWA,1380038.0,7702501132.0,6.269,4.542,2.777,2.012,16.858,12.215,11.365,8235.484,1.476,45.614,110.24,4.633,53.201,46.799
Cuba,1992,CUB,10785807.0,36651621015.0,14.989,1.39,20.754,1.924,58.088,5.386,120.479,11170.141,3.287,63.082,81.97,12.427,25.586,74.414
Finland,1992,FIN,5042145.0,122116750127.0,12.157,2.411,54.272,10.764,77.705,15.411,329.675,65383.906,2.7,7.901,98.94,4.278,35.905,64.095
Belarus,1992,BLR,10217561.0,101880793628.0,20.816,2.037,93.597,9.16,139.362,13.639,404.953,39633.062,3.975,46.277,94.28,22.826,32.679,67.321
Laos,1992,LAO,4559650.0,6965636262.0,5.656,1.24,0.593,0.13,27.693,6.073,1.496,328.157,0.215,7.21,46.74,46.726,84.074,15.926
Kyrgyzstan,1992,KGZ,4600308.0,19580870436.0,4.978,1.082,11.042,2.4,22.359,4.86,64.063,13925.849,3.272,52.596,93.03,37.265,62.633,37.367
Comoros,1992,COM,465118.0,534666886.0,0.248,0.534,0.07,0.15,0.464,0.997,0.254,545.515,0.475,61.795,87.79,29.377,71.534,28.466
Nigeria,1992,NGA,102372779.0,181866334418.0,212.509,2.076,46.162,0.451,422.346,4.126,218.113,2130.576,1.199,66.533,50.77,20.321,63.254,36.746
Mozambique,1992,MOZ,13613314.0,19279761969.0,10.991,0.807,1.027,0.075,43.834,3.22,4.88,358.488,0.253,45.395,65.17,29.715,74.766,25.234
Kazakhstan,1992,KAZ,17332624.0,166043944401.0,66.865,3.858,233.523,13.473,360.967,20.826,847.475,48894.812,5.104,82.032,123.93,23.342,42.921,57.079
North Macedonia,1992,MKD,2032516.0,15099004830.0,2.279,1.121,8.394,4.13,22.279,10.961,30.237,14876.61,2.003,51.396,89.16,14.484,41.443,58.557
Namibia,1992,NAM,1461324.0,8581727967.0,4.893,3.348,1.14,0.78,12.526,8.572,5.022,3436.283,0.585,46.96,95.87,7.083,72.676,27.324
Peru,1992,PER,22946345.0,110495351335.0,22.648,0.987,20.986,0.915,129.202,5.631,103.355,4504.196,0.935,17.586,36.38,7.818,30.3,69.7
Mauritania,1992,MRT,2088143.0,3186885725.0,4.768,2.283,0.905,0.433,9.687,4.639,13.445,6438.851,4.219,38.496,55.19,28.546,60.809,39.191
Mauritius,1992,MUS,1117676.0,13020302423.0,0.508,0.454,1.707,1.528,2.407,2.154,9.392,8403.564,0.721,53.695,41.7,9.88,56.234,43.766
Honduras,1992,HND,5271437.0,15733343099.0,5.756,1.092,2.803,0.532,61.652,11.695,13.408,2543.546,0.852,29.985,50.56,17.711,58.548,41.452
Gabon,1992,GAB,1038386.0,7946205803.0,15.554,14.979,4.917,4.735,25.4,24.461,11.917,11476.847,1.5,7.831,69.37,8.251,28.054,71.946
South Africa,1992,ZAF,42443510.0,238567245851.0,68.916,1.624,301.329,7.1,435.828,10.268,1027.038,24197.768,4.305,79.527,58.65,3.149,47.319,52.681
Ukraine,1992,UKR,52323675.0,421710473536.0,123.505,2.36,589.505,11.267,760.741,14.539,2530.553,48363.441,6.001,72.372,177.93,20.852,32.14,67.86
Congo,1992,COG,2519467.0,9460341965.0,8.902,3.533,1.289,0.512,19.731,7.831,4.084,1620.822,0.432,30.804,33.45,11.528,44.706,55.294
South Korea,1992,KOR,44653699.0,687368661445.0,30.581,0.685,299.905,6.716,340.768,7.631,1376.736,30831.4,2.003,22.144,58.04,6.393,23.804,76.196
Benin,1992,BEN,5617847.0,9209668142.0,3.453,0.615,0.671,0.119,14.445,2.571,3.32,591.021,0.361,20.31,51.69,33.942,64.21,35.79
Uzbekistan,1992,UZB,21485095.0,119510821474.0,22.558,1.05,110.991,5.166,149.599,6.963,485.564,22600.035,4.063,65.172,40.62,35.139,58.47,41.53
Cyprus,1992,CYP,810344.0,11948250048.0,0.412,0.509,5.509,6.798,5.104,6.299,22.797,28132.1,1.908,17.273,83.13,5.724,32.393,67.607
Syria,1992,SYR,13385570.0,132464551230.0,31.459,2.35,42.803,3.198,75.766,5.66,151.427,11312.738,1.143,74.072,69.32,31.712,50.735,49.265
Azerbaijan,1992,AZE,7405781.0,41795295334.0,6.562,0.886,56.174,7.585,66.244,8.945,214.394,28949.521,5.13,53.429,46.5,26.06,47.081,52.919
Norway,1992,NOR,4286255.0,141648316012.0,7.803,1.82,34.402,8.026,47.49,11.08,478.213,111569.008,3.376,2.746,93.17,2.628,27.35,72.65
Colombia,1992,COL,33760571.0,270562880339.0,66.426,1.968,61.341,1.817,180.611,5.35,268.506,7953.24,0.992,40.543,54.66,16.794,29.581,70.419
Bolivia,1992,BOL,7430337.0,24762215565.0,24.626,3.314,11.025,1.484,110.584,14.883,26.012,3500.822,1.05,33.076,39.48,14.404,42.422,57.578
France,1992,FRA,57554867.0,1681416991070.0,88.009,1.529,408.433,7.096,604.328,10.5,2857.941,49655.938,1.7,56.377,105.36,2.459,25.595,74.405
Paraguay,1992,PRY,4253608.0,23297733832.0,15.026,3.533,2.571,0.604,61.115,14.368,12.531,2945.856,0.538,37.106,57.68,14.949,48.199,51.801
Turkmenistan,1992,TKM,3944689.0,17569987922.0,11.122,2.819,31.994,8.111,54.73,13.874,138.043,34994.605,7.857,75.224,27.38,10.875,55.197,44.803
China,1992,CHN,1184574236.0,3755037703201.0,873.359,0.737,2731.29,2.306,4445.956,3.753,8773.708,7406.634,2.337,54.783,37.06,21.25,72.54,27.46
Togo,1992,TGO,3932581.0,4695574340.0,2.254,0.573,1.03,0.262,7.971,2.027,3.398,864.12,0.724,58.926,55.03,15.448,70.463,29.537
Saudi Arabia,1992,SAU,11686682.0,306102220149.0,68.569,5.867,276.011,23.618,348.35,29.807,981.756,84006.414,3.207,57.565,46.83,5.543,22.0,78.0
Cameroon,1992,CMR,12006362.0,22168696553.0,20.002,1.666,2.712,0.226,53.796,4.481,17.756,1478.863,0.801,19.378,54.24,26.58,58.56,41.44
Seychelles,1992,SYC,75630.0,679250956.0,0.043,0.564,0.172,2.277,0.229,3.022,2.029,26830.818,2.987,8.696,145.08,3.572,51.604,48.396
Burkina Faso,1992,BFA,9629280.0,11312544997.0,9.808,1.019,0.634,0.066,34.407,3.573,2.345,243.531,0.207,37.29,46.25,28.81,86.156,13.844
Senegal,1992,SEN,8168396.0,16415224652.0,7.22,0.884,3.166,0.388,15.699,1.922,11.899,1456.766,0.725,45.603,48.75,17.143,60.68,39.32
Ecuador,1992,ECU,10930128.0,70873835048.0,19.215,1.758,21.998,2.013,84.647,7.744,88.979,8140.747,1.255,28.728,38.49,18.922,43.637,56.363
Cote d'Ivoire,1992,CIV,13200313.0,27466934209.0,6.968,0.528,3.844,0.291,123.462,9.353,16.533,1252.47,0.602,58.631,60.75,34.01,59.7,40.3
Iraq,1992,IRQ,18300849.0,36550621836.0,27.373,1.496,59.02,3.225,98.799,5.399,238.057,13007.975,6.513,21.817,74.28,19.871,31.033,68.967
Uganda,1992,UGA,18785037.0,17483615008.0,12.129,0.646,0.801,0.043,35.187,1.873,4.86,258.714,0.278,60.317,44.39,48.203,89.784,10.216
Venezuela,1992,VEN,20780946.0,301055402293.0,52.339,2.519,104.739,5.04,186.227,8.961,657.615,31645.076,2.184,24.496,70.67,5.138,15.123,84.877
Togo,1993,TGO,3887976.0,3965510675.0,2.296,0.59,1.069,0.275,7.943,2.043,2.679,688.959,0.675,59.386,54.64,18.701,70.026,29.974
Senegal,1993,SEN,8396289.0,16528654543.0,7.382,0.879,3.286,0.391,18.794,2.238,12.407,1477.701,0.751,45.801,49.81,19.165,60.511,39.489
Uganda,1993,UGA,19445161.0,18599694641.0,12.458,0.641,0.797,0.041,34.08,1.753,4.956,254.845,0.266,60.467,46.29,48.285,89.599,10.401
Iraq,1993,IRQ,19201195.0,39244447591.0,31.872,1.66,63.263,3.295,99.681,5.191,316.307,16473.32,8.06,22.573,85.13,15.503,31.441,68.559
Saudi Arabia,1993,SAU,12215864.0,318013026200.0,68.886,5.639,297.754,24.374,368.269,30.147,1002.85,82094.094,3.153,60.839,45.3,5.999,21.657,78.343
Venezuela,1993,VEN,21254525.0,303263920492.0,53.539,2.519,123.052,5.789,206.412,9.711,650.657,30612.648,2.146,24.492,76.61,5.175,14.634,85.366
Ethiopia,1993,ETH,53708892.0,37874279529.0,47.881,0.891,2.994,0.056,70.744,1.317,14.742,274.483,0.389,30.54,44.13,58.486,86.489,13.511
Burkina Faso,1993,BFA,9871715.0,11471092622.0,10.022,1.015,0.634,0.064,34.774,3.523,2.552,258.528,0.222,37.75,47.46,30.231,85.834,14.166
Paraguay,1993,PRY,4362706.0,24342699255.0,16.198,3.713,2.905,0.666,67.58,15.49,13.54,3103.677,0.556,37.482,57.0,16.719,47.432,52.568
Colombia,1993,COL,34441479.0,286025318326.0,66.912,1.943,63.26,1.837,192.122,5.578,292.186,8483.56,1.022,40.471,56.7,14.968,29.127,70.873
France,1993,FRA,57801261.0,1671995828699.0,86.831,1.502,388.89,6.728,557.99,9.654,2853.888,49374.152,1.707,56.204,104.94,2.172,25.383,74.617
Gabon,1993,GAB,1066404.0,8684711681.0,15.636,14.663,4.975,4.665,29.698,27.848,11.228,10528.746,1.293,7.854,71.43,8.484,26.954,73.046
Malawi,1993,MWI,10284027.0,9004543312.0,3.3,0.321,0.879,0.085,7.294,0.709,3.777,367.309,0.42,45.291,20.62,37.248,87.135,12.865
China,1993,CHN,1197308574.0,4126169229667.0,876.821,0.732,2914.284,2.434,4591.354,3.835,9457.634,7899.078,2.292,55.199,41.56,19.229,72.01,27.99
Seychelles,1993,SYC,76420.0,730723726.0,0.044,0.571,0.183,2.397,0.241,3.151,2.086,27298.029,2.855,8.696,153.07,3.896,51.94,48.06
Honduras,1993,HND,5423253.0,16847892598.0,5.35,0.987,2.941,0.542,50.449,9.302,13.237,2440.815,0.786,31.71,49.74,17.958,58.076,41.924
South Korea,1993,KOR,44887721.0,729369247675.0,29.242,0.651,330.174,7.356,366.369,8.162,1509.969,33638.797,2.07,21.957,61.36,5.716,22.892,77.108
Congo,1993,COG,2595127.0,9584773341.0,8.94,3.445,1.16,0.447,18.611,7.172,3.733,1438.404,0.389,30.819,34.48,11.249,44.351,55.649
South Africa,1993,ZAF,43297155.0,247203444018.0,71.063,1.641,320.353,7.399,451.335,10.424,1025.258,23679.57,4.147,79.908,55.59,3.423,47.106,52.894
Ukraine,1993,UKR,52350122.0,367893677382.0,118.591,2.265,510.495,9.752,669.811,12.795,2218.278,42373.891,6.03,72.305,157.87,21.541,32.082,67.918
Mauritius,1993,MUS,1132397.0,13435064889.0,0.509,0.449,1.773,1.566,2.462,2.174,9.484,8374.746,0.706,52.709,44.7,9.029,56.385,43.615
Mauritania,1993,MRT,2174333.0,3536022015.0,4.919,2.262,0.927,0.426,10.062,4.628,13.764,6330.098,3.892,38.508,49.38,28.647,60.982,39.018
Peru,1993,PER,23413783.0,92121419172.0,22.523,0.962,23.885,1.02,138.536,5.917,112.954,4824.25,1.226,17.523,35.51,8.292,29.9,70.1
Norway,1993,NOR,4311864.0,150177267961.0,7.774,1.803,35.948,8.337,50.186,11.639,490.582,113774.93,3.267,2.773,93.14,2.609,26.797,73.203
Cyprus,1993,CYP,826042.0,12173586499.0,0.422,0.51,5.753,6.964,5.485,6.64,23.69,28679.145,1.946,17.175,91.56,5.613,32.198,67.802
North Macedonia,1993,MKD,2006853.0,14032388036.0,2.274,1.133,7.599,3.787,16.61,8.277,30.279,15088.036,2.158,51.003,90.3,10.023,40.637,59.363
Morocco,1993,MAR,25614586.0,107072637645.0,15.768,0.616,26.782,1.046,61.778,2.412,94.766,3699.685,0.885,68.812,46.44,13.069,49.561,50.439
Benin,1993,BEN,5872707.0,9663859223.0,3.496,0.595,0.807,0.137,17.641,3.004,3.651,621.688,0.378,20.626,52.37,34.119,63.818,36.182
Syria,1993,SYR,13795687.0,137136399700.0,34.386,2.493,45.522,3.3,82.947,6.013,168.707,12228.985,1.23,74.23,58.6,29.008,50.499,49.501
Azerbaijan,1993,AZE,7504119.0,32486438953.0,6.165,0.822,48.406,6.451,58.065,7.738,185.98,24783.752,5.725,53.554,41.34,27.11,47.301,52.699
Bolivia,1993,BOL,7579196.0,25872205207.0,24.763,3.267,11.562,1.525,96.772,12.768,25.592,3376.557,0.989,33.428,41.95,14.648,41.773,58.227
Uzbekistan,1993,UZB,21987960.0,114918068077.0,23.994,1.091,115.619,5.258,154.677,7.035,506.128,23018.412,4.404,64.991,43.54,27.585,57.911,42.089
Haiti,1993,HTI,7278182.0,10302867632.0,6.104,0.839,0.683,0.094,9.86,1.355,2.854,392.163,0.277,57.148,65.55,30.847,72.551,27.449
Malta,1993,MLT,378222.0,5496706096.0,0.163,0.432,2.886,7.629,3.097,8.189,9.475,25050.432,1.724,40.625,123.69,2.743,7.835,92.165
Mali,1993,MLI,9754786.0,10249532964.0,10.693,1.096,0.503,0.052,51.165,5.245,2.259,231.615,0.22,27.176,80.13,37.76,82.787,17.213
Uruguay,1993,URY,3156351.0,36471137081.0,21.231,6.727,4.447,1.409,30.404,9.633,26.701,8459.587,0.732,85.305,69.85,7.367,9.911,90.089
Lesotho,1993,LSO,1901799.0,3409484198.0,1.56,0.82,1.63,0.857,4.076,2.143,0.962,505.717,0.282,76.877,71.63,8.33,84.96,15.04
Switzerland,1993,CHE,6938106.0,243429634467.0,6.823,0.983,43.61,6.286,53.995,7.782,345.474,49793.703,1.419,40.26,95.87,1.657,29.595,70.405
Chad,1993,TCD,6629147.0,4228383989.0,16.023,2.417,0.399,0.06,31.106,4.692,0.668,100.717,0.158,38.437,29.58,31.372,78.59,21.41
Tunisia,1993,TUN,8857916.0,50757975923.0,7.206,0.813,17.18,1.939,26.416,2.982,63.882,7211.838,1.259,60.646,50.56,14.709,39.446,60.554
Sri Lanka,1993,LKA,17025924.0,76317434648.0,9.809,0.576,4.912,0.289,30.917,1.816,34.901,2049.865,0.457,36.996,56.67,24.881,83.308,16.692
Indonesia,1993,IDN,193305169.0,912702668892.0,182.015,0.942,214.963,1.112,1100.796,5.695,763.843,3951.486,0.837,23.193,54.27,17.88,66.144,33.856
Austria,1993,AUT,7907492.0,223462931302.0,13.883,1.756,60.711,7.678,76.445,9.667,352.443,44570.805,1.577,36.343,94.48,2.231,34.719,65.281
Tajikistan,1993,TJK,5725001.0,13768160225.0,3.639,0.636,5.153,0.9,11.482,2.006,42.227,7375.933,3.067,32.459,36.47,20.98,70.113,29.887
Bangladesh,1993,BGD,118132363.0,129907345176.0,65.788,0.557,16.074,0.136,98.193,0.831,85.436,723.221,0.658,72.567,30.77,27.321,78.997,21.003
Germany,1993,DEU,81486771.0,2206290854718.0,129.106,1.584,959.386,11.774,1150.585,14.12,3991.527,48983.738,1.809,49.158,88.94,0.978,19.967,80.033
Kenya,1993,KEN,25117192.0,43754838219.0,24.154,0.962,6.312,0.251,67.768,2.698,30.897,1230.129,0.706,47.162,54.75,26.808,81.55,18.45
Eswatini,1993,SWZ,971327.0,3919793436.0,1.382,1.423,0.707,0.728,2.276,2.343,3.034,3123.902,0.774,71.047,100.18,8.87,76.978,23.022
Mozambique,1993,MOZ,14051203.0,19284149798.0,11.119,0.791,1.14,0.081,47.162,3.356,5.28,375.801,0.274,45.674,70.84,33.098,73.859,26.141
Singapore,1993,SGP,3317892.0,89698198294.0,1.415,0.426,49.662,14.968,52.052,15.688,326.212,98319.023,3.637,1.791,202.82,0.173,0.0,100.0
Philippines,1993,PHL,67530621.0,237664033762.0,51.957,0.769,48.342,0.716,156.388,2.316,217.218,3216.592,0.914,37.11,44.17,18.908,63.198,36.802
Finland,1993,FIN,5066594.0,121309307835.0,12.098,2.388,56.32,11.116,83.5,16.48,332.511,65628.07,2.741,7.826,95.88,4.378,35.748,64.252
El Salvador,1993,SLV,5659959.0,21604952339.0,3.75,0.663,3.966,0.701,13.657,2.413,15.113,2670.243,0.7,62.568,64.63,12.729,49.052,50.948
Cuba,1993,CUB,10841040.0,28833506799.0,13.939,1.286,19.79,1.825,52.435,4.837,117.74,10860.575,4.083,62.663,76.57,9.571,25.505,74.495
Botswana,1993,BWA,1420120.0,8026901258.0,6.069,4.274,3.195,2.25,17.357,12.222,11.028,7765.477,1.374,45.791,102.98,4.521,52.134,47.866
Chile,1993,CHL,14102276.0,170385338997.0,20.687,1.467,34.098,2.418,67.279,4.771,205.228,14552.833,1.204,20.816,58.1,7.929,16.266,83.734
Belarus,1993,BLR,10241320.0,93050209032.0,19.935,1.946,80.674,7.877,127.953,12.494,337.871,32991.0,3.631,46.103,85.37,17.157,32.482,67.518
Nigeria,1993,NGA,105122075.0,188893712697.0,218.508,2.079,44.705,0.425,460.077,4.377,222.645,2117.968,1.179,66.929,55.24,23.491,62.466,37.534
Comoros,1993,COM,473681.0,558102852.0,0.254,0.535,0.07,0.147,0.475,1.002,0.253,534.572,0.454,63.407,89.84,29.376,71.56,28.44
Laos,1993,LAO,4685064.0,7432922464.0,5.677,1.212,0.607,0.13,29.988,6.401,1.579,337.123,0.212,7.214,51.06,43.417,83.679,16.321
Czechia,1993,CZE,10320404.0,133342958573.0,16.866,1.634,140.126,13.578,159.965,15.5,478.929,46406.059,3.592,55.416,164.22,4.224,25.017,74.983
Kazakhstan,1993,KAZ,17274487.0,151572718863.0,62.475,3.617,207.559,12.015,317.677,18.39,748.154,43309.75,4.936,82.138,131.57,16.438,43.016,56.984
Namibia,1993,NAM,1508698.0,8429492929.0,4.739,3.141,1.374,0.911,14.393,9.54,6.315,4185.706,0.749,47.007,96.67,7.42,72.319,27.681
Tanzania,1993,TZA,28332691.0,24857214872.0,25.998,0.918,2.426,0.086,88.537,3.125,12.625,445.608,0.508,36.471,49.07,30.868,80.099,19.901
Sweden,1993,SWE,8718038.0,231558425903.0,12.023,1.379,57.517,6.597,67.329,7.723,647.156,74231.828,2.795,8.239,104.05,2.683,16.273,83.727
Vietnam,1993,VNM,69586394.0,135210628764.0,61.308,0.881,22.853,0.328,153.719,2.209,97.972,1407.925,0.725,21.773,25.91,29.87,79.694,20.306
Turkey,1993,TUR,58999164.0,586262069548.0,35.723,0.605,174.291,2.954,256.232,4.343,655.228,11105.725,1.118,51.86,45.13,15.416,46.417,53.583
New Zealand,1993,NZL,3573609.0,79461848563.0,35.547,9.947,27.746,7.764,82.467,23.077,196.246,54915.422,2.47,51.056,63.77,7.326,14.802,85.198
Brazil,1993,BRA,156794574.0,1298220757545.0,382.577,2.44,244.306,1.558,2282.487,14.557,1730.256,11035.176,1.333,27.595,42.49,6.778,23.359,76.641
Rwanda,1993,RWA,7981142.0,8498078373.0,3.733,0.468,0.483,0.061,4.793,0.601,2.989,374.48,0.352,71.139,32.57,33.735,93.6,6.4
Guinea-Bissau,1993,GNB,1058755.0,1360698820.0,1.284,1.213,0.099,0.093,5.187,4.899,1.317,1243.681,0.968,21.424,60.77,52.845,66.048,33.952
Mongolia,1993,MNG,2273515.0,4139237763.0,10.404,4.576,9.193,4.044,37.223,16.372,20.178,8875.222,4.875,76.981,60.41,25.709,43.102,56.898
Ecuador,1993,ECU,11154283.0,72804333284.0,20.214,1.812,24.121,2.163,109.915,9.854,92.231,8268.7,1.267,28.807,41.03,23.403,43.005,56.995
Panama,1993,PAN,2615099.0,21447805218.0,3.219,1.231,3.749,1.434,15.914,6.085,48.714,18627.982,2.271,28.921,51.75,6.59,43.745,56.255
Costa Rica,1993,CRI,3367436.0,27068748885.0,4.825,1.433,3.881,1.153,14.348,4.261,21.008,6238.651,0.776,41.383,59.01,11.828,48.512,51.488
Oman,1993,OMN,2021677.0,26328163578.0,18.834,9.316,13.291,6.574,32.658,16.154,58.186,28780.873,2.21,3.464,37.47,2.104,28.358,71.642
Jordan,1993,JOR,4348018.0,25755431445.0,2.131,0.49,12.008,2.762,15.337,3.527,46.551,10706.335,1.807,12.353,52.82,5.128,22.142,77.858
India,1993,IND,922118380.0,1944353884791.0,647.945,0.703,677.262,0.734,1638.294,1.777,2616.248,2837.215,1.346,61.006,38.04,27.055,73.823,26.177
Cameroon,1993,CMR,12353131.0,21846592889.0,19.023,1.54,2.866,0.232,56.184,4.548,15.116,1223.686,0.692,19.378,55.74,18.237,57.904,42.096
Nepal,1993,NPL,21180158.0,28089918800.0,19.296,0.911,1.397,0.066,42.652,2.014,5.063,239.042,0.18,29.157,51.29,39.896,77.961,22.039
Dominican Republic,1993,DOM,7594567.0,33455873012.0,7.022,0.925,11.195,1.474,21.587,2.842,37.151,4891.755,1.11,53.559,54.38,10.781,43.97,56.03
Yemen,1993,YEM,15563919.0,51548676189.0,9.285,0.597,8.679,0.558,22.831,1.467,42.062,2702.522,0.816,44.936,36.56,25.662,77.508,22.492
Cambodia,1993,KHM,8616383.0,14667326402.0,15.085,1.751,1.385,0.161,53.24,6.179,2.04,236.789,0.139,25.619,73.58,45.294,83.234,16.766
Zimbabwe,1993,ZWE,10860285.0,21406462048.0,9.648,0.888,16.032,1.476,58.004,5.341,52.002,4788.294,2.429,34.468,67.08,13.739,69.125,30.875
Burundi,1993,BDI,5676847.0,5844277258.0,2.316,0.408,0.227,0.04,5.001,0.881,1.639,288.756,0.28,80.88,70.86,47.17,93.173,6.827
Netherlands,1993,NLD,15389718.0,441708287208.0,37.627,2.445,171.185,11.123,228.137,14.824,946.966,61532.391,2.144,58.261,94.76,3.191,30.241,69.759
Bulgaria,1993,BGR,8466533.0,67190225135.0,13.541,1.599,58.389,6.896,76.804,9.072,263.601,31134.502,3.923,55.329,209.95,9.934,32.572,67.428
Guinea,1993,GIN,7128174.0,5695353285.0,7.286,1.022,1.044,0.146,23.715,3.327,5.074,711.862,0.891,57.096,27.97,11.93,71.021,28.979
Trinidad and Tobago,1993,TTO,1280474.0,17565341385.0,3.193,2.493,17.405,13.593,21.476,16.772,77.418,60460.055,4.407,15.789,59.37,2.515,44.525,55.475
Mexico,1993,MEX,87653817.0,925343285645.0,115.812,1.321,337.722,3.853,590.37,6.735,1385.386,15805.196,1.497,54.621,57.08,4.794,27.394,72.606
Italy,1993,ITA,57170762.0,1529550155063.0,57.943,1.014,430.268,7.526,481.506,8.422,2068.863,36187.422,1.353,54.095,109.53,2.995,33.273,66.727
Jamaica,1993,JAM,2449913.0,15692820704.0,1.212,0.495,8.001,3.266,12.703,5.185,34.071,13906.923,2.171,46.445,68.61,7.647,49.895,50.105
Malaysia,1993,MYS,19322667.0,191754981739.0,20.117,1.041,86.612,4.482,282.889,14.64,343.287,17766.031,1.79,20.975,48.16,13.787,46.771,53.229
Argentina,1993,ARG,34152719.0,444780261628.0,114.467,3.352,118.021,3.456,298.301,8.734,578.831,16948.301,1.301,46.717,79.68,5.137,12.269,87.731
Ghana,1993,GHA,16589521.0,30003484574.0,7.734,0.466,3.818,0.23,33.049,1.992,20.057,1209.003,0.668,56.254,52.17,36.931,61.767,38.233
Guatemala,1993,GTM,9779760.0,52486732016.0,8.441,0.863,5.572,0.57,67.758,6.928,22.959,2347.64,0.437,41.825,32.56,24.866,65.269,34.731
Cote d'Ivoire,1993,CIV,13735955.0,28127565766.0,6.922,0.504,5.093,0.371,86.148,6.272,18.76,1365.727,0.667,61.327,61.63,28.215,59.377,40.623
Niger,1993,NER,9100789.0,6612264624.0,8.78,0.965,0.602,0.066,42.108,4.627,3.882,426.555,0.587,27.631,75.98,34.077,84.343,15.657
Denmark,1993,DNK,5188638.0,159069870418.0,10.547,2.033,60.574,11.674,75.5,14.551,231.304,44578.895,1.454,68.475,97.03,2.667,15.08,84.92
Egypt,1993,EGY,62915681.0,269984893134.0,47.607,0.757,90.835,1.444,155.092,2.465,392.913,6245.07,1.455,3.029,51.36,15.739,57.013,42.987
Barbados,1993,BRB,261036.0,3017396976.0,0.2,0.766,0.936,3.584,1.197,4.584,5.727,21938.947,1.898,44.186,77.6,3.219,36.571,63.429
Pakistan,1993,PAK,127020117.0,338978430026.0,95.307,0.75,77.176,0.608,205.561,1.618,376.314,2962.63,1.11,46.376,39.45,22.198,68.542,31.458
Kyrgyzstan,1993,KGZ,4626809.0,16865848800.0,4.625,1.0,8.468,1.83,19.656,4.248,54.288,11733.349,3.219,52.763,90.36,39.106,63.021,36.979
Turkmenistan,1993,TKM,4032415.0,18037537140.0,11.485,2.848,27.516,6.824,51.48,12.766,127.299,31568.975,7.057,75.437,33.96,18.164,55.267,44.733
Russia,1993,RUS,148135419.0,1453308047704.0,394.374,2.662,1866.525,12.6,2560.706,17.286,8919.131,60209.305,6.137,13.352,119.69,7.557,26.941,73.059
Romania,1993,ROU,22842257.0,115101791639.0,25.413,1.113,122.709,5.372,155.016,6.786,535.222,23431.217,4.65,64.469,123.27,20.991,45.764,54.236
United Arab Emirates,1993,ARE,2222098.0,55149661292.0,26.4,11.881,65.832,29.626,93.029,41.865,423.47,190572.297,7.679,4.999,28.23,1.481,21.648,78.352
Zambia,1993,ZMB,8373920.0,11412962029.0,13.835,1.652,2.466,0.294,65.213,7.788,15.592,1861.989,1.366,28.521,45.01,30.479,61.101,38.899
Thailand,1993,THA,57408198.0,509703199590.0,85.665,1.492,121.855,2.123,293.821,5.118,484.76,8444.095,0.951,41.584,75.47,8.026,78.656,21.344
United Kingdom,1993,GBR,57861037.0,1527509015289.0,128.387,2.219,579.613,10.017,745.05,12.877,2574.725,44498.426,1.686,72.476,99.09,1.251,21.725,78.275
Australia,1993,AUS,17722905.0,501524767329.0,160.821,9.074,288.78,16.294,580.666,32.764,1084.443,61188.77,2.162,59.891,83.25,3.239,14.634,85.366
Dominica,1993,DMA,69453.0,303787182.0,0.051,0.739,0.062,0.897,0.14,2.015,0.23,3309.308,0.757,24.0,83.84,14.16,35.258,64.742
Cape Verde,1993,CPV,401977.0,790274598.0,0.135,0.335,0.169,0.419,0.4,0.995,0.408,1015.377,0.516,17.122,107.15,10.136,52.356,47.644
Gambia,1993,GMB,1188372.0,1492281313.0,0.766,0.645,0.209,0.176,1.73,1.456,0.846,712.104,0.567,54.051,72.41,17.206,62.687,37.313
Iran,1993,IRN,61403548.0,419990120256.0,133.397,2.172,236.993,3.86,409.287,6.666,900.748,14669.319,2.145,39.387,57.06,10.398,41.305,58.695
Sierra Leone,1993,SLE,4157128.0,5761167651.0,2.962,0.713,0.264,0.063,8.45,2.033,3.27,786.506,0.568,38.944,54.98,40.302,65.898,34.102
Peru,1994,PER,23881497.0,103509723878.0,23.291,0.975,24.177,1.012,123.185,5.158,122.811,5142.526,1.186,17.461,35.91,8.416,29.5,70.5
Lebanon,1994,LBN,3889802.0,18542962086.0,1.78,0.457,11.111,2.856,13.5,3.471,48.072,12358.376,2.592,59.335,63.53,6.467,15.154,84.846
Honduras,1994,HND,5579247.0,16756478908.0,5.708,1.023,3.231,0.579,51.731,9.272,14.114,2529.65,0.842,31.459,65.24,21.339,57.608,42.392
South Africa,1994,ZAF,44004140.0,261851802567.0,71.232,1.619,338.701,7.697,467.14,10.616,1069.309,24300.189,4.084,80.18,50.53,3.755,46.916,53.084
Kazakhstan,1994,KAZ,17043775.0,133221794942.0,52.84,3.1,174.671,10.248,277.77,16.297,666.421,39100.562,5.002,82.102,122.45,14.948,43.126,56.874
Azerbaijan,1994,AZE,7608894.0,26372096369.0,5.834,0.767,41.945,5.513,51.583,6.779,170.865,22455.918,6.479,53.907,38.68,32.346,47.499,52.501
Bolivia,1994,BOL,7727320.0,27129137815.0,26.226,3.394,9.65,1.249,180.739,23.39,28.952,3746.756,1.067,33.556,45.17,15.244,41.171,58.829
Mauritius,1994,MUS,1146559.0,13759079701.0,0.509,0.444,1.623,1.416,2.317,2.021,9.507,8291.994,0.691,51.965,47.79,8.551,56.576,43.424
Turkmenistan,1994,TKM,4116662.0,15091315379.0,9.631,2.34,34.216,8.312,56.645,13.76,135.595,32938.043,8.985,75.437,34.39,32.683,55.306,44.694
Congo,1994,COG,2673147.0,9269118406.0,8.22,3.075,3.384,1.266,23.751,8.885,3.574,1337.183,0.386,30.787,34.93,10.314,43.983,56.017
Comoros,1994,COM,482148.0,536542946.0,0.258,0.536,0.073,0.152,0.49,1.017,0.253,525.185,0.472,64.481,91.77,29.376,71.601,28.399
Uzbekistan,1994,UZB,22463295.0,107242116434.0,26.981,1.201,109.787,4.887,150.434,6.697,500.608,22285.578,4.668,64.974,43.19,34.346,57.255,42.745
Tanzania,1994,TZA,29442357.0,25964285650.0,26.854,0.912,2.063,0.07,91.424,3.105,11.4,387.214,0.439,36.891,48.92,28.637,79.793,20.207
Tajikistan,1994,TJK,5825371.0,10806547225.0,3.497,0.6,2.345,0.403,9.081,1.559,40.72,6990.197,3.768,31.938,35.13,19.638,70.857,29.143
Haiti,1994,HTI,7419776.0,9215060363.0,6.414,0.864,0.183,0.025,8.839,1.191,2.443,329.282,0.265,57.874,66.45,33.928,71.395,28.605
Uruguay,1994,URY,3172839.0,39036401631.0,21.392,6.742,4.041,1.274,30.031,9.465,25.857,8149.5,0.662,85.327,77.03,7.925,9.635,90.365
Bangladesh,1994,BGD,120343183.0,137432659561.0,67.125,0.558,17.553,0.146,101.16,0.841,90.69,753.595,0.66,71.891,33.98,26.726,78.662,21.338
Kenya,1994,KEN,25857136.0,45663580409.0,24.349,0.942,6.523,0.252,58.708,2.27,31.561,1220.581,0.691,47.866,55.08,28.115,81.485,18.515
Germany,1994,DEU,81773613.0,2283952742009.0,124.623,1.524,943.228,11.535,1132.333,13.847,3954.172,48355.109,1.731,49.577,86.09,0.993,19.961,80.039
Singapore,1994,SGP,3417818.0,100708565980.0,1.684,0.493,60.086,17.58,63.359,18.538,373.084,109158.398,3.705,1.791,150.74,0.173,0.0,100.0
Bosnia and Herzegovina,1994,BIH,3725412.0,11242944737.0,2.92,0.784,3.205,0.86,1.044,0.28,26.201,7033.086,2.33,42.578,65.44,35.853,59.393,40.607
Tunisia,1994,TUN,9018447.0,52754322601.0,7.048,0.781,16.761,1.858,27.546,3.054,69.249,7678.588,1.313,59.752,52.68,12.558,38.866,61.134
Namibia,1994,NAM,1556315.0,9059011736.0,4.724,3.036,1.557,1.001,15.253,9.801,6.02,3868.406,0.665,47.067,97.75,10.129,71.866,28.134
Lesotho,1994,LSO,1927708.0,3499928085.0,1.527,0.792,1.674,0.869,3.893,2.02,1.069,554.633,0.305,76.713,73.19,8.262,84.224,15.776
Sri Lanka,1994,LKA,17275777.0,82083780545.0,10.092,0.584,5.342,0.309,34.554,2.0,37.809,2188.583,0.461,37.044,61.5,23.974,83.737,16.263
Eswatini,1994,SWZ,971221.0,4084365870.0,1.473,1.517,1.077,1.109,2.263,2.33,4.049,4168.957,0.991,71.047,93.08,11.421,76.959,23.041
Cyprus,1994,CYP,844669.0,13051263000.0,0.44,0.521,5.995,7.097,5.613,6.645,23.732,28096.639,1.818,15.519,97.07,5.068,32.01,67.99
Indonesia,1994,IDN,196591829.0,986200274496.0,187.211,0.952,219.2,1.115,1324.479,6.737,799.647,4067.548,0.811,23.168,57.25,17.286,64.933,35.067
Belarus,1994,BLR,10230193.0,81212667307.0,19.105,1.867,67.99,6.646,116.978,11.435,282.204,27585.434,3.475,46.067,80.72,13.59,32.241,67.759
Laos,1994,LAO,4809223.0,8095761860.0,5.991,1.246,0.631,0.131,30.949,6.435,1.588,330.196,0.196,7.322,54.01,44.085,83.238,16.762
Nigeria,1994,NGA,107935717.0,193990909901.0,248.809,2.305,80.36,0.745,586.822,5.437,206.853,1916.443,1.066,67.984,60.22,25.174,61.669,38.331
Gabon,1994,GAB,1094724.0,9485805468.0,15.808,14.44,4.542,4.149,29.521,26.967,11.489,10494.637,1.211,7.878,71.93,9.086,25.976,74.024
Philippines,1994,PHL,69019297.0,250065486564.0,55.021,0.797,53.479,0.775,167.313,2.424,226.294,3278.71,0.905,36.942,45.36,19.26,62.907,37.093
Switzerland,1994,CHE,6993594.0,250752168329.0,6.675,0.954,42.668,6.101,52.817,7.552,362.976,51901.148,1.448,40.141,93.22,1.521,29.02,70.98
Vietnam,1994,VNM,70854393.0,146640889667.0,62.166,0.877,27.362,0.386,156.141,2.204,109.445,1544.651,0.746,21.936,27.99,27.428,79.143,20.857
Finland,1994,FIN,5088454.0,126178680040.0,12.022,2.363,61.739,12.133,87.597,17.215,349.031,68592.805,2.766,7.919,97.84,4.191,35.511,64.489
Mauritania,1994,MRT,2249462.0,3783132604.0,4.835,2.149,0.959,0.427,9.446,4.199,13.722,6100.056,3.627,38.527,51.67,27.939,61.165,38.835
Malta,1994,MLT,381467.0,5813472890.0,0.163,0.428,2.658,6.969,2.853,7.48,10.143,26590.453,1.745,40.625,131.25,2.561,7.529,92.471
Czechia,1994,CZE,10322332.0,139002246482.0,15.492,1.501,132.67,12.853,152.066,14.732,466.515,45194.73,3.356,55.442,140.28,4.241,25.146,74.854
Chile,1994,CHL,14316263.0,178942754051.0,20.885,1.459,37.975,2.653,68.795,4.805,215.481,15051.502,1.204,20.779,62.93,7.445,15.951,84.049
Democratic Republic of Congo,1994,COD,42626873.0,23485765006.0,25.976,0.609,2.751,0.065,196.555,4.611,16.282,381.959,0.693,11.469,97.68,56.544,68.003,31.997
El Salvador,1994,SLV,5714138.0,23258530978.0,3.888,0.68,4.502,0.788,15.12,2.646,16.715,2925.279,0.719,62.466,64.73,12.462,48.348,51.652
Syria,1994,SYR,14208585.0,139462673349.0,35.093,2.47,45.956,3.234,84.21,5.927,179.731,12649.484,1.289,75.014,64.04,27.841,50.241,49.759
Austria,1994,AUT,7938157.0,229749328956.0,13.369,1.684,61.08,7.694,76.175,9.596,349.408,44016.273,1.521,36.283,93.2,2.401,34.415,65.585
Mozambique,1994,MOZ,15033852.0,18783666165.0,11.175,0.743,1.098,0.073,52.628,3.501,5.041,335.322,0.268,45.952,73.88,30.168,73.056,26.944
France,1994,FRA,57999868.0,1712086429935.0,86.117,1.485,381.903,6.585,531.355,9.161,2824.76,48702.859,1.65,56.044,106.52,2.271,25.15,74.85
Paraguay,1994,PRY,4471423.0,25180861240.0,16.934,3.787,3.393,0.759,106.287,23.77,15.341,3430.861,0.609,38.234,52.01,18.164,46.651,53.349
Colombia,1994,COL,35127408.0,300636179033.0,68.276,1.944,66.982,1.907,191.867,5.462,316.39,9006.918,1.052,40.437,59.83,14.832,28.665,71.335
South Korea,1994,KOR,45130842.0,791073852664.0,28.476,0.631,355.695,7.881,392.382,8.694,1631.894,36159.184,2.063,21.729,62.96,5.466,22.141,77.859
Seychelles,1994,SYC,77279.0,744501064.0,0.044,0.57,0.202,2.608,0.26,3.366,2.086,26994.596,2.802,8.696,170.67,3.856,52.312,47.688
Malawi,1994,MWI,10164899.0,8059879526.0,3.262,0.321,0.902,0.089,15.989,1.573,4.023,395.748,0.499,43.169,19.12,18.582,86.735,13.265
China,1994,CHN,1209003099.0,4438753488140.0,900.154,0.745,3093.891,2.559,4901.601,4.054,10048.812,8311.651,2.264,55.69,47.28,19.385,71.49,28.51
Iraq,1994,IRQ,20139818.0,39993906175.0,34.135,1.695,76.573,3.802,112.978,5.61,358.035,17777.477,8.952,21.317,84.65,20.112,31.825,68.175
Netherlands,1994,NLD,15485453.0,457377474101.0,36.793,2.376,171.952,11.104,228.342,14.746,936.809,60496.051,2.048,57.773,92.52,3.217,29.59,70.41
Uganda,1994,UGA,20108804.0,19993293080.0,12.398,0.617,0.712,0.035,34.047,1.693,5.111,254.185,0.256,60.568,44.77,46.17,89.431,10.569
Senegal,1994,SEN,8624077.0,16427310135.0,7.507,0.87,3.636,0.422,16.203,1.879,14.965,1735.306,0.911,46.304,50.74,17.74,60.35,39.65
Pakistan,1994,PAK,130748076.0,356454516834.0,97.119,0.743,84.018,0.643,218.127,1.668,389.382,2978.108,1.092,46.427,41.75,22.753,68.313,31.687
Zimbabwe,1994,ZWE,10873146.0,23447496711.0,9.84,0.905,17.383,1.599,55.773,5.129,49.897,4589.044,2.128,35.508,69.3,17.079,68.838,31.162
Venezuela,1994,VEN,21725186.0,297728620446.0,55.568,2.558,119.06,5.48,210.749,9.701,706.328,32511.959,2.372,24.495,70.17,4.88,14.138,85.862
Burkina Faso,1994,BFA,10123807.0,11400569605.0,10.286,1.016,0.66,0.065,35.711,3.527,2.806,277.202,0.246,38.21,49.3,32.948,85.487,14.513
Togo,1994,TGO,3904183.0,4562486354.0,2.368,0.607,1.007,0.258,8.69,2.226,2.96,758.084,0.649,59.754,53.38,14.966,69.585,30.415
Morocco,1994,MAR,26000824.0,118651280111.0,16.512,0.635,28.124,1.082,57.488,2.211,104.454,4017.35,0.88,69.379,44.87,17.26,48.782,51.218
North Macedonia,1994,MKD,1992669.0,13843334272.0,2.246,1.127,7.903,3.966,15.625,7.841,28.442,14273.225,2.055,50.963,92.26,10.577,40.244,59.756
Benin,1994,BEN,6096510.0,9706566478.0,3.707,0.608,0.912,0.15,24.157,3.962,3.82,626.573,0.394,21.169,56.03,32.294,63.473,36.527
Ukraine,1994,UKR,52076000.0,288418666392.0,109.688,2.106,419.63,8.058,569.229,10.931,1895.852,36405.477,6.573,72.255,154.53,14.572,32.083,67.917
Barbados,1994,BRB,261625.0,3045284405.0,0.201,0.769,0.94,3.593,1.202,4.595,5.431,20759.801,1.784,44.186,73.87,2.44,36.659,63.341
Ethiopia,1994,ETH,55611514.0,40711848289.0,49.347,0.887,2.197,0.04,76.762,1.38,10.226,183.879,0.251,30.472,44.45,51.417,86.283,13.717
Cuba,1994,CUB,10886022.0,29226990747.0,14.638,1.345,21.426,1.968,53.249,4.891,119.089,10939.621,4.075,62.253,79.93,7.9,25.492,74.508
Nicaragua,1994,NIC,4549317.0,9239788720.0,6.545,1.439,2.514,0.553,85.406,18.773,10.725,2357.605,1.161,35.067,31.87,19.019,45.741,54.259
Botswana,1994,BWA,1460030.0,8505234702.0,6.354,4.352,3.03,2.075,15.451,10.583,10.978,7518.793,1.291,45.87,98.99,3.756,51.207,48.793
Kyrgyzstan,1994,KGZ,4649190.0,13389775327.0,4.117,0.886,6.144,1.322,18.104,3.894,40.625,8738.146,3.034,53.853,81.71,38.364,63.426,36.574
Costa Rica,1994,CRI,3451122.0,28250615652.0,4.537,1.315,5.188,1.503,19.87,5.757,21.416,6205.497,0.758,41.03,65.78,12.32,47.471,52.529
Egypt,1994,EGY,64285596.0,286215812013.0,47.642,0.741,87.483,1.361,153.291,2.385,413.228,6427.995,1.444,3.026,53.44,15.714,57.176,42.824
Denmark,1994,DNK,5206188.0,168493895001.0,10.287,1.976,64.673,12.422,80.575,15.477,248.056,47646.367,1.472,67.275,96.8,2.581,15.04,84.96
Iran,1994,IRN,61520598.0,419488447798.0,137.64,2.237,264.822,4.305,432.499,7.03,1008.745,16396.867,2.405,39.39,59.91,10.552,40.447,59.553
Gambia,1994,GMB,1227233.0,1506439238.0,0.807,0.658,0.209,0.17,1.67,1.361,0.975,794.766,0.647,55.04,73.3,19.231,61.664,38.336
Sweden,1994,SWE,8780190.0,241524284977.0,11.996,1.366,59.997,6.833,70.737,8.056,649.779,74005.148,2.69,8.239,106.51,2.679,16.169,83.831
Mongolia,1994,MNG,2305743.0,4442844414.0,10.131,4.394,7.865,3.411,34.464,14.947,19.439,8430.774,4.375,76.558,58.07,27.483,43.155,56.845
Ecuador,1994,ECU,11372197.0,76428090430.0,21.183,1.863,14.338,1.261,80.881,7.112,100.323,8821.755,1.313,29.364,43.91,22.146,42.384,57.616
United Kingdom,1994,GBR,58003200.0,1585373248060.0,122.816,2.117,574.017,9.896,736.747,12.702,2543.823,43856.598,1.605,71.959,101.93,1.293,21.553,78.447
Australia,1994,AUS,17897433.0,527993237904.0,160.115,8.946,293.613,16.405,554.084,30.959,1125.552,62888.992,2.132,61.068,84.39,3.322,14.67,85.33
Guinea,1994,GIN,7345106.0,5997837304.0,7.61,1.036,1.085,0.148,24.921,3.393,5.132,698.76,0.856,57.19,30.11,13.832,70.764,29.236
Thailand,1994,THA,58260855.0,545365114818.0,85.307,1.464,136.87,2.349,317.887,5.456,544.837,9351.679,0.999,41.766,74.89,8.628,77.342,22.658
Panama,1994,PAN,2669545.0,22126487628.0,3.273,1.226,4.136,1.549,19.7,7.38,54.591,20449.391,2.467,28.719,50.38,6.461,42.761,57.239
Turkey,1994,TUR,60033832.0,562010879560.0,35.099,0.585,170.592,2.842,240.383,4.004,634.501,10569.057,1.129,52.167,46.76,15.463,45.665,54.335
New Zealand,1994,NZL,3621030.0,84890067977.0,36.593,10.106,27.885,7.701,85.465,23.603,207.137,57204.023,2.44,50.457,68.37,6.508,14.698,85.302
Cote d'Ivoire,1994,CIV,14287211.0,29026826745.0,7.491,0.524,4.133,0.289,118.62,8.303,19.269,1348.722,0.664,59.767,59.97,25.264,59.047,40.953
Guinea-Bissau,1994,GNB,1092037.0,1398135470.0,1.301,1.192,0.099,0.091,5.05,4.624,1.317,1205.777,0.942,21.78,60.7,52.26,65.539,34.461
Brazil,1994,BRA,159265011.0,1391783970549.0,391.601,2.459,254.002,1.595,2672.895,16.783,1806.904,11345.266,1.298,27.425,44.97,8.722,22.829,77.171
Russia,1994,RUS,148200734.0,1297672618325.0,364.986,2.463,1646.876,11.112,2245.12,15.149,8138.424,54914.871,6.272,13.29,109.49,6.11,27.046,72.954
Rwanda,1994,RWA,6792358.0,4238308069.0,3.868,0.569,0.462,0.068,5.256,0.774,3.056,449.892,0.721,62.829,31.1,49.759,92.517,7.483
Sierra Leone,1994,SLE,4173111.0,5967832311.0,2.896,0.694,0.275,0.066,8.75,2.097,3.104,743.737,0.52,38.93,56.57,37.395,65.697,34.303
Niger,1994,NER,9398266.0,6867284266.0,9.112,0.97,0.577,0.061,58.36,6.21,3.921,417.155,0.571,27.631,78.46,31.169,84.272,15.728
United Arab Emirates,1994,ARE,2328191.0,64654417907.0,24.531,10.536,75.35,32.364,100.736,43.268,464.674,199585.922,7.187,5.238,32.04,1.83,21.711,78.289
Romania,1994,ROU,22756247.0,123373706511.0,25.295,1.112,120.868,5.311,152.961,6.722,504.851,22185.154,4.092,64.476,126.85,19.885,45.909,54.091
Chad,1994,TCD,6783456.0,4512686232.0,16.753,2.47,0.416,0.061,33.031,4.869,0.73,107.612,0.162,38.453,31.27,37.218,78.549,21.451
Cape Verde,1994,CPV,410230.0,861446201.0,0.135,0.328,0.176,0.429,0.413,1.007,0.48,1170.553,0.557,17.122,87.54,12.859,51.351,48.649
Mali,1994,MLI,9967035.0,10520791586.0,10.899,1.094,0.548,0.055,49.191,4.935,2.261,226.884,0.215,28.905,80.78,32.913,82.587,17.413
India,1994,IND,941163772.0,2055026658036.0,653.566,0.694,714.043,0.759,1675.792,1.781,2757.121,2929.481,1.342,60.975,39.48,26.52,73.629,26.371
Cameroon,1994,CMR,12704900.0,21685984140.0,17.683,1.392,4.88,0.384,59.758,4.704,16.42,1292.411,0.757,19.378,54.71,19.61,57.262,42.738
Trinidad and Tobago,1994,TTO,1288353.0,17136543834.0,3.569,2.77,15.342,11.908,19.665,15.264,82.043,63680.742,4.788,15.789,54.17,2.222,44.404,55.596
Zambia,1994,ZMB,8576270.0,10221106422.0,13.709,1.598,2.393,0.279,66.281,7.728,15.411,1796.89,1.508,28.885,42.56,11.827,61.334,38.666
Dominica,1994,DMA,69493.0,316614931.0,0.051,0.74,0.07,1.002,0.127,1.829,0.3,4315.246,0.947,24.0,85.03,14.406,35.174,64.826
Jordan,1994,JOR,4561409.0,26713865287.0,2.135,0.468,13.521,2.964,17.197,3.77,53.519,11733.036,2.003,12.149,50.49,4.427,21.814,78.186
Bulgaria,1994,BGR,8416924.0,68680754016.0,12.644,1.502,56.383,6.699,75.071,8.919,253.54,30122.635,3.692,55.672,177.22,11.492,32.277,67.723
Norway,1994,NOR,4336467.0,162645039026.0,8.082,1.864,37.863,8.731,56.573,13.046,475.377,109623.219,2.923,2.82,93.5,2.604,26.35,73.65
Nepal,1994,NPL,21717483.0,30349286375.0,20.21,0.931,1.619,0.075,44.916,2.068,5.777,265.987,0.19,29.235,53.06,40.442,76.984,23.016
Oman,1994,OMN,2081839.0,28891343065.0,19.105,9.177,17.466,8.39,37.12,17.83,54.529,26192.926,1.887,3.464,38.35,2.223,28.332,71.668
Jamaica,1994,JAM,2475225.0,16160332925.0,1.19,0.481,8.189,3.308,12.781,5.164,35.095,14178.675,2.172,46.168,68.93,8.507,49.665,50.335
Italy,1994,ITA,57420136.0,1573414707872.0,58.54,1.02,424.507,7.393,474.456,8.263,2064.182,35948.75,1.312,53.388,109.86,2.988,33.235,66.765
Mexico,1994,MEX,89259202.0,972991932169.0,116.01,1.3,351.534,3.938,610.362,6.838,1464.644,16408.885,1.505,54.626,59.64,4.364,27.043,72.957
Guatemala,1994,GTM,10043713.0,54315587488.0,8.386,0.835,6.639,0.661,72.451,7.214,25.838,2572.545,0.476,42.105,34.61,24.487,64.924,35.076
Malaysia,1994,MYS,19820446.0,211154262265.0,20.921,1.056,87.497,4.415,288.631,14.562,364.533,18391.775,1.726,21.278,50.79,13.661,45.414,54.586
Ghana,1994,GHA,16993190.0,31249854280.0,7.891,0.464,4.54,0.267,42.706,2.513,21.412,1260.041,0.685,56.693,53.08,37.791,60.903,39.097
Argentina,1994,ARG,34613492.0,472926751991.0,116.18,3.356,118.507,3.424,299.414,8.65,611.176,17657.168,1.292,46.753,81.58,5.083,12.035,87.965
Saudi Arabia,1994,SAU,12750037.0,336457977370.0,68.396,5.364,291.208,22.84,359.652,28.208,1159.58,90947.219,3.446,64.093,46.75,6.086,21.352,78.648
Yemen,1994,YEM,16149147.0,54341182837.0,10.466,0.648,9.964,0.617,24.74,1.532,39.834,2466.609,0.733,44.946,38.08,27.574,76.83,23.17
Dominican Republic,1994,DOM,7741694.0,34777859424.0,6.966,0.9,11.781,1.522,27.835,3.595,41.806,5400.124,1.202,53.353,51.63,9.994,43.472,56.528
Burundi,1994,BDI,5713856.0,5760142060.0,2.325,0.407,0.234,0.041,5.657,0.99,1.716,300.241,0.298,80.724,66.99,40.732,93.001,6.999
Japan,1994,JPN,125286861.0,3893220587047.0,53.024,0.423,1223.158,9.763,1296.694,10.35,5718.397,45642.43,1.469,15.428,97.17,1.892,22.116,77.884
Cambodia,1994,KHM,9239160.0,15501963200.0,13.737,1.487,1.425,0.154,51.157,5.537,2.042,221.044,0.132,25.859,72.72,45.558,82.872,17.128
Jamaica,1995,JAM,2500152.0,16727506200.0,1.215,0.486,9.173,3.669,12.272,4.909,39.18,15671.189,2.342,45.891,70.27,8.597,49.433,50.567
United Arab Emirates,1995,ARE,2434667.0,75243844061.0,24.844,10.204,72.874,29.932,98.648,40.518,484.871,199152.906,6.444,5.393,33.2,1.787,21.742,78.258
Uganda,1995,UGA,20665673.0,21811147459.0,12.665,0.613,0.925,0.045,34.019,1.646,5.094,246.474,0.234,60.668,45.82,45.295,89.273,10.727
Singapore,1995,SGP,3533624.0,109097198275.0,1.68,0.475,40.546,11.474,45.342,12.832,388.941,110068.547,3.565,1.791,148.62,0.145,0.0,100.0
Greece,1995,GRC,10519233.0,178710456938.0,13.63,1.296,86.962,8.267,107.396,10.209,316.794,30115.697,1.773,71.094,115.88,6.87,27.917,72.083
Austria,1995,AUT,7950322.0,236824462430.0,12.809,1.611,64.063,8.058,78.663,9.894,367.661,46244.852,1.552,36.126,86.88,2.185,34.137,65.863
Namibia,1995,NAM,1602181.0,9444539646.0,4.702,2.935,1.619,1.011,12.531,7.821,7.201,4494.408,0.762,47.152,92.4,9.447,71.329,28.671
Saudi Arabia,1995,SAU,13289246.0,354296184185.0,66.989,5.041,274.604,20.664,340.646,25.633,1130.006,85031.602,3.189,67.351,46.95,5.849,21.08,78.92
Tajikistan,1995,TJK,5948588.0,9460376115.0,3.341,0.562,2.435,0.409,8.459,1.422,32.01,5381.158,3.384,32.738,32.55,36.692,71.576,28.424
Cambodia,1995,KHM,10018500.0,16125089863.0,16.415,1.639,1.499,0.15,50.727,5.063,6.06,604.913,0.376,25.851,75.34,47.725,82.504,17.496
Argentina,1995,ARG,35070016.0,461601030169.0,118.111,3.368,125.415,3.576,308.467,8.796,630.652,17982.643,1.366,46.788,81.57,5.351,11.815,88.185
Mali,1995,MLI,10185368.0,10736646746.0,11.193,1.099,0.595,0.058,84.697,8.316,2.264,222.315,0.211,29.027,81.19,29.714,82.377,17.623
Trinidad and Tobago,1995,TTO,1295167.0,18276117548.0,3.464,2.675,14.725,11.369,19.044,14.704,88.972,68695.367,4.868,14.815,59.26,2.313,44.301,55.699
Lesotho,1995,LSO,1951441.0,3490315705.0,1.496,0.767,1.707,0.875,3.997,2.048,1.083,555.062,0.31,76.548,82.12,8.781,83.531,16.469
Mexico,1995,MEX,90862449.0,916478942218.0,117.579,1.294,330.905,3.642,586.199,6.452,1439.337,15840.837,1.571,54.628,62.22,4.131,26.704,73.296
El Salvador,1995,SLV,5762135.0,25119269330.0,3.685,0.64,4.986,0.865,13.795,2.394,20.997,3643.881,0.836,62.268,63.87,11.529,47.604,52.396
Venezuela,1995,VEN,22193822.0,310657285215.0,61.557,2.774,124.83,5.625,223.518,10.071,727.397,32774.762,2.341,24.507,70.07,5.04,13.647,86.353
Comoros,1995,COM,490594.0,563630517.0,0.267,0.543,0.077,0.157,0.506,1.031,0.253,515.785,0.449,65.556,91.4,29.376,71.653,28.347
Barbados,1995,BRB,262046.0,3074994312.0,0.201,0.768,1.023,3.903,1.289,4.92,5.637,21510.744,1.833,44.186,80.28,3.203,36.764,63.236
France,1995,FRA,58192207.0,1748659531786.0,86.018,1.478,386.959,6.65,523.819,9.002,2904.198,49906.992,1.661,55.942,109.05,2.313,24.901,75.099
Ethiopia,1995,ETH,57537340.0,42631100913.0,49.844,0.866,2.506,0.044,82.206,1.429,11.02,191.527,0.258,30.5,45.2,50.661,86.117,13.883
Cote d'Ivoire,1995,CIV,14855566.0,31414510714.0,7.722,0.52,6.225,0.419,97.057,6.533,20.019,1347.566,0.637,62.1,60.14,24.728,58.708,41.292
Laos,1995,LAO,4929410.0,8730282550.0,6.058,1.229,0.671,0.136,31.267,6.343,1.816,368.387,0.208,7.366,63.27,42.226,82.721,17.279
Sweden,1995,SWE,8826298.0,251741126533.0,11.673,1.323,59.487,6.74,73.155,8.288,666.649,75529.906,2.648,8.02,106.43,2.656,16.1,83.9
Nepal,1995,NPL,22245443.0,31356698922.0,20.783,0.934,2.309,0.104,44.669,2.008,6.137,275.88,0.196,29.313,54.35,39.041,75.9,24.1
Kenya,1995,KEN,26601753.0,48490927693.0,24.442,0.919,7.515,0.283,52.139,1.96,33.55,1261.19,0.692,47.856,55.49,26.35,81.417,18.583
Norway,1995,NOR,4358991.0,174592147085.0,8.172,1.875,38.469,8.825,55.789,12.799,509.372,116855.484,2.917,3.086,92.81,2.59,26.08,73.92
Botswana,1995,BWA,1498842.0,9306926237.0,6.9,4.604,3.045,2.031,15.667,10.453,11.11,7412.382,1.194,45.782,120.26,4.638,50.388,49.612
Guatemala,1995,GTM,10312999.0,56765526295.0,8.543,0.828,7.085,0.687,62.832,6.093,28.221,2736.47,0.497,42.105,36.55,24.151,64.244,35.756
Chad,1995,TCD,7089063.0,4614545072.0,17.528,2.473,0.427,0.06,33.833,4.773,0.73,102.973,0.158,38.477,33.0,35.059,78.51,21.49
Senegal,1995,SEN,8848112.0,17207967928.0,7.602,0.859,2.99,0.338,20.034,2.264,16.198,1830.635,0.941,45.785,49.26,19.47,60.192,39.808
Italy,1995,ITA,57403342.0,1630199200435.0,58.556,1.02,448.596,7.815,504.521,8.789,2167.477,37758.719,1.33,52.134,113.69,2.974,33.183,66.817
Malta,1995,MLT,384559.0,6198303778.0,0.157,0.409,2.452,6.377,2.643,6.872,9.842,25594.115,1.588,34.375,116.58,2.252,7.303,92.697
Pakistan,1995,PAK,134582255.0,376967615526.0,99.644,0.74,83.614,0.621,222.678,1.655,410.68,3051.513,1.089,46.734,44.1,23.422,68.086,31.914
Gambia,1995,GMB,1264320.0,1529318604.0,0.835,0.66,0.216,0.171,1.776,1.405,0.902,713.772,0.59,55.04,73.17,21.359,60.433,39.567
Zambia,1995,ZMB,8785768.0,10865557573.0,13.615,1.55,2.142,0.244,64.292,7.318,13.957,1588.593,1.285,29.127,41.79,14.089,61.597,38.403
India,1995,IND,960301046.0,2189535837458.0,661.917,0.689,760.48,0.792,1712.603,1.783,2963.118,3085.614,1.353,60.859,41.68,24.458,73.434,26.566
Mauritania,1995,MRT,2312027.0,3768651979.0,4.871,2.107,1.015,0.439,9.304,4.024,13.924,6022.333,3.695,38.527,52.61,28.134,61.348,38.652
Kuwait,1995,KWT,1681518.0,46090594401.0,29.348,17.453,56.263,33.46,86.127,51.22,150.55,89532.055,3.266,7.969,29.83,0.419,1.95,98.05
Poland,1995,POL,38364668.0,360934041475.0,98.056,2.556,362.483,9.448,480.742,12.531,1108.723,28899.574,3.072,60.799,81.68,5.736,38.403,61.597
Iceland,1995,ISL,267516.0,7280955133.0,0.596,2.229,2.469,9.229,3.781,14.132,23.782,88899.734,3.266,18.943,71.29,9.173,8.36,91.64
Sri Lanka,1995,LKA,17564065.0,86882842988.0,10.092,0.575,5.717,0.325,34.032,1.938,40.738,2319.408,0.469,37.091,63.13,23.14,84.135,15.865
Slovakia,1995,SVK,5354287.0,63261333115.0,7.247,1.353,44.194,8.254,56.667,10.583,209.749,39174.078,3.316,50.852,201.31,2.13,43.375,56.625
Burkina Faso,1995,BFA,10386723.0,11823046260.0,10.635,1.024,0.661,0.064,36.462,3.51,2.828,272.304,0.239,38.669,51.38,33.217,85.105,14.895
Malawi,1995,MWI,10150122.0,9155587639.0,3.271,0.322,0.903,0.089,18.511,1.824,4.216,415.327,0.46,45.397,20.12,22.344,86.365,13.635
Slovenia,1995,SVN,1988098.0,35684022325.0,3.693,1.857,15.357,7.724,18.435,9.272,74.35,37397.617,2.084,26.713,115.82,3.828,49.797,50.203
Yemen,1995,YEM,16740057.0,56705822316.0,9.785,0.585,11.138,0.665,25.221,1.507,44.171,2638.639,0.779,44.957,37.4,22.577,76.202,23.798
Uruguay,1995,URY,3189438.0,38399568880.0,21.251,6.663,4.565,1.431,30.681,9.62,24.485,7676.834,0.638,85.35,72.8,8.616,9.397,90.603
Jordan,1995,JOR,4752097.0,28214801077.0,2.24,0.471,13.451,2.831,16.446,3.461,56.093,11803.904,1.988,12.625,52.58,3.686,21.751,78.249
Indonesia,1995,IDN,199888055.0,1072204353033.0,190.916,0.955,222.225,1.112,1252.83,6.268,870.284,4353.857,0.812,23.724,54.36,17.138,63.698,36.302
Syria,1995,SYR,14616804.0,141596267280.0,34.812,2.382,46.392,3.174,84.125,5.755,172.817,11823.148,1.22,75.03,74.7,28.202,49.955,50.045
Dominica,1995,DMA,69490.0,327078105.0,0.051,0.739,0.081,1.16,0.137,1.975,0.377,5423.222,1.152,22.667,82.79,12.167,35.107,64.893
Cuba,1995,CUB,10925362.0,31242330737.0,14.321,1.311,22.868,2.093,47.652,4.362,121.365,11108.557,3.885,62.235,79.16,6.883,25.417,74.583
Switzerland,1995,CHE,7040481.0,257142565611.0,6.56,0.932,43.414,6.166,53.377,7.582,343.995,48859.637,1.338,40.022,95.42,1.399,28.471,71.529
Ghana,1995,GHA,17399023.0,32723356676.0,8.02,0.461,4.624,0.266,46.967,2.699,21.978,1263.191,0.672,57.572,51.26,38.779,60.039,39.961
Paraguay,1995,PRY,4579803.0,26637512671.0,18.022,3.935,3.925,0.857,86.968,18.99,17.499,3821.002,0.657,38.967,49.4,18.444,45.868,54.132
Malaysia,1995,MYS,20330602.0,233787220224.0,19.954,0.981,109.595,5.391,276.036,13.577,398.829,19617.18,1.706,21.202,51.79,12.949,44.077,55.923
Mauritius,1995,MUS,1159824.0,14115290935.0,0.517,0.446,1.828,1.576,2.544,2.194,10.073,8684.609,0.714,50.97,48.64,9.076,56.796,43.204
Cameroon,1995,CMR,13058517.0,22791497700.0,18.21,1.394,5.375,0.412,58.283,4.463,16.818,1287.891,0.738,19.378,55.79,19.145,56.635,43.365
Latvia,1995,LVA,2485948.0,21602325855.0,2.64,1.062,9.134,3.674,10.37,4.171,44.847,18040.334,2.076,29.441,114.45,8.055,30.808,69.192
Thailand,1995,THA,59098231.0,584005907369.0,83.455,1.412,153.65,2.6,334.376,5.658,615.065,10407.508,1.053,41.948,74.43,9.081,75.891,24.109
United Kingdom,1995,GBR,58154632.0,1623858039641.0,126.429,2.174,566.159,9.735,741.1,12.744,2552.545,43892.383,1.572,71.835,102.88,1.23,21.341,78.659
Benin,1995,BEN,6226775.0,10500460878.0,3.533,0.567,0.956,0.154,32.09,5.154,4.123,662.107,0.393,22.301,53.48,33.09,63.161,36.839
Ecuador,1995,ECU,11590519.0,78692037555.0,21.709,1.873,23.534,2.03,83.241,7.182,94.818,8180.669,1.205,29.288,48.13,21.912,41.782,58.218
Nigeria,1995,NGA,110819430.0,202397614701.0,272.437,2.458,84.23,0.76,561.835,5.07,231.431,2088.36,1.143,70.357,61.94,25.487,60.864,39.136
Czechia,1995,CZE,10312041.0,149541611781.0,15.039,1.458,131.624,12.764,150.354,14.58,486.214,47150.117,3.251,55.39,142.78,4.005,25.291,74.709
Democratic Republic of Congo,1995,COD,44433718.0,24780657990.0,26.815,0.603,3.096,0.07,202.618,4.56,17.082,384.43,0.689,11.38,95.36,56.544,67.544,32.456
Spain,1995,ESP,40052733.0,855020227557.0,41.082,1.026,265.069,6.618,324.329,8.098,1219.41,30445.111,1.426,59.505,72.11,3.875,24.412,75.588
Gabon,1995,GAB,1123212.0,10240919781.0,17.652,15.716,5.22,4.648,30.541,27.191,10.582,9420.98,1.033,7.902,74.36,8.032,25.011,74.989
Finland,1995,FIN,5107919.0,131586003036.0,11.692,2.289,58.122,11.379,84.271,16.498,332.74,65141.914,2.529,7.367,94.68,3.801,35.194,64.806
Philippines,1995,PHL,70546245.0,263742284726.0,56.193,0.797,59.22,0.839,189.991,2.693,258.461,3663.711,0.98,36.942,47.56,18.925,62.604,37.396
Vietnam,1995,VNM,72049945.0,160152275679.0,65.552,0.91,30.088,0.418,234.917,3.26,127.153,1764.786,0.794,21.749,29.18,27.183,78.546,21.454
North Macedonia,1995,MKD,1998531.0,13754792054.0,2.204,1.103,7.925,3.966,15.042,7.527,28.651,14336.097,2.083,50.61,88.77,10.611,40.272,59.728
Panama,1995,PAN,2724555.0,22570156089.0,3.292,1.208,3.608,1.324,18.803,6.901,57.679,21170.059,2.556,28.679,54.84,6.486,41.752,58.248
Moldova,1995,MDA,4414216.0,15569831884.0,3.405,0.771,11.405,2.584,15.482,3.507,32.543,7372.288,2.09,77.619,141.85,29.274,54.281,45.719
Bosnia and Herzegovina,1995,BIH,3715565.0,11770817203.0,2.651,0.714,3.406,0.917,1.731,0.466,47.637,12820.879,4.047,42.48,56.77,20.7,59.067,40.933
New Zealand,1995,NZL,3674434.0,88724280201.0,37.306,10.153,27.989,7.617,83.531,22.733,214.906,58486.742,2.422,49.858,68.28,6.451,14.607,85.393
Mozambique,1995,MOZ,15960530.0,17625138412.0,11.271,0.706,1.131,0.071,55.664,3.488,5.328,333.823,0.302,46.231,81.49,31.347,72.373,27.627
Nicaragua,1995,NIC,4642933.0,9966535313.0,5.815,1.252,2.751,0.592,90.508,19.494,11.633,2505.537,1.167,37.834,31.49,20.08,45.555,54.445
Cyprus,1995,CYP,862698.0,14530339515.0,0.448,0.519,5.866,6.799,5.62,6.514,25.231,29246.24,1.736,15.487,102.23,4.776,31.831,68.169
Turkey,1995,TUR,61024501.0,610881311777.0,36.662,0.601,184.675,3.026,253.127,4.148,710.107,11636.42,1.162,51.314,42.51,11.493,44.935,55.065
Tunisia,1995,TUN,9161263.0,54252486853.0,7.043,0.769,16.623,1.815,27.295,2.979,62.528,6825.274,1.153,60.17,55.24,11.367,38.377,61.623
Lebanon,1995,LBN,3960741.0,20427565185.0,1.818,0.459,12.255,3.094,15.065,3.803,51.939,13113.397,2.543,59.531,63.67,6.795,14.867,85.133
Lithuania,1995,LTU,3627038.0,29216540607.0,5.077,1.4,15.057,4.151,27.582,7.605,99.369,27396.791,3.401,54.403,108.95,9.812,32.653,67.347
Guinea,1995,GIN,7553252.0,6351702761.0,7.869,1.042,1.121,0.148,28.426,3.763,5.085,673.256,0.801,57.149,35.87,12.701,70.501,29.499
Chile,1995,CHL,14527382.0,196694148759.0,22.102,1.521,41.563,2.861,74.325,5.116,232.236,15986.057,1.181,20.618,67.01,6.967,15.583,84.417
Seychelles,1995,SYC,78144.0,760132177.0,0.044,0.569,0.198,2.532,0.258,3.299,2.16,27636.34,2.841,8.696,198.84,3.896,53.148,46.852
Kazakhstan,1995,KAZ,16730541.0,122950929776.0,43.903,2.624,168.468,10.069,212.665,12.711,598.716,35785.812,4.87,80.448,102.66,12.329,43.247,56.753
Bulgaria,1995,BGR,8357576.0,70965735433.0,12.42,1.486,57.917,6.93,81.306,9.728,272.66,32624.234,3.842,55.717,178.61,9.218,32.166,67.834
Colombia,1995,COL,35804670.0,316101744239.0,70.357,1.965,59.35,1.658,233.069,6.509,323.725,9041.412,1.024,40.12,65.05,14.018,28.176,71.824
Uzbekistan,1995,UZB,22917588.0,104615642206.0,28.169,1.229,104.804,4.573,147.166,6.422,506.948,22120.496,4.846,64.981,42.51,28.05,56.522,43.478
Denmark,1995,DNK,5233364.0,174484978091.0,10.2,1.949,61.653,11.781,77.513,14.811,243.62,46551.258,1.396,68.15,97.11,2.831,14.999,85.001
Bangladesh,1995,BGD,122600372.0,145833067614.0,68.434,0.558,21.056,0.172,108.342,0.884,107.109,873.64,0.734,72.014,35.28,27.304,78.339,21.661
Iran,1995,IRN,62205571.0,437566117340.0,132.358,2.128,270.875,4.355,419.321,6.741,1057.944,17007.227,2.418,39.421,60.67,12.61,39.577,60.423
Mongolia,1995,MNG,2335717.0,4952892782.0,10.832,4.638,7.837,3.355,35.454,15.179,18.761,8032.041,3.788,76.558,62.28,32.543,43.208,56.792
Tanzania,1995,TZA,30383496.0,27600945651.0,29.191,0.961,2.434,0.08,98.068,3.228,11.187,368.182,0.405,37.311,54.21,30.059,79.488,20.512
Kyrgyzstan,1995,KGZ,4713641.0,12537052888.0,3.497,0.742,4.507,0.956,15.409,3.269,32.35,6863.011,2.58,54.937,73.92,40.682,63.819,36.181
Peru,1995,PER,24348922.0,111333590886.0,24.289,0.998,25.143,1.033,120.356,4.943,133.322,5475.475,1.197,17.535,38.11,8.038,29.11,70.89
Congo,1995,COG,2749464.0,9864798737.0,9.94,3.615,3.225,1.173,26.307,9.568,3.61,1312.997,0.366,30.798,35.75,10.453,43.593,56.407
Haiti,1995,HTI,7562551.0,10289435607.0,6.498,0.859,0.876,0.116,12.006,1.588,4.052,535.783,0.394,57.692,62.05,23.555,70.17,29.83
Turkmenistan,1995,TKM,4191207.0,14166397093.0,9.208,2.197,34.569,8.248,57.098,13.623,104.27,24878.238,7.36,75.543,35.7,16.212,55.29,44.71
Bolivia,1995,BOL,7874676.0,28456929800.0,19.405,2.464,9.029,1.147,135.83,17.249,33.711,4280.904,1.185,33.786,47.21,14.859,40.609,59.391
Belarus,1995,BLR,10197466.0,71373341741.0,18.189,1.784,61.015,5.983,105.917,10.387,250.706,24585.137,3.513,46.035,72.23,15.766,31.984,68.016
Azerbaijan,1995,AZE,7719283.0,23188276303.0,5.779,0.749,33.309,4.315,43.128,5.587,160.648,20811.258,6.928,53.945,39.17,25.344,47.688,52.312
Croatia,1995,HRV,4619362.0,45617097590.0,3.744,0.81,16.814,3.64,21.66,4.689,87.85,19017.701,1.926,41.71,69.22,5.652,44.843,55.157
Germany,1995,DEU,82019890.0,2347761113534.0,123.309,1.503,939.934,11.46,1123.859,13.702,3974.795,48461.355,1.693,49.679,87.33,1.032,19.953,80.047
Estonia,1995,EST,1452774.0,18632898028.0,2.835,1.951,18.053,12.427,19.475,13.405,62.165,42790.797,3.336,23.378,98.63,4.131,31.041,68.959
Australia,1995,AUS,18095340.0,549038744439.0,160.051,8.845,304.962,16.853,672.727,37.177,1154.299,63789.848,2.102,60.319,81.98,2.999,14.713,85.287
China,1995,CHN,1220133929.0,4809999898743.0,949.913,0.779,3351.197,2.747,5151.296,4.222,10352.658,8484.854,2.152,55.69,54.54,19.498,70.96,29.04
Honduras,1995,HND,5739636.0,17579243982.0,5.483,0.955,3.836,0.668,41.187,7.176,15.847,2761.003,0.901,31.102,63.41,19.157,57.139,42.861
Russia,1995,RUS,148291406.0,1274033410385.0,348.947,2.353,1618.286,10.913,2142.492,14.448,7702.033,51938.5,6.045,13.213,97.2,6.692,27.065,72.935
Rwanda,1995,RWA,5674118.0,5523726463.0,3.929,0.692,0.451,0.08,6.525,1.15,3.112,548.458,0.563,62.829,27.04,44.0,91.184,8.816
South Africa,1995,ZAF,44541557.0,277583803133.0,73.278,1.645,361.712,8.121,495.88,11.133,1117.516,25089.297,4.026,80.39,50.07,3.122,46.704,53.296
Morocco,1995,MAR,26399431.0,112285412713.0,16.605,0.629,28.75,1.089,61.829,2.342,102.452,3880.835,0.912,68.898,46.56,13.493,48.241,51.759
Sierra Leone,1995,SLE,4179178.0,5367842746.0,2.879,0.689,0.224,0.053,8.541,2.044,3.569,854.106,0.665,38.93,53.93,39.955,65.498,34.502
Israel,1995,ISR,5354734.0,125219738356.0,5.151,0.962,49.866,9.312,57.141,10.671,195.208,36455.285,1.559,26.479,52.68,2.043,9.149,90.851
Niger,1995,NER,9714537.0,6415921691.0,9.452,0.973,0.558,0.057,47.399,4.879,4.04,415.877,0.63,28.42,76.5,30.731,84.201,15.799
Madagascar,1995,MDG,14051279.0,15288150117.0,19.484,1.387,1.192,0.085,86.33,6.144,5.587,397.592,0.365,62.73,87.83,34.96,76.52,23.48
Egypt,1995,EGY,65652621.0,305979220895.0,49.127,0.748,97.968,1.492,165.182,2.516,437.821,6668.746,1.431,3.298,55.53,15.711,57.298,42.702
Burundi,1995,BDI,6066319.0,5429588207.0,2.423,0.399,0.238,0.039,5.965,0.983,1.642,270.712,0.302,79.322,56.61,42.023,92.832,7.168
Togo,1995,TGO,4110452.0,4920021949.0,2.375,0.578,1.175,0.286,9.02,2.194,3.06,744.519,0.622,60.121,47.84,16.747,69.142,30.858
Ireland,1995,IRL,3610695.0,87444502170.0,18.361,5.085,35.853,9.93,63.859,17.686,133.621,37006.93,1.528,63.706,85.44,5.58,42.061,57.939
Cape Verde,1995,CPV,418116.0,941287684.0,0.142,0.34,0.198,0.473,0.454,1.085,0.468,1119.823,0.497,17.37,116.41,13.681,50.405,49.595
Dominican Republic,1995,DOM,7888120.0,37276713682.0,7.061,0.895,15.09,1.913,29.722,3.768,45.07,5713.62,1.209,53.148,56.25,9.815,42.868,57.132
Guinea-Bissau,1995,GNB,1119950.0,1448758085.0,1.342,1.198,0.103,0.092,5.088,4.543,1.317,1175.725,0.909,22.08,61.83,51.798,65.069,34.931
Brazil,1995,BRA,161735079.0,1468835128486.0,397.709,2.459,268.678,1.661,2645.838,16.359,1913.031,11828.174,1.302,27.255,49.53,5.012,22.286,77.714
Portugal,1995,PRT,10031756.0,191728089193.0,12.077,1.204,54.503,5.433,66.189,6.598,244.811,24403.65,1.277,42.885,91.9,4.8,48.992,51.008
Oman,1995,OMN,2120531.0,32313285852.0,21.429,10.105,18.816,8.873,40.822,19.251,63.868,30118.717,1.977,3.46,39.78,2.437,28.342,71.658
Albania,1995,ALB,3258573.0,11600732968.0,4.071,1.249,2.089,0.641,7.302,2.241,14.311,4391.918,1.234,41.131,78.8,32.837,61.704,38.296
Eswatini,1995,SWZ,970439.0,4356450718.0,1.482,1.527,1.059,1.091,2.307,2.377,3.944,4064.329,0.905,71.047,92.65,10.079,76.946,23.054
Zimbabwe,1995,ZWE,10974607.0,23569800045.0,9.998,0.911,15.017,1.368,58.02,5.287,49.041,4468.633,2.081,35.783,72.29,13.465,68.57,31.43
South Korea,1995,KOR,45368425.0,860793752056.0,28.249,0.623,383.665,8.457,418.565,9.226,1780.408,39243.332,2.068,21.232,64.84,5.142,21.6,78.4
Netherlands,1995,NLD,15565034.0,474451023067.0,35.946,2.309,173.482,11.146,228.976,14.711,974.962,62637.953,2.055,58.196,93.17,3.109,29.306,70.694
Ukraine,1995,UKR,51665535.0,257477945796.0,104.026,2.013,390.173,7.552,526.817,10.197,1849.755,35802.496,7.184,72.241,138.94,13.77,32.159,67.841
Iraq,1995,IRQ,20825859.0,39049963235.0,35.366,1.698,79.841,3.834,117.357,5.635,356.69,17127.242,9.134,20.727,75.58,20.585,32.154,67.846
Hungary,1995,HUN,10322792.0,104751822959.0,11.764,1.14,61.464,5.954,77.343,7.492,286.801,27783.232,2.738,68.763,112.57,7.28,37.374,62.626
Japan,1995,JPN,125672659.0,3997430939864.0,51.707,0.411,1235.873,9.834,1306.026,10.392,5911.905,47042.098,1.479,15.255,95.62,1.645,21.981,78.019
Costa Rica,1995,CRI,3535179.0,29404437442.0,4.21,1.191,4.789,1.355,15.796,4.468,22.703,6421.889,0.772,40.11,70.32,12.758,46.405,53.595
Romania,1995,ROU,22657722.0,136457737663.0,24.462,1.08,125.675,5.547,156.367,6.901,554.803,24486.252,4.066,64.478,120.95,18.163,46.101,53.899
Burkina Faso,1996,BFA,10655943.0,12896055272.0,11.088,1.041,0.727,0.068,36.652,3.44,2.979,279.571,0.231,39.129,52.9,36.379,84.681,15.319
Japan,1996,JPN,125975304.0,4118875121023.0,49.944,0.396,1248.69,9.912,1323.474,10.506,6029.414,47861.875,1.464,15.089,94.34,1.654,21.863,78.137
Netherlands,1996,NLD,15640032.0,494206817608.0,35.176,2.249,182.543,11.671,238.703,15.262,1017.111,65032.52,2.058,57.778,93.61,2.882,27.577,72.423
Malawi,1996,MWI,10352227.0,10064712785.0,3.337,0.322,0.92,0.089,18.497,1.787,4.267,412.159,0.424,46.457,24.83,26.132,86.039,13.961
Saudi Arabia,1996,SAU,13831002.0,381675255575.0,69.825,5.048,269.498,19.485,338.186,24.451,1168.553,84487.93,3.062,70.607,48.06,5.368,20.835,79.165
Cambodia,1996,KHM,10801268.0,16613603930.0,16.478,1.526,1.517,0.14,47.281,4.377,6.667,617.202,0.401,25.922,78.5,44.463,82.117,17.883
Trinidad and Tobago,1996,TTO,1300937.0,19382659994.0,3.455,2.656,18.449,14.181,22.659,17.418,100.801,77483.578,5.201,14.815,59.95,2.085,44.216,55.784
Mexico,1996,MEX,92452700.0,971219776949.0,119.531,1.293,341.544,3.694,590.155,6.383,1476.888,15974.521,1.521,54.688,60.72,4.58,26.373,73.627
Israel,1996,ISR,5499555.0,131748252991.0,5.314,0.966,51.936,9.444,59.531,10.825,202.297,36784.227,1.535,26.063,53.6,1.902,9.067,90.933
Kuwait,1996,KWT,1730255.0,51809716654.0,30.349,17.54,51.768,29.919,82.683,47.786,149.02,86126.094,2.876,8.025,27.64,0.395,1.852,98.148
Ethiopia,1996,ETH,59467640.0,46130264957.0,52.002,0.874,2.794,0.047,85.15,1.432,8.618,144.92,0.187,30.5,49.15,49.92,85.897,14.103
Oman,1996,OMN,2156925.0,35842067925.0,22.609,10.482,18.197,8.437,41.393,19.191,65.517,30375.232,1.828,3.46,41.17,2.198,28.359,71.641
Nepal,1996,NPL,22741867.0,32961840342.0,21.045,0.925,2.353,0.103,44.304,1.948,7.221,317.513,0.219,29.392,55.33,38.928,74.709,25.291
Togo,1996,TGO,4291129.0,5351687437.0,2.556,0.596,1.265,0.295,10.816,2.521,3.042,708.938,0.568,60.489,52.55,19.574,68.697,31.303
Greece,1996,GRC,10570083.0,185480705042.0,13.791,1.305,89.114,8.431,109.097,10.321,324.801,30728.293,1.751,71.156,114.85,6.164,27.821,72.179
Guatemala,1996,GTM,10583528.0,58480373177.0,8.659,0.818,6.54,0.618,70.702,6.68,29.355,2773.668,0.502,42.105,37.91,24.056,63.117,36.883
Senegal,1996,SEN,9067018.0,17463290035.0,8.083,0.892,3.243,0.358,11.541,1.273,16.336,1801.723,0.935,46.263,48.72,18.337,60.034,39.966
Pakistan,1996,PAK,138557089.0,391435181933.0,103.79,0.749,93.542,0.675,244.298,1.763,437.427,3157.013,1.117,46.923,44.28,23.196,67.86,32.14
Kenya,1996,KEN,27344211.0,51489486317.0,23.557,0.862,9.283,0.339,52.599,1.924,34.983,1279.355,0.679,46.522,55.55,27.493,81.339,18.661
Iceland,1996,ISL,268967.0,7601917128.0,0.607,2.255,2.523,9.38,3.865,14.369,25.168,93572.672,3.311,18.923,69.28,8.956,8.16,91.84
Barbados,1996,BRB,262290.0,3163661977.0,0.205,0.781,1.05,4.002,1.321,5.035,5.061,19295.631,1.6,44.186,92.63,3.334,36.884,63.116
Yemen,1996,YEM,17313181.0,58927869978.0,10.259,0.593,11.375,0.657,25.383,1.466,44.434,2566.466,0.754,44.993,40.06,18.158,75.601,24.399
Jordan,1996,JOR,4912518.0,29005289260.0,2.248,0.458,14.074,2.865,17.146,3.49,60.279,12270.518,2.078,11.911,53.42,3.229,21.739,78.261
Uganda,1996,UGA,21231553.0,23216439568.0,13.086,0.616,1.018,0.048,33.759,1.59,5.239,246.775,0.226,60.918,46.57,41.037,89.116,10.884
Dominica,1996,DMA,69422.0,347533767.0,0.052,0.744,0.073,1.056,0.133,1.913,0.378,5442.657,1.087,22.667,88.22,12.972,35.05,64.95
Argentina,1996,ARG,35513795.0,489406483416.0,114.312,3.219,131.446,3.701,311.916,8.783,659.104,18559.109,1.347,46.824,81.17,5.611,11.605,88.395
Guinea,1996,GIN,7770035.0,6708782077.0,8.341,1.073,1.183,0.152,29.351,3.777,5.103,656.713,0.761,57.194,37.5,11.933,70.228,29.772
Malaysia,1996,MYS,20850085.0,259190306939.0,22.24,1.067,110.108,5.281,265.074,12.713,445.21,21352.889,1.718,21.187,51.5,11.68,42.768,57.232
Cameroon,1996,CMR,13414761.0,24336586345.0,19.334,1.441,5.975,0.445,68.51,5.107,16.471,1227.809,0.677,19.378,59.45,18.322,56.023,43.977
Rwanda,1996,RWA,6708767.0,6185436762.0,4.116,0.613,0.464,0.069,7.288,1.086,3.11,463.585,0.503,64.897,29.92,47.189,89.701,10.299
Ecuador,1996,ECU,11810954.0,80612101466.0,22.734,1.925,25.337,2.145,81.505,6.901,107.914,9136.731,1.339,28.851,52.2,20.75,41.205,58.795
New Zealand,1996,NZL,3729383.0,92246848029.0,36.89,9.892,29.288,7.853,82.985,22.252,217.988,58451.441,2.363,49.259,70.48,6.437,14.529,85.471
Bangladesh,1996,BGD,124862185.0,155028875281.0,69.113,0.554,21.507,0.172,115.692,0.927,112.202,898.61,0.724,71.652,38.89,23.266,78.022,21.978
Spain,1996,ESP,40237375.0,885027554238.0,42.012,1.044,252.562,6.277,308.68,7.671,1266.568,31477.406,1.431,60.346,75.31,4.38,24.303,75.697
Finland,1996,FIN,5124715.0,136506127418.0,11.463,2.237,64.04,12.496,90.429,17.646,347.479,67804.508,2.546,7.282,94.37,3.453,34.79,65.21
Vietnam,1996,VNM,73156456.0,174450838100.0,67.467,0.922,35.482,0.485,227.279,3.107,145.773,1992.616,0.836,23.601,30.57,27.759,77.927,22.073
Panama,1996,PAN,2780228.0,23274084902.0,3.303,1.188,4.397,1.581,19.328,6.952,50.225,18064.951,2.158,28.679,56.96,6.862,40.759,59.241
Cote d'Ivoire,1996,CIV,15442322.0,34617707279.0,7.984,0.517,7.526,0.487,76.22,4.936,23.861,1545.159,0.689,62.058,58.76,16.527,58.362,41.638
Nicaragua,1996,NIC,4729979.0,10785595274.0,5.65,1.195,2.842,0.601,95.583,20.208,12.353,2611.584,1.145,38.674,32.03,21.406,45.378,54.622
Turkey,1996,TUR,61951134.0,662700429389.0,40.721,0.657,203.098,3.278,274.507,4.431,774.638,12504.012,1.169,51.147,44.71,12.149,44.21,55.79
Ghana,1996,GHA,17810184.0,34380471108.0,8.505,0.478,4.858,0.273,58.901,3.307,22.804,1280.387,0.663,58.451,52.86,38.955,59.186,40.814
Lithuania,1996,LTU,3599721.0,30721763295.0,4.914,1.365,15.74,4.373,27.718,7.7,108.301,30085.943,3.525,54.419,106.95,10.881,32.734,67.266
Seychelles,1996,SYC,78901.0,795643257.0,0.045,0.57,0.234,2.972,0.294,3.73,2.165,27444.008,2.722,8.696,181.21,3.636,54.553,45.447
Bulgaria,1996,BGR,8291402.0,65116237713.0,12.444,1.501,58.46,7.051,84.414,10.181,271.906,32793.77,4.176,55.717,187.12,9.593,32.302,67.698
Germany,1996,DEU,82263195.0,2391519573153.0,120.015,1.459,959.69,11.666,1143.871,13.905,4105.846,49911.09,1.717,49.663,88.2,1.067,19.946,80.054
Uruguay,1996,URY,3206329.0,40381614675.0,21.562,6.725,5.414,1.688,32.44,10.117,26.256,8188.928,0.65,85.367,82.24,8.016,9.201,90.799
Iran,1996,IRN,62881298.0,483475486274.0,139.132,2.213,276.62,4.399,445.12,7.079,1150.883,18302.475,2.38,39.556,63.98,10.346,38.938,61.062
Tanzania,1996,TZA,30945761.0,29677337167.0,28.089,0.908,2.527,0.082,93.821,3.032,11.593,374.622,0.391,37.731,47.67,30.309,79.179,20.821
Congo,1996,COG,2826786.0,10738735212.0,11.986,4.24,4.037,1.428,30.583,10.819,3.671,1298.5,0.342,30.811,36.15,8.987,43.171,56.829
Turkmenistan,1996,TKM,4263818.0,13366623522.0,10.868,2.549,31.654,7.424,55.888,13.107,158.043,37066.004,11.824,75.543,36.9,12.632,55.158,44.842
Belarus,1996,BLR,10164025.0,72504136402.0,17.679,1.739,61.844,6.085,105.31,10.361,257.138,25298.854,3.547,46.008,68.59,15.099,31.726,68.274
Croatia,1996,HRV,4562290.0,48751845543.0,3.679,0.806,17.338,3.8,22.033,4.829,94.241,20656.52,1.933,34.566,66.4,5.592,44.684,55.316
Australia,1996,AUS,18305305.0,574765618472.0,152.869,8.351,311.851,17.036,677.191,36.994,1188.137,64906.695,2.067,60.559,80.32,3.368,14.759,85.241
Thailand,1996,THA,59920059.0,611290639859.0,82.604,1.379,173.566,2.897,353.312,5.896,695.961,11614.824,1.139,42.13,75.52,9.063,74.359,25.641
Russia,1996,RUS,148084580.0,1256336600822.0,329.447,2.225,1586.633,10.714,2463.092,16.633,7413.202,50060.594,5.901,13.195,89.8,6.549,26.938,73.062
Brazil,1996,BRA,164202549.0,1520364859776.0,387.277,2.359,289.311,1.762,2586.919,15.754,2030.631,12366.625,1.336,27.268,52.91,4.768,21.698,78.302
Sierra Leone,1996,SLE,4199215.0,4041803222.0,2.727,0.649,0.231,0.055,8.248,1.964,3.517,837.542,0.87,38.93,50.75,45.21,65.301,34.699
Niger,1996,NER,10044848.0,6731376519.0,9.869,0.982,0.639,0.064,39.976,3.98,4.06,404.192,0.603,28.42,88.71,32.329,84.186,15.814
Egypt,1996,EGY,67028045.0,328668878031.0,50.562,0.754,97.042,1.448,166.247,2.48,461.277,6881.848,1.403,3.191,57.77,16.115,57.36,42.64
Denmark,1996,DNK,5263071.0,180654110941.0,10.099,1.919,74.9,14.231,91.192,17.327,289.889,55079.805,1.605,67.9,96.69,2.766,14.961,85.039
Georgia,1996,GEO,4812774.0,19998469132.0,3.42,0.711,4.046,0.841,4.702,0.977,34.473,7162.753,1.724,43.675,130.53,33.152,46.606,53.394
Cape Verde,1996,CPV,425592.0,1024669345.0,0.143,0.336,0.22,0.517,0.492,1.156,0.528,1239.749,0.515,17.37,83.7,12.448,49.504,50.496
Guinea-Bissau,1996,GNB,1143544.0,1501514648.0,1.318,1.153,0.099,0.087,6.71,5.868,1.264,1105.314,0.842,22.381,63.77,54.245,64.633,35.367
Eswatini,1996,SWZ,989847.0,4598027973.0,1.503,1.518,0.788,0.796,2.36,2.384,3.751,3789.51,0.816,71.047,90.39,11.984,76.938,23.062
India,1996,IND,979678460.0,2345228680352.0,668.736,0.683,823.602,0.841,1817.629,1.855,3081.631,3145.554,1.314,60.739,43.22,25.199,73.235,26.765
Ukraine,1996,UKR,51226111.0,235602711740.0,94.698,1.849,351.834,6.868,473.626,9.246,1724.072,33656.121,7.318,72.219,126.58,12.229,32.281,67.719
Hungary,1996,HUN,10302238.0,106886865711.0,12.019,1.167,63.083,6.123,80.4,7.804,292.249,28367.492,2.734,68.818,116.86,7.392,37.046,62.954
Kyrgyzstan,1996,KGZ,4782885.0,13289582934.0,3.341,0.698,5.652,1.182,15.594,3.26,43.363,9066.211,3.263,55.48,75.08,46.318,64.169,35.831
Romania,1996,ROU,22541915.0,146513857110.0,24.838,1.102,129.117,5.728,161.635,7.17,551.402,24461.168,3.763,64.404,117.64,17.539,46.322,53.678
Philippines,1996,PHL,72190237.0,281422828353.0,58.31,0.808,60.437,0.837,222.858,3.087,277.04,3837.642,0.984,37.244,51.48,18.014,62.287,37.713
Chad,1996,TCD,7410107.0,4763184682.0,19.697,2.658,0.443,0.06,44.916,6.061,0.732,98.781,0.154,38.461,34.91,37.548,78.473,21.527
El Salvador,1996,SLV,5805286.0,25931149474.0,4.035,0.695,4.4,0.758,13.815,2.38,20.745,3573.513,0.8,60.14,64.5,10.85,46.823,53.177
Malta,1996,MLT,387627.0,6430283255.0,0.156,0.402,2.534,6.537,2.71,6.992,10.209,26337.684,1.588,34.375,130.47,2.238,7.147,92.853
Mozambique,1996,MOZ,16492484.0,20572895284.0,11.276,0.684,1.092,0.066,61.662,3.739,5.458,330.946,0.265,46.509,83.81,30.954,71.83,28.17
Democratic Republic of Congo,1996,COD,45296125.0,24914388506.0,24.254,0.535,3.473,0.077,199.537,4.405,17.846,393.99,0.716,11.38,96.16,33.262,67.074,32.926
Venezuela,1996,VEN,22662117.0,311633007305.0,63.135,2.786,118.347,5.222,218.95,9.661,708.863,31279.631,2.275,24.518,75.16,4.09,13.177,86.823
Cyprus,1996,CYP,880295.0,14861081660.0,0.457,0.519,6.216,7.061,5.992,6.807,25.605,29086.635,1.723,15.498,104.98,4.578,31.665,68.335
Czechia,1996,CZE,10296140.0,157900113788.0,15.351,1.491,135.019,13.114,155.432,15.096,502.922,48845.676,3.185,55.39,141.21,3.869,25.443,74.557
United Kingdom,1996,GBR,58298563.0,1663446715470.0,124.823,2.141,586.761,10.065,764.923,13.121,2676.295,45906.703,1.609,72.31,95.56,1.071,21.104,78.896
Poland,1996,POL,38359164.0,386314591617.0,95.951,2.501,377.119,9.831,495.295,12.912,1163.95,30343.461,3.013,60.315,84.4,5.3,38.36,61.64
Lebanon,1996,LBN,4034782.0,22204446458.0,1.889,0.468,12.753,3.161,15.641,3.876,55.0,13631.499,2.477,60.411,71.39,6.183,14.617,85.383
Comoros,1996,COM,499113.0,563951171.0,0.274,0.549,0.077,0.154,0.517,1.035,0.254,508.359,0.45,66.631,91.98,29.376,71.714,28.286
Chile,1996,CHL,14734049.0,209865805164.0,22.851,1.551,48.226,3.273,82.276,5.584,245.845,16685.5,1.171,20.486,68.99,5.02,15.185,84.815
Slovakia,1996,SVK,5362430.0,67378056744.0,7.436,1.387,44.076,8.219,57.308,10.687,211.202,39385.582,3.135,50.811,206.18,2.146,43.465,56.535
Mauritania,1996,MRT,2358193.0,4253698601.0,5.232,2.219,1.063,0.451,9.7,4.113,14.089,5974.554,3.312,38.527,56.7,27.198,61.523,38.477
Kazakhstan,1996,KAZ,16416036.0,124225924285.0,39.634,2.414,154.716,9.425,199.212,12.135,521.202,31749.574,4.196,79.814,84.1,12.152,43.377,56.623
Tajikistan,1996,TJK,6066524.0,8989080428.0,3.194,0.526,2.824,0.465,8.589,1.416,37.622,6201.645,4.185,32.759,24.73,36.036,72.231,27.769
France,1996,FRA,58380638.0,1773843233893.0,86.103,1.475,403.352,6.909,531.851,9.11,3012.348,51598.414,1.698,55.842,111.38,2.275,24.641,75.359
Colombia,1996,COL,36462740.0,322403822039.0,70.762,1.941,59.628,1.635,232.471,6.376,336.599,9231.311,1.044,40.487,65.4,12.769,27.667,72.333
Slovenia,1996,SVN,1986792.0,36825997171.0,3.674,1.849,16.003,8.054,18.748,9.436,78.02,39269.395,2.119,26.068,105.32,3.606,49.725,50.275
Uzbekistan,1996,UZB,23351981.0,104748209480.0,29.788,1.276,108.189,4.633,152.248,6.52,522.136,22359.395,4.985,64.974,39.39,22.365,55.729,44.271
Singapore,1996,SGP,3664566.0,120135527253.0,1.739,0.475,48.013,13.102,53.432,14.581,392.477,107100.578,3.267,1.791,117.86,0.15,0.0,100.0
Laos,1996,LAO,5045686.0,9400684784.0,6.066,1.202,0.753,0.149,37.665,7.465,2.049,406.155,0.218,7.366,63.54,40.498,82.036,17.964
Mongolia,1996,MNG,2363469.0,5318281056.0,10.842,4.587,7.935,3.358,83.431,35.3,19.033,8053.048,3.579,76.558,71.43,38.477,43.258,56.742
Indonesia,1996,IDN,203204353.0,1161281457768.0,200.569,0.987,252.856,1.244,1218.627,5.997,933.146,4592.158,0.804,23.719,58.0,16.672,62.463,37.537
Mauritius,1996,MUS,1172390.0,14579957121.0,0.523,0.446,1.949,1.663,2.687,2.292,10.156,8662.659,0.697,49.911,50.71,8.943,57.034,42.966
Peru,1996,PER,24811174.0,114659592873.0,24.677,0.995,24.717,0.996,115.396,4.651,137.438,5539.343,1.199,17.609,40.4,8.504,28.729,71.271
Mali,1996,MLI,10407274.0,11389964147.0,11.794,1.133,0.646,0.062,59.152,5.684,2.387,229.342,0.21,30.036,80.46,29.4,82.151,17.849
Haiti,1996,HTI,7707560.0,10882101707.0,6.581,0.854,1.019,0.132,19.641,2.548,4.749,616.15,0.436,57.692,67.53,19.495,68.879,31.121
Syria,1996,SYR,15018110.0,140380949913.0,34.625,2.306,47.446,3.159,86.112,5.734,186.637,12427.435,1.33,75.035,78.41,27.717,49.634,50.366
Bolivia,1996,BOL,8021742.0,29770158709.0,18.97,2.365,10.027,1.25,140.441,17.508,32.603,4064.319,1.095,33.863,48.66,14.185,40.08,59.92
South Korea,1996,KOR,45638701.0,919812618896.0,29.306,0.642,420.996,9.225,459.965,10.078,1965.516,43066.879,2.137,20.817,70.03,4.788,21.249,78.751
Azerbaijan,1996,AZE,7830981.0,24026379639.0,5.817,0.743,31.242,3.99,41.714,5.327,131.741,16823.014,5.483,54.39,40.9,24.962,47.878,52.122
Nigeria,1996,NGA,113754783.0,215950344813.0,316.154,2.779,97.767,0.859,581.685,5.113,237.369,2086.673,1.099,70.534,63.55,26.199,60.05,39.95
North Macedonia,1996,MKD,2012553.0,13985282522.0,2.226,1.106,9.416,4.679,15.707,7.804,33.28,16536.369,2.38,50.727,83.71,10.668,40.342,59.658
Zambia,1996,ZMB,9004059.0,11923229356.0,12.94,1.437,1.838,0.204,59.628,6.622,13.966,1551.084,1.171,29.371,41.36,13.298,62.016,37.984
Estonia,1996,EST,1434655.0,19286856884.0,2.835,1.976,19.033,13.267,20.688,14.42,66.012,46012.625,3.423,23.708,89.91,4.128,31.552,68.448
Cuba,1996,CUB,10962009.0,35625751288.0,15.171,1.384,23.304,2.126,63.151,5.761,125.114,11413.409,3.512,61.592,81.51,7.133,25.216,74.784
China,1996,CHN,1230944809.0,5127589598793.0,970.8,0.789,3499.311,2.843,5359.031,4.354,10907.45,8861.039,2.127,55.694,53.5,19.219,69.52,30.48
Sweden,1996,SWE,8840330.0,256498914326.0,11.342,1.283,63.349,7.166,76.622,8.667,650.224,73551.977,2.535,8.094,105.73,2.339,16.063,83.937
Honduras,1996,HND,5903962.0,18358896091.0,5.525,0.936,3.876,0.656,32.869,5.567,17.375,2942.957,0.946,31.102,70.29,19.756,56.667,43.333
Switzerland,1996,CHE,7071885.0,263448607219.0,6.507,0.92,44.107,6.237,53.802,7.608,332.291,46987.613,1.261,39.928,93.4,1.22,27.964,72.036
South Africa,1996,ZAF,45123023.0,296908021392.0,74.259,1.646,363.732,8.061,499.338,11.066,1139.763,25259.006,3.839,80.695,49.63,3.417,46.425,53.575
Namibia,1996,NAM,1646107.0,9761025681.0,4.572,2.778,1.718,1.044,12.098,7.349,7.474,4540.366,0.766,47.152,91.0,9.33,70.723,29.277
Morocco,1996,MAR,26808109.0,126007526018.0,17.231,0.643,29.525,1.101,59.024,2.202,107.114,3995.566,0.85,69.384,45.06,18.44,47.79,52.21
Paraguay,1996,PRY,4687540.0,26835505969.0,17.516,3.737,3.706,0.791,72.267,15.417,15.477,3301.701,0.577,39.339,53.89,18.365,45.098,54.902
Jamaica,1996,JAM,2524470.0,16930975718.0,1.173,0.465,9.688,3.837,13.903,5.507,40.373,15992.55,2.385,45.614,74.47,8.003,49.2,50.8
Portugal,1996,PRT,10067655.0,199215852007.0,12.712,1.263,51.8,5.145,62.816,6.239,252.361,25066.492,1.267,40.765,92.82,4.591,48.307,51.693
Madagascar,1996,MDG,14510712.0,15793796727.0,19.634,1.353,1.249,0.086,116.602,8.036,5.658,389.91,0.358,62.929,87.34,33.431,76.209,23.791
Norway,1996,NOR,4381137.0,189011166346.0,8.325,1.9,41.54,9.482,56.481,12.892,467.217,106642.828,2.472,3.099,93.88,2.227,25.8,74.2
Burundi,1996,BDI,6070510.0,4794534934.0,2.505,0.413,0.242,0.04,5.941,0.979,1.72,283.28,0.359,77.609,53.2,53.381,92.664,7.336
Latvia,1996,LVA,2457907.0,21944517346.0,2.583,1.051,9.212,3.748,9.269,3.771,41.744,16983.689,1.902,30.116,92.94,6.928,31.15,68.85
Lesotho,1996,LSO,1972424.0,3610273972.0,1.477,0.749,1.737,0.881,4.19,2.124,1.096,555.788,0.304,76.614,70.72,7.689,82.91,17.09
Ireland,1996,IRL,3638507.0,96380321753.0,18.582,5.107,37.469,10.298,66.669,18.323,141.037,38762.234,1.463,63.025,89.01,4.69,41.826,58.174
Tunisia,1996,TUN,9294433.0,58083472037.0,7.328,0.788,17.211,1.852,27.856,2.997,67.129,7222.493,1.156,60.015,57.73,13.713,37.922,62.078
Iraq,1996,IRQ,21501321.0,47130675910.0,33.338,1.55,74.823,3.48,106.7,4.962,357.091,16607.871,7.577,20.738,72.58,18.597,32.394,67.606
Dominican Republic,1996,DOM,8032895.0,40578813798.0,7.322,0.911,16.459,2.049,26.163,3.257,48.562,6045.41,1.197,52.943,59.25,9.193,42.171,57.829
Benin,1996,BEN,6391861.0,10810469226.0,3.963,0.62,1.184,0.185,36.523,5.714,4.497,703.568,0.416,23.988,56.22,35.705,62.873,37.127
Moldova,1996,MDA,4387653.0,14391438093.0,3.298,0.752,11.687,2.664,15.556,3.545,37.217,8482.272,2.586,77.619,129.05,27.484,54.913,45.087
Italy,1996,ITA,57162098.0,1662793011167.0,59.574,1.042,442.843,7.747,498.726,8.725,2176.345,38073.223,1.309,52.188,114.88,2.972,33.121,66.879
Albania,1996,ALB,3245680.0,12468867839.0,3.879,1.195,2.018,0.622,6.818,2.101,13.501,4159.798,1.083,41.277,80.13,33.562,61.1,38.9
Austria,1996,AUT,7960917.0,243480734505.0,12.569,1.579,67.41,8.468,82.337,10.343,375.696,47192.613,1.543,36.031,89.84,1.976,33.889,66.111
Botswana,1996,BWA,1535917.0,10069439768.0,7.257,4.725,2.755,1.794,14.543,9.469,10.526,6853.327,1.045,45.782,106.21,3.691,49.646,50.354
United Arab Emirates,1996,ARE,2597570.0,87750952594.0,26.183,10.08,75.836,29.195,103.022,39.661,499.688,192367.453,5.694,5.449,37.68,1.792,21.731,78.269
Gambia,1996,GMB,1301421.0,1606890442.0,0.877,0.674,0.22,0.169,1.782,1.37,0.905,695.298,0.563,55.04,72.38,17.946,59.052,40.948
Gabon,1996,GAB,1152018.0,11022743781.0,19.665,17.07,5.886,5.109,37.038,32.151,11.136,9666.835,1.01,7.926,75.58,7.093,24.058,75.942
Zimbabwe,1996,ZWE,11158364.0,26145775719.0,11.372,1.019,14.894,1.335,51.562,4.621,49.805,4463.457,1.905,36.48,86.52,19.343,68.323,31.677
Sri Lanka,1996,LKA,17905020.0,96972233018.0,9.438,0.527,6.863,0.383,34.71,1.939,42.855,2393.455,0.442,37.107,61.46,22.539,84.493,15.507
Costa Rica,1996,CRI,3619012.0,29695504987.0,4.181,1.155,4.673,1.291,15.44,4.266,22.323,6168.313,0.752,39.072,70.24,12.102,45.322,54.678
Bosnia and Herzegovina,1996,BIH,3875246.0,17934743605.0,2.421,0.625,4.24,1.094,2.019,0.521,23.806,6143.073,1.327,42.383,37.68,20.7,58.742,41.258
Japan,1997,JPN,126265926.0,4160709430865.0,47.668,0.378,1240.98,9.828,1306.708,10.349,6146.964,48682.684,1.477,14.916,93.94,1.528,21.768,78.232
Albania,1997,ALB,3229665.0,11020137102.0,3.618,1.12,1.543,0.478,5.991,1.855,12.922,4001.062,1.173,41.423,70.8,28.941,60.463,39.537
Italy,1997,ITA,57189272.0,1705188033729.0,60.229,1.053,448.571,7.844,514.474,8.996,2197.644,38427.555,1.289,52.174,115.1,2.859,33.049,66.951
Zimbabwe,1997,ZWE,11369833.0,27012558407.0,11.202,0.985,13.901,1.223,49.69,4.37,49.242,4330.922,1.823,36.519,86.32,16.695,68.1,31.9
Dominican Republic,1997,DOM,8174081.0,44531154793.0,7.462,0.913,17.234,2.108,29.504,3.609,51.886,6347.613,1.165,52.738,53.78,9.144,41.393,58.607
Iraq,1997,IRQ,22176604.0,48594367863.0,51.498,2.322,76.296,3.44,127.794,5.763,423.291,19087.279,8.711,19.772,82.76,8.457,32.51,67.49
Burundi,1997,BDI,6070038.0,4657583236.0,2.557,0.421,0.249,0.041,6.073,1.001,1.718,283.108,0.369,76.012,49.3,42.422,92.494,7.506
Madagascar,1997,MDG,14990818.0,16561069372.0,19.715,1.315,1.535,0.102,139.043,9.275,5.767,384.693,0.348,64.467,90.47,33.798,75.901,24.099
Morocco,1997,MAR,27213340.0,123891488018.0,17.682,0.65,29.978,1.102,61.331,2.254,111.354,4091.882,0.899,69.225,54.92,14.634,47.396,52.604
South Africa,1997,ZAF,45666835.0,311987478453.0,78.18,1.712,385.215,8.435,521.499,11.42,1165.543,25522.74,3.736,80.74,62.17,3.266,45.996,54.004
Honduras,1997,HND,6071458.0,19427979548.0,5.529,0.911,4.01,0.661,32.88,5.416,17.937,2954.274,0.923,30.342,68.55,20.751,56.187,43.813
China,1997,CHN,1241139623.0,5291338914515.0,928.915,0.748,3512.35,2.83,5318.064,4.285,10981.134,8847.622,2.075,55.694,58.36,17.782,68.09,31.91
Mozambique,1997,MOZ,16949988.0,20995038319.0,10.569,0.624,1.17,0.069,60.869,3.591,5.64,332.735,0.269,46.788,84.12,30.182,71.448,28.552
Estonia,1997,EST,1421494.0,21171918456.0,2.725,1.917,18.673,13.136,21.155,14.883,65.028,45745.91,3.071,24.133,89.8,4.089,32.0,68.0
North Macedonia,1997,MKD,2025764.0,14249362170.0,2.129,1.051,8.446,4.169,14.16,6.99,30.014,14815.951,2.106,50.452,81.24,10.432,40.435,59.565
Azerbaijan,1997,AZE,7936220.0,26436933201.0,5.951,0.75,29.843,3.76,40.734,5.133,126.155,15896.062,4.772,55.141,43.7,20.128,48.073,51.927
Bolivia,1997,BOL,8167911.0,31321344983.0,22.06,2.701,11.733,1.436,148.248,18.15,36.752,4499.594,1.173,34.039,50.13,14.918,39.576,60.424
Haiti,1997,HTI,7854304.0,11346974445.0,6.808,0.867,1.348,0.172,14.604,1.859,6.017,766.092,0.53,61.321,70.08,20.815,67.528,32.472
Peru,1997,PER,25274149.0,122417899136.0,24.792,0.981,27.747,1.098,120.198,4.756,134.768,5332.26,1.101,17.683,44.18,8.048,28.353,71.647
Cuba,1997,CUB,10997933.0,37729137308.0,15.05,1.368,24.824,2.257,53.909,4.902,137.644,12515.4,3.648,62.263,75.08,7.187,24.932,75.068
Paraguay,1997,PRY,4794415.0,27717303684.0,17.647,3.681,4.092,0.853,96.291,20.084,16.989,3543.463,0.613,39.712,60.59,16.428,44.359,55.641
Colombia,1997,COL,37121155.0,333997136300.0,72.513,1.953,65.096,1.754,288.415,7.77,342.17,9217.649,1.024,40.633,66.95,12.606,27.149,72.851
France,1997,FRA,58568662.0,1816394950229.0,84.949,1.45,396.023,6.762,506.372,8.646,2965.679,50635.941,1.633,55.737,112.62,2.215,24.375,75.625
Kazakhstan,1997,KAZ,16043250.0,127005576762.0,36.126,2.252,147.293,9.181,185.835,11.583,459.578,28646.211,3.619,79.895,74.09,11.407,43.511,56.489
Mongolia,1997,MNG,2389133.0,5799570113.0,11.398,4.771,7.615,3.187,90.2,37.754,15.437,6461.444,2.662,83.293,67.13,32.237,43.301,56.699
Mauritius,1997,MUS,1184304.0,15156261651.0,0.528,0.446,1.997,1.686,2.715,2.293,10.288,8686.618,0.679,49.167,50.74,8.199,57.278,42.722
Mauritania,1997,MRT,2411316.0,4166595327.0,5.534,2.295,1.077,0.447,9.989,4.143,14.1,5847.315,3.384,38.527,59.15,25.047,61.679,38.321
Chile,1997,CHL,14932436.0,222279419403.0,22.836,1.529,55.942,3.746,96.667,6.474,281.059,18822.027,1.264,20.473,72.0,5.007,14.779,85.221
Lebanon,1997,LBN,4108409.0,22434678686.0,1.903,0.463,15.099,3.675,17.957,4.371,63.034,15342.784,2.81,60.802,78.67,6.705,14.404,85.596
Indonesia,1997,IDN,206536089.0,1221454544616.0,204.484,0.99,279.696,1.354,3027.979,14.661,1012.695,4903.236,0.829,23.719,57.55,16.092,61.253,38.747
United Kingdom,1997,GBR,58447091.0,1713864597603.0,122.622,2.098,562.708,9.628,731.147,12.51,2629.999,44997.941,1.535,72.686,95.84,0.946,20.855,79.145
Cyprus,1997,CYP,897574.0,15384666855.0,0.457,0.509,6.302,7.022,6.312,7.032,25.852,28801.662,1.68,15.39,107.17,3.92,31.517,68.483
Venezuela,1997,VEN,23131691.0,332907949755.0,66.871,2.891,129.755,5.609,235.632,10.187,749.356,32395.189,2.251,24.529,82.18,4.495,12.741,87.259
Bosnia and Herzegovina,1997,BIH,4018228.0,21766878558.0,3.365,0.837,8.366,2.082,10.564,2.629,39.557,9844.338,1.817,42.285,51.27,17.518,58.417,41.583
Philippines,1997,PHL,73908813.0,298360005981.0,57.901,0.783,69.147,0.936,194.277,2.629,302.241,4089.382,1.013,38.015,54.79,16.449,61.954,38.046
Gabon,1997,GAB,1181445.0,12164042989.0,18.173,15.382,5.527,4.678,37.629,31.85,11.715,9915.773,0.963,7.95,78.31,7.218,23.121,76.879
Benin,1997,BEN,6583375.0,11307899196.0,4.059,0.617,1.224,0.186,36.701,5.575,4.865,739.009,0.43,25.628,56.82,35.782,62.597,37.403
Tunisia,1997,TUN,9421273.0,61515605479.0,7.304,0.775,17.81,1.89,29.082,3.087,78.012,8280.438,1.268,60.163,60.48,11.235,37.499,62.501
Latvia,1997,LVA,2433229.0,23733281647.0,2.457,1.01,8.68,3.567,8.188,3.365,42.029,17272.965,1.771,28.476,94.74,5.072,31.457,68.543
Switzerland,1997,CHE,7089161.0,274617021730.0,6.266,0.884,43.046,6.072,52.494,7.405,355.316,50121.055,1.294,39.852,91.88,1.245,27.517,72.483
Uzbekistan,1997,UZB,23758961.0,108486849294.0,28.822,1.213,109.029,4.589,151.056,6.358,518.003,21802.441,4.775,64.967,39.93,28.199,54.895,45.105
Syria,1997,SYR,15417539.0,133631083179.0,33.505,2.173,49.605,3.217,86.552,5.614,198.657,12885.153,1.487,75.112,83.28,25.774,49.286,50.714
Slovenia,1997,SVN,1984404.0,38526556210.0,3.724,1.877,16.513,8.321,19.903,10.03,79.771,40198.957,2.071,24.578,106.13,3.663,49.624,50.376
Slovakia,1997,SVK,5369781.0,71311497148.0,7.122,1.326,44.147,8.221,57.024,10.619,207.321,38608.91,2.907,50.832,202.65,1.941,43.566,56.434
Malta,1997,MLT,390687.0,6769141339.0,0.161,0.413,2.556,6.543,2.734,6.998,10.89,27874.633,1.609,31.25,135.53,2.208,7.021,92.979
Poland,1997,POL,38348307.0,414942244343.0,95.087,2.48,367.199,9.575,486.762,12.693,1152.541,30054.537,2.778,60.26,84.42,4.623,38.324,61.676
Chad,1997,TCD,7670371.0,5091460240.0,20.273,2.643,0.453,0.059,41.91,5.464,0.791,103.076,0.155,38.62,37.07,38.345,78.438,21.562
Gambia,1997,GMB,1338898.0,1625140474.0,0.842,0.629,0.224,0.167,1.792,1.338,0.902,674.014,0.555,55.04,73.51,20.58,57.57,42.43
Austria,1997,AUT,7969804.0,249847313444.0,12.197,1.53,67.305,8.445,82.247,10.32,380.569,47751.309,1.523,35.926,89.2,1.967,33.673,66.327
Nigeria,1997,NGA,116754790.0,227883174622.0,294.028,2.518,95.649,0.819,573.095,4.909,237.488,2034.072,1.042,70.709,65.9,27.417,59.228,40.772
Norway,1997,NOR,4404988.0,205129717023.0,8.471,1.923,41.644,9.454,56.559,12.84,490.0,111237.547,2.389,2.842,94.44,2.062,25.298,74.702
Sweden,1997,SWE,8845525.0,264171121939.0,12.111,1.369,58.355,6.597,71.61,8.096,673.384,76127.047,2.549,8.001,108.82,2.266,16.038,83.962
South Korea,1997,KOR,45941541.0,967604910890.0,29.535,0.643,444.968,9.686,487.944,10.621,2147.098,46735.441,2.219,20.558,74.59,4.32,21.008,78.992
Laos,1997,LAO,5152015.0,10121302787.0,6.281,1.219,0.792,0.154,34.649,6.725,2.213,429.554,0.219,7.608,67.61,51.853,81.152,18.848
Comoros,1997,COM,507779.0,595856754.0,0.279,0.549,0.081,0.159,0.477,0.94,0.253,498.675,0.425,67.706,89.83,29.376,71.779,28.221
Czechia,1997,CZE,10280049.0,158827904845.0,15.109,1.47,130.942,12.737,151.384,14.726,482.32,46918.055,3.037,55.39,134.16,3.467,25.597,74.403
El Salvador,1997,SLV,5844578.0,27444887250.0,4.082,0.698,5.398,0.924,17.424,2.981,21.427,3666.203,0.781,59.894,74.04,10.915,46.011,53.989
Botswana,1997,BWA,1571700.0,11122733889.0,6.988,4.446,2.799,1.781,13.648,8.684,10.849,6902.57,0.975,45.703,103.58,3.543,48.948,51.052
Lesotho,1997,LSO,1988140.0,3655545070.0,1.533,0.771,1.77,0.89,4.196,2.111,1.077,541.798,0.295,76.713,80.05,7.003,82.337,17.663
Portugal,1997,PRT,10110548.0,208848444082.0,12.918,1.278,54.669,5.407,70.762,6.999,256.375,25357.215,1.228,39.148,97.43,3.831,47.62,52.38
Mali,1997,MLI,10646499.0,11793168043.0,11.932,1.121,0.723,0.068,44.72,4.2,2.398,225.231,0.203,30.856,77.69,27.345,81.905,18.095
Democratic Republic of Congo,1997,COD,46029907.0,23716345473.0,23.949,0.52,3.089,0.067,237.411,5.158,17.158,372.767,0.723,11.336,98.65,47.5,66.594,33.406
Namibia,1997,NAM,1689274.0,10187928589.0,4.482,2.653,1.814,1.074,11.832,7.004,7.673,4542.339,0.753,47.152,72.94,8.51,70.061,29.939
Tajikistan,1997,TJK,6139829.0,9105132518.0,3.148,0.513,2.15,0.35,7.345,1.196,37.042,6033.039,4.068,32.595,23.86,32.012,72.783,27.217
Singapore,1997,SGP,3796629.0,132363368332.0,1.992,0.525,56.737,14.944,63.967,16.848,412.801,108728.195,3.119,1.791,162.19,0.133,0.0,100.0
United Arab Emirates,1997,ARE,2817410.0,104923199568.0,24.278,8.617,73.298,26.016,98.628,35.007,521.456,185083.609,4.97,5.562,38.87,2.004,21.618,78.382
Kyrgyzstan,1997,KGZ,4847998.0,14463585194.0,3.965,0.818,5.561,1.147,15.918,3.283,42.545,8775.691,2.941,55.584,74.62,41.188,64.447,35.553
Belarus,1997,BLR,10122365.0,79868071251.0,17.262,1.705,61.697,6.095,104.743,10.348,260.101,25695.682,3.257,45.875,69.63,13.418,31.385,68.615
Hungary,1997,HUN,10278600.0,112676520011.0,11.855,1.153,61.676,6.0,78.523,7.639,285.197,27746.697,2.531,68.987,113.56,6.498,36.719,63.281
Ukraine,1997,UKR,50786881.0,232333254592.0,89.779,1.768,340.586,6.706,454.556,8.95,1662.889,32742.49,7.157,72.243,111.85,12.515,32.37,67.63
India,1997,IND,999133764.0,2426804815330.0,676.001,0.677,857.976,0.859,1831.317,1.833,3252.01,3254.829,1.34,60.871,44.56,24.249,73.03,26.97
Eswatini,1997,SWZ,1006647.0,4766768452.0,1.528,1.518,1.14,1.132,2.333,2.318,3.871,3845.313,0.812,71.105,73.66,10.871,76.937,23.063
Romania,1997,ROU,22411511.0,145416621981.0,24.322,1.085,118.115,5.27,148.491,6.626,523.325,23350.738,3.599,64.471,116.17,17.511,46.555,53.445
Guinea-Bissau,1997,GNB,1165550.0,1589254020.0,1.302,1.117,0.117,0.101,5.593,4.799,1.317,1129.727,0.829,22.681,65.88,31.654,64.228,35.772
Cape Verde,1997,CPV,432803.0,1122095895.0,0.149,0.345,0.227,0.525,0.486,1.122,0.526,1216.2,0.469,17.866,98.52,11.681,48.634,51.366
Georgia,1997,GEO,4695359.0,22010932129.0,3.382,0.72,4.412,0.94,5.651,1.204,36.001,7667.284,1.636,43.704,137.46,27.507,46.892,53.108
Denmark,1997,DNK,5285041.0,187647333700.0,9.989,1.89,65.438,12.382,81.366,15.395,262.998,49762.707,1.402,67.2,96.93,2.614,14.929,85.071
Egypt,1997,EGY,68431738.0,354503266736.0,50.51,0.738,110.934,1.621,178.861,2.614,480.5,7021.602,1.355,3.26,62.76,15.751,57.364,42.636
Niger,1997,NER,10383977.0,6759223607.0,10.392,1.001,0.648,0.062,35.437,3.413,4.081,392.973,0.604,28.42,91.45,30.233,84.107,15.893
Sierra Leone,1997,SLE,4253710.0,3333148709.0,2.837,0.667,0.205,0.048,8.386,1.971,3.697,869.221,1.109,38.917,48.38,57.396,65.101,34.899
Brazil,1997,BRA,166661662.0,1591956040321.0,396.153,2.377,306.949,1.842,2696.838,16.182,2149.204,12895.613,1.35,27.28,53.09,4.685,20.999,79.001
Malaysia,1997,MYS,21375225.0,280383835444.0,24.81,1.161,118.471,5.542,258.622,12.099,516.446,24160.979,1.842,21.18,52.06,11.101,41.499,58.501
Australia,1997,AUS,18504911.0,601472798853.0,154.13,8.329,320.243,17.306,649.422,35.095,1217.288,65781.891,2.024,60.169,83.44,3.225,14.805,85.195
Bangladesh,1997,BGD,127198070.0,165329622112.0,70.164,0.552,23.144,0.182,120.1,0.944,117.891,926.829,0.713,71.944,42.6,23.246,77.705,22.295
Sri Lanka,1997,LKA,18248205.0,106468157343.0,9.469,0.519,7.401,0.406,32.196,1.764,44.234,2424.001,0.415,37.123,62.14,21.949,84.805,15.195
Oman,1997,OMN,2190726.0,41346951900.0,25.147,11.479,18.145,8.282,43.91,20.044,67.491,30807.531,1.632,3.457,40.83,2.299,28.382,71.618
Croatia,1997,HRV,4504627.0,52770093719.0,3.6,0.799,18.569,4.122,29.959,6.651,93.359,20725.064,1.769,34.673,67.12,5.242,44.55,55.45
Turkmenistan,1997,TKM,4336732.0,11995995999.0,7.779,1.794,31.196,7.193,52.812,12.178,123.142,28395.035,10.265,75.543,36.52,20.234,54.917,45.083
Congo,1997,COG,2887862.0,10724892959.0,12.829,4.442,4.831,1.673,44.916,15.553,3.585,1241.374,0.334,30.849,37.47,9.139,42.702,57.298
Tanzania,1997,TZA,31578093.0,31560772974.0,27.882,0.883,2.824,0.089,94.597,2.996,11.196,354.55,0.355,38.048,48.19,29.337,78.861,21.139
Iran,1997,IRN,63639637.0,512736336735.0,138.346,2.174,269.263,4.231,425.313,6.683,1186.134,18638.291,2.313,39.191,66.75,9.813,37.886,62.114
Russia,1997,RUS,147853769.0,1303661447743.0,312.234,2.112,1481.964,10.023,1944.956,13.155,7011.005,47418.508,5.378,13.309,83.87,5.87,26.884,73.116
Canada,1997,CAN,30059088.0,981728042651.0,117.49,3.909,522.019,17.366,879.081,29.245,3491.245,116146.086,3.556,6.828,83.26,2.139,21.91,78.09
Uruguay,1997,URY,3223349.0,42411759380.0,21.285,6.603,5.522,1.713,32.652,10.13,28.593,8870.455,0.674,85.39,88.48,6.551,9.047,90.953
Germany,1997,DEU,82389631.0,2461046373781.0,115.562,1.403,931.508,11.306,1109.39,13.465,4053.187,49195.352,1.647,49.64,88.42,1.036,19.937,80.063
Bulgaria,1997,BGR,8217101.0,64936506648.0,12.058,1.467,55.806,6.791,67.291,8.189,257.145,31293.846,3.96,56.07,173.53,20.477,32.341,67.659
Seychelles,1997,SYC,79670.0,929711785.0,0.046,0.58,0.271,3.403,0.333,4.177,2.294,28787.609,2.467,8.696,214.9,3.259,55.622,44.378
Ghana,1997,GHA,18238961.0,36217443285.0,8.653,0.474,5.514,0.302,47.07,2.581,22.04,1208.428,0.609,59.694,52.07,35.782,58.352,41.648
Turkey,1997,TUR,62852968.0,722433616413.0,45.33,0.721,215.512,3.429,302.625,4.815,810.281,12891.698,1.122,50.988,47.49,10.591,43.473,56.527
Jordan,1997,JOR,5046287.0,30403319446.0,2.243,0.444,14.308,2.835,17.295,3.427,58.263,11545.732,1.916,12.024,52.82,2.887,21.731,78.269
Nicaragua,1997,NIC,4809574.0,11415412840.0,6.085,1.265,3.108,0.646,90.549,18.827,12.954,2693.424,1.135,39.953,33.66,19.957,45.216,54.784
Pakistan,1997,PAK,142531801.0,402359547116.0,106.122,0.745,93.788,0.658,248.349,1.742,422.885,2966.948,1.051,47.568,46.32,24.484,67.635,32.365
Cote d'Ivoire,1997,CIV,16047178.0,37316438035.0,8.186,0.51,7.211,0.449,71.19,4.436,24.304,1514.514,0.651,61.308,62.88,15.146,58.01,41.99
Panama,1997,PAN,2836702.0,24846156289.0,3.199,1.128,4.572,1.612,23.223,8.187,52.108,18369.316,2.097,28.787,62.48,6.647,39.825,60.175
Vietnam,1997,VNM,74226890.0,188059193812.0,68.035,0.917,45.502,0.613,236.789,3.19,167.918,2262.23,0.893,24.099,33.89,25.772,77.312,22.688
Spain,1997,ESP,40423823.0,925901360531.0,43.988,1.088,264.899,6.553,309.077,7.646,1317.594,32594.49,1.423,60.185,77.23,4.295,24.196,75.804
New Zealand,1997,NZL,3776950.0,95195281693.0,37.231,9.857,31.261,8.277,86.884,23.004,218.022,57724.258,2.29,48.66,73.92,6.077,14.46,85.54
Ecuador,1997,ECU,12031129.0,84682917021.0,22.977,1.91,19.461,1.618,93.902,7.805,120.221,9992.515,1.42,28.941,57.45,20.109,40.662,59.338
Rwanda,1997,RWA,7755237.0,6891736436.0,4.629,0.597,0.483,0.062,8.29,1.069,3.122,402.569,0.453,66.923,30.94,45.961,88.166,11.834
Cameroon,1997,CMR,13775216.0,26071011666.0,18.939,1.375,5.379,0.39,63.694,4.624,17.254,1252.557,0.662,19.378,57.85,18.968,55.428,44.572
Guinea,1997,GIN,7931371.0,7124296839.0,7.823,0.986,1.238,0.156,29.897,3.769,5.235,660.096,0.735,57.2,39.19,13.797,69.947,30.053
Argentina,1997,ARG,35947790.0,531526379817.0,114.316,3.18,136.617,3.8,319.533,8.889,668.982,18609.811,1.259,46.858,82.09,5.222,11.403,88.597
Dominica,1997,DMA,69315.0,361956567.0,0.052,0.746,0.081,1.163,0.137,1.978,0.378,5453.887,1.044,22.667,88.85,12.544,34.994,65.006
Thailand,1997,THA,60724588.0,589240402273.0,84.684,1.395,181.203,2.984,352.22,5.8,732.639,12064.948,1.243,42.312,75.64,9.065,72.802,27.198
Lithuania,1997,LTU,3573418.0,33267370320.0,4.887,1.368,15.163,4.243,27.156,7.6,100.435,28106.1,3.019,54.515,112.1,9.376,32.814,67.186
Yemen,1997,YEM,17873943.0,61826323245.0,10.891,0.609,12.26,0.686,26.731,1.496,45.845,2564.887,0.742,44.927,42.13,17.441,75.019,24.981
Mexico,1997,MEX,94021204.0,1045710706219.0,125.217,1.332,362.466,3.855,626.194,6.66,1512.699,16088.914,1.447,54.688,63.37,4.219,26.049,73.951
Barbados,1997,BRB,262405.0,3273617373.0,0.201,0.765,1.156,4.404,1.425,5.429,6.093,23220.135,1.861,44.186,86.42,2.673,37.015,62.985
Iceland,1997,ISL,271194.0,8108417582.0,0.611,2.252,2.618,9.655,3.9,14.38,26.403,97359.359,3.256,18.903,70.53,7.926,7.981,92.019
Finland,1997,FIN,5139927.0,145148158927.0,11.488,2.235,62.703,12.199,93.097,18.112,352.381,68557.547,2.428,7.059,96.54,3.424,34.321,65.679
Kenya,1997,KEN,28101762.0,52761219815.0,23.718,0.844,8.227,0.293,51.759,1.842,32.391,1152.638,0.614,46.788,58.22,27.694,81.242,18.758
Burkina Faso,1997,BFA,10934222.0,13326250630.0,11.444,1.047,0.764,0.07,36.508,3.339,4.839,442.538,0.363,39.589,55.65,33.739,84.186,15.814
Senegal,1997,SEN,9283505.0,17899120921.0,8.054,0.868,3.182,0.343,9.235,0.995,14.921,1607.275,0.834,44.814,50.16,18.191,59.872,40.128
Guatemala,1997,GTM,10857754.0,61054671663.0,8.877,0.818,7.46,0.687,99.427,9.157,32.132,2959.362,0.526,42.688,40.61,23.727,61.68,38.32
Greece,1997,GRC,10622327.0,195536972604.0,14.065,1.324,93.801,8.831,112.949,10.633,334.044,31447.324,1.708,69.705,109.59,6.092,27.72,72.28
Togo,1997,TGO,4438798.0,5606767164.0,2.834,0.638,0.879,0.198,10.224,2.303,3.057,688.657,0.545,61.224,60.19,21.282,68.25,31.75
Uganda,1997,UGA,21856044.0,24283122652.0,13.623,0.623,1.062,0.049,35.011,1.602,5.484,250.906,0.226,60.918,47.26,38.12,88.954,11.046
Nepal,1997,NPL,23219458.0,34660347793.0,21.317,0.918,2.641,0.114,44.473,1.915,8.261,355.763,0.238,29.47,58.87,38.781,73.413,26.587
Moldova,1997,MDA,4355537.0,14366532241.0,2.945,0.676,7.301,1.676,10.51,2.413,40.988,9410.57,2.853,77.643,121.34,25.964,55.087,44.913
Ethiopia,1997,ETH,61404541.0,49275077370.0,53.798,0.876,2.98,0.049,87.089,1.418,8.654,140.928,0.176,30.492,49.71,52.714,85.693,14.307
Zambia,1997,ZMB,9237064.0,12774990714.0,13.244,1.434,2.354,0.255,63.392,6.863,15.02,1626.053,1.176,29.604,42.16,13.983,62.624,37.376
Kuwait,1997,KWT,1787692.0,57062986447.0,32.78,18.337,56.765,31.753,90.16,50.434,155.051,86732.641,2.717,8.025,36.16,0.395,1.675,98.325
United States,1997,USA,273468014.0,11375561318703.0,839.523,3.07,5673.144,20.745,6885.409,25.178,25354.096,92713.203,2.229,45.298,82.96,1.337,21.914,78.086
Costa Rica,1997,CRI,3701713.0,31327517132.0,4.118,1.112,4.9,1.324,13.281,3.588,24.138,6520.789,0.771,38.249,67.78,12.503,44.228,55.772
Trinidad and Tobago,1997,TTO,1305838.0,20630081772.0,3.31,2.535,18.9,14.473,22.882,17.523,100.775,77172.805,4.885,13.84,55.39,2.167,44.151,55.849
Cambodia,1997,KHM,11570986.0,17142178985.0,16.686,1.442,1.466,0.127,49.469,4.275,7.923,684.69,0.462,25.918,83.47,44.447,81.815,18.185
Saudi Arabia,1997,SAU,14374948.0,404619673714.0,72.137,5.018,227.149,15.802,298.144,20.741,1190.249,82800.234,2.942,73.862,55.4,5.352,20.613,79.387
Malawi,1997,MWI,10562035.0,10717042869.0,3.328,0.315,0.918,0.087,23.161,2.193,4.293,406.485,0.401,46.988,22.09,25.211,85.771,14.229
Netherlands,1997,NLD,15723621.0,518458402185.0,33.294,2.117,175.466,11.159,228.198,14.513,998.851,63525.477,1.927,58.155,88.62,2.974,24.446,75.554
Jamaica,1997,JAM,2547853.0,16827001355.0,1.148,0.451,10.068,3.952,12.993,5.099,42.158,16546.428,2.505,45.152,75.65,7.634,48.967,51.033
Ireland,1997,IRL,3672287.0,108003078862.0,18.596,5.064,38.805,10.567,68.312,18.602,145.73,39683.773,1.349,63.226,90.39,3.907,41.594,58.406
Israel,1997,ISR,5646476.0,136529502967.0,5.402,0.957,54.866,9.717,62.687,11.102,221.213,39177.164,1.62,26.017,54.48,1.808,8.982,91.018
Zimbabwe,1998,ZWE,11594299.0,27984298870.0,11.749,1.013,14.127,1.218,60.078,5.182,50.155,4325.86,1.792,36.986,92.48,18.891,67.904,32.096
Italy,1998,ITA,57215190.0,1744897501196.0,59.707,1.044,460.824,8.054,537.794,9.399,2202.06,38487.336,1.262,52.647,111.39,2.765,32.971,67.029
Israel,1998,ISR,5790143.0,141524295423.0,5.51,0.952,56.01,9.673,63.945,11.044,232.794,40205.156,1.645,25.97,52.01,2.001,8.894,91.106
Trinidad and Tobago,1998,TTO,1310226.0,22081300091.0,3.997,3.05,19.892,15.182,24.735,18.878,102.291,78071.281,4.632,12.865,52.8,2.058,44.105,55.895
Madagascar,1998,MDG,15489364.0,17393932608.0,20.304,1.311,1.619,0.105,182.695,11.795,5.775,372.865,0.332,66.186,89.64,33.243,75.595,24.405
Japan,1998,JPN,126549182.0,4111245191910.0,45.108,0.356,1201.334,9.493,1268.279,10.022,6049.681,47804.98,1.471,14.749,93.13,1.603,21.673,78.327
United States,1998,USA,276119323.0,11881792533609.0,823.264,2.982,5736.36,20.775,6926.782,25.086,25513.363,92399.773,2.147,45.266,84.27,1.214,21.521,78.479
Costa Rica,1998,CRI,3782840.0,33453800269.0,4.187,1.107,5.214,1.378,13.6,3.595,26.031,6881.35,0.778,37.505,68.62,12.619,43.131,56.869
Mexico,1998,MEX,95575242.0,1105636637948.0,127.374,1.333,381.102,3.987,650.56,6.807,1574.172,16470.494,1.424,54.695,66.79,3.908,25.728,74.272
Pakistan,1998,PAK,146522354.0,419024845538.0,109.624,0.748,96.741,0.66,252.755,1.725,453.849,3097.472,1.083,47.686,46.93,25.303,67.413,32.587
Barbados,1998,BRB,262434.0,3356270425.0,0.206,0.783,1.228,4.678,1.488,5.67,6.189,23582.225,1.844,44.186,86.2,1.994,37.157,62.843
Iceland,1998,ISL,274121.0,8607334873.0,0.62,2.261,2.638,9.625,3.903,14.239,28.57,104224.273,3.319,18.863,72.24,7.974,8.324,91.676
Finland,1998,FIN,5153545.0,153138899026.0,11.213,2.176,59.358,11.518,91.125,17.682,364.244,70678.422,2.379,7.197,96.04,2.9,33.821,66.179
Kenya,1998,KEN,28888063.0,55518263811.0,24.232,0.839,9.999,0.346,62.967,2.18,36.286,1256.086,0.654,46.564,58.07,27.745,81.12,18.88
Turkey,1998,TUR,63734385.0,754598720693.0,47.3,0.742,215.586,3.383,304.182,4.773,830.685,13033.552,1.101,51.868,48.65,12.448,42.71,57.29
Yemen,1998,YEM,18446015.0,65613152856.0,10.878,0.59,12.931,0.701,27.435,1.487,49.638,2691.013,0.757,44.851,42.93,21.175,74.457,25.543
Burkina Faso,1998,BFA,11240668.0,13917970173.0,11.578,1.03,0.848,0.075,36.665,3.262,4.398,391.219,0.316,40.049,57.93,36.564,83.557,16.443
Senegal,1998,SEN,9502951.0,18841602978.0,7.95,0.837,3.334,0.351,32.123,3.38,15.876,1670.616,0.843,43.578,49.69,17.832,59.704,40.296
Guatemala,1998,GTM,11139147.0,64142605771.0,9.075,0.815,8.62,0.774,90.698,8.142,37.897,3402.141,0.591,43.27,40.05,23.44,60.059,39.941
Greece,1998,GRC,10675411.0,204984690770.0,14.266,1.336,98.621,9.238,117.319,10.99,354.773,33232.719,1.731,68.13,108.97,6.102,27.609,72.391
Togo,1998,TGO,4551633.0,5539430872.0,3.132,0.688,1.29,0.283,10.531,2.314,3.212,705.638,0.58,61.592,63.78,19.73,67.801,32.199
Uganda,1998,UGA,22515809.0,25735377689.0,14.27,0.634,1.209,0.054,34.482,1.531,6.018,267.26,0.234,61.268,49.08,38.251,88.779,11.221
Cote d'Ivoire,1998,CIV,16663948.0,39915308009.0,8.162,0.49,6.748,0.405,71.426,4.286,25.565,1534.13,0.64,61.602,64.12,15.542,57.653,42.347
Panama,1998,PAN,2893918.0,26740256885.0,3.281,1.134,5.835,2.016,35.712,12.34,56.713,19597.389,2.121,28.908,68.31,6.662,38.991,61.009
Vietnam,1998,VNM,75299665.0,198278284704.0,70.256,0.933,47.866,0.636,270.424,3.591,181.61,2411.832,0.916,24.747,35.74,25.781,76.723,23.277
Spain,1998,ESP,40617436.0,976805803240.0,44.554,1.097,273.65,6.737,330.727,8.142,1377.544,33915.09,1.41,59.983,84.73,4.145,24.085,75.915
Bangladesh,1998,BGD,129622332.0,175900627375.0,70.329,0.543,23.216,0.179,119.708,0.924,125.559,968.654,0.714,72.474,43.35,22.587,77.38,22.62
Sri Lanka,1998,LKA,18596006.0,104039873858.0,8.624,0.464,7.621,0.41,31.865,1.714,47.156,2535.792,0.453,37.139,54.25,21.164,85.062,14.938
Oman,1998,OMN,2222492.0,46306004470.0,21.922,9.864,18.543,8.343,41.137,18.509,69.236,31152.215,1.495,3.46,43.36,2.798,28.408,71.592
Croatia,1998,HRV,4445669.0,54840833756.0,3.488,0.784,19.04,4.283,28.764,6.47,98.731,22208.432,1.8,36.63,68.26,5.318,44.442,55.558
Rwanda,1998,RWA,8081688.0,7337662385.0,2.905,0.359,0.482,0.06,7.058,0.873,3.174,392.742,0.433,67.734,34.49,45.517,86.675,13.325
Cameroon,1998,CMR,14144857.0,27818636369.0,19.626,1.387,5.373,0.38,73.539,5.199,17.223,1217.582,0.619,19.378,60.97,19.001,54.852,45.148
Guinea,1998,GIN,8081993.0,7467530405.0,8.371,1.036,1.312,0.162,28.836,3.568,5.32,658.193,0.712,57.243,41.1,14.515,69.66,30.34
Argentina,1998,ARG,36372862.0,554567078807.0,110.736,3.044,139.505,3.835,321.302,8.834,694.257,19087.227,1.252,46.892,79.23,5.253,11.207,88.793
Ecuador,1998,ECU,12251188.0,88055994335.0,21.482,1.753,23.117,1.887,93.718,7.65,120.844,9863.863,1.372,32.32,54.62,17.476,40.161,59.839
Dominica,1998,DMA,69144.0,382388808.0,0.052,0.747,0.077,1.113,0.235,3.397,0.385,5568.613,1.007,22.667,89.31,12.065,34.934,65.066
Thailand,1998,THA,61522632.0,539314649597.0,81.309,1.322,159.704,2.596,326.572,5.308,675.039,10972.201,1.252,42.493,74.28,10.259,71.278,28.722
Bulgaria,1998,BGR,8138193.0,67715867197.0,11.909,1.463,53.114,6.526,66.116,8.124,247.26,30382.707,3.651,51.026,184.6,13.412,32.135,67.865
Lithuania,1998,LTU,3547768.0,35744382405.0,4.789,1.35,15.997,4.509,30.05,8.47,107.84,30396.541,3.017,54.643,110.67,7.628,32.891,67.109
Turkmenistan,1998,TKM,4410511.0,12945785203.0,10.847,2.459,33.446,7.583,57.62,13.064,140.64,31887.438,10.864,75.543,40.09,25.159,54.607,45.393
Congo,1998,COG,2952062.0,11368414038.0,15.352,5.2,3.869,1.311,51.595,17.478,3.494,1183.603,0.307,30.851,40.46,10.956,42.192,57.808
Kyrgyzstan,1998,KGZ,4907792.0,14624138023.0,3.985,0.812,5.901,1.202,16.574,3.377,44.776,9123.519,3.062,55.735,76.25,36.055,64.622,35.378
Belarus,1998,BLR,10080579.0,85602469015.0,17.178,1.704,60.184,5.97,104.325,10.349,254.351,25231.76,2.971,45.886,72.11,12.062,30.977,69.023
Hungary,1998,HUN,10251717.0,119818720518.0,11.587,1.13,61.255,5.975,78.292,7.637,289.477,28236.934,2.416,68.964,116.49,6.174,36.392,63.608
Ukraine,1998,UKR,50379728.0,231737294856.0,84.458,1.676,328.878,6.528,431.185,8.559,1604.654,31851.186,6.924,71.824,105.97,12.068,32.445,67.555
Mauritius,1998,MUS,1195111.0,15794127997.0,0.535,0.448,2.169,1.815,2.884,2.413,10.555,8832.188,0.668,49.597,45.78,8.02,57.518,42.482
India,1998,IND,1018665080.0,2567853125008.0,679.577,0.667,875.783,0.86,1855.813,1.822,3449.497,3386.291,1.343,60.835,46.33,24.18,72.817,27.183
Eswatini,1998,SWZ,1019657.0,4867682233.0,1.476,1.448,1.161,1.139,2.246,2.203,4.896,4801.696,1.006,71.105,73.45,11.024,76.971,23.029
Russia,1998,RUS,147635543.0,1263722609285.0,302.113,2.046,1465.859,9.929,1948.111,13.195,6997.947,47400.148,5.538,13.264,81.06,5.103,26.809,73.191
Canada,1998,CAN,30329971.0,1022474596969.0,118.379,3.903,529.615,17.462,882.794,29.106,3441.169,113457.711,3.366,6.83,88.72,2.167,21.731,78.269
Uruguay,1998,URY,3239286.0,44280079225.0,20.784,6.416,5.651,1.745,32.749,10.11,33.796,10433.256,0.763,85.419,88.51,6.824,8.924,91.076
Germany,1998,DEU,82011933.0,2535903706522.0,109.806,1.339,923.499,11.261,1078.613,13.152,4019.632,49012.766,1.585,49.777,88.32,0.977,19.928,80.072
Seychelles,1998,SYC,80738.0,1062691437.0,0.047,0.582,0.289,3.585,0.351,4.352,2.294,28406.807,2.158,8.696,194.33,2.455,56.047,43.953
Ghana,1998,GHA,18688041.0,38085090200.0,9.34,0.5,5.584,0.299,44.881,2.402,20.276,1084.987,0.532,57.068,51.91,36.014,57.547,42.453
Jordan,1998,JOR,5164290.0,31929861575.0,2.307,0.447,14.447,2.798,17.561,3.4,62.323,12067.999,1.952,12.081,53.02,2.579,21.725,78.275
New Zealand,1998,NZL,3811376.0,96170421359.0,36.474,9.57,29.837,7.828,87.726,23.017,218.023,57203.105,2.267,48.061,75.5,5.946,14.399,85.601
South Korea,1998,KOR,46230885.0,908368091121.0,28.531,0.617,378.038,8.177,416.721,9.014,1964.558,42494.496,2.163,20.413,77.03,4.069,20.819,79.181
Latvia,1998,LVA,2410217.0,25089221158.0,2.355,0.977,8.306,3.446,6.877,2.853,45.763,18987.279,1.824,28.107,92.52,3.891,31.705,68.295
Laos,1998,LAO,5248273.0,10598967421.0,5.945,1.133,0.82,0.156,35.025,6.674,2.188,416.906,0.206,7.647,70.37,33.939,80.123,19.877
Comoros,1998,COM,516606.0,611159252.0,0.286,0.554,0.088,0.17,0.497,0.962,0.309,598.926,0.506,67.706,91.89,29.376,71.845,28.155
Benin,1998,BEN,6789492.0,11647427795.0,4.241,0.625,1.114,0.164,31.181,4.593,5.245,772.518,0.45,26.967,60.13,36.577,62.32,37.68
Switzerland,1998,CHE,7110294.0,287985364256.0,6.152,0.865,44.622,6.276,54.139,7.614,357.326,50254.688,1.241,39.775,93.6,1.172,27.144,72.856
Sweden,1998,SWE,8850606.0,276040695651.0,11.098,1.254,58.767,6.64,72.459,8.187,705.514,79713.688,2.556,7.932,107.58,2.123,16.016,83.984
Norway,1998,NOR,4431308.0,216978667712.0,8.293,1.872,41.838,9.441,56.174,12.677,509.797,115044.422,2.35,2.867,94.2,2.263,24.669,75.331
Niger,1998,NER,10741416.0,7611872294.0,10.766,1.002,0.696,0.065,33.455,3.115,4.236,394.338,0.556,28.42,96.47,35.414,84.028,15.972
Nicaragua,1998,NIC,4883659.0,12049925222.0,5.949,1.218,3.386,0.693,93.881,19.223,14.513,2971.69,1.204,40.826,32.22,19.191,45.065,54.935
Sierra Leone,1998,SLE,4295783.0,3306704220.0,2.834,0.66,0.22,0.051,9.157,2.132,3.697,860.712,1.118,38.917,48.5,59.402,64.897,35.103
Brazil,1998,BRA,169159651.0,1617675773756.0,404.289,2.39,317.359,1.876,2929.596,17.319,2239.432,13238.571,1.384,27.293,53.99,4.75,20.211,79.789
Malaysia,1998,MYS,21906713.0,261784096585.0,21.675,0.989,109.782,5.011,263.039,12.007,496.46,22662.439,1.896,21.137,52.4,13.312,40.28,59.72
Australia,1998,AUS,18701710.0,634847053105.0,158.015,8.449,334.038,17.861,705.618,37.73,1246.33,66642.594,1.963,60.383,87.17,3.028,14.845,85.155
Tanzania,1998,TZA,32420461.0,33614871213.0,30.756,0.949,2.481,0.077,104.747,3.231,12.152,374.83,0.362,38.158,49.73,26.762,78.529,21.471
Iran,1998,IRN,64519866.0,541099749969.0,123.057,1.907,305.642,4.737,425.398,6.593,1235.507,19149.244,2.283,39.777,68.67,11.555,37.095,62.905
Cuba,1998,CUB,11034716.0,37789591716.0,14.612,1.324,24.309,2.203,55.099,4.993,130.993,11870.953,3.466,62.142,77.74,6.117,24.69,75.31
Paraguay,1998,PRY,4900028.0,27958225603.0,17.698,3.612,4.374,0.893,94.261,19.237,19.361,3951.213,0.692,40.708,63.27,14.801,43.666,56.334
Colombia,1998,COL,37792169.0,335365604121.0,74.174,1.963,65.56,1.735,302.003,7.991,346.521,9169.126,1.033,41.048,68.85,13.236,26.633,73.367
France,1998,FRA,58778817.0,1882050330390.0,84.638,1.44,414.357,7.049,507.601,8.636,3037.222,51672.051,1.614,55.627,112.12,2.236,24.108,75.892
Tunisia,1998,TUN,9541669.0,64700491559.0,7.688,0.806,18.292,1.917,30.271,3.172,83.865,8789.375,1.296,60.633,65.42,10.601,37.105,62.895
Azerbaijan,1998,AZE,8025808.0,28328460213.0,6.255,0.779,31.785,3.96,42.119,5.248,126.645,15779.74,4.471,56.348,47.37,18.148,48.533,51.467
Kazakhstan,1998,KAZ,15647789.0,125251820898.0,32.897,2.102,145.622,9.306,186.461,11.916,433.003,27671.828,3.457,79.761,68.04,8.566,43.647,56.353
Mongolia,1998,MNG,2412793.0,6297035099.0,11.717,4.856,7.622,3.159,64.543,26.75,16.326,6766.343,2.593,83.449,74.81,32.433,43.333,56.667
Singapore,1998,SGP,3901418.0,131914179626.0,2.033,0.521,47.412,12.153,60.221,15.436,418.509,107271.07,3.173,1.791,140.5,0.111,0.0,100.0
United Arab Emirates,1998,ARE,3040432.0,115962052318.0,22.909,7.535,80.625,26.517,104.889,34.498,534.113,175670.047,4.606,5.604,39.73,2.181,21.404,78.596
Guinea-Bissau,1998,GNB,1187478.0,1315465409.0,1.314,1.107,0.088,0.074,7.989,6.728,1.317,1108.866,1.001,22.981,67.06,37.056,63.85,36.15
Romania,1998,ROU,22284901.0,144240925408.0,23.078,1.036,104.783,4.702,134.812,6.049,478.845,21487.428,3.32,64.232,109.1,14.379,46.78,53.22
Cape Verde,1998,CPV,439789.0,1238844923.0,0.158,0.36,0.242,0.55,0.502,1.142,0.527,1199.155,0.426,17.866,114.04,10.947,47.781,52.219
Georgia,1998,GEO,4576447.0,22536773053.0,3.345,0.731,4.864,1.063,5.55,1.213,35.993,7864.9,1.597,43.819,128.54,26.244,47.145,52.855
Denmark,1998,DNK,5304263.0,192859238471.0,9.897,1.866,61.238,11.545,75.596,14.252,253.691,47827.82,1.315,66.8,100.12,2.123,14.908,85.092
Egypt,1998,EGY,69943297.0,380551417847.0,47.221,0.675,124.256,1.777,191.674,2.74,500.307,7153.041,1.315,3.275,62.81,15.884,57.344,42.656
Morocco,1998,MAR,27621638.0,132709015459.0,17.85,0.646,30.881,1.118,56.618,2.05,114.212,4134.863,0.861,69.406,52.04,14.487,47.045,52.955
South Africa,1998,ZAF,46223888.0,320149741740.0,79.421,1.718,377.273,8.162,514.427,11.129,1145.026,24771.293,3.577,80.776,51.77,3.034,45.344,54.656
China,1998,CHN,1250847122.0,5338703042331.0,934.065,0.747,3355.336,2.682,5195.279,4.153,11000.566,8794.493,2.061,55.694,63.25,17.025,66.65,33.35
Honduras,1998,HND,6234436.0,20150664632.0,5.426,0.87,4.811,0.772,45.462,7.292,19.875,3187.987,0.986,30.342,70.07,16.825,55.698,44.302
Mozambique,1998,MOZ,17340463.0,21637918333.0,12.036,0.694,1.112,0.064,63.883,3.684,6.438,371.276,0.298,47.066,83.51,26.986,71.18,28.82
Estonia,1998,EST,1411206.0,21698756967.0,2.699,1.912,16.933,11.999,18.853,13.359,58.334,41336.574,2.688,24.605,92.9,5.052,32.348,67.652
North Macedonia,1998,MKD,2037575.0,14789521174.0,2.075,1.018,9.647,4.735,15.139,7.43,33.924,16649.197,2.294,50.767,78.15,10.862,40.658,59.342
Czechia,1998,CZE,10265430.0,160364287569.0,14.407,1.403,125.717,12.247,146.113,14.234,468.271,45616.305,2.92,55.442,136.96,3.485,25.745,74.255
Botswana,1998,BWA,1606906.0,11452605950.0,6.574,4.091,3.342,2.08,15.113,9.405,11.631,7237.88,1.016,45.579,100.06,3.167,48.261,51.739
Lesotho,1998,LSO,1998048.0,3647322672.0,1.398,0.7,1.803,0.902,4.09,2.047,0.937,469.034,0.257,76.713,71.88,8.323,81.78,18.22
Mali,1998,MLI,10919577.0,12008585843.0,12.545,1.149,0.931,0.085,34.758,3.183,2.457,225.019,0.205,30.856,79.21,27.307,81.636,18.364
Portugal,1998,PRT,10159524.0,219709918106.0,13.25,1.304,59.211,5.828,76.362,7.516,279.492,27510.383,1.272,40.683,99.84,3.542,46.937,53.063
Democratic Republic of Congo,1998,COD,47297595.0,23460462170.0,24.252,0.513,2.733,0.058,245.242,5.185,16.254,343.645,0.693,11.336,99.19,46.5,66.104,33.896
Namibia,1998,NAM,1732747.0,10539117428.0,4.824,2.784,1.865,1.076,12.376,7.143,7.8,4501.538,0.74,47.152,80.76,8.589,69.358,30.642
Tajikistan,1998,TJK,6176403.0,9509161527.0,3.069,0.497,2.497,0.404,7.645,1.238,38.319,6204.16,4.03,32.488,21.36,25.101,73.195,26.805
Bolivia,1998,BOL,8313400.0,32973947605.0,19.413,2.335,11.264,1.355,174.325,20.969,33.991,4088.641,1.031,34.138,52.7,12.625,39.09,60.91
Haiti,1998,HTI,8002144.0,11780950427.0,6.826,0.853,1.235,0.154,13.509,1.688,5.697,711.985,0.484,61.321,76.38,21.162,66.121,33.879
Peru,1998,PER,25738101.0,122316689368.0,25.89,1.006,28.066,1.09,143.985,5.594,139.044,5402.268,1.137,17.757,45.13,8.378,27.979,72.021
Mauritania,1998,MRT,2474650.0,4371026651.0,5.833,2.357,1.074,0.434,10.399,4.202,14.159,5721.644,3.239,38.527,62.86,25.941,61.808,38.192
Chile,1998,CHL,15127799.0,227977542773.0,22.772,1.505,57.258,3.785,93.244,6.164,281.476,18606.529,1.235,20.469,74.37,5.394,14.386,85.614
Lebanon,1998,LBN,4181287.0,24027795385.0,1.926,0.461,16.286,3.895,18.237,4.362,63.856,15271.765,2.658,61.193,82.82,6.088,14.23,85.77
Indonesia,1998,IDN,209826791.0,1066065643776.0,199.826,0.952,244.315,1.164,1259.636,6.003,995.569,4744.717,0.934,23.801,49.73,18.083,60.092,39.908
Cyprus,1998,CYP,914552.0,16341391926.0,0.462,0.506,6.597,7.213,6.477,7.082,27.447,30010.984,1.68,15.606,109.18,4.335,31.392,68.608
Slovenia,1998,SVN,1980071.0,39631442356.0,3.729,1.883,16.045,8.103,20.087,10.144,79.983,40394.176,2.018,24.33,108.8,3.482,49.51,50.49
Slovakia,1998,SVK,5374801.0,74015465370.0,7.043,1.31,43.878,8.164,57.026,10.61,209.521,38982.078,2.831,50.79,194.26,2.005,43.673,56.327
Chad,1998,TCD,7938841.0,5510466098.0,20.957,2.64,0.464,0.058,40.621,5.117,0.791,99.59,0.143,38.62,39.09,39.005,78.405,21.595
Malta,1998,MLT,393782.0,7118691053.0,0.156,0.395,2.525,6.412,2.7,6.855,11.406,28964.922,1.602,28.125,139.97,2.327,6.91,93.09
Gambia,1998,GMB,1376994.0,1698553130.0,0.87,0.632,0.242,0.176,2.892,2.1,0.963,699.414,0.567,56.028,73.49,19.204,56.038,43.962
Austria,1998,AUT,7978465.0,259776337669.0,11.892,1.49,66.937,8.39,82.601,10.353,389.247,48787.238,1.498,35.869,90.14,1.838,33.489,66.511
United Kingdom,1998,GBR,58626822.0,1766619867063.0,114.569,1.954,568.544,9.698,722.015,12.315,2651.618,45228.754,1.501,72.409,97.86,0.935,20.608,79.392
Nigeria,1998,NGA,119846261.0,239844515802.0,272.168,2.271,86.338,0.72,568.102,4.74,226.951,1893.687,0.946,71.6,71.91,27.908,58.399,41.601
Venezuela,1998,VEN,23601341.0,335631906948.0,70.328,2.98,134.993,5.72,251.855,10.671,751.757,31852.307,2.24,24.529,80.44,4.95,12.354,87.646
Bosnia and Herzegovina,1998,BIH,4089357.0,24470419886.0,3.692,0.903,10.551,2.58,11.391,2.786,48.593,11882.883,1.986,42.188,64.82,15.96,58.092,41.908
Poland,1998,POL,38326431.0,437955026714.0,84.086,2.194,338.98,8.845,450.314,11.749,1104.199,28810.391,2.521,60.214,88.25,4.018,38.294,61.706
Philippines,1998,PHL,75791031.0,299105469124.0,52.063,0.687,67.379,0.889,173.832,2.294,300.067,3959.139,1.003,37.848,57.11,14.747,61.607,38.393
Gabon,1998,GAB,1211744.0,13062140404.0,21.151,17.455,6.453,5.325,43.865,36.2,11.401,9408.873,0.873,7.974,80.43,7.021,22.202,77.798
El Salvador,1998,SLV,5880786.0,28907125564.0,3.838,0.653,5.711,0.971,18.795,3.196,24.769,4211.862,0.857,61.284,72.43,9.468,45.173,54.827
Uzbekistan,1998,UZB,24134930.0,111389403957.0,29.412,1.219,120.976,5.012,162.98,6.753,518.166,21469.545,4.652,64.255,42.08,26.8,54.038,45.962
Syria,1998,SYR,15820409.0,135803038435.0,32.502,2.054,53.496,3.381,89.925,5.684,214.05,13529.965,1.576,74.839,90.73,29.386,48.914,51.086
Ireland,1998,IRL,3711075.0,118588811316.0,18.718,5.044,40.708,10.969,71.791,19.345,156.805,42253.375,1.322,63.427,93.07,3.475,41.359,58.641
Jamaica,1998,JAM,2569740.0,16799001649.0,1.142,0.445,9.694,3.772,13.013,5.064,43.104,16773.613,2.566,44.691,78.87,7.171,48.735,51.265
Albania,1998,ALB,3210134.0,12026242682.0,3.463,1.079,1.755,0.547,6.219,1.937,14.884,4636.601,1.238,41.569,72.07,26.261,59.796,40.204
Moldova,1998,MDA,4318713.0,13191426007.0,2.631,0.609,6.444,1.492,8.869,2.054,38.059,8812.478,2.885,77.666,108.9,25.768,59.27,40.73
Ethiopia,1998,ETH,63363523.0,48734081758.0,57.757,0.912,3.147,0.05,97.88,1.545,12.113,191.173,0.249,30.449,50.76,47.868,85.486,14.514
Zambia,1998,ZMB,9482414.0,13130968549.0,14.352,1.514,2.278,0.24,63.806,6.729,15.098,1592.174,1.15,29.828,44.28,15.868,63.277,36.723
Kuwait,1998,KWT,1844308.0,62305861237.0,29.317,15.896,52.91,28.688,82.913,44.956,190.984,103553.047,3.065,8.025,38.73,0.446,1.452,98.548
Nepal,1998,NPL,23680358.0,35610081787.0,21.651,0.914,2.223,0.094,49.33,2.083,10.369,437.883,0.291,29.548,61.02,37.393,72.013,27.987
Cambodia,1998,KHM,12058180.0,17586612782.0,16.656,1.381,1.876,0.156,48.416,4.015,9.294,770.722,0.528,26.229,85.09,44.48,81.628,18.372
Saudi Arabia,1998,SAU,14922188.0,436367217571.0,71.397,4.785,218.915,14.67,289.519,19.402,1252.577,83940.57,2.87,77.58,62.93,6.141,20.409,79.591
Malawi,1998,MWI,10792877.0,10822285917.0,3.505,0.325,0.902,0.084,24.725,2.291,4.408,408.394,0.407,48.579,23.49,26.774,85.577,14.423
Netherlands,1998,NLD,15827109.0,545041076356.0,32.233,2.037,176.396,11.145,229.973,14.53,1005.942,63558.168,1.846,56.748,95.78,2.566,23.248,76.752
Dominican Republic,1998,DOM,8310369.0,48410050660.0,7.6,0.914,17.756,2.137,27.642,3.326,53.622,6452.449,1.108,52.532,58.99,8.992,40.544,59.456
Iraq,1998,IRQ,22884402.0,59869187777.0,59.978,2.621,80.984,3.539,139.935,6.115,317.731,13884.171,5.307,19.752,85.41,10.91,32.508,67.492
Burundi,1998,BDI,6187114.0,4813569995.0,2.546,0.411,0.249,0.04,6.366,1.029,1.764,285.074,0.366,74.494,51.88,44.539,92.322,7.678
Iraq,1999,IRQ,23636530.0,69697267568.0,69.195,2.927,82.416,3.487,151.985,6.43,229.24,9698.544,3.289,19.389,93.16,7.204,32.456,67.544
Dominica,1999,DMA,68883.0,390881674.0,0.052,0.75,0.081,1.17,0.213,3.093,0.39,5662.406,0.998,25.333,91.54,12.137,34.859,65.141
Malawi,1999,MWI,11047812.0,11194866591.0,3.674,0.333,0.893,0.081,23.849,2.159,4.384,396.794,0.392,49.639,23.83,28.612,85.44,14.56
Saudi Arabia,1999,SAU,15472076.0,440370701905.0,66.656,4.308,237.716,15.364,303.171,19.595,1275.43,82434.336,2.896,80.852,59.73,5.654,20.216,79.784
Madagascar,1999,MDG,16000506.0,18416245876.0,20.235,1.265,1.766,0.11,174.727,10.92,5.758,359.883,0.313,67.923,89.49,33.28,75.291,24.709
Cambodia,1999,KHM,12265734.0,19228281616.0,17.619,1.436,1.894,0.154,58.961,4.807,9.582,781.196,0.498,26.286,86.8,40.904,81.489,18.511
Nepal,1999,NPL,24125201.0,37151145536.0,21.861,0.906,3.191,0.132,47.45,1.967,11.444,474.374,0.308,29.627,62.27,38.701,70.508,29.492
Netherlands,1999,NLD,15940183.0,575899135456.0,30.831,1.934,171.053,10.731,222.416,13.953,993.777,62344.133,1.726,58.43,94.41,2.339,22.939,77.061
Kuwait,1999,KWT,1900035.0,64236405197.0,27.597,14.525,55.085,28.992,83.444,43.917,198.265,104348.141,3.086,8.081,37.05,0.427,1.216,98.784
Zambia,1999,ZMB,9740013.0,14188405377.0,13.804,1.417,1.778,0.183,59.989,6.159,13.798,1416.589,0.972,30.07,46.87,18.19,63.828,36.172
Ethiopia,1999,ETH,65374561.0,48438288398.0,57.754,0.883,3.094,0.047,95.64,1.463,14.9,227.92,0.308,30.557,52.26,44.378,85.287,14.713
Moldova,1999,MDA,4278220.0,12519934662.0,2.524,0.59,4.685,1.095,6.836,1.598,30.986,7242.805,2.475,77.72,105.35,24.881,59.473,40.527
Albania,1999,ALB,3188598.0,13673692880.0,3.487,1.094,2.986,0.937,7.264,2.278,11.668,3659.295,0.853,41.788,76.17,23.623,59.103,40.897
Jamaica,1999,JAM,2589796.0,17139281457.0,1.153,0.445,9.958,3.845,24.446,9.439,44.142,17044.453,2.575,44.506,84.49,6.68,48.507,51.493
Dominican Republic,1999,DOM,8446207.0,52484601874.0,7.148,0.846,17.775,2.104,35.078,4.153,60.369,7147.488,1.15,52.265,61.73,7.821,39.639,60.361
Ireland,1999,IRL,3752938.0,132916954385.0,21.337,5.685,42.44,11.309,77.852,20.744,165.537,44108.691,1.245,63.628,97.61,2.572,41.12,58.88
Burundi,1999,BDI,6337155.0,4732759799.0,2.12,0.334,0.253,0.04,5.675,0.896,1.758,277.378,0.371,73.481,62.26,47.635,92.143,7.857
Syria,1999,SYR,16228064.0,126804505194.0,32.548,2.006,55.534,3.422,90.607,5.583,220.428,13583.13,1.738,74.91,91.65,24.346,48.525,51.475
Uzbekistan,1999,UZB,24476013.0,114383428782.0,27.226,1.112,123.588,5.049,163.212,6.668,581.169,23744.443,5.081,64.248,40.38,29.023,53.176,46.824
El Salvador,1999,SLV,5913908.0,30355223155.0,3.894,0.659,5.567,0.941,19.47,3.292,25.678,4341.954,0.846,62.534,72.67,7.934,44.313,55.687
Philippines,1999,PHL,77753256.0,310804334612.0,59.853,0.77,67.295,0.865,178.935,2.301,305.197,3925.195,0.982,37.68,60.06,15.194,61.243,38.757
Poland,1999,POL,38287717.0,462542429541.0,79.724,2.082,329.204,8.598,434.161,11.339,1082.722,28278.568,2.341,60.188,87.12,3.356,38.271,61.729
Bosnia and Herzegovina,1999,BIH,4130312.0,26775071100.0,3.707,0.898,10.333,2.502,12.47,3.019,47.455,11489.427,1.772,41.113,58.89,13.263,57.769,42.231
Venezuela,1999,VEN,24066595.0,316971287567.0,68.555,2.849,143.126,5.947,258.291,10.732,731.854,30409.537,2.309,24.526,83.79,4.351,12.029,87.971
Cyprus,1999,CYP,931235.0,17289794170.0,0.464,0.499,6.863,7.37,6.957,7.471,28.881,31013.311,1.67,15.606,113.55,3.899,31.294,68.706
Nigeria,1999,NGA,123047324.0,247535177447.0,260.653,2.118,84.838,0.689,513.201,4.171,227.026,1845.027,0.917,71.763,75.19,26.028,57.563,42.437
United Kingdom,1999,GBR,58838663.0,1823341961805.0,106.575,1.811,561.65,9.546,706.621,12.009,2639.219,44855.188,1.447,71.173,96.75,0.857,20.377,79.623
Austria,1999,AUT,7993894.0,270186173474.0,11.766,1.472,65.668,8.215,80.513,10.072,392.804,49137.969,1.454,35.812,91.79,1.781,33.341,66.659
Slovakia,1999,SVK,5378105.0,73695869861.0,7.034,1.308,43.088,8.012,56.309,10.47,211.293,39287.695,2.867,50.79,190.1,1.519,43.783,56.217
Gambia,1999,GMB,1415786.0,1829034023.0,0.884,0.624,0.275,0.194,2.546,1.798,0.963,680.253,0.527,56.028,74.07,24.012,54.507,45.493
Malta,1999,MLT,396897.0,7456060205.0,0.165,0.416,2.573,6.482,2.755,6.942,12.646,31861.633,1.696,28.125,140.39,2.158,6.811,93.189
Chad,1999,TCD,8222710.0,5546894673.0,22.436,2.729,0.474,0.058,44.395,5.399,0.791,96.152,0.143,38.62,41.26,38.069,78.375,21.625
Gabon,1999,GAB,1243023.0,12170660106.0,19.993,16.084,6.014,4.838,42.1,33.869,13.369,10754.983,1.098,7.998,81.9,7.294,21.305,78.695
Indonesia,1999,IDN,213004667.0,1079382527522.0,197.343,0.926,291.771,1.37,1285.88,6.037,1086.986,5103.107,1.007,24.353,46.25,19.613,59.005,40.995
Slovenia,1999,SVN,1981198.0,41542298475.0,3.544,1.789,15.419,7.782,19.768,9.978,79.097,39923.93,1.904,24.826,108.64,2.936,49.398,50.602
Chile,1999,CHL,15319311.0,224771940848.0,23.165,1.512,61.408,4.009,99.51,6.496,293.115,19133.707,1.304,20.255,72.6,5.294,14.028,85.972
Mauritania,1999,MRT,2541700.0,4762456974.0,6.291,2.475,1.096,0.431,11.054,4.349,14.155,5569.167,2.972,38.527,64.45,26.277,61.9,38.1
Peru,1999,PER,26186499.0,124629013218.0,26.717,1.02,29.562,1.129,138.571,5.292,142.633,5446.822,1.144,17.831,48.45,8.265,27.605,72.395
Haiti,1999,HTI,8151301.0,12289767443.0,6.93,0.85,1.271,0.156,12.35,1.515,6.291,771.808,0.512,61.321,75.89,22.561,64.664,35.336
Bolivia,1999,BOL,8459810.0,33199090219.0,19.92,2.355,10.95,1.294,147.371,17.42,37.984,4489.904,1.144,34.219,53.57,13.258,38.614,61.386
North Macedonia,1999,MKD,2048088.0,15508166039.0,1.956,0.955,8.783,4.288,13.03,6.362,32.504,15870.394,2.096,50.413,79.7,10.518,41.054,58.946
Tajikistan,1999,TJK,6208373.0,9907046803.0,3.113,0.501,2.519,0.406,7.525,1.212,44.231,7124.432,4.465,32.638,23.19,25.389,73.427,26.573
Namibia,1999,NAM,1776371.0,10909782994.0,4.874,2.744,1.74,0.98,12.307,6.928,10.749,6051.055,0.985,47.152,105.48,8.766,68.628,31.372
Democratic Republic of Congo,1999,COD,48912972.0,23134197386.0,23.156,0.473,2.199,0.045,252.428,5.161,17.247,352.612,0.746,11.292,96.47,52.366,65.606,34.394
Iran,1999,IRN,65445389.0,563869043718.0,120.009,1.834,374.452,5.722,523.3,7.996,1331.568,20346.25,2.361,39.102,68.8,9.915,36.29,63.71
Mali,1999,MLI,11227420.0,12634193722.0,13.378,1.192,0.971,0.086,33.128,2.951,2.457,218.85,0.194,30.856,80.34,28.07,81.341,18.659
Lesotho,1999,LSO,2003238.0,3670807302.0,1.796,0.896,1.825,0.911,4.76,2.376,0.978,488.289,0.266,76.713,89.56,8.785,81.228,18.772
Botswana,1999,BWA,1642006.0,12841571074.0,6.57,4.001,3.158,1.923,18.518,11.277,11.004,6701.352,0.857,45.597,89.66,2.991,47.554,52.446
Czechia,1999,CZE,10251385.0,164728010192.0,13.964,1.362,116.669,11.381,137.009,13.365,448.987,43797.691,2.726,55.416,132.47,3.197,25.881,74.119
Estonia,1999,EST,1403578.0,21126870271.0,2.727,1.943,15.93,11.349,18.81,13.402,53.738,38286.332,2.544,23.614,86.19,3.628,32.562,67.438
Mozambique,1999,MOZ,17734499.0,21504902826.0,11.62,0.655,1.168,0.066,61.772,3.483,7.608,429.019,0.354,47.345,84.9,22.798,70.953,29.047
China,1999,CHN,1260176650.0,5578503091801.0,937.708,0.744,3549.949,2.817,5342.072,4.239,11386.068,9035.296,2.041,55.694,66.8,15.922,65.22,34.78
Lebanon,1999,LBN,4255278.0,24731825289.0,1.942,0.456,16.43,3.861,18.818,4.422,66.383,15600.096,2.684,56.94,84.93,6.197,14.096,85.904
South Africa,1999,ZAF,46730331.0,334638442219.0,79.06,1.692,374.869,8.022,510.197,10.918,1183.745,25331.398,3.537,80.833,55.77,2.846,44.559,55.441
Tunisia,1999,TUN,9655966.0,68718201843.0,8.16,0.845,18.709,1.938,29.608,3.066,84.457,8746.636,1.229,61.316,71.06,10.606,36.735,63.265
Kazakhstan,1999,KAZ,15455877.0,129322680226.0,29.289,1.895,118.762,7.684,113.11,7.318,406.961,26330.492,3.147,79.666,67.8,9.886,43.79,56.21
Morocco,1999,MAR,28027188.0,134068868267.0,18.249,0.651,31.989,1.141,58.02,2.07,118.492,4227.753,0.884,68.772,56.61,12.477,46.722,53.278
Cuba,1999,CUB,11072230.0,40250898358.0,14.282,1.29,24.489,2.212,47.568,4.296,113.298,10232.663,2.815,62.011,82.38,6.124,24.618,75.382
Egypt,1999,EGY,71520953.0,409935668443.0,49.717,0.695,126.987,1.776,194.761,2.723,536.889,7506.734,1.31,3.499,64.8,15.909,57.31,42.69
Denmark,1999,DNK,5321814.0,199699305568.0,9.67,1.817,58.653,11.021,73.032,13.723,246.049,46234.027,1.232,66.1,100.37,1.92,14.9,85.1
Cape Verde,1999,CPV,446528.0,1412383310.0,0.169,0.379,0.286,0.64,0.562,1.259,0.527,1181.072,0.373,17.866,115.27,13.643,46.929,53.071
Sierra Leone,1999,SLE,4318047.0,3041564615.0,2.855,0.661,0.176,0.041,11.169,2.587,3.697,856.274,1.216,38.847,43.59,59.866,64.687,35.313
Guinea-Bissau,1999,GNB,1210211.0,1485364038.0,1.424,1.176,0.099,0.082,8.665,7.16,1.317,1088.037,0.886,23.281,68.58,36.298,63.495,36.505
Romania,1999,ROU,22166156.0,148247538550.0,22.529,1.016,88.899,4.011,119.851,5.407,421.171,19000.631,2.841,64.377,107.67,12.649,46.98,53.02
Singapore,1999,SGP,3966562.0,139187634120.0,1.984,0.5,49.2,12.404,59.227,14.932,414.326,104454.742,2.977,1.791,149.86,0.111,0.0,100.0
Portugal,1999,PRT,10214877.0,229149917332.0,13.394,1.311,66.878,6.547,89.21,8.733,285.076,27907.893,1.244,42.219,101.85,3.289,46.26,53.74
Mongolia,1999,MNG,2434041.0,6816929799.0,12.205,5.014,7.488,3.076,59.854,24.59,16.393,6735.087,2.405,84.192,82.5,31.698,43.35,56.65
Azerbaijan,1999,AZE,8100472.0,31898574736.0,7.023,0.867,28.822,3.558,40.155,4.957,126.353,15598.277,3.961,56.737,49.6,18.4,49.002,50.998
France,1999,FRA,59084209.0,1949849405155.0,84.365,1.428,413.07,6.991,495.177,8.381,3078.016,52095.41,1.579,55.532,109.31,2.117,23.832,76.168
Colombia,1999,COL,38454861.0,321583145089.0,71.259,1.853,55.286,1.438,253.148,6.583,322.875,8396.195,1.004,41.161,67.42,13.001,26.13,73.87
Mauritius,1999,MUS,1205903.0,15922518933.0,0.524,0.434,2.426,2.011,3.162,2.622,11.811,9794.299,0.742,48.485,58.56,4.93,57.741,42.259
Paraguay,1999,PRY,5003139.0,27635393000.0,17.648,3.527,4.362,0.872,79.484,15.887,22.33,4463.182,0.808,41.351,59.93,14.005,43.036,56.964
Sweden,1999,SWE,8857691.0,289702793085.0,11.24,1.269,55.937,6.315,66.956,7.559,690.032,77901.969,2.382,7.841,108.57,1.95,15.992,84.008
Norway,1999,NOR,4461789.0,228192617125.0,8.213,1.841,42.609,9.55,57.015,12.778,525.608,117802.125,2.303,2.842,95.47,2.051,24.16,75.84
Australia,1999,AUS,18909980.0,664520698611.0,173.283,9.164,343.876,18.185,710.665,37.581,1297.347,68606.484,1.952,59.057,89.44,3.043,14.875,85.125
Tanzania,1999,TZA,33300335.0,36215287065.0,31.977,0.96,2.459,0.074,98.897,2.97,12.794,384.205,0.353,38.27,58.07,26.441,78.179,21.821
Malaysia,1999,MYS,22435532.0,279671618438.0,22.004,0.981,103.987,4.635,222.38,9.912,530.459,23643.684,1.897,21.145,48.35,10.842,39.12,60.88
Germany,1999,DEU,81678279.0,2613176576967.0,106.765,1.307,895.442,10.963,1044.601,12.789,3963.56,48526.492,1.517,49.149,90.13,0.961,19.917,80.083
Brazil,1999,BRA,171641544.0,1645887982219.0,410.408,2.391,327.256,1.907,2965.704,17.278,2269.971,13225.068,1.379,27.305,58.61,4.646,19.453,80.547
Georgia,1999,GEO,4455581.0,23091342082.0,3.392,0.761,4.246,0.953,5.213,1.17,34.347,7708.78,1.487,43.157,129.15,24.722,47.354,52.646
Nicaragua,1999,NIC,4954021.0,13130550582.0,6.854,1.384,3.59,0.725,99.499,20.084,15.463,3121.232,1.178,41.699,41.0,17.0,44.922,55.078
Niger,1999,NER,11117414.0,7681517627.0,11.193,1.007,0.682,0.061,31.077,2.795,3.943,354.678,0.513,29.21,101.93,35.003,83.948,16.052
Switzerland,1999,CHE,7144119.0,298226666662.0,5.957,0.834,44.447,6.221,53.365,7.47,373.426,52270.391,1.252,39.694,93.07,1.092,26.864,73.136
Turkmenistan,1999,TKM,4492174.0,15251899688.0,14.885,3.313,39.797,8.859,68.247,15.192,123.281,27443.494,8.083,75.628,43.16,24.842,54.265,45.735
Honduras,1999,HND,6400470.0,19928432930.0,4.914,0.768,4.705,0.735,22.37,3.495,21.141,3303.002,1.061,29.824,69.26,13.982,55.196,44.804
Benin,1999,BEN,7002818.0,12157431164.0,4.238,0.605,1.462,0.209,30.724,4.387,2.573,367.445,0.212,27.545,59.26,24.534,62.033,37.967
Comoros,1999,COM,525894.0,631495315.0,0.305,0.581,0.095,0.181,0.525,0.999,0.309,588.358,0.49,68.243,95.64,29.376,71.908,28.092
Laos,1999,LAO,5340784.0,11458882653.0,5.907,1.106,0.846,0.158,40.037,7.496,2.182,408.503,0.19,7.682,79.25,34.312,78.996,21.004
Latvia,1999,LVA,2390822.0,25549229736.0,2.209,0.924,7.718,3.228,7.162,2.995,38.885,16264.097,1.522,25.986,79.21,3.729,31.874,68.126
South Korea,1999,KOR,46500382.0,1004162502333.0,28.101,0.604,410.519,8.828,451.631,9.712,2139.913,46019.258,2.131,20.257,79.93,4.093,20.638,79.362
New Zealand,1999,NZL,3835561.0,100616403871.0,36.808,9.597,31.443,8.198,92.458,24.105,219.933,57340.453,2.186,47.462,69.67,6.276,14.344,85.656
Jordan,1999,JOR,5276450.0,33702407072.0,2.369,0.449,14.467,2.742,17.668,3.348,62.964,11933.068,1.868,12.092,56.0,2.006,21.72,78.28
Ghana,1999,GHA,19149875.0,39944569386.0,8.789,0.459,5.613,0.293,41.433,2.164,23.58,1231.317,0.59,57.395,54.17,35.776,56.782,43.218
United Arab Emirates,1999,ARE,3266011.0,131410914902.0,22.522,6.896,77.844,23.835,101.686,31.135,538.369,164839.906,4.097,7.266,36.83,2.333,21.1,78.9
Uruguay,1999,URY,3254020.0,43167608203.0,20.934,6.433,6.689,2.056,33.595,10.324,35.598,10939.726,0.825,85.442,88.46,5.815,8.819,91.181
Canada,1999,CAN,30599458.0,1078414980757.0,118.62,3.877,543.859,17.774,901.371,29.457,3550.909,116044.836,3.293,6.833,93.92,2.196,21.556,78.444
Cameroon,1999,CMR,14525145.0,29453506980.0,19.89,1.369,5.219,0.359,71.152,4.899,16.299,1122.113,0.553,19.378,65.56,18.979,54.293,45.707
Russia,1999,RUS,147241973.0,1375023643662.0,302.983,2.058,1494.088,10.147,2009.67,13.649,7086.538,48128.516,5.154,13.228,75.51,6.581,27.035,72.965
India,1999,IND,1038225822.0,2710353015518.0,684.029,0.659,961.194,0.926,1939.573,1.868,3546.363,3415.791,1.308,60.884,48.46,22.973,72.592,27.408
Hungary,1999,HUN,10219797.0,126176462095.0,11.624,1.137,61.575,6.025,75.088,7.347,289.338,28311.498,2.293,68.886,116.93,5.446,36.065,63.935
Ukraine,1999,UKR,49976445.0,235148309693.0,82.296,1.647,298.636,5.976,409.897,8.202,1580.584,31626.572,6.722,71.551,104.53,11.875,32.519,67.481
Belarus,1999,BLR,10039221.0,87455010171.0,17.045,1.698,58.076,5.785,102.469,10.207,247.417,24645.004,2.829,45.756,67.72,12.701,30.519,69.481
Kyrgyzstan,1999,KGZ,4968593.0,15009644796.0,4.065,0.818,4.642,0.934,14.581,2.935,45.221,9101.356,3.013,55.923,79.71,34.882,64.672,35.328
Congo,1999,COG,3032876.0,11329492011.0,15.563,5.132,3.916,1.291,52.462,17.298,2.989,985.42,0.264,30.875,41.57,8.356,41.655,58.345
Spain,1999,ESP,40812855.0,1031651264612.0,45.022,1.103,297.025,7.278,354.295,8.681,1441.673,35324.004,1.397,59.623,85.91,3.813,23.967,76.033
Bulgaria,1999,BGR,8067464.0,64098092292.0,11.635,1.442,46.371,5.748,56.909,7.054,217.257,26929.967,3.389,51.333,194.84,12.959,31.952,68.048
Thailand,1999,THA,62299039.0,558464047703.0,83.149,1.335,167.235,2.684,333.755,5.357,715.286,11481.495,1.281,42.675,70.8,8.893,69.843,30.157
Ecuador,1999,ECU,12470800.0,84464765477.0,21.372,1.714,21.997,1.764,88.811,7.121,110.231,8839.105,1.305,32.513,58.0,17.571,39.709,60.291
Argentina,1999,ARG,36794687.0,538270560194.0,113.887,3.095,148.345,4.032,332.044,9.024,705.548,19175.273,1.311,46.922,86.75,4.458,11.015,88.985
Seychelles,1999,SYC,82033.0,1110391394.0,0.048,0.58,0.304,3.707,0.367,4.47,2.294,27958.432,2.066,8.696,195.81,2.894,56.359,43.641
Guinea,1999,GIN,8265121.0,7849296748.0,9.094,1.1,1.385,0.168,33.413,4.043,5.404,653.772,0.688,57.223,43.05,14.742,69.37,30.63
Rwanda,1999,RWA,8147917.0,7619522357.0,3.12,0.383,0.502,0.062,10.196,1.251,3.131,384.272,0.411,69.599,38.63,31.546,85.327,14.673
Sri Lanka,1999,LKA,18944734.0,106224336044.0,8.963,0.473,8.381,0.442,31.437,1.659,50.719,2677.223,0.477,37.394,53.13,20.728,85.256,14.744
Croatia,1999,HRV,4385823.0,55058853604.0,3.568,0.813,20.082,4.579,18.842,4.296,102.114,23282.852,1.855,36.344,72.04,5.403,44.363,55.637
Oman,1999,OMN,2252910.0,50522589652.0,23.447,10.407,22.076,9.799,46.225,20.518,78.674,34921.227,1.557,3.46,44.89,2.581,28.434,71.566
Bangladesh,1999,BGD,132108065.0,187794887949.0,72.894,0.552,25.093,0.19,122.629,0.928,126.985,961.223,0.676,72.874,44.85,22.658,77.043,22.957
Mexico,1999,MEX,97115710.0,1156619631372.0,124.061,1.277,386.036,3.975,642.297,6.614,1597.302,16447.414,1.381,54.696,70.11,3.49,25.41,74.59
Vietnam,1999,VNM,76287454.0,207067165620.0,73.925,0.969,48.548,0.636,296.095,3.881,188.049,2465.005,0.908,25.847,38.29,25.434,76.179,23.821
Eswatini,1999,SWZ,1030785.0,4986982563.0,1.563,1.516,1.242,1.205,2.333,2.263,5.006,4856.928,1.004,71.105,68.23,11.119,77.049,22.951
Cote d'Ivoire,1999,CIV,17215937.0,41352107617.0,8.173,0.475,6.095,0.354,70.774,4.111,33.08,1921.492,0.8,61.888,64.98,15.218,57.289,42.711
Uganda,1999,UGA,23257279.0,27748054330.0,14.093,0.606,1.255,0.054,38.967,1.675,6.021,258.869,0.217,61.368,50.61,34.786,88.583,11.417
Greece,1999,GRC,10727953.0,213181329734.0,14.267,1.33,97.934,9.129,116.077,10.82,354.705,33063.609,1.664,67.261,106.29,5.772,27.482,72.518
Guatemala,1999,GTM,11422977.0,66910781466.0,9.514,0.833,8.874,0.777,87.769,7.684,40.391,3535.965,0.604,43.853,39.9,23.046,58.377,41.623
Senegal,1999,SEN,9730897.0,19920223117.0,8.441,0.867,3.604,0.37,24.459,2.513,17.482,1796.547,0.878,47.328,52.71,17.376,59.526,40.474
Burkina Faso,1999,BFA,11574930.0,14604702492.0,10.943,0.945,1.04,0.09,36.033,3.113,4.443,383.809,0.304,40.509,60.64,27.252,82.817,17.183
Yemen,1999,YEM,19029421.0,68255122419.0,11.912,0.626,14.796,0.778,30.542,1.605,37.27,1958.533,0.546,44.828,44.35,17.445,73.915,26.085
Turkey,1999,TUR,64591916.0,725083487631.0,50.114,0.776,211.238,3.27,292.581,4.53,808.918,12523.523,1.116,52.365,49.72,10.449,41.903,58.097
Lithuania,1999,LTU,3522905.0,35335381903.0,4.563,1.295,13.45,3.818,26.759,7.596,88.175,25028.938,2.495,55.775,101.29,6.354,32.962,67.038
Kenya,1999,KEN,29733413.0,57993148114.0,25.567,0.86,10.021,0.337,58.772,1.977,35.716,1201.212,0.616,47.313,62.92,28.744,80.971,19.029
Finland,1999,FIN,5165516.0,160063696383.0,10.92,2.114,58.874,11.398,91.822,17.776,357.149,69141.047,2.231,7.227,94.63,2.887,33.328,66.672
Iceland,1999,ISL,277450.0,8919642339.0,0.622,2.244,2.841,10.239,4.117,14.839,31.3,112814.375,3.509,18.843,76.08,7.488,8.188,91.812
Barbados,1999,BRB,262521.0,3340959870.0,0.206,0.785,1.302,4.958,1.563,5.955,6.479,24680.318,1.939,41.86,84.52,2.335,37.305,62.695
Pakistan,1999,PAK,150565381.0,440333180316.0,111.711,0.742,99.389,0.66,256.205,1.702,473.722,3146.288,1.076,47.681,49.46,25.169,67.198,32.802
Costa Rica,1999,CRI,3862103.0,34758013094.0,4.104,1.063,5.415,1.402,13.483,3.491,29.119,7539.751,0.838,36.976,73.64,11.11,42.037,57.963
Panama,1999,PAN,2951820.0,27866809468.0,3.281,1.112,5.552,1.881,45.191,15.31,36.277,12289.545,1.302,29.015,64.62,6.131,38.299,61.701
United States,1999,USA,278785482.0,12438444530000.0,809.276,2.903,5800.281,20.806,7014.896,25.162,25965.076,93136.398,2.087,45.189,86.8,1.151,21.188,78.812
Japan,1999,JPN,126801566.0,4098283065888.0,43.951,0.347,1238.121,9.764,1297.199,10.23,6144.011,48453.75,1.499,14.598,93.04,1.576,21.552,78.448
Italy,1999,ITA,57240796.0,1784529161518.0,59.986,1.048,465.508,8.132,536.27,9.369,2214.889,38694.242,1.241,53.718,115.62,2.718,32.89,67.11
Trinidad and Tobago,1999,TTO,1314711.0,23618240997.0,4.03,3.066,22.58,17.175,27.49,20.909,113.689,86474.562,4.814,13.06,58.59,1.936,44.078,55.922
Israel,1999,ISR,5946079.0,146070391087.0,5.623,0.946,54.756,9.209,62.934,10.584,241.272,40576.605,1.652,25.832,54.65,1.736,8.806,91.194
Togo,1999,TGO,4665757.0,5739978782.0,3.096,0.664,1.85,0.397,10.862,2.328,4.613,988.725,0.804,61.96,67.32,20.656,67.351,32.649
Algeria,1999,DZA,30474360.0,193179776879.0,60.683,1.991,90.613,2.973,156.844,5.147,311.434,10219.548,1.612,16.682,52.04,11.107,40.916,59.084
Zimbabwe,1999,ZWE,11783454.0,27841288874.0,12.175,1.033,15.724,1.334,70.531,5.986,56.205,4769.782,2.019,37.998,97.53,15.481,67.736,32.264
Peru,2000,PER,26598328.0,128561599053.0,26.735,1.005,28.678,1.078,144.085,5.417,147.359,5540.167,1.146,17.905,48.87,8.069,27.228,72.772
Albania,2000,ALB,3166147.0,14736835655.0,3.531,1.115,3.025,0.955,7.124,2.25,19.683,6216.746,1.336,41.752,80.43,22.179,58.386,41.614
Mauritania,2000,MRT,2613450.0,4838789905.0,6.62,2.533,1.114,0.426,11.666,4.464,4.982,1906.441,1.03,38.527,72.46,24.829,61.944,38.056
Malta,2000,MLT,399905.0,7963752394.0,0.165,0.414,2.468,6.172,2.679,6.7,18.515,46297.684,2.325,28.125,132.74,1.858,6.722,93.278
Zimbabwe,2000,ZWE,11892055.0,26765004403.0,11.87,0.998,13.815,1.162,57.656,4.848,51.767,4353.113,1.934,39.078,100.53,15.669,67.601,32.399
Philippines,2000,PHL,79625401.0,327247671365.0,60.484,0.76,71.467,0.898,179.66,2.256,307.714,3864.514,0.94,37.676,62.83,13.941,60.862,39.138
Nepal,2000,NPL,24546509.0,39381724035.0,22.005,0.896,3.037,0.124,48.461,1.974,11.497,468.388,0.292,29.641,63.61,38.244,68.901,31.099
Dominica,2000,DMA,68527.0,404483810.0,0.052,0.759,0.103,1.497,0.185,2.705,0.466,6794.599,1.151,28.0,92.67,11.904,34.765,65.235
Dominican Republic,2000,DOM,8584196.0,56344968399.0,7.013,0.817,18.937,2.206,32.277,3.76,84.964,9897.71,1.508,52.06,66.98,6.718,38.687,61.313
Togo,2000,TGO,4783721.0,5742626906.0,3.217,0.672,1.331,0.278,10.088,2.109,4.498,940.304,0.783,62.511,72.59,14.805,66.901,33.099
Tajikistan,2000,TJK,6284737.0,10735320878.0,3.225,0.513,2.236,0.356,7.224,1.149,31.539,5018.302,2.938,32.674,23.32,25.125,73.464,26.536
Austria,2000,AUT,8012929.0,280410163017.0,11.488,1.434,66.204,8.262,79.593,9.933,395.171,49316.637,1.409,35.63,92.54,1.671,33.231,66.769
United Kingdom,2000,GBR,59057333.0,1889565292321.0,100.304,1.698,569.034,9.635,710.466,12.03,2664.116,45110.676,1.41,70.119,93.85,0.805,20.176,79.824
Paraguay,2000,PRY,5100875.0,26799187738.0,17.144,3.361,3.592,0.704,81.532,15.984,19.864,3894.232,0.741,41.871,54.44,12.857,42.486,57.514
Qatar,2000,QAT,644993.0,30159719266.0,27.585,42.768,40.406,62.646,68.238,105.796,134.844,209063.484,4.471,5.685,67.47,0.373,3.706,96.294
Mali,2000,MLI,11559291.0,12490372339.0,13.798,1.194,1.066,0.092,35.037,3.031,4.095,354.247,0.328,31.688,80.6,26.567,81.022,18.978
Portugal,2000,PRT,10283196.0,238756377443.0,12.658,1.231,65.504,6.37,82.195,7.993,294.029,28593.107,1.232,43.239,102.46,3.11,45.595,54.405
Romania,2000,ROU,22046264.0,157839292272.0,22.277,1.01,93.206,4.228,121.372,5.505,420.332,19065.902,2.663,64.677,102.63,10.854,47.138,52.862
Argentina,2000,ARG,37213986.0,536480965694.0,113.917,3.061,143.355,3.852,329.932,8.866,703.635,18907.803,1.312,46.958,85.94,4.68,10.824,89.176
Thailand,2000,THA,63007815.0,579217712636.0,82.667,1.312,167.352,2.656,334.337,5.306,741.691,11771.415,1.281,42.857,69.99,8.5,68.537,31.463
New Zealand,2000,NZL,3857576.0,104942102861.0,36.186,9.38,32.221,8.353,94.332,24.454,229.557,59508.152,2.187,46.864,75.65,7.753,14.294,85.706
Georgia,2000,GEO,4328361.0,23550477143.0,3.446,0.796,4.497,1.039,5.798,1.34,28.652,6619.589,1.217,43.172,132.35,20.602,47.506,52.494
Mauritius,2000,MUS,1216632.0,16933370565.0,0.541,0.445,2.689,2.211,3.639,2.991,15.943,13104.263,0.942,49.104,59.51,5.629,57.937,42.063
Comoros,2000,COM,536084.0,656399277.0,0.305,0.569,0.103,0.191,0.554,1.033,0.434,810.312,0.662,68.78,91.28,29.376,71.964,28.036
Canada,2000,CAN,30891800.0,1137681278760.0,121.653,3.938,566.68,18.344,959.412,31.057,3647.49,118073.062,3.206,6.836,95.71,2.092,21.371,78.629
Uruguay,2000,URY,3266212.0,42357504785.0,20.475,6.269,5.277,1.616,31.916,9.771,34.252,10486.714,0.809,85.465,86.21,5.994,8.723,91.277
Chad,2000,TCD,8512092.0,5599887930.0,24.229,2.846,0.488,0.057,50.793,5.967,1.032,121.253,0.184,38.62,43.52,40.705,78.347,21.653
France,2000,FRA,59483716.0,2031676031476.0,86.397,1.452,407.445,6.85,483.111,8.122,3117.909,52416.18,1.535,55.306,103.28,1.984,23.486,76.514
Turkmenistan,2000,TKM,4582675.0,18299208667.0,16.12,3.518,39.361,8.589,67.507,14.731,130.278,28428.357,7.119,75.543,48.14,22.539,53.926,46.074
Egypt,2000,EGY,73083287.0,444250275939.0,48.798,0.668,142.837,1.954,210.582,2.881,568.533,7779.254,1.28,3.306,66.01,15.538,57.266,42.734
Ecuador,2000,ECU,12689215.0,85978888021.0,19.792,1.56,20.949,1.651,70.151,5.528,104.129,8206.088,1.211,32.477,62.66,12.401,39.313,60.687
Tanzania,2000,TZA,34260142.0,39001698887.0,31.226,0.911,2.572,0.075,95.081,2.775,13.382,390.587,0.343,38.383,48.41,26.217,77.806,22.194
Australia,2000,AUS,19132472.0,692059312020.0,185.127,9.676,349.898,18.288,771.373,40.317,1305.26,68222.211,1.886,59.288,91.36,3.106,14.893,85.107
Iran,2000,IRN,66418661.0,595554549032.0,131.09,1.974,367.213,5.529,525.648,7.914,1396.568,21026.74,2.345,38.609,73.28,9.068,35.522,64.478
Azerbaijan,2000,AZE,8174784.0,34255707098.0,7.2,0.881,29.765,3.641,41.017,5.017,132.055,16153.973,3.855,57.386,51.76,16.085,48.868,51.132
Kazakhstan,2000,KAZ,15501108.0,142758090799.0,32.816,2.117,142.197,9.173,141.256,9.113,369.747,23852.965,2.59,79.784,65.73,8.111,43.976,56.024
Democratic Republic of Congo,2000,COD,50507445.0,21854113779.0,24.026,0.476,1.705,0.034,254.825,5.045,9.467,187.429,0.433,11.292,95.45,31.972,65.099,34.901
Panama,2000,PAN,3010376.0,28706485449.0,3.199,1.063,5.636,1.872,27.469,9.125,60.304,20032.027,2.101,29.997,65.82,6.312,37.783,62.217
Congo,2000,COG,3151349.0,12472135877.0,16.448,5.219,4.284,1.359,47.712,15.14,3.268,1037.026,0.262,30.864,42.8,5.304,41.105,58.895
Vietnam,2000,VNM,77154016.0,220383060780.0,74.138,0.961,53.935,0.699,359.742,4.663,214.149,2775.604,0.972,28.226,41.45,24.535,75.633,24.367
Ghana,2000,GHA,19637085.0,41569375833.0,9.468,0.482,5.313,0.271,40.454,2.06,28.607,1456.8,0.688,56.102,59.86,35.272,56.063,43.937
Cambodia,2000,KHM,12462343.0,20435399154.0,16.734,1.343,1.997,0.16,64.275,5.158,8.868,711.57,0.434,27.022,99.15,35.528,81.376,18.624
Malaysia,2000,MYS,22967817.0,305803211129.0,22.9,0.997,122.881,5.35,234.89,10.227,612.311,26659.512,2.002,21.119,47.76,8.599,38.031,61.969
Russia,2000,RUS,146717784.0,1547057523527.0,307.69,2.097,1480.576,10.091,1936.878,13.201,7214.09,49169.844,4.663,13.257,76.47,5.752,26.843,73.157
Cape Verde,2000,CPV,453335.0,1540942373.0,0.173,0.382,0.297,0.655,0.621,1.37,1.35,2978.757,0.876,17.866,107.76,12.872,46.067,53.933
Namibia,2000,NAM,1818650.0,11306497296.0,5.435,2.989,1.718,0.945,13.281,7.303,10.106,5556.684,0.894,47.152,131.85,10.731,67.883,32.117
Nicaragua,2000,NIC,5022636.0,13909591678.0,7.07,1.408,3.71,0.739,96.131,19.139,15.977,3181.092,1.149,42.721,47.28,17.766,44.784,55.216
Denmark,2000,DNK,5339659.0,208333676429.0,9.599,1.798,54.307,10.17,70.202,13.147,236.519,44294.852,1.135,66.175,99.92,2.15,14.9,85.1
Jordan,2000,JOR,5386945.0,35825242090.0,2.352,0.437,15.401,2.859,18.502,3.435,66.256,12299.419,1.849,12.115,56.45,2.015,21.715,78.285
Syria,2000,SYR,16637884.0,125214242976.0,33.839,2.034,54.527,3.277,93.023,5.591,211.444,12708.573,1.689,74.606,94.7,24.734,48.123,51.877
Bangladesh,2000,BGD,134544303.0,200824294390.0,73.923,0.549,26.539,0.197,124.543,0.926,136.255,1012.713,0.678,72.213,46.47,22.718,76.685,23.315
Sri Lanka,2000,LKA,19293056.0,114541758869.0,8.925,0.463,9.99,0.518,32.477,1.683,53.547,2775.435,0.467,37.474,58.07,19.927,85.38,14.62
Myanmar,2000,MMR,45290850.0,84093543935.0,54.401,1.201,10.219,0.226,201.062,4.439,44.323,978.62,0.527,16.544,18.68,57.239,72.465,27.535
Finland,2000,FIN,5176197.0,169209765102.0,10.611,2.05,57.017,11.015,89.72,17.333,359.11,69377.148,2.122,7.282,94.74,2.955,32.877,67.123
Costa Rica,2000,CRI,3937737.0,36043077867.0,4.062,1.032,5.367,1.363,15.357,3.9,29.093,7388.234,0.807,36.036,73.63,9.249,40.954,59.046
Madagascar,2000,MDG,16516336.0,19457200304.0,20.103,1.217,1.955,0.118,152.455,9.231,8.534,516.682,0.439,69.643,89.21,30.879,74.99,25.01
Saudi Arabia,2000,SAU,16177733.0,488272422255.0,72.338,4.471,309.639,19.14,380.727,23.534,1334.88,82513.391,2.734,80.849,65.39,4.901,20.03,79.97
Germany,2000,DEU,81797255.0,2718560455818.0,100.75,1.232,898.976,10.99,1042.311,12.743,3988.179,48756.883,1.467,48.912,88.63,0.996,19.906,80.094
Rwanda,2000,RWA,8213936.0,8053572290.0,2.773,0.338,0.515,0.063,9.68,1.179,2.677,325.954,0.332,74.017,38.92,31.185,84.22,15.78
Cameroon,2000,CMR,14912632.0,31207712778.0,20.911,1.402,5.589,0.375,66.961,4.49,16.997,1139.795,0.545,19.378,65.02,18.118,53.755,46.245
El Salvador,2000,SLV,5943363.0,31478454275.0,3.491,0.587,5.648,0.95,15.57,2.62,26.401,4442.162,0.839,62.099,83.85,7.173,43.436,56.564
Niger,2000,NER,11509634.0,7478107136.0,11.362,0.987,0.683,0.059,28.987,2.518,3.317,288.233,0.444,29.21,64.56,36.576,83.869,16.131
Switzerland,2000,CHE,7184003.0,315545366882.0,5.823,0.811,43.621,6.072,53.043,7.384,364.336,50714.938,1.155,39.617,90.23,1.054,26.698,73.302
Sweden,2000,SWE,8872099.0,303452362920.0,10.953,1.235,54.892,6.187,69.902,7.879,651.783,73464.344,2.148,7.301,106.17,1.785,15.96,84.04
Indonesia,2000,IDN,216077789.0,1138300071768.0,199.062,0.921,281.054,1.301,1250.713,5.788,1164.199,5387.869,1.023,23.764,52.09,15.679,58.014,41.986
United States,2000,USA,281484126.0,12947417795437.0,799.68,2.841,6023.158,21.398,7217.24,25.64,26546.236,94308.109,2.05,45.231,88.49,1.151,20.926,79.074
Barbados,2000,BRB,262071.0,3452406154.0,0.219,0.837,1.309,4.995,1.588,6.059,6.965,26578.361,2.018,41.86,78.95,1.995,37.462,62.538
Iceland,2000,ISL,281293.0,9307402059.0,0.614,2.184,2.933,10.426,4.189,14.89,33.23,118131.695,3.57,18.843,79.61,6.886,8.033,91.967
Uzbekistan,2000,UZB,24787052.0,116875841754.0,29.197,1.178,123.478,4.982,164.768,6.647,594.814,23996.973,5.089,62.684,41.83,30.056,52.327,47.673
Pakistan,2000,PAK,154879124.0,459798536606.0,114.16,0.737,103.94,0.671,268.154,1.731,483.754,3123.431,1.052,47.605,50.86,25.387,66.995,33.005
Luxembourg,2000,LUX,436142.0,21937467256.0,0.661,1.516,8.702,19.953,9.881,22.656,37.204,85302.953,1.696,49.719,80.49,0.597,15.582,84.418
Guatemala,2000,GTM,11697592.0,68731616093.0,9.598,0.82,9.742,0.833,85.992,7.351,42.138,3602.238,0.613,44.436,40.32,22.821,56.757,43.243
Burundi,2000,BDI,6470196.0,4647178132.0,2.163,0.334,0.271,0.042,6.191,0.957,1.457,225.243,0.314,72.702,56.72,44.107,91.956,8.044
Lithuania,2000,LTU,3500410.0,36684799266.0,4.404,1.258,11.843,3.383,3.408,0.974,78.499,22425.547,2.14,54.531,100.06,5.574,33.023,66.977
Senegal,2000,SEN,9968262.0,20439620643.0,8.762,0.879,3.902,0.391,18.593,1.865,19.903,1996.683,0.974,46.886,56.87,16.439,59.333,40.667
Turkey,2000,TUR,65425957.0,785054993224.0,53.463,0.817,232.934,3.56,320.576,4.9,863.54,13198.735,1.1,52.595,48.66,10.018,41.029,58.971
Yemen,2000,YEM,19624139.0,72599512561.0,13.436,0.685,15.832,0.807,32.648,1.664,60.137,3064.459,0.828,44.83,48.35,14.467,73.395,26.605
Mexico,2000,MEX,98625553.0,1241194674661.0,126.288,1.28,391.435,3.969,652.32,6.614,1696.177,17198.152,1.367,54.698,72.87,3.159,25.08,74.92
Nigeria,2000,NGA,126382490.0,268133056679.0,286.267,2.265,96.831,0.766,561.807,4.445,215.365,1704.075,0.803,71.926,74.71,21.357,56.721,43.279
Czechia,2000,CZE,10236809.0,174309526192.0,14.12,1.379,127.233,12.429,149.077,14.563,474.504,46352.703,2.722,55.39,127.14,3.23,25.996,74.004
Kenya,2000,KEN,30642893.0,59408907766.0,24.248,0.791,10.385,0.339,56.725,1.851,41.393,1350.817,0.697,46.967,60.85,28.722,80.545,19.455
Zambia,2000,ZMB,10017633.0,15211406947.0,13.404,1.338,1.784,0.178,58.201,5.81,13.79,1376.618,0.907,30.302,47.82,16.15,64.126,35.874
India,2000,IND,1057922731.0,2804478499774.0,685.316,0.648,987.065,0.933,2005.885,1.896,3725.401,3521.43,1.328,60.869,49.8,21.611,72.353,27.647
South Korea,2000,KOR,46766660.0,1086261690312.0,29.844,0.638,439.981,9.408,480.153,10.267,2260.798,48342.094,2.081,20.454,76.16,3.706,20.42,79.58
Belgium,2000,BEL,10251719.0,345706865981.0,14.84,1.448,126.776,12.366,152.466,14.872,743.348,72509.641,2.15,45.811,97.3,1.176,17.985,82.015
Belarus,2000,BLR,9991310.0,91419114455.0,16.446,1.646,55.014,5.506,88.358,8.843,254.999,25522.084,2.789,45.611,62.19,12.097,30.083,69.917
Morocco,2000,MAR,28423439.0,136639290851.0,18.688,0.657,33.199,1.168,55.467,1.951,117.463,4132.624,0.86,68.68,57.15,10.729,46.413,53.587
Spain,2000,ESP,41019772.0,1094998702299.0,45.728,1.115,309.26,7.539,361.474,8.812,1525.348,37185.68,1.393,59.651,87.04,3.744,23.835,76.165
Kyrgyzstan,2000,KGZ,5025150.0,15667564559.0,4.16,0.828,4.575,0.91,14.449,2.875,42.986,8554.152,2.744,55.86,81.19,34.188,64.678,35.322
Kuwait,2000,KWT,1954713.0,71053965539.0,31.048,15.883,54.98,28.127,86.724,44.367,218.162,111608.148,3.07,8.305,36.77,0.355,1.0,99.0
Estonia,2000,EST,1397001.0,23525730943.0,2.708,1.938,15.471,11.074,15.419,11.037,55.496,39725.285,2.359,23.26,80.92,3.885,32.614,67.386
Cyprus,2000,CYP,947667.0,18447964503.0,0.47,0.496,7.107,7.499,7.177,7.573,30.261,31932.213,1.64,15.314,117.0,3.647,31.227,68.773
Venezuela,2000,VEN,24526707.0,330236189305.0,71.93,2.933,142.902,5.826,263.709,10.752,772.012,31476.391,2.338,24.528,90.08,3.933,11.781,88.219
Guinea,2000,GIN,8428837.0,8142368042.0,9.481,1.125,1.444,0.171,36.315,4.308,6.972,827.217,0.856,57.236,44.22,14.39,69.077,30.923
Seychelles,2000,SYC,83339.0,1136006730.0,0.049,0.59,0.319,3.825,0.388,4.66,3.761,45128.398,3.311,8.696,181.0,2.641,56.603,43.397
Bulgaria,2000,BGR,8000519.0,67719765830.0,11.45,1.431,45.499,5.687,54.792,6.849,217.377,27170.389,3.21,50.456,188.44,10.97,31.737,68.263
Brazil,2000,BRA,174018278.0,1739728033832.0,417.31,2.398,340.183,1.955,2823.803,16.227,2364.255,13586.246,1.359,27.318,61.22,4.75,18.852,81.148
United Arab Emirates,2000,ARE,3493583.0,160530689682.0,24.713,7.074,112.277,32.138,138.192,39.556,535.782,153361.734,3.338,7.702,44.0,2.263,20.713,79.287
Malawi,2000,MWI,11315947.0,11274206470.0,3.807,0.336,0.854,0.075,23.157,2.046,4.868,430.202,0.432,50.17,27.21,29.661,85.323,14.677
Greece,2000,GRC,10782638.0,223530895992.0,14.516,1.346,102.973,9.55,121.225,11.243,373.052,34597.48,1.669,66.168,109.97,5.503,27.334,72.666
Ukraine,2000,UKR,49556654.0,253196030608.0,79.51,1.604,285.663,5.764,393.685,7.944,1585.457,31992.809,6.262,71.47,100.49,13.952,32.596,67.404
Moldova,2000,MDA,4234969.0,12554043876.0,2.399,0.566,3.573,0.844,5.534,1.307,32.155,7592.804,2.561,77.372,97.35,25.409,59.581,40.419
Oman,2000,OMN,2282139.0,58124187550.0,24.945,10.931,23.984,10.51,49.575,21.723,110.96,48620.898,1.909,3.79,46.52,1.965,28.46,71.54
Croatia,2000,HRV,4326105.0,57398794775.0,3.447,0.797,19.653,4.543,17.347,4.01,96.55,22317.953,1.682,20.908,61.82,4.967,44.318,55.682
Lesotho,2000,LSO,2003919.0,3769602063.0,1.751,0.874,1.85,0.923,4.73,2.36,1.896,946.312,0.503,76.877,95.22,7.827,80.673,19.327
Singapore,2000,SGP,4035251.0,152153574500.0,1.927,0.478,37.369,9.261,47.347,11.733,443.014,109786.094,2.912,1.791,59.71,0.092,0.0,100.0
Guinea-Bissau,2000,GNB,1234747.0,1486201658.0,1.455,1.178,0.051,0.042,6.729,5.45,0.997,807.302,0.671,23.582,69.17,36.957,63.159,36.841
Burkina Faso,2000,BFA,11925548.0,14546973590.0,11.561,0.969,0.931,0.078,35.617,2.987,4.066,340.959,0.28,40.976,63.65,24.914,82.0,18.0
Ethiopia,2000,ETH,67411496.0,50326965912.0,55.864,0.829,3.463,0.051,131.96,1.958,16.043,237.98,0.319,30.534,52.06,44.666,85.081,14.919
Cote d'Ivoire,2000,CIV,17699007.0,41297593671.0,8.387,0.474,6.63,0.375,53.988,3.05,33.285,1880.609,0.806,62.125,66.75,16.195,56.916,43.084
Mozambique,2000,MOZ,18129652.0,20141918616.0,11.188,0.617,1.322,0.073,65.936,3.637,10.224,563.938,0.508,47.623,85.1,19.039,70.758,29.242
Laos,2000,LAO,5431213.0,12209285510.0,6.343,1.168,0.96,0.177,51.024,9.395,5.037,927.386,0.413,7.825,72.31,33.63,77.816,22.184
Hong Kong,2000,HKG,6704665.0,218622146616.0,4.129,0.616,39.765,5.931,44.65,6.66,197.475,29453.422,0.903,6.667,101.82,0.087,0.0,100.0
Honduras,2000,HND,6577781.0,21239307387.0,5.133,0.78,5.032,0.765,19.476,2.961,19.919,3028.279,0.938,26.231,70.14,14.373,54.677,45.323
Hungary,2000,HUN,10190598.0,134151505450.0,11.524,1.131,58.244,5.716,72.87,7.151,280.802,27555.037,2.093,65.32,124.25,5.066,35.74,64.26
Bolivia,2000,BOL,8606330.0,34126236477.0,19.47,2.262,8.442,0.981,116.119,13.492,39.702,4613.099,1.163,34.287,54.01,12.966,38.141,61.859
Haiti,2000,HTI,8303151.0,12590117444.0,7.186,0.865,1.634,0.197,12.093,1.456,6.433,774.733,0.511,61.321,89.13,17.186,63.159,36.841
Mongolia,2000,MNG,2455182.0,7225650413.0,12.403,5.052,7.432,3.027,59.039,24.047,16.994,6921.876,2.352,84.314,80.25,27.423,43.269,56.731
Cuba,2000,CUB,11109112.0,44692111238.0,14.312,1.288,25.299,2.277,65.532,5.899,109.592,9865.099,2.452,61.024,81.95,6.601,24.365,75.635
North Macedonia,2000,MKD,2057254.0,16307994486.0,1.969,0.957,8.468,4.116,13.874,6.744,30.848,14994.607,1.892,48.565,84.01,10.096,41.508,58.492
Latvia,2000,LVA,2368320.0,26727290777.0,2.001,0.845,7.082,2.99,5.407,2.283,38.056,16068.618,1.424,25.519,79.36,4.55,31.948,68.052
Tunisia,2000,TUN,9764940.0,71818861344.0,8.125,0.832,19.436,1.99,29.797,3.051,88.907,9104.677,1.238,61.477,74.35,10.006,36.383,63.617
South Africa,2000,ZAF,47159715.0,356072104365.0,77.98,1.654,378.333,8.022,507.134,10.754,1185.383,25135.504,3.329,80.888,56.85,2.615,43.741,56.259
Benin,2000,BEN,7221618.0,12746225376.0,4.477,0.62,1.473,0.204,28.571,3.956,6.865,950.594,0.539,28.307,68.86,23.541,61.724,38.276
Slovakia,2000,SVK,5380001.0,74595099937.0,6.686,1.243,41.187,7.656,53.077,9.866,218.247,40566.387,2.926,50.728,166.3,1.587,43.894,56.106
Botswana,2000,BWA,1677384.0,13391002424.0,6.398,3.814,3.778,2.252,15.518,9.251,14.331,8543.656,1.07,45.791,100.8,2.795,46.795,53.205
Norway,2000,NOR,4490864.0,242751277829.0,8.508,1.894,42.131,9.381,56.559,12.594,583.177,129858.625,2.402,2.853,92.14,1.784,23.866,76.134
Slovenia,2000,SVN,1986817.0,43078787444.0,3.602,1.813,15.06,7.58,19.747,9.939,78.465,39492.625,1.821,25.72,98.58,3.003,49.302,50.698
Bosnia and Herzegovina,2000,BIH,4159785.0,27629709487.0,3.82,0.918,13.702,3.294,14.966,3.598,54.545,13112.501,1.974,41.602,61.63,9.001,57.446,42.554
Lebanon,2000,LBN,4329345.0,25915975238.0,1.971,0.455,15.466,3.572,17.676,4.083,59.718,13793.698,2.304,58.162,91.01,6.238,14.0,86.0
Liberia,2000,LBR,2928117.0,2767093377.0,1.487,0.508,0.402,0.137,20.213,6.903,1.891,645.785,0.683,14.193,62.82,76.075,56.229,43.771
Sierra Leone,2000,SLE,4423615.0,3156875905.0,2.866,0.648,0.271,0.061,34.78,7.862,1.846,417.366,0.585,38.93,37.5,55.014,64.467,35.533
Eswatini,2000,SWZ,1041428.0,5050303320.0,1.461,1.403,1.205,1.158,2.656,2.55,6.778,6508.233,1.342,71.105,80.14,10.138,77.159,22.841
Israel,2000,ISR,6111194.0,158656383479.0,5.777,0.945,59.519,9.739,67.736,11.084,227.371,37205.684,1.433,26.155,66.95,1.534,8.719,91.281
Gabon,2000,GAB,1275578.0,12538030035.0,20.282,15.9,6.128,4.804,39.007,30.58,9.896,7757.792,0.789,8.022,83.68,6.214,20.434,79.566
China,2000,CHN,1269581174.0,5952682232028.0,950.032,0.748,3643.81,2.87,5282.098,4.161,11800.284,9294.628,1.982,55.695,68.08,14.527,63.568,36.432
Colombia,2000,COL,39089939.0,330615619673.0,72.859,1.864,56.213,1.438,187.115,4.787,314.184,8037.474,0.95,40.432,70.61,8.306,25.651,74.349
Gambia,2000,GMB,1455095.0,1955249650.0,0.935,0.642,0.275,0.189,2.331,1.602,1.266,869.776,0.647,50.0,74.73,24.532,53.028,46.972
Poland,2000,POL,38258077.0,488207682001.0,74.009,1.934,317.306,8.294,411.605,10.759,1017.525,26596.332,2.084,60.116,83.54,3.191,38.254,61.746
Jamaica,2000,JAM,2607827.0,17441468822.0,1.159,0.444,10.314,3.955,17.195,6.593,43.29,16599.863,2.482,44.229,85.23,6.232,48.283,51.717
Algeria,2000,DZA,30903894.0,208554150552.0,65.86,2.131,84.552,2.736,156.96,5.079,299.946,9705.756,1.438,16.803,59.4,8.395,40.148,59.852
Uganda,2000,UGA,24000158.0,28839086120.0,14.323,0.597,1.361,0.057,38.395,1.6,7.266,302.736,0.252,62.619,51.91,27.509,88.359,11.641
Netherlands,2000,NLD,16058757.0,603803040978.0,29.512,1.838,172.154,10.72,220.901,13.756,1006.819,62695.977,1.667,58.045,93.21,2.311,21.517,78.483
Trinidad and Tobago,2000,TTO,1319781.0,24996996038.0,4.151,3.145,24.35,18.45,29.189,22.116,119.043,90199.227,4.762,13.06,72.94,1.357,44.071,55.929
Japan,2000,JPN,127027794.0,4209651870326.0,42.953,0.338,1260.203,9.921,1320.89,10.398,6253.324,49227.996,1.485,14.425,92.27,1.518,21.387,78.613
Ireland,2000,IRL,3802589.0,147722370991.0,22.375,5.884,45.25,11.9,81.603,21.46,173.349,45587.059,1.173,63.814,92.07,2.505,40.875,59.125
Iraq,2000,IRQ,24424060.0,83019213791.0,74.244,3.04,83.722,3.428,158.757,6.5,322.613,13208.813,3.886,19.423,106.89,4.635,32.367,67.633
Chile,2000,CHL,15503638.0,233340518904.0,23.262,1.5,58.503,3.773,104.248,6.724,307.391,19827.041,1.317,20.322,74.88,5.083,13.729,86.271
Italy,2000,ITA,57272200.0,1863751547560.0,61.303,1.07,469.598,8.199,538.479,9.402,2100.08,36668.406,1.127,52.878,114.38,2.558,32.807,67.193
Israel,2001,ISR,6259977.0,158567053954.0,5.878,0.939,63.024,10.068,71.595,11.437,227.212,36296.055,1.433,25.924,68.65,1.759,8.635,91.365
Ireland,2001,IRL,3862981.0,158384851025.0,22.753,5.89,47.608,12.324,85.589,22.156,183.168,47416.109,1.156,64.015,93.44,1.994,40.624,59.376
Italy,2001,ITA,57305760.0,1910272015654.0,58.016,1.012,469.679,8.196,530.13,9.251,2096.657,36587.203,1.098,52.422,113.5,2.482,32.725,67.275
Gabon,2001,GAB,1309594.0,13408080502.0,20.789,15.874,6.48,4.948,37.518,28.648,10.622,8111.225,0.792,8.042,84.52,6.144,19.591,80.409
Japan,2001,JPN,127260144.0,4224163277272.0,41.539,0.326,1245.935,9.79,1296.37,10.187,6185.704,48606.762,1.464,14.302,89.4,1.368,20.842,79.158
Trinidad and Tobago,2001,TTO,1325573.0,25814786793.0,4.324,3.262,26.74,20.172,31.674,23.895,126.98,95792.359,4.919,11.696,85.97,1.286,44.099,55.901
Uganda,2001,UGA,24745678.0,31387264047.0,14.557,0.588,1.417,0.057,40.003,1.617,7.419,299.816,0.236,63.12,53.88,27.85,88.099,11.901
New Zealand,2001,NZL,3891763.0,107226686179.0,36.589,9.402,34.356,8.828,113.841,29.252,227.483,58452.426,2.122,46.265,78.76,7.981,14.245,85.755
Netherlands,2001,NLD,16182705.0,620170874924.0,28.794,1.779,177.464,10.966,225.195,13.916,1045.557,64609.547,1.686,56.952,87.27,2.235,19.816,80.184
Algeria,2001,DZA,31331226.0,223420294027.0,57.163,1.824,86.019,2.745,150.513,4.804,310.813,9920.229,1.391,16.84,57.93,8.886,39.382,60.618
Jamaica,2001,JAM,2624410.0,17823908809.0,1.162,0.443,10.576,4.03,15.409,5.872,43.982,16758.637,2.468,44.229,86.62,6.121,48.066,51.934
Iraq,2001,IRQ,25197842.0,97219510326.0,75.548,2.998,96.802,3.842,179.613,7.128,360.394,14302.593,3.707,19.403,115.34,6.931,32.248,67.752
Poland,2001,POL,38247359.0,499086644170.0,71.262,1.863,313.267,8.191,396.47,10.366,1010.456,26418.986,2.025,58.076,83.14,3.325,38.244,61.756
Gambia,2001,GMB,1495023.0,2082662873.0,0.861,0.576,0.3,0.201,2.103,1.407,1.379,922.146,0.662,47.826,75.84,25.426,51.651,48.349
China,2001,CHN,1278725061.0,6329737256820.0,957.323,0.749,3724.114,2.912,5282.242,4.131,12470.063,9751.95,1.97,55.758,69.41,13.822,62.34,37.66
Mauritania,2001,MRT,2678766.0,5040767611.0,6.706,2.503,1.172,0.438,11.844,4.421,5.198,1940.382,1.031,38.527,75.12,24.869,61.893,38.107
Eswatini,2001,SWZ,1051066.0,5125500508.0,1.401,1.332,1.099,1.046,2.152,2.048,6.905,6569.679,1.347,71.163,73.05,9.982,77.29,22.71
Sierra Leone,2001,SLE,4692715.0,3731874073.0,2.99,0.637,0.374,0.08,55.928,11.918,2.324,495.191,0.623,41.584,25.58,45.791,64.236,35.764
United Arab Emirates,2001,ARE,3723596.0,177271829556.0,23.581,6.333,101.896,27.365,126.727,34.033,541.566,145441.672,3.055,7.913,45.79,2.238,20.253,79.747
Lebanon,2001,LBN,4401923.0,27854825604.0,2.041,0.464,16.407,3.727,19.018,4.32,63.987,14536.152,2.297,58.456,89.62,5.863,13.855,86.145
Benin,2001,BEN,7445599.0,13306904218.0,4.009,0.538,1.689,0.227,29.252,3.929,7.845,1053.653,0.59,28.907,69.18,25.048,61.381,38.619
Bosnia and Herzegovina,2001,BIH,4179446.0,27937499205.0,3.81,0.911,13.263,3.173,13.986,3.346,53.937,12905.365,1.931,41.523,57.56,9.121,57.124,42.876
Slovenia,2001,SVN,1989684.0,44148368411.0,3.626,1.823,16.309,8.197,21.474,10.793,82.23,41328.18,1.863,25.323,118.6,2.722,49.24,50.76
Norway,2001,NOR,4513650.0,255455331302.0,9.249,2.049,43.519,9.642,58.866,13.042,519.16,115019.922,2.032,2.867,90.73,1.545,23.604,76.396
Croatia,2001,HRV,4301079.0,57633269426.0,3.547,0.825,20.776,4.83,17.604,4.093,101.516,23602.438,1.761,21.069,68.84,4.963,44.309,55.691
Singapore,2001,SGP,4116169.0,152550774197.0,2.214,0.538,38.525,9.359,49.493,12.024,500.721,121647.219,3.282,1.791,60.0,0.082,0.0,100.0
Botswana,2001,BWA,1712264.0,13725120137.0,7.95,4.643,3.847,2.247,18.93,11.056,15.024,8774.433,1.095,45.526,107.63,2.59,45.951,54.049
Slovakia,2001,SVK,5379439.0,76744257548.0,6.706,1.247,43.273,8.044,55.529,10.323,224.558,41743.789,2.926,46.881,158.95,1.985,44.003,55.997
Guinea-Bissau,2001,GNB,1261281.0,1520990575.0,1.577,1.25,0.048,0.038,5.215,4.135,1.015,804.847,0.667,23.882,69.91,36.766,62.837,37.163
Tunisia,2001,TUN,9869679.0,75444595962.0,8.201,0.831,20.261,2.053,31.054,3.146,98.733,10003.666,1.309,61.142,77.08,9.422,36.046,63.954
Latvia,2001,LVA,2338299.0,28242589693.0,2.026,0.866,7.497,3.206,6.975,2.983,40.966,17519.527,1.451,25.407,78.7,4.481,31.984,68.016
North Macedonia,2001,MKD,2066300.0,15872667390.0,1.92,0.929,8.292,4.013,14.244,6.894,29.025,14046.638,1.829,48.84,84.35,9.745,41.906,58.094
Cuba,2001,CUB,11144134.0,47301967982.0,14.091,1.264,24.681,2.215,52.818,4.74,100.938,9057.511,2.134,61.974,77.79,6.38,24.112,75.888
Mongolia,2001,MNG,2477704.0,7799420655.0,10.663,4.303,7.804,3.15,51.073,20.613,16.86,6804.768,2.162,84.093,62.27,22.969,42.784,57.216
Haiti,2001,HTI,8455917.0,12654293375.0,7.25,0.857,1.466,0.173,11.667,1.38,7.036,832.124,0.556,60.595,91.28,16.451,61.613,38.387
Bolivia,2001,BOL,8752740.0,34794954024.0,18.241,2.084,8.752,1.0,114.616,13.095,33.025,3773.15,0.949,34.299,54.18,13.256,37.663,62.337
Hungary,2001,HUN,10166693.0,142043461403.0,11.196,1.101,59.828,5.885,74.138,7.292,287.644,28292.807,2.025,65.443,118.03,5.029,35.353,64.647
Honduras,2001,HND,6757992.0,21992955509.0,5.299,0.784,5.665,0.838,25.884,3.83,22.901,3388.764,1.041,26.24,69.6,13.166,54.138,45.862
Laos,2001,LAO,5521481.0,13005702889.0,6.561,1.188,1.059,0.192,51.069,9.249,5.372,972.886,0.413,7.977,78.09,32.683,76.627,23.373
South Africa,2001,ZAF,47566805.0,374889022813.0,77.52,1.63,371.602,7.812,497.552,10.46,1191.536,25049.746,3.178,80.796,58.3,2.812,42.999,57.001
Mozambique,2001,MOZ,18537735.0,20943673338.0,11.826,0.638,1.554,0.084,84.124,4.538,13.693,738.629,0.654,47.905,81.95,18.226,70.586,29.414
Ethiopia,2001,ETH,69487767.0,52434129516.0,58.4,0.84,4.265,0.061,128.049,1.843,17.023,244.971,0.325,30.559,53.14,42.341,84.882,15.118
Burkina Faso,2001,BFA,12294996.0,15179805834.0,12.138,0.987,1.064,0.087,35.983,2.927,4.626,376.25,0.305,41.451,67.68,26.92,81.141,18.859
Senegal,2001,SEN,10212941.0,21256566387.0,8.283,0.811,4.258,0.417,14.372,1.407,21.691,2123.851,1.02,45.702,57.92,16.252,59.124,40.876
Lesotho,2001,LSO,2000859.0,3838921434.0,1.716,0.858,1.872,0.936,4.089,2.043,1.924,961.376,0.501,76.877,102.38,8.299,80.102,19.898
Liberia,2001,LBR,3015343.0,3200677181.0,1.482,0.491,0.414,0.137,20.297,6.731,2.017,668.841,0.63,14.507,63.58,76.534,55.849,44.151
Oman,2001,OMN,2310223.0,64949142360.0,26.549,11.492,22.512,9.744,49.719,21.521,123.192,53324.789,1.897,3.792,45.88,2.045,28.482,71.518
Moldova,2001,MDA,4189769.0,13087722618.0,2.269,0.542,3.787,0.904,5.948,1.42,32.133,7669.354,2.455,77.22,94.46,22.42,60.326,39.674
Ukraine,2001,UKR,49106854.0,281110336028.0,78.868,1.606,303.876,6.188,407.719,8.303,1562.9,31826.52,5.56,71.434,99.23,13.976,32.725,67.275
Malawi,2001,MWI,11593057.0,10808318915.0,3.674,0.317,0.777,0.067,20.135,1.737,4.657,401.729,0.431,51.23,28.98,29.346,85.22,14.78
Saudi Arabia,2001,SAU,17041405.0,506978101388.0,71.614,4.202,324.374,19.034,395.161,23.188,1422.332,83463.328,2.806,80.844,76.88,5.135,19.845,80.155
Brazil,2001,BRA,176301201.0,1785513006345.0,429.615,2.437,346.166,1.963,2783.375,15.788,2304.051,13068.835,1.29,27.33,63.44,4.801,18.404,81.596
Bulgaria,2001,BGR,7928455.0,68877651140.0,11.138,1.405,49.02,6.183,56.663,7.147,224.567,28324.223,3.26,49.697,112.14,10.603,30.803,69.197
Seychelles,2001,SYC,84621.0,1137693046.0,0.049,0.584,0.341,4.027,0.41,4.846,4.046,47809.285,3.556,8.696,150.46,2.638,56.783,43.217
Guinea,2001,GIN,8539963.0,8530150477.0,9.71,1.137,1.517,0.178,36.399,4.262,7.417,868.492,0.869,57.23,45.14,14.911,68.782,31.218
Cote d'Ivoire,2001,CIV,18178920.0,42194161007.0,8.636,0.475,7.653,0.421,57.358,3.155,32.803,1804.471,0.777,60.584,68.4,17.277,56.533,43.467
Cyprus,2001,CYP,964129.0,19289559263.0,0.488,0.507,6.98,7.239,6.976,7.235,30.61,31748.504,1.587,15.152,119.02,3.861,31.198,68.802
Venezuela,2001,VEN,24979934.0,343312598582.0,72.392,2.898,130.618,5.229,246.972,9.887,817.002,32706.316,2.38,24.531,95.59,4.232,11.627,88.373
Estonia,2001,EST,1388174.0,24618992841.0,2.541,1.831,15.87,11.432,15.038,10.833,57.846,41670.422,2.35,20.996,86.21,3.496,32.607,67.393
Kuwait,2001,KWT,2008127.0,75867443155.0,29.272,14.577,59.119,29.44,89.088,44.364,219.821,109465.539,2.897,8.474,36.25,0.447,0.765,99.235
Kyrgyzstan,2001,KGZ,5071960.0,16336535537.0,4.2,0.828,3.857,0.76,13.532,2.668,41.428,8168.012,2.536,56.184,82.85,34.541,64.684,35.316
Spain,2001,ESP,41245602.0,1147959133197.0,46.678,1.132,311.031,7.541,367.158,8.902,1587.078,38478.723,1.383,59.215,90.24,3.674,23.684,76.316
Iceland,2001,ISL,285058.0,9632094658.0,0.62,2.176,2.865,10.051,4.091,14.352,33.6,117870.156,3.488,18.843,78.65,7.383,7.955,92.045
Morocco,2001,MAR,28814646.0,146692867628.0,19.077,0.662,36.809,1.277,61.019,2.118,126.905,4404.2,0.865,68.048,58.69,11.876,46.103,53.897
Hong Kong,2001,HKG,6774243.0,219159408785.0,4.123,0.609,37.289,5.504,42.083,6.212,249.42,36818.906,1.138,6.667,105.92,0.089,0.0,100.0
Belarus,2001,BLR,9938068.0,94624119098.0,16.249,1.635,54.105,5.444,87.376,8.792,247.911,24945.643,2.62,45.0,65.94,10.35,29.685,70.315
Belgium,2001,BEL,10287005.0,349015220419.0,14.311,1.391,126.085,12.257,150.412,14.622,736.859,71630.055,2.111,45.719,98.36,1.109,17.664,82.336
South Korea,2001,KOR,47043467.0,1127616204375.0,29.549,0.628,455.631,9.685,494.65,10.515,2315.477,49219.945,2.053,20.105,73.98,3.427,20.121,79.879
Zambia,2001,ZMB,10325186.0,16519069217.0,13.676,1.325,1.886,0.183,66.04,6.396,14.649,1418.795,0.887,30.341,49.9,15.527,64.115,35.885
Kenya,2001,KEN,31619170.0,62956470966.0,24.417,0.772,9.224,0.292,54.613,1.727,39.857,1260.534,0.633,47.157,66.06,27.849,79.558,20.442
Czechia,2001,CZE,10231942.0,181753179328.0,14.164,1.384,127.165,12.428,142.29,13.906,485.272,47427.164,2.67,55.364,128.32,3.188,26.087,73.913
Nigeria,2001,NGA,129862594.0,293371700731.0,285.049,2.195,100.218,0.772,532.807,4.103,244.256,1880.878,0.833,71.995,81.1,24.475,55.874,44.126
Uzbekistan,2001,UZB,25090289.0,119890046302.0,33.779,1.346,126.223,5.031,171.778,6.846,596.154,23760.346,4.973,62.685,42.35,29.974,51.51,48.49
Yemen,2001,YEM,20226146.0,75472904917.0,13.038,0.645,17.194,0.85,34.785,1.72,64.713,3199.455,0.857,44.69,54.53,14.939,72.897,27.103
Turkey,2001,TUR,66245125.0,732284634333.0,54.26,0.819,216.872,3.274,309.57,4.673,784.469,11841.918,1.071,53.231,53.48,8.772,40.128,59.872
Greece,2001,GRC,10843166.0,234861781413.0,13.884,1.28,105.361,9.717,122.429,11.291,376.025,34678.547,1.601,65.462,110.13,5.362,27.154,72.846
Lithuania,2001,LTU,3473008.0,39077069410.0,4.214,1.213,12.594,3.626,10.847,3.123,90.348,26014.41,2.312,46.203,90.11,4.865,33.071,66.929
Guatemala,2001,GTM,11969423.0,70402333033.0,9.892,0.826,10.147,0.848,88.044,7.356,44.671,3732.099,0.635,45.018,45.66,14.172,55.322,44.678
Luxembourg,2001,LUX,441754.0,22387796714.0,0.647,1.464,9.205,20.838,10.333,23.391,39.867,90246.359,1.781,49.719,86.05,0.56,15.183,84.817
Pakistan,2001,PAK,159270910.0,477964444881.0,114.965,0.722,105.401,0.662,267.98,1.683,495.15,3108.855,1.036,47.961,54.74,24.145,66.801,33.199
Barbados,2001,BRB,262429.0,3330849682.0,0.208,0.792,1.307,4.982,1.557,5.933,6.97,26557.926,2.092,41.86,80.88,2.118,37.695,62.305
United States,2001,USA,284279634.0,13073810008320.0,776.109,2.73,5903.562,20.767,6976.344,24.54,25918.357,91172.055,1.982,45.29,89.11,1.129,20.691,79.309
Sweden,2001,SWE,8896018.0,308398096624.0,10.946,1.23,55.782,6.27,71.973,8.091,695.756,78209.859,2.256,7.497,105.25,1.792,15.917,84.083
Switzerland,2001,CHE,7226391.0,325520166982.0,5.86,0.811,45.085,6.239,54.617,7.558,389.127,53847.977,1.195,39.541,93.32,0.921,26.624,73.376
Niger,2001,NER,11920648.0,8079568499.0,11.844,0.994,0.646,0.054,27.421,2.3,3.249,272.511,0.402,29.999,66.81,40.182,83.731,16.269
El Salvador,2001,SLV,5968058.0,32499941192.0,3.794,0.636,5.829,0.977,12.149,2.036,26.424,4427.587,0.813,61.665,79.32,6.686,42.547,57.453
Myanmar,2001,MMR,45771140.0,92175090616.0,55.609,1.215,8.856,0.193,191.043,4.174,40.692,889.03,0.441,16.738,20.34,57.069,72.289,27.711
Rwanda,2001,RWA,8287091.0,8517814124.0,2.888,0.348,0.519,0.063,8.78,1.059,2.677,322.997,0.314,76.895,42.76,31.794,83.451,16.549
Germany,2001,DEU,81933882.0,2793373055251.0,96.953,1.183,915.255,11.171,1053.208,12.854,4062.799,49586.312,1.454,48.822,89.83,1.083,19.893,80.107
Uruguay,2001,URY,3274257.0,40598224745.0,20.459,6.249,5.041,1.539,31.501,9.621,34.051,10399.644,0.839,85.487,72.08,5.587,8.624,91.376
Burundi,2001,BDI,6634368.0,4722946125.0,2.191,0.33,0.205,0.031,6.355,0.958,1.176,177.225,0.249,72.079,52.21,43.843,91.759,8.241
Madagascar,2001,MDG,17032933.0,20850416898.0,19.283,1.132,1.747,0.103,115.858,6.802,8.361,490.901,0.401,70.232,82.31,29.851,74.692,25.308
Costa Rica,2001,CRI,4008951.0,37338984417.0,4.041,1.008,5.638,1.406,15.529,3.874,29.612,7386.503,0.793,35.899,73.25,8.38,39.857,60.143
Congo,2001,COG,3272542.0,13249308227.0,15.634,4.777,4.178,1.277,38.92,11.893,4.098,1252.23,0.309,30.865,44.26,5.8,40.558,59.442
Finland,2001,FIN,5187970.0,173703951475.0,10.263,1.978,62.52,12.051,96.797,18.658,366.894,70720.078,2.112,7.295,97.47,2.765,32.502,67.498
Mexico,2001,MEX,100099101.0,1251502726420.0,124.883,1.248,407.485,4.071,653.466,6.528,1680.273,16786.094,1.343,54.811,75.38,3.225,24.709,75.291
Sri Lanka,2001,LKA,19600361.0,111509565283.0,8.712,0.444,10.158,0.518,31.491,1.607,52.033,2654.694,0.467,37.49,62.46,20.067,85.426,14.574
Bangladesh,2001,BGD,136805810.0,213164797419.0,74.105,0.542,31.064,0.227,128.719,0.941,155.691,1138.044,0.73,72.236,47.29,21.848,76.3,23.7
India,2001,IND,1077898579.0,2940745466088.0,689.962,0.64,1001.198,0.929,2000.273,1.856,3740.874,3470.525,1.272,60.705,51.86,21.619,72.097,27.903
Iran,2001,IRN,67452005.0,636570203280.0,121.263,1.798,389.912,5.781,539.502,7.998,1492.142,22121.531,2.344,39.185,75.51,8.311,34.783,65.217
Syria,2001,SYR,17051337.0,125631935247.0,26.587,1.559,51.343,3.011,81.565,4.783,208.393,12221.478,1.659,74.671,90.39,25.298,47.715,52.285
Jordan,2001,JOR,5498900.0,38405924481.0,2.408,0.438,15.858,2.884,19.178,3.488,63.607,11567.229,1.656,11.582,57.33,1.953,21.71,78.29
Nicaragua,2001,NIC,5087827.0,14579899402.0,7.112,1.398,3.909,0.768,88.313,17.358,16.666,3275.757,1.143,43.003,49.02,16.813,44.648,55.352
Democratic Republic of Congo,2001,COD,52132646.0,21977293171.0,24.63,0.472,1.647,0.032,224.64,4.309,8.981,172.268,0.409,11.27,94.12,32.871,64.585,35.415
Cape Verde,2001,CPV,460300.0,1663976329.0,0.172,0.373,0.348,0.756,0.658,1.43,1.509,3277.761,0.907,18.362,97.99,11.416,45.224,54.776
Russia,2001,RUS,146117290.0,1662886727147.0,314.789,2.154,1518.081,10.389,1968.043,13.469,7328.268,50153.324,4.407,13.239,77.28,5.876,26.77,73.23
Romania,2001,ROU,21919916.0,173763436827.0,21.909,0.999,98.928,4.513,127.342,5.809,425.105,19393.555,2.446,64.42,101.53,13.15,47.235,52.765
Cambodia,2001,KHM,12658486.0,21587210573.0,16.848,1.331,2.235,0.177,64.071,5.062,9.43,744.975,0.437,27.702,99.84,32.965,81.281,18.719
Ghana,2001,GHA,20167073.0,43462708607.0,8.627,0.428,5.969,0.296,39.435,1.955,28.597,1417.986,0.658,56.685,59.56,35.242,55.359,44.641
Vietnam,2001,VNM,77969357.0,234846323475.0,74.062,0.95,60.983,0.782,289.003,3.707,242.045,3104.359,1.031,30.483,44.47,23.241,75.051,24.949
Panama,2001,PAN,3069545.0,28943056968.0,3.51,1.144,6.909,2.251,25.574,8.332,63.17,20579.553,2.183,30.137,66.85,6.695,37.366,62.634
Cameroon,2001,CMR,15309489.0,33173869115.0,20.368,1.33,5.562,0.363,62.2,4.063,16.726,1092.551,0.504,19.378,68.58,18.621,53.237,46.763
Kazakhstan,2001,KAZ,15575550.0,162896083567.0,34.125,2.191,138.036,8.862,124.536,7.996,416.192,26720.834,2.555,79.448,67.2,8.725,44.219,55.781
Azerbaijan,2001,AZE,8251776.0,36862177017.0,7.445,0.902,28.415,3.444,39.851,4.829,127.227,15418.192,3.451,57.45,53.95,14.837,48.842,51.158
Indonesia,2001,IDN,219097905.0,1185220908414.0,201.118,0.918,316.759,1.446,1168.101,5.331,1246.685,5690.083,1.052,24.203,56.63,15.995,57.098,42.902
Australia,2001,AUS,19365438.0,713890072308.0,197.299,10.188,357.668,18.469,736.087,38.01,1315.385,67924.375,1.843,59.318,91.26,3.502,14.852,85.148
Tanzania,2001,TZA,35198303.0,42445346863.0,31.889,0.906,3.041,0.086,95.579,2.715,15.075,428.278,0.355,38.496,51.07,25.809,77.404,22.596
Ecuador,2001,ECU,12910736.0,90060703680.0,20.85,1.615,23.436,1.815,66.875,5.18,105.483,8170.174,1.171,31.346,67.67,10.47,38.988,61.012
Egypt,2001,EGY,74652035.0,475679003242.0,48.443,0.649,126.372,1.693,194.289,2.603,593.314,7947.725,1.247,3.353,67.34,15.351,57.216,42.784
Denmark,2001,DNK,5358825.0,211243390442.0,9.866,1.841,55.897,10.431,71.209,13.288,237.217,44266.516,1.123,66.9,102.3,2.31,14.812,85.188
France,2001,FRA,59905131.0,2077786711965.0,86.257,1.44,411.592,6.871,478.636,7.99,3143.046,52467.066,1.513,55.132,104.21,2.002,23.093,76.907
Colombia,2001,COL,39709263.0,336096684249.0,74.161,1.868,56.465,1.422,165.278,4.162,316.865,7979.616,0.943,37.625,71.3,8.321,25.206,74.794
Chad,2001,TCD,8804122.0,6336850686.0,22.736,2.582,0.506,0.057,45.544,5.173,0.991,112.519,0.156,38.699,45.95,40.295,78.322,21.678
Malaysia,2001,MYS,23526535.0,309934494308.0,23.313,0.991,130.89,5.564,265.493,11.285,626.892,26646.164,2.023,21.144,50.5,8.011,36.982,63.018
Canada,2001,CAN,31213578.0,1161459919261.0,121.985,3.908,558.981,17.908,947.803,30.365,3572.098,114440.516,3.076,6.838,97.71,2.118,21.159,78.841
Comoros,2001,COM,547221.0,680582090.0,0.301,0.55,0.106,0.194,0.54,0.986,0.453,828.73,0.666,69.855,95.82,29.376,72.01,27.99
Mauritius,2001,MUS,1225807.0,17203931989.0,0.537,0.438,2.862,2.334,3.643,2.972,16.344,13332.863,0.95,50.246,69.19,6.066,58.117,41.883
Paraguay,2001,PRY,5187690.0,27438613750.0,18.229,3.514,3.687,0.711,83.165,16.031,20.341,3921.103,0.741,42.494,55.78,11.373,42.031,57.969
Namibia,2001,NAM,1857059.0,11455708939.0,5.084,2.738,2.231,1.202,13.223,7.12,11.982,6452.129,1.046,47.152,112.18,9.675,67.142,32.858
Thailand,2001,THA,63651137.0,596448007832.0,84.285,1.324,172.267,2.706,343.759,5.401,782.208,12288.995,1.311,43.039,70.48,8.579,67.257,32.743
Argentina,2001,ARG,37624817.0,514867255248.0,113.092,3.006,135.004,3.588,319.058,8.48,687.341,18268.281,1.335,46.993,80.46,4.569,10.632,89.368
Georgia,2001,GEO,4209641.0,24543619701.0,3.451,0.82,3.723,0.884,4.635,1.101,26.004,6177.133,1.059,43.215,137.94,20.962,47.59,52.41
Portugal,2001,PRT,10354329.0,244348167969.0,12.105,1.169,65.187,6.296,81.964,7.916,298.777,28855.318,1.223,42.118,100.84,2.961,44.932,55.068
Mali,2001,MLI,11912162.0,14257391001.0,13.68,1.148,1.161,0.098,49.723,4.174,4.138,347.357,0.29,32.215,79.69,26.433,80.682,19.318
Qatar,2001,QAT,677934.0,34920337897.0,23.291,34.355,45.914,67.727,69.435,102.421,129.628,191210.297,3.712,5.711,54.04,0.376,3.533,96.467
Turkmenistan,2001,TKM,4675416.0,22282743473.0,16.317,3.49,34.034,7.279,63.402,13.561,151.922,32493.838,6.818,75.543,55.6,23.098,53.628,46.372
United Kingdom,2001,GBR,59288095.0,1939268312671.0,97.011,1.636,577.971,9.749,715.181,12.063,2691.806,45402.137,1.388,70.074,89.1,0.758,20.016,79.984
Austria,2001,AUT,8042233.0,285335695766.0,11.377,1.415,70.191,8.728,83.539,10.387,406.593,50557.285,1.425,35.338,93.29,1.708,33.159,66.841
Tajikistan,2001,TJK,6407376.0,11697951502.0,3.274,0.511,2.287,0.357,7.327,1.144,33.329,5201.65,2.849,32.674,27.15,23.808,73.465,26.535
Chile,2001,CHL,15683852.0,239642803054.0,23.345,1.488,52.918,3.374,101.149,6.449,313.345,19978.824,1.308,20.376,79.52,4.062,13.509,86.491
Albania,2001,ALB,3147943.0,16103903904.0,3.473,1.103,3.221,1.023,7.202,2.288,20.096,6383.707,1.248,41.569,82.22,20.452,57.645,42.355
Togo,2001,TGO,4904135.0,5728350754.0,3.084,0.629,1.159,0.236,8.931,1.821,4.013,818.325,0.701,62.879,75.3,15.164,66.45,33.55
Dominican Republic,2001,DOM,8720287.0,58288496906.0,7.391,0.848,19.083,2.188,32.329,3.707,82.661,9479.191,1.418,52.06,81.75,6.998,37.702,62.298
Dominica,2001,DMA,68299.0,411786964.0,0.052,0.762,0.11,1.609,0.176,2.573,0.512,7494.75,1.243,29.333,93.75,11.216,34.641,65.359
Nepal,2001,NPL,24946755.0,41523111510.0,22.361,0.896,3.236,0.13,47.668,1.911,11.929,478.171,0.287,29.71,65.37,35.248,67.191,32.809
Zimbabwe,2001,ZWE,11971904.0,26781181341.0,12.424,1.038,12.509,1.045,56.093,4.685,48.946,4088.377,1.828,39.282,99.49,15.629,67.5,32.5
Philippines,2001,PHL,81401488.0,339580401272.0,61.024,0.75,69.799,0.857,175.337,2.154,300.852,3695.904,0.886,37.509,66.64,13.303,60.462,39.538
Malta,2001,MLT,402788.0,8019470830.0,0.167,0.415,2.737,6.794,2.94,7.299,20.395,50635.199,2.543,31.25,136.97,2.173,6.638,93.362
Peru,2001,PER,26964610.0,130005019162.0,26.732,0.991,25.26,0.937,133.571,4.954,146.076,5417.318,1.124,17.979,49.76,7.894,26.843,73.157
Uzbekistan,2002,UZB,25399987.0,122757832356.0,40.078,1.578,132.577,5.22,183.838,7.238,611.154,24061.184,4.979,62.045,43.37,30.123,50.743,49.257
Czechia,2002,CZE,10239474.0,187044887124.0,14.02,1.369,123.988,12.109,137.871,13.465,486.757,47537.262,2.602,47.264,123.95,2.646,26.164,73.836
Kenya,2002,KEN,32629809.0,64478127960.0,25.418,0.779,7.819,0.24,56.283,1.725,40.693,1247.103,0.631,47.12,71.77,25.854,78.141,21.859
Zimbabwe,2002,ZWE,12087661.0,24872482259.0,11.27,0.932,11.896,0.984,49.243,4.074,47.186,3903.67,1.897,39.879,91.17,12.568,67.437,32.563
Israel,2002,ISR,6387714.0,158018046039.0,5.957,0.933,59.305,9.284,67.921,10.633,231.783,36285.676,1.467,26.017,73.19,1.816,8.556,91.444
China,2002,CHN,1286866835.0,6814493895929.0,961.78,0.747,4098.181,3.185,5600.191,4.352,13580.491,10553.145,1.993,55.821,71.34,13.129,60.91,39.09
Gambia,2002,GMB,1535700.0,2108436308.0,0.855,0.557,0.3,0.196,2.14,1.394,1.373,893.924,0.651,48.518,78.52,24.125,50.427,49.573
Poland,2002,POL,38229407.0,514089670231.0,69.222,1.811,305.852,8.0,380.704,9.958,999.579,26146.867,1.944,55.173,86.31,2.809,38.242,61.758
Thailand,2002,THA,64266433.0,630177413705.0,83.555,1.3,184.665,2.873,355.795,5.536,847.941,13194.149,1.346,43.221,74.44,8.692,65.927,34.073
Norway,2002,NOR,4538016.0,267081351259.0,9.62,2.12,42.571,9.381,58.147,12.813,543.437,119752.211,2.035,2.864,90.65,1.474,23.204,76.796
Switzerland,2002,CHE,7278744.0,331802188855.0,5.77,0.793,43.467,5.972,52.404,7.2,362.244,49767.43,1.092,39.466,93.94,0.934,26.58,73.42
Sweden,2002,SWE,8925045.0,317463771012.0,11.161,1.251,56.634,6.345,72.766,8.153,649.472,72769.648,2.046,7.708,105.62,1.752,15.866,84.134
Indonesia,2002,IDN,222088499.0,1244249942443.0,199.735,0.899,308.201,1.388,1482.271,6.674,1281.019,5768.058,1.03,24.522,62.92,16.32,56.218,43.782
Togo,2002,TGO,5027128.0,5709447507.0,3.267,0.65,1.322,0.263,8.839,1.758,4.391,873.426,0.769,63.247,77.47,15.74,65.999,34.001
Gabon,2002,GAB,1345142.0,13745891364.0,20.128,14.964,6.25,4.647,37.932,28.199,10.577,7863.207,0.769,8.061,85.54,5.744,18.779,81.221
Chile,2002,CHL,15857926.0,243288829547.0,23.02,1.452,54.836,3.458,98.891,6.236,320.801,20229.719,1.319,20.934,78.36,4.065,13.389,86.611
Japan,2002,JPN,127484599.0,4226576076119.0,40.553,0.318,1275.42,10.005,1320.563,10.359,6165.896,48365.816,1.459,14.198,92.38,1.376,19.453,80.547
New Zealand,2002,NZL,3951116.0,112775904669.0,37.43,9.473,34.519,8.737,103.565,26.212,235.292,59550.859,2.086,45.666,78.56,5.853,14.194,85.806
Bangladesh,2002,BGD,138933659.0,226285297151.0,75.264,0.542,32.007,0.23,130.745,0.941,156.245,1124.599,0.69,71.852,49.02,20.584,75.887,24.113
Spain,2002,ESP,41755703.0,1191323484900.0,47.206,1.131,331.028,7.928,392.943,9.411,1614.626,38668.391,1.355,58.951,92.97,3.482,23.507,76.493
Kuwait,2002,KWT,2059983.0,83636154969.0,29.296,14.221,60.114,29.182,90.161,43.768,232.87,113044.562,2.784,8.474,38.86,0.517,0.491,99.509
United States,2002,USA,287084335.0,13307343638671.0,757.572,2.639,5947.819,20.718,7059.111,24.589,26297.27,91601.203,1.976,45.085,89.46,0.974,20.454,79.546
Barbados,2002,BRB,264155.0,3319030722.0,0.196,0.742,1.317,4.985,1.553,5.878,7.016,26561.965,2.114,39.535,76.9,1.89,38.034,61.966
Uganda,2002,UGA,25532872.0,33626854165.0,15.12,0.592,1.443,0.056,41.001,1.606,7.515,294.333,0.223,64.121,61.18,23.433,87.797,12.203
Moldova,2002,MDA,4142937.0,13857813762.0,2.378,0.574,4.052,0.978,6.185,1.493,34.809,8401.969,2.512,77.068,98.88,21.022,60.379,39.621
Oman,2002,OMN,2337144.0,68131998222.0,27.148,11.616,26.979,11.544,54.763,23.432,131.161,56120.254,1.925,4.114,44.94,2.026,28.499,71.501
Singapore,2002,SGP,4146898.0,157982989858.0,2.445,0.59,40.208,9.696,43.858,10.576,482.24,116289.367,3.052,1.778,81.36,0.071,0.0,100.0
Liberia,2002,LBR,3094793.0,3998735673.0,1.534,0.496,0.432,0.14,20.923,6.761,1.989,642.845,0.498,14.821,64.51,79.042,55.433,44.567
Lesotho,2002,LSO,1994686.0,3773087839.0,1.605,0.805,1.905,0.955,4.981,2.497,1.949,977.28,0.517,75.889,94.02,6.395,79.507,20.493
Guinea-Bissau,2002,GNB,1289317.0,1507700424.0,1.614,1.252,0.062,0.048,4.786,3.712,1.037,804.351,0.688,24.182,70.18,35.276,62.527,37.473
Slovakia,2002,SVK,5377685.0,80059373942.0,6.593,1.226,42.034,7.816,54.754,10.182,226.427,42104.883,2.828,46.507,170.08,1.909,44.122,55.878
Croatia,2002,HRV,4305783.0,61317061359.0,3.53,0.82,21.916,5.09,18.982,4.408,101.622,23601.307,1.657,21.122,67.51,4.842,44.325,55.675
Angola,2002,AGO,17327701.0,31389808151.0,55.955,3.229,16.08,0.928,137.304,7.924,35.314,2038.03,1.125,35.645,70.71,9.387,47.107,52.893
Trinidad and Tobago,2002,TTO,1332017.0,27665233734.0,4.545,3.412,28.683,21.533,34.024,25.543,141.287,106069.664,5.107,11.696,104.5,1.398,44.17,55.83
Chad,2002,TCD,9116195.0,6982839457.0,24.469,2.684,0.531,0.058,50.595,5.55,0.978,107.27,0.14,38.699,48.49,37.903,78.299,21.701
France,2002,FRA,60327247.0,2107316572579.0,84.895,1.407,407.027,6.747,471.031,7.808,3118.919,51700.012,1.48,54.941,105.22,1.904,22.746,77.254
Colombia,2002,COL,40324684.0,344517683680.0,74.683,1.852,55.417,1.374,211.33,5.241,316.936,7859.605,0.92,37.501,72.17,8.51,24.808,75.192
Turkmenistan,2002,TKM,4769473.0,26092440396.0,18.836,3.949,30.131,6.317,64.043,13.428,130.345,27329.037,4.996,75.224,63.25,20.933,53.408,46.592
Qatar,2002,QAT,711215.0,41661485450.0,22.548,31.703,45.175,63.518,67.992,95.6,161.899,227637.844,3.886,5.659,67.48,0.257,3.358,96.642
Mali,2002,MLI,12288051.0,14544531770.0,14.025,1.141,1.209,0.098,77.108,6.275,4.004,325.864,0.275,32.523,84.97,27.477,80.321,19.679
Portugal,2002,PRT,10413045.0,247190712485.0,12.164,1.168,69.583,6.682,82.828,7.954,296.891,28511.492,1.201,42.379,104.83,2.723,44.211,55.789
Azerbaijan,2002,AZE,8326141.0,40295217200.0,7.346,0.882,28.57,3.431,39.97,4.801,125.609,15086.057,3.117,57.432,56.78,13.955,48.786,51.214
Bolivia,2002,BOL,8900358.0,35770128530.0,19.599,2.202,10.415,1.17,126.874,14.255,36.365,4085.756,1.017,34.442,56.38,12.955,37.181,62.819
Slovenia,2002,SVN,1991571.0,45659924240.0,3.827,1.921,16.571,8.321,21.722,10.907,81.8,41073.066,1.792,25.074,125.13,2.894,49.226,50.774
Bosnia and Herzegovina,2002,BIH,4188006.0,28997438498.0,3.766,0.899,14.173,3.384,16.985,4.056,54.334,12973.768,1.874,41.465,57.95,8.874,56.802,43.198
Lebanon,2002,LBN,4463505.0,29771684188.0,2.129,0.477,16.244,3.639,19.091,4.277,63.303,14182.44,2.126,60.215,99.96,5.663,13.706,86.294
Benin,2002,BEN,7675430.0,13793055302.0,4.321,0.563,2.11,0.275,30.527,3.977,9.044,1178.301,0.656,29.863,72.66,25.383,60.996,39.004
United Kingdom,2002,GBR,59540764.0,1983994308619.0,92.26,1.55,560.273,9.41,693.542,11.648,2630.84,44185.527,1.326,70.169,91.64,0.9,19.885,80.115
Jordan,2002,JOR,5616077.0,41327374100.0,2.497,0.445,16.707,2.975,20.157,3.589,66.716,11879.504,1.614,11.616,57.96,2.192,21.703,78.297
Eswatini,2002,SWZ,1059456.0,5280506497.0,1.482,1.399,1.081,1.02,1.983,1.872,6.981,6589.496,1.322,71.163,86.64,10.325,77.431,22.569
Georgia,2002,GEO,4127854.0,25794086372.0,3.509,0.85,3.347,0.811,11.656,2.824,30.491,7386.652,1.182,43.229,143.88,19.241,47.587,52.413
Cape Verde,2002,CPV,467056.0,1787222988.0,0.177,0.378,0.385,0.824,0.674,1.443,1.641,3513.47,0.918,18.61,96.16,10.351,44.43,55.57
Nigeria,2002,NGA,133471995.0,344836483316.0,242.577,1.817,89.906,0.674,460.567,3.451,250.952,1880.187,0.728,72.143,85.71,36.965,55.021,44.979
Iceland,2002,ISL,287609.0,9623436669.0,0.612,2.128,2.992,10.403,4.21,14.639,34.911,121384.805,3.628,18.823,80.27,7.405,7.833,92.167
Zambia,2002,ZMB,10647955.0,17827940431.0,14.867,1.396,1.961,0.184,84.185,7.906,15.549,1460.295,0.872,30.423,52.61,15.361,63.929,36.071
India,2002,IND,1097600380.0,3024984520809.0,683.408,0.623,1032.75,0.941,1994.045,1.817,3870.809,3526.61,1.28,60.729,53.02,19.535,71.824,28.176
Romania,2002,ROU,21770020.0,190219311781.0,22.803,1.047,99.069,4.551,129.431,5.945,441.307,20271.309,2.32,64.463,107.41,11.342,47.253,52.747
Brazil,2002,BRA,178503485.0,1861742323845.0,450.588,2.524,347.765,1.948,2981.136,16.701,2351.535,13173.609,1.263,27.342,67.54,5.475,18.006,81.994
United Arab Emirates,2002,ARE,3956829.0,195394872658.0,22.067,5.577,85.213,21.536,108.602,27.447,591.693,149537.203,3.028,7.97,51.47,2.203,19.729,80.271
Libya,2002,LBY,5508412.0,57785797189.0,36.401,6.608,52.525,9.535,89.684,16.281,221.283,40171.859,3.829,8.781,99.14,5.185,12.374,87.626
Botswana,2002,BWA,1744765.0,14885467195.0,7.968,4.567,3.975,2.278,17.603,10.089,15.598,8939.827,1.048,45.605,92.75,2.426,44.986,55.014
Sierra Leone,2002,SLE,4971435.0,4723203819.0,3.277,0.659,0.502,0.101,79.887,16.069,2.337,470.089,0.495,44.75,26.42,46.854,63.992,36.008
Kazakhstan,2002,KAZ,15656680.0,179807015103.0,38.496,2.459,156.768,10.013,169.281,10.812,423.944,27077.492,2.358,79.071,69.91,7.996,44.495,55.505
Democratic Republic of Congo,2002,COD,53750529.0,23244764997.0,27.354,0.509,1.734,0.032,220.432,4.101,9.574,178.125,0.412,11.27,92.5,26.584,64.063,35.937
Nicaragua,2002,NIC,5149914.0,14954188068.0,7.22,1.402,3.976,0.772,82.097,15.941,16.716,3245.818,1.118,43.203,50.57,16.43,44.511,55.489
Russia,2002,RUS,145939502.0,1781424730851.0,320.413,2.196,1508.33,10.335,1928.56,13.215,7298.46,50010.18,4.097,13.226,79.97,5.566,26.707,73.293
Mauritius,2002,MUS,1234090.0,17186721600.0,0.529,0.429,2.884,2.337,3.625,2.937,16.009,12971.968,0.931,49.261,73.61,5.122,58.301,41.699
Paraguay,2002,PRY,5261334.0,31664872141.0,17.476,3.322,3.853,0.732,79.914,15.189,21.452,4077.271,0.677,43.128,56.48,11.01,41.691,58.309
Canada,2002,CAN,31535579.0,1199865635264.0,124.416,3.945,564.256,17.893,937.466,29.727,3693.393,117118.281,3.078,6.925,99.86,1.988,20.901,79.099
Malaysia,2002,MYS,24102477.0,329700338274.0,23.933,0.993,132.035,5.478,277.628,11.519,660.287,27394.982,2.003,21.42,53.34,8.985,35.944,64.056
Uruguay,2002,URY,3278868.0,37250866884.0,21.268,6.486,4.569,1.394,32.74,9.985,28.16,8588.449,0.756,85.265,77.56,7.53,8.511,91.489
Australia,2002,AUS,19595356.0,747065694937.0,190.631,9.728,362.425,18.495,700.182,35.732,1341.745,68472.609,1.796,58.186,92.33,3.944,14.716,85.284
Mongolia,2002,MNG,2500074.0,8569503317.0,8.713,3.485,8.197,3.279,32.882,13.153,17.972,7188.687,2.097,84.086,57.33,18.919,41.869,58.131
Cuba,2002,CUB,11177422.0,48976944311.0,14.118,1.263,25.179,2.253,47.509,4.25,102.09,9133.567,2.084,62.543,74.25,5.946,24.149,75.851
North Macedonia,2002,MKD,2074482.0,16017432272.0,1.893,0.913,7.837,3.778,12.247,5.903,28.361,13671.603,1.771,52.458,81.31,10.17,42.127,57.873
Latvia,2002,LVA,2311358.0,30014856985.0,2.066,0.894,7.52,3.254,6.814,2.948,41.313,17873.787,1.376,25.632,75.96,4.628,32.019,67.981
Tunisia,2002,TUN,9971521.0,76877531228.0,8.243,0.827,20.38,2.044,31.774,3.186,97.688,9796.658,1.271,62.841,78.64,8.298,35.718,64.282
Seychelles,2002,SYC,85878.0,1181094301.0,0.05,0.584,0.348,4.053,0.417,4.854,3.523,41022.238,2.983,8.696,147.75,2.694,56.905,43.095
Bulgaria,2002,BGR,7861949.0,73450036758.0,10.761,1.369,46.141,5.869,54.355,6.914,217.838,27707.934,2.966,48.943,122.13,9.711,30.514,69.486
Guinea,2002,GIN,8674072.0,9080053247.0,10.419,1.201,1.579,0.182,37.043,4.27,7.714,889.335,0.85,57.373,46.89,14.836,68.487,31.513
Argentina,2002,ARG,38029345.0,460558541367.0,116.586,3.066,124.93,3.285,394.168,10.365,658.151,17306.4,1.429,47.031,76.31,10.207,10.438,89.562
Kyrgyzstan,2002,KGZ,5116252.0,16170495966.0,4.282,0.837,4.917,0.961,14.678,2.869,35.528,6944.132,2.197,56.184,84.26,34.405,64.688,35.312
Belarus,2002,BLR,9873451.0,98263269227.0,16.029,1.623,53.944,5.464,86.952,8.807,256.476,25976.342,2.61,44.496,64.48,10.128,29.12,70.88
Hong Kong,2002,HKG,6821412.0,222182532288.0,4.128,0.605,39.003,5.718,43.723,6.41,243.433,35686.531,1.096,6.667,96.13,0.088,0.0,100.0
Mozambique,2002,MOZ,18958338.0,21025370393.0,13.272,0.7,1.537,0.081,78.736,4.153,13.028,687.184,0.62,48.187,73.63,22.734,70.431,29.569
Morocco,2002,MAR,29198146.0,151385794465.0,19.197,0.657,37.31,1.278,78.84,2.7,130.092,4455.488,0.859,67.853,61.81,11.843,45.777,54.223
Germany,2002,DEU,82068328.0,2822441773260.0,93.47,1.139,898.834,10.952,1034.082,12.6,4011.723,48882.719,1.421,48.636,88.83,0.901,19.879,80.121
Syria,2002,SYR,17468335.0,128996142855.0,21.942,1.256,40.727,2.331,68.103,3.899,228.145,13060.471,1.769,74.867,88.56,25.005,47.304,52.696
Iran,2002,IRN,68011318.0,698059655739.0,121.109,1.781,397.031,5.838,547.39,8.049,1626.368,23913.191,2.33,39.321,77.64,7.826,34.073,65.927
Tajikistan,2002,TJK,6531674.0,12792791823.0,3.38,0.517,1.872,0.287,7.282,1.115,33.202,5083.217,2.595,32.659,31.29,22.232,73.466,26.534
Austria,2002,AUT,8081640.0,291231427735.0,11.331,1.402,71.988,8.908,85.26,10.55,406.828,50339.801,1.397,35.17,92.96,1.592,33.111,66.889
Mexico,2002,MEX,101548627.0,1275458026881.0,125.145,1.232,410.301,4.04,650.365,6.404,1721.102,16948.551,1.349,54.811,77.29,3.11,24.316,75.684
Ethiopia,2002,ETH,71635521.0,54501781462.0,64.633,0.902,4.432,0.062,210.645,2.941,17.624,246.018,0.323,30.498,75.32,38.692,84.667,15.333
Cote d'Ivoire,2002,CIV,18654772.0,42379148241.0,9.187,0.492,7.45,0.399,60.241,3.229,32.006,1715.691,0.755,60.96,70.35,18.737,56.141,43.859
Haiti,2002,HTI,8607648.0,12820096281.0,7.316,0.85,1.778,0.207,11.641,1.352,7.82,908.486,0.61,60.595,94.09,15.847,60.029,39.971
Ukraine,2002,UKR,48677280.0,301087057315.0,80.758,1.659,295.901,6.079,401.455,8.247,1553.238,31908.885,5.159,71.454,106.17,12.603,32.733,67.267
Pakistan,2002,PAK,163222552.0,504824722487.0,119.127,0.73,110.566,0.677,277.709,1.701,514.109,3149.744,1.018,47.847,56.33,22.703,66.614,33.386
Burkina Faso,2002,BFA,12680904.0,15543232009.0,12.522,0.987,1.067,0.084,36.556,2.883,4.832,381.058,0.311,41.918,69.84,26.372,80.275,19.725
Luxembourg,2002,LUX,446392.0,23160273686.0,0.631,1.415,9.978,22.354,11.064,24.786,43.582,97632.016,1.882,49.719,85.73,0.691,14.797,85.203
Guatemala,2002,GTM,12246923.0,73303957428.0,10.551,0.862,10.694,0.873,93.426,7.629,45.63,3725.813,0.622,45.601,51.44,14.17,54.225,45.775
Lithuania,2002,LTU,3444051.0,41716677051.0,4.469,1.298,12.666,3.678,9.924,2.881,97.976,28448.023,2.349,46.027,95.01,4.768,33.111,66.889
Senegal,2002,SEN,10466216.0,21289209696.0,8.014,0.766,4.437,0.424,12.995,1.242,22.128,2114.22,1.039,45.447,53.35,13.381,58.892,41.108
Rwanda,2002,RWA,8400185.0,9398566544.0,2.958,0.352,0.512,0.061,7.44,0.886,2.727,324.637,0.29,76.53,44.01,30.195,83.122,16.878
Cameroon,2002,CMR,15725534.0,35058274715.0,19.68,1.251,5.351,0.34,65.554,4.169,17.112,1088.163,0.488,19.378,66.53,18.272,52.741,47.259
Comoros,2002,COM,558927.0,705937319.0,0.308,0.55,0.106,0.19,0.544,0.974,0.454,813.162,0.644,70.392,98.34,29.376,72.041,27.959
Panama,2002,PAN,3129343.0,29668000666.0,3.535,1.13,5.71,1.825,22.516,7.195,60.706,19399.074,2.046,30.102,66.8,6.615,36.967,63.033
Vietnam,2002,VNM,78772227.0,250683369279.0,75.064,0.953,69.531,0.883,276.385,3.509,264.755,3361.023,1.056,30.446,48.57,23.029,74.446,25.554
Malawi,2002,MWI,11880443.0,10984271331.0,3.766,0.317,0.856,0.072,23.323,1.963,4.506,379.282,0.41,51.23,26.12,32.287,85.128,14.872
Ghana,2002,GHA,20729392.0,45606385848.0,8.652,0.417,6.483,0.313,39.578,1.909,28.444,1372.18,0.624,57.355,60.5,35.148,54.652,45.348
Cambodia,2002,KHM,12855249.0,22474402661.0,17.081,1.329,2.154,0.168,63.016,4.902,9.414,732.305,0.419,28.325,96.37,29.611,81.196,18.804
Madagascar,2002,MDG,17549915.0,18473840634.0,18.208,1.038,1.232,0.07,98.708,5.624,6.231,355.058,0.337,70.232,81.66,34.143,74.396,25.604
Estonia,2002,EST,1379438.0,25689833693.0,2.399,1.739,15.358,11.134,16.928,12.271,57.607,41761.258,2.242,16.471,85.58,3.552,32.591,67.409
Venezuela,2002,VEN,25435674.0,314003719638.0,67.796,2.665,164.233,6.457,272.515,10.714,815.842,32074.699,2.598,24.531,97.12,3.847,11.545,88.455
Cyprus,2002,CYP,981443.0,20131146271.0,0.506,0.515,7.172,7.308,8.095,8.248,30.186,30756.688,1.499,15.152,123.38,3.788,31.214,68.786
Laos,2002,LAO,5610888.0,13872426080.0,6.687,1.192,1.166,0.208,53.915,9.609,5.631,1003.498,0.406,8.128,82.79,33.386,75.475,24.525
Sri Lanka,2002,LKA,19805750.0,114770992462.0,8.813,0.445,10.787,0.545,33.508,1.692,53.509,2701.697,0.466,37.57,63.11,14.279,85.389,14.611
Myanmar,2002,MMR,46232656.0,101591501239.0,56.235,1.216,9.328,0.202,193.107,4.177,46.993,1016.454,0.463,16.717,22.82,54.528,72.115,27.885
El Salvador,2002,SLV,5986629.0,33751219265.0,3.96,0.662,6.036,1.008,10.055,1.68,27.614,4612.663,0.818,60.989,87.62,5.823,41.651,58.349
Niger,2002,NER,12349150.0,8506710068.0,12.287,0.995,0.685,0.055,28.441,2.303,3.455,279.741,0.406,29.999,67.06,41.367,83.731,16.269
Saudi Arabia,2002,SAU,17910909.0,518347038548.0,69.307,3.87,346.93,19.37,416.548,23.257,1481.383,82708.406,2.858,80.84,68.71,5.038,19.656,80.344
South Africa,2002,ZAF,48019414.0,396137571619.0,77.387,1.612,356.501,7.424,477.323,9.94,1161.125,24180.324,2.931,80.809,58.99,2.957,42.328,57.672
Honduras,2002,HND,6938866.0,22983633152.0,5.742,0.828,5.945,0.857,33.82,4.874,23.899,3444.281,1.04,27.062,76.23,12.183,53.581,46.419
Hungary,2002,HUN,10138461.0,151456660939.0,10.992,1.084,58.842,5.804,73.088,7.209,280.912,27707.572,1.855,65.264,122.21,4.37,34.96,65.04
South Korea,2002,KOR,47299118.0,1203066586464.0,27.652,0.585,476.065,10.065,509.638,10.775,2420.716,51178.883,2.012,19.826,76.44,3.08,19.723,80.277
Belgium,2002,BEL,10332975.0,355705534550.0,13.905,1.346,126.883,12.279,151.02,14.615,733.474,70983.867,2.062,45.795,98.26,1.033,17.349,82.651
Greece,2002,GRC,10890287.0,246267119689.0,14.141,1.298,105.0,9.642,122.19,11.22,376.371,34560.207,1.528,64.725,111.16,5.221,26.902,73.098
Burundi,2002,BDI,6824139.0,4917697691.0,2.206,0.323,0.213,0.031,5.693,0.834,1.081,158.469,0.22,71.417,50.61,43.334,91.549,8.451
Turkey,2002,TUR,67048792.0,796073298321.0,48.641,0.725,224.32,3.346,298.528,4.452,859.186,12814.346,1.079,53.527,52.53,10.171,39.261,60.739
Namibia,2002,NAM,1889976.0,12021866961.0,4.61,2.439,1.971,1.043,12.228,6.47,10.869,5751.055,0.904,47.152,110.28,10.039,66.354,33.646
Egypt,2002,EGY,76239140.0,501912285229.0,50.058,0.657,128.362,1.684,197.826,2.595,610.244,8004.338,1.216,3.44,77.78,15.405,57.165,42.835
Denmark,2002,DNK,5375967.0,213517288371.0,9.659,1.797,55.554,10.334,70.151,13.049,236.755,44039.605,1.109,66.625,103.81,1.755,14.7,85.3
Ecuador,2002,ECU,13138473.0,94404507340.0,20.789,1.582,24.861,1.892,62.31,4.743,104.109,7924.009,1.103,30.158,67.79,9.434,38.713,61.287
Tanzania,2002,TZA,36121301.0,46583070535.0,34.656,0.959,3.486,0.096,110.839,3.069,16.945,469.116,0.364,38.609,52.85,25.172,76.969,23.031
Yemen,2002,YEM,20835092.0,78586481705.0,13.062,0.627,16.707,0.802,33.238,1.595,65.28,3133.165,0.831,44.806,54.66,14.314,72.422,27.578
Finland,2002,FIN,5200548.0,176751491921.0,10.039,1.93,65.049,12.508,100.85,19.392,368.768,70909.469,2.086,7.341,99.59,2.673,32.205,67.795
Congo,2002,COG,3350770.0,14180954098.0,10.534,3.144,2.72,0.812,28.993,8.653,3.558,1061.703,0.251,30.863,45.93,6.262,40.028,59.972
Costa Rica,2002,CRI,4075710.0,38566391693.0,4.022,0.987,6.214,1.525,17.834,4.376,30.777,7551.25,0.798,35.762,72.44,8.428,38.721,61.279
Afghanistan,2002,AFG,21378123.0,18804871508.0,10.375,0.485,1.341,0.063,20.037,0.937,3.328,155.695,0.177,57.94,95.13,38.628,81.059,18.941
Albania,2002,ALB,3134095.0,17037279441.0,3.432,1.095,3.748,1.196,7.704,2.458,22.608,7213.592,1.327,41.606,84.53,19.764,56.848,43.152
Italy,2002,ITA,57420636.0,1929301903714.0,59.063,1.029,477.136,8.309,534.504,9.309,2101.486,36598.094,1.089,51.647,114.18,2.365,32.646,67.354
Algeria,2002,DZA,31750832.0,245360923720.0,52.896,1.666,89.658,2.824,150.197,4.73,321.951,10139.907,1.312,16.734,60.19,8.413,38.619,61.381
Peru,2002,PER,27288211.0,137911092694.0,27.257,0.999,25.592,0.938,121.641,4.458,149.577,5481.374,1.085,18.053,52.52,7.524,26.45,73.55
Malta,2002,MLT,405571.0,8259626928.0,0.169,0.418,2.747,6.774,2.958,7.294,19.9,49065.758,2.409,31.25,138.92,2.106,6.557,93.443
Philippines,2002,PHL,83068889.0,354896572700.0,61.958,0.746,69.492,0.837,193.111,2.325,302.286,3638.974,0.852,37.344,69.39,13.448,60.045,39.955
Mauritania,2002,MRT,2738659.0,5178324094.0,6.825,2.492,1.249,0.456,11.624,4.244,5.588,2040.292,1.079,38.527,78.68,24.23,61.61,38.39
Iraq,2002,IRQ,26006558.0,112141846978.0,67.887,2.61,97.09,3.733,170.983,6.575,342.539,13171.254,3.055,19.855,119.73,8.563,32.106,67.894
Jamaica,2002,JAM,2640582.0,18032751164.0,1.16,0.439,10.203,3.864,15.768,5.971,43.557,16495.219,2.415,43.767,88.85,5.544,47.853,52.147
Ireland,2002,IRL,3928441.0,169226186783.0,22.497,5.727,46.081,11.73,83.091,21.151,181.354,46164.363,1.072,63.478,89.33,1.735,40.363,59.637
Dominican Republic,2002,DOM,8852231.0,62671030582.0,7.661,0.865,20.87,2.358,29.322,3.312,87.071,9836.001,1.389,52.06,81.54,6.805,36.709,63.291
Netherlands,2002,NLD,16288060.0,624424625610.0,27.431,1.684,176.738,10.851,223.77,13.738,1046.061,64222.574,1.675,57.467,85.87,2.087,19.191,80.809
Nepal,2002,NPL,25328989.0,41501458057.0,22.612,0.893,2.596,0.103,46.809,1.848,12.096,477.54,0.291,29.585,67.09,36.15,64.964,35.036
Dominica,2002,DMA,68385.0,415539000.0,0.052,0.761,0.103,1.5,0.151,2.213,0.475,6939.536,1.142,29.333,94.13,10.628,34.479,65.521
Dominica,2003,DMA,68552.0,455180800.0,0.052,0.765,0.117,1.71,0.162,2.368,0.539,7858.104,1.183,29.333,95.42,11.251,34.276,65.724
Netherlands,2003,NLD,16366914.0,629811489833.0,26.406,1.613,180.169,11.008,228.595,13.967,1053.076,64341.766,1.672,56.685,79.32,2.068,18.699,81.301
Nepal,2003,NPL,25688762.0,43073954586.0,23.057,0.898,2.81,0.109,48.588,1.891,12.812,498.735,0.297,29.487,68.56,35.106,61.955,38.045
Dominican Republic,2003,DOM,8980626.0,63562914579.0,7.569,0.843,21.26,2.367,30.794,3.429,79.134,8811.658,1.245,49.031,74.23,6.694,35.574,64.426
Ireland,2003,IRL,3992935.0,177468844871.0,22.791,5.708,45.684,11.441,81.77,20.479,176.855,44291.898,0.997,63.434,90.26,1.48,40.088,59.912
Israel,2003,ISR,6502821.0,159162904545.0,6.081,0.935,62.415,9.598,70.746,10.879,238.836,36728.059,1.501,25.462,75.01,1.708,8.482,91.518
Jamaica,2003,JAM,2656629.0,18718066744.0,1.209,0.455,10.667,4.015,14.972,5.636,45.356,17072.861,2.423,43.767,93.51,5.214,47.644,52.356
Iraq,2003,IRQ,26802660.0,94480598969.0,64.608,2.411,101.424,3.784,168.651,6.292,304.022,11342.992,3.218,19.857,79.62,8.406,31.948,68.052
Japan,2003,JPN,127671254.0,4288493482445.0,39.714,0.311,1283.845,10.056,1327.355,10.397,6162.913,48271.73,1.437,14.102,91.69,1.299,17.579,82.421
Mauritania,2003,MRT,2802050.0,5603753283.0,7.008,2.501,1.286,0.459,11.859,4.232,5.842,2085.049,1.043,38.527,80.3,24.179,61.113,38.887
Philippines,2003,PHL,84731836.0,375676507230.0,62.097,0.733,69.501,0.82,220.297,2.6,311.884,3680.832,0.83,37.697,71.13,13.151,59.607,40.393
Malta,2003,MLT,408236.0,8473515195.0,0.173,0.424,2.961,7.253,3.17,7.765,23.127,56651.102,2.729,32.5,137.59,1.92,6.476,93.524
Chad,2003,TCD,9487830.0,8110109949.0,25.888,2.729,0.882,0.093,60.463,6.373,0.967,101.881,0.119,38.779,51.2,25.634,78.279,21.721
Peru,2003,PER,27580485.0,144583674826.0,27.827,1.009,24.914,0.903,186.742,6.771,147.672,5354.208,1.021,18.126,54.14,7.313,26.044,73.956
Algeria,2003,DZA,32175813.0,273568638765.0,59.672,1.855,94.078,2.924,162.177,5.04,336.922,10471.285,1.232,16.755,61.45,8.457,37.857,62.143
Afghanistan,2003,AFG,22733053.0,21074343420.0,10.687,0.47,1.56,0.069,20.769,0.914,3.968,174.558,0.188,58.084,90.49,37.419,80.84,19.16
Albania,2003,ALB,3118093.0,18171076149.0,3.449,1.106,4.303,1.38,8.847,2.837,23.203,7441.479,1.277,40.912,87.79,19.808,55.97,44.03
Congo,2003,COG,3445758.0,14627827623.0,11.874,3.446,3.258,0.946,33.183,9.63,4.33,1256.683,0.296,30.864,49.84,6.275,39.531,60.469
Tanzania,2003,TZA,37089555.0,50824600990.0,37.48,1.011,3.687,0.099,134.115,3.616,17.549,473.165,0.345,38.688,54.86,24.919,76.48,23.52
Thailand,2003,THA,64868164.0,672602585235.0,87.695,1.352,191.088,2.946,368.632,5.683,911.69,14054.511,1.355,43.403,78.93,9.441,64.573,35.427
Denmark,2003,DNK,5390621.0,215549132167.0,9.6,1.781,60.645,11.25,75.571,14.019,255.233,47347.523,1.184,66.45,103.81,1.587,14.58,85.42
Egypt,2003,EGY,77853548.0,528750466385.0,50.997,0.655,149.954,1.926,221.16,2.841,645.992,8297.523,1.222,3.425,83.39,15.287,57.117,42.883
Namibia,2003,NAM,1917469.0,12213390181.0,4.874,2.542,2.092,1.091,12.783,6.667,11.524,6010.251,0.944,47.152,115.66,10.215,65.454,34.546
Turkey,2003,TUR,67831735.0,848549642280.0,49.169,0.725,239.849,3.536,340.492,5.02,909.418,13406.965,1.072,52.81,59.29,9.774,38.415,61.585
Burundi,2003,BDI,7043158.0,4852463827.0,2.261,0.321,0.169,0.024,5.773,0.82,0.882,125.226,0.182,71.379,50.28,42.841,91.324,8.676
Greece,2003,GRC,10918467.0,262880256421.0,14.327,1.312,109.067,9.989,125.275,11.474,398.316,36480.949,1.515,64.019,115.4,5.324,26.568,73.432
Belgium,2003,BEL,10376262.0,358937085300.0,13.253,1.277,128.292,12.364,151.658,14.616,761.691,73407.07,2.122,45.897,94.91,1.029,17.039,82.961
Hungary,2003,HUN,10108970.0,160456137012.0,10.885,1.077,61.611,6.095,76.238,7.542,284.387,28132.156,1.772,65.443,114.71,3.906,35.155,64.845
Honduras,2003,HND,7119213.0,24205428089.0,6.538,0.918,6.687,0.939,27.67,3.887,26.526,3725.985,1.096,28.179,82.44,11.614,53.01,46.99
South Africa,2003,ZAF,48500351.0,413710071358.0,79.97,1.649,404.406,8.338,522.109,10.765,1257.958,25937.09,3.041,80.726,61.91,2.654,41.628,58.372
Kazakhstan,2003,KAZ,15747377.0,197584132991.0,38.115,2.42,175.022,11.114,194.207,12.333,464.691,29509.088,2.352,78.898,72.47,7.862,44.788,55.212
Cambodia,2003,KHM,13050977.0,23833222981.0,18.367,1.407,2.253,0.173,68.149,5.222,10.215,782.703,0.429,28.892,100.0,29.474,81.112,18.888
Niger,2003,NER,12796979.0,9108500707.0,12.806,1.001,0.744,0.058,27.915,2.181,3.799,296.841,0.417,30.324,70.88,41.196,83.731,16.269
Myanmar,2003,MMR,46667191.0,113781428684.0,58.03,1.243,9.997,0.214,202.067,4.33,53.485,1146.096,0.47,16.804,27.5,50.621,71.943,28.057
Laos,2003,LAO,5697944.0,14843718409.0,6.854,1.203,1.221,0.214,56.091,9.844,6.129,1075.667,0.413,8.28,91.31,32.086,74.405,25.595
Venezuela,2003,VEN,25892710.0,291333920302.0,67.735,2.616,154.364,5.962,270.563,10.449,734.015,28348.32,2.519,24.42,87.77,4.313,11.478,88.522
Madagascar,2003,MDG,18071860.0,20509701124.0,19.52,1.08,1.699,0.094,92.432,5.115,8.14,450.4,0.397,70.232,82.09,32.03,74.103,25.897
Costa Rica,2003,CRI,4138791.0,40104618605.0,4.016,0.97,6.551,1.583,17.087,4.129,32.184,7776.174,0.803,35.821,74.38,8.84,37.548,62.452
Ghana,2003,GHA,21296710.0,48182826322.0,9.076,0.426,6.685,0.314,41.594,1.953,27.527,1292.531,0.571,55.336,64.9,36.545,53.945,46.055
Malawi,2003,MWI,12181575.0,11581699921.0,3.91,0.321,0.915,0.075,21.915,1.799,4.794,393.577,0.414,52.821,27.27,30.128,85.045,14.955
Yemen,2003,YEM,21456379.0,81575438214.0,15.07,0.702,18.609,0.867,38.662,1.802,74.844,3488.21,0.917,44.501,59.52,13.745,71.972,28.028
Vietnam,2003,VNM,79563778.0,268202912195.0,77.335,0.972,77.261,0.971,299.167,3.76,285.329,3586.163,1.064,30.758,52.63,22.542,73.825,26.175
Panama,2003,PAN,3189813.0,31009621095.0,3.533,1.108,5.929,1.859,21.833,6.845,62.443,19575.773,2.014,30.067,64.21,6.719,36.592,63.408
Comoros,2003,COM,569808.0,731630321.0,0.304,0.533,0.136,0.238,0.565,0.991,0.581,1018.931,0.794,70.93,89.44,29.376,72.055,27.945
Cameroon,2003,CMR,16160340.0,37066671075.0,20.497,1.268,5.705,0.353,69.016,4.271,18.145,1122.792,0.49,19.378,66.95,17.474,52.267,47.733
Rwanda,2003,RWA,8586878.0,9366054447.0,3.138,0.365,0.505,0.059,7.131,0.83,2.678,311.863,0.286,76.449,48.28,33.035,83.105,16.895
Jordan,2003,JOR,5741837.0,43669159351.0,2.565,0.447,17.273,3.008,21.466,3.739,72.885,12693.693,1.669,11.389,62.6,2.467,21.693,78.307
Lithuania,2003,LTU,3415276.0,46106059871.0,4.4,1.288,12.659,3.707,13.87,4.061,102.23,29933.268,2.217,40.539,95.47,4.416,33.24,66.76
Burkina Faso,2003,BFA,13082530.0,16390237677.0,14.741,1.127,1.184,0.091,40.711,3.112,5.298,404.996,0.323,42.385,81.08,25.961,79.437,20.563
Guatemala,2003,GTM,12525843.0,75388396403.0,10.517,0.84,10.411,0.831,73.609,5.877,46.789,3735.434,0.621,46.183,51.08,13.469,53.413,46.587
Luxembourg,2003,LUX,451845.0,23454191347.0,0.612,1.355,10.451,23.129,11.515,25.484,45.704,101149.508,1.949,49.719,86.66,0.464,14.409,85.591
Pakistan,2003,PAK,167110250.0,543920300431.0,123.496,0.739,113.142,0.677,277.715,1.662,554.231,3316.559,1.019,47.792,58.02,22.152,66.433,33.567
Ukraine,2003,UKR,48315133.0,335257370240.0,81.218,1.681,307.245,6.359,413.215,8.552,1591.928,32948.844,4.748,71.383,106.33,10.5,32.58,67.42
Ethiopia,2003,ETH,73832664.0,53892038989.0,63.684,0.863,4.87,0.066,256.698,3.477,18.929,256.372,0.351,31.607,75.42,37.285,84.456,15.544
Saudi Arabia,2003,SAU,18786771.0,607244594721.0,79.165,4.214,351.228,18.695,431.705,22.979,1569.191,83526.383,2.584,80.838,70.85,4.472,19.459,80.541
Cote d'Ivoire,2003,CIV,19125546.0,42761562091.0,9.218,0.482,5.301,0.277,96.814,5.062,28.344,1482.016,0.663,61.085,71.65,20.776,55.741,44.259
Mexico,2003,MEX,102978517.0,1306677417369.0,128.239,1.245,435.969,4.234,675.456,6.559,1741.966,16915.814,1.333,54.811,78.61,3.207,23.954,76.046
Moldova,2003,MDA,4095418.0,14513550202.0,2.435,0.595,4.404,1.075,6.527,1.594,38.719,9454.323,2.668,76.909,97.02,18.328,60.405,39.595
Senegal,2003,SEN,10721176.0,22622569107.0,7.695,0.718,4.928,0.46,15.419,1.438,22.038,2055.552,0.974,44.835,57.34,15.491,58.641,41.359
Tajikistan,2003,TJK,6658575.0,14027448844.0,3.516,0.528,2.072,0.311,7.985,1.199,34.953,5249.373,2.492,32.838,36.19,24.195,73.467,26.533
Iran,2003,IRN,68769343.0,779969698412.0,145.163,2.111,410.967,5.976,588.296,8.555,1656.195,24083.326,2.123,39.456,80.65,7.451,33.395,66.605
Syria,2003,SYR,17889297.0,122501642286.0,21.878,1.223,55.377,3.096,85.293,4.768,220.854,12345.578,1.803,75.238,99.84,24.655,46.898,53.102
Austria,2003,AUT,8122604.0,294489280951.0,11.906,1.466,77.412,9.53,92.458,11.383,407.704,50193.703,1.384,34.964,92.36,1.487,33.074,66.926
Germany,2003,DEU,82111619.0,2831676106520.0,90.241,1.099,894.501,10.894,1027.411,12.512,4010.471,48841.699,1.416,48.74,89.04,0.829,19.863,80.137
Uruguay,2003,URY,3281188.0,37483201754.0,21.816,6.649,4.537,1.383,32.791,9.994,30.41,9268.076,0.811,85.287,77.31,9.639,8.374,91.626
Argentina,2003,ARG,38424283.0,503104157615.0,123.989,3.227,134.421,3.498,455.75,11.861,704.758,18341.469,1.401,47.175,78.84,10.328,10.248,89.752
Morocco,2003,MAR,29571415.0,160559931983.0,19.674,0.665,36.57,1.237,63.601,2.151,130.45,4411.36,0.812,69.182,60.2,12.492,45.422,54.578
Uzbekistan,2003,UZB,25711261.0,125924032405.0,36.349,1.414,130.296,5.068,177.141,6.89,553.156,21514.145,4.393,61.634,47.52,28.462,50.043,49.957
Hong Kong,2003,HKG,6858906.0,225487397415.0,4.151,0.605,42.733,6.23,47.501,6.925,251.405,36653.867,1.115,6.667,114.26,0.075,0.0,100.0
South Korea,2003,KOR,47514158.0,1229830453921.0,27.804,0.585,485.213,10.212,518.889,10.921,2497.259,52558.207,2.031,19.649,77.76,2.845,19.292,80.708
Belarus,2003,BLR,9803175.0,103937865617.0,16.022,1.634,55.236,5.635,88.974,9.076,254.552,25966.264,2.449,44.304,62.54,8.636,28.691,71.309
Kyrgyzstan,2003,KGZ,5159422.0,17135753196.0,4.31,0.835,5.376,1.042,14.91,2.89,33.581,6508.634,1.96,56.517,82.83,33.622,64.691,35.309
Guinea,2003,GIN,8870790.0,9309105966.0,10.61,1.196,1.652,0.186,39.516,4.455,7.85,884.893,0.843,57.442,49.34,14.252,68.191,31.809
Bulgaria,2003,BGR,7804405.0,77722336425.0,10.889,1.395,50.491,6.47,59.688,7.648,225.353,28875.049,2.899,48.966,115.42,9.096,30.219,69.781
Seychelles,2003,SYC,87056.0,1134551439.0,0.051,0.582,0.341,3.914,0.41,4.712,3.514,40367.582,3.097,8.696,148.61,2.461,56.995,43.005
Tunisia,2003,TUN,10071638.0,81240064067.0,8.15,0.809,21.042,2.089,32.233,3.2,96.087,9540.336,1.183,62.976,74.3,9.291,35.394,64.606
Latvia,2003,LVA,2288983.0,32298352002.0,2.123,0.928,7.726,3.375,10.307,4.503,40.831,17838.24,1.264,25.423,79.31,4.102,32.051,67.949
North Macedonia,2003,MKD,2081417.0,16466000239.0,1.912,0.918,8.533,4.1,12.021,5.775,31.976,15362.422,1.942,51.16,84.44,11.539,42.15,57.85
Cuba,2003,CUB,11209379.0,50659542457.0,14.209,1.268,25.554,2.28,45.405,4.051,103.586,9241.056,2.045,62.387,72.46,5.745,24.136,75.864
Mongolia,2003,MNG,2521809.0,9616040556.0,8.756,3.472,7.935,3.146,24.201,9.597,17.832,7071.168,1.854,73.501,47.07,18.44,40.645,59.355
Angola,2003,AGO,17943718.0,35081368421.0,56.964,3.175,17.484,0.974,141.321,7.876,39.26,2187.965,1.119,35.693,71.37,10.0,45.996,54.004
Australia,2003,AUS,19819449.0,774450991263.0,147.337,7.434,370.784,18.708,734.551,37.062,1360.862,68662.977,1.757,57.209,86.07,2.887,14.59,85.41
Malaysia,2003,MYS,24679604.0,350966698067.0,26.888,1.089,153.384,6.215,277.125,11.229,715.327,28984.545,2.038,21.66,54.85,9.306,34.925,65.075
Finland,2003,FIN,5212958.0,180408462125.0,9.741,1.869,72.658,13.938,109.597,21.024,394.928,75758.852,2.189,7.374,100.67,2.536,31.957,68.043
Paraguay,2003,PRY,5326437.0,33135448282.0,19.007,3.568,4.026,0.756,83.454,15.668,22.178,4163.81,0.669,43.696,56.23,13.009,41.448,58.552
Mauritius,2003,MUS,1242094.0,17869390349.0,0.535,0.431,3.059,2.463,3.806,3.065,16.287,13112.625,0.911,48.768,74.8,5.109,58.487,41.513
Russia,2003,RUS,145794230.0,1955875991276.0,333.397,2.287,1539.006,10.556,2012.192,13.802,7448.467,51088.902,3.808,13.203,81.34,5.503,26.594,73.406
Canada,2003,CAN,31836483.0,1224575760991.0,123.516,3.88,581.19,18.255,948.6,29.796,3711.021,116565.047,3.03,6.909,97.11,2.053,20.609,79.391
Qatar,2003,QAT,744690.0,47126236240.0,26.069,35.006,46.631,62.618,72.963,97.978,163.62,219715.359,3.472,5.702,61.21,0.235,3.169,96.831
Indonesia,2003,IDN,225048005.0,1309811268640.0,201.292,0.894,339.024,1.506,1161.728,5.162,1391.678,6183.915,1.063,24.789,66.34,15.185,55.37,44.63
Nicaragua,2003,NIC,5210970.0,15599450900.0,7.525,1.444,4.31,0.827,83.184,15.963,17.734,3403.215,1.137,43.352,54.1,15.626,44.369,55.631
Democratic Republic of Congo,2003,COD,55343873.0,25228484809.0,28.864,0.522,2.096,0.038,241.723,4.368,10.44,188.633,0.414,11.27,92.7,26.054,63.535,36.465
Botswana,2003,BWA,1775744.0,15922248755.0,3.757,2.116,3.825,2.154,10.328,5.816,15.912,8960.578,0.999,45.517,92.85,2.722,43.902,56.098
Libya,2003,LBY,5619405.0,70475273789.0,42.037,7.481,55.481,9.873,97.79,17.402,218.016,38797.039,3.094,8.781,99.34,4.092,12.134,87.866
Guinea-Bissau,2003,GNB,1318809.0,1522869105.0,1.632,1.237,0.073,0.056,5.384,4.083,1.206,914.228,0.792,24.483,75.32,36.81,62.223,37.777
United Arab Emirates,2003,ARE,4192465.0,224547226340.0,23.918,5.705,107.106,25.547,132.398,31.58,631.155,150545.172,2.811,7.801,49.09,1.928,19.151,80.849
Brazil,2003,BRA,180622688.0,1904932706436.0,471.538,2.611,344.645,1.908,3846.776,21.297,2386.334,13211.707,1.253,27.355,70.4,6.167,17.646,82.354
Romania,2003,ROU,21593448.0,204513401651.0,22.677,1.05,103.707,4.803,127.5,5.905,441.244,20434.184,2.158,64.362,117.84,11.914,47.198,52.802
India,2003,IND,1116803000.0,3251114494190.0,695.315,0.623,1068.398,0.957,2059.556,1.844,4008.71,3589.451,1.233,60.625,54.25,19.592,71.534,28.466
Zambia,2003,ZMB,10983604.0,19691239689.0,15.862,1.444,2.074,0.189,81.422,7.413,16.458,1498.404,0.836,30.817,53.02,15.617,63.614,36.386
Kenya,2003,KEN,33652233.0,67617075406.0,26.822,0.797,6.716,0.2,58.263,1.731,37.414,1111.784,0.553,47.219,74.9,25.804,76.436,23.564
Iceland,2003,ISL,289616.0,9810546928.0,0.61,2.108,2.985,10.308,4.183,14.444,35.086,121147.977,3.576,18.803,81.2,6.349,7.676,92.324
Nigeria,2003,NGA,137202646.0,387284228400.0,267.581,1.95,100.03,0.729,493.729,3.599,267.13,1946.971,0.69,72.29,83.38,33.827,54.163,45.837
Cyprus,2003,CYP,999600.0,20821863547.0,0.496,0.496,7.561,7.564,8.332,8.335,32.088,32101.143,1.541,16.667,119.58,3.353,31.288,68.712
Cape Verde,2003,CPV,473384.0,1904397612.0,0.119,0.251,0.414,0.875,0.653,1.379,1.633,3449.694,0.858,18.61,91.54,10.144,43.67,56.33
Georgia,2003,GEO,4085489.0,28539726793.0,3.604,0.882,3.731,0.913,2.22,0.543,26.241,6423.026,0.919,43.258,148.2,19.302,47.486,52.514
Sierra Leone,2003,SLE,5177686.0,5165014591.0,3.57,0.69,0.539,0.104,77.814,15.029,2.402,463.906,0.465,49.414,33.47,46.902,63.731,36.269
United Kingdom,2003,GBR,59820385.0,2050625402735.0,87.62,1.465,571.619,9.556,701.843,11.733,2668.734,44612.457,1.301,70.086,91.32,0.831,19.767,80.233
Benin,2003,BEN,7913074.0,14127733603.0,4.282,0.541,2.394,0.303,24.629,3.112,10.383,1312.088,0.735,30.782,72.93,24.454,60.583,39.417
Lebanon,2003,LBN,4525513.0,31778515559.0,2.222,0.491,18.529,4.094,21.406,4.73,62.58,13828.311,1.969,61.29,104.18,5.486,13.552,86.448
Slovenia,2003,SVN,1992499.0,46758348275.0,3.886,1.95,16.278,8.17,21.986,11.035,80.237,40269.707,1.716,25.323,125.6,2.216,49.245,50.755
Bolivia,2003,BOL,9050703.0,36849589696.0,19.742,2.181,10.983,1.214,239.582,26.471,50.826,5615.732,1.379,33.829,58.15,13.427,36.708,63.292
Azerbaijan,2003,AZE,8400528.0,44994637993.0,7.598,0.904,30.488,3.629,41.913,4.989,136.035,16193.649,3.023,57.526,59.89,12.426,48.274,51.726
Portugal,2003,PRT,10454246.0,245847246169.0,11.943,1.142,64.482,6.168,78.757,7.533,305.177,29191.654,1.241,41.68,99.47,2.651,43.413,56.587
Mali,2003,MLI,12684951.0,15730792757.0,14.565,1.148,1.246,0.098,42.694,3.366,3.811,300.458,0.242,33.377,89.96,22.991,79.941,20.059
Turkmenistan,2003,TKM,4863871.0,30907677346.0,22.587,4.644,40.568,8.341,77.09,15.85,167.964,34533.0,5.434,74.883,68.48,19.12,53.3,46.7
Colombia,2003,COL,40937426.0,357889195415.0,75.64,1.848,57.033,1.393,328.652,8.028,322.863,7886.754,0.902,37.901,72.44,8.329,24.466,75.534
France,2003,FRA,60741119.0,2130940712046.0,83.604,1.376,412.989,6.799,476.792,7.85,3153.042,51909.512,1.48,54.8,103.26,1.746,22.531,77.469
Poland,2003,POL,38203527.0,537330337680.0,65.67,1.719,318.733,8.343,396.923,10.39,1034.207,27070.973,1.925,52.798,88.55,2.692,38.272,61.728
Trinidad and Tobago,2003,TTO,1338718.0,31435997895.0,4.896,3.658,32.37,24.18,37.918,28.324,154.784,115621.211,4.924,11.696,101.22,0.948,44.281,55.719
Croatia,2003,HRV,4306683.0,65731224853.0,3.68,0.854,23.226,5.393,20.012,4.647,106.32,24687.121,1.617,21.371,69.46,3.936,44.361,55.639
Slovakia,2003,SVK,5376197.0,84281952821.0,6.709,1.248,42.359,7.879,54.269,10.094,219.883,40899.352,2.609,46.477,169.1,1.671,44.261,55.739
Lesotho,2003,LSO,1985060.0,3857951274.0,1.651,0.832,1.931,0.973,5.972,3.008,1.976,995.66,0.512,75.889,90.89,6.347,78.877,21.123
Bosnia and Herzegovina,2003,BIH,4178523.0,29748999379.0,4.167,0.997,14.358,3.436,17.142,4.102,47.721,11420.435,1.604,42.363,61.85,8.105,56.482,43.518
Singapore,2003,SGP,4138241.0,160287778605.0,2.716,0.656,39.534,9.553,43.615,10.539,454.274,109774.617,2.834,1.164,87.71,0.061,0.0,100.0
Liberia,2003,LBR,3119534.0,2541250362.0,1.578,0.506,0.461,0.148,23.884,7.656,2.179,698.434,0.857,15.135,65.44,72.24,55.0,45.0
Oman,2003,OMN,2363801.0,69978417960.0,30.27,12.806,34.563,14.622,65.446,27.687,136.129,57588.852,1.945,4.436,41.97,1.93,28.507,71.493
Eswatini,2003,SWZ,1066706.0,5518729007.0,1.52,1.425,1.004,0.941,2.006,1.881,6.64,6225.074,1.203,71.163,87.01,10.177,77.569,22.431
Uganda,2003,UGA,26352124.0,35593796200.0,16.22,0.616,1.513,0.057,41.382,1.57,7.963,302.178,0.224,65.622,70.08,24.507,87.41,12.59
El Salvador,2003,SLV,5998597.0,35029541311.0,3.901,0.65,6.396,1.066,10.002,1.667,28.992,4833.146,0.828,60.555,83.0,5.488,40.753,59.247
Barbados,2003,BRB,265789.0,3362359775.0,0.195,0.732,1.358,5.111,1.582,5.952,7.091,26680.176,2.109,39.535,83.33,1.979,38.446,61.554
United States,2003,USA,289908091.0,13680911930765.0,764.525,2.637,6006.44,20.718,7245.448,24.992,26383.084,91004.992,1.928,45.08,91.4,1.121,20.223,79.777
Spain,2003,ESP,42506540.0,1239651963472.0,47.092,1.108,335.539,7.894,400.935,9.432,1694.781,39871.066,1.367,58.398,94.92,3.421,23.291,76.709
Kuwait,2003,KWT,2109886.0,104974065782.0,35.814,16.975,62.491,29.618,99.078,46.959,278.113,131814.344,2.649,8.474,39.44,0.455,0.234,99.766
Bangladesh,2003,BGD,140970355.0,242325893842.0,76.025,0.539,33.496,0.238,132.481,0.94,165.108,1171.225,0.681,71.66,51.81,19.813,75.447,24.553
New Zealand,2003,NZL,4022585.0,118221542739.0,37.541,9.333,36.22,9.004,100.015,24.863,228.071,56697.605,1.929,45.034,82.85,5.729,14.142,85.858
Ecuador,2003,ECU,13372304.0,97642542688.0,21.173,1.583,27.113,2.028,127.521,9.536,106.607,7972.256,1.092,29.191,68.61,9.05,38.458,61.542
Chile,2003,CHL,16024755.0,250723122339.0,22.819,1.424,55.1,3.438,105.303,6.571,322.49,20124.473,1.286,20.746,78.53,4.095,13.321,86.679
Gabon,2003,GAB,1382354.0,14717147740.0,22.284,16.12,6.746,4.88,40.607,29.375,10.3,7451.31,0.7,8.081,86.29,6.004,18.003,81.997
Italy,2003,ITA,57739697.0,1947667703883.0,57.755,1.0,495.094,8.575,555.486,9.621,2170.052,37583.359,1.114,50.41,110.4,2.352,32.57,67.43
Sweden,2003,SWE,8958434.0,326402407102.0,11.217,1.252,57.221,6.387,75.363,8.412,609.237,68007.117,1.867,7.681,104.25,1.712,15.805,84.195
Switzerland,2003,CHE,7333451.0,337991874208.0,5.649,0.77,44.651,6.089,53.437,7.287,358.359,48866.387,1.06,39.389,93.06,0.837,26.548,73.452
Haiti,2003,HTI,8759913.0,13072600973.0,7.376,0.842,1.692,0.193,11.764,1.343,7.21,823.075,0.552,60.595,95.07,16.72,58.799,41.201
Estonia,2003,EST,1370849.0,27160243367.0,2.491,1.817,17.251,12.584,17.359,12.663,62.816,45822.414,2.313,19.549,83.23,3.459,32.566,67.434
Norway,2003,NOR,4564666.0,277856282106.0,10.366,2.271,43.919,9.622,60.623,13.281,479.93,105140.305,1.727,2.847,91.5,1.257,22.74,77.26
Gambia,2003,GMB,1577619.0,2172586623.0,0.924,0.586,0.3,0.19,2.425,1.537,1.373,870.171,0.632,46.542,86.36,26.748,49.399,50.601
China,2003,CHN,1294517323.0,7248623080792.0,1007.435,0.778,4835.251,3.735,6373.199,4.923,15818.756,12219.811,2.182,55.884,74.54,12.176,59.47,40.53
Zimbabwe,2003,ZWE,12232324.0,20952016540.0,10.913,0.892,10.61,0.867,54.283,4.438,42.704,3491.063,2.038,40.351,88.62,14.794,67.4,32.6
Togo,2003,TGO,5154113.0,6045966479.0,3.376,0.655,1.805,0.35,8.423,1.634,5.445,1056.531,0.901,63.615,80.93,14.572,65.549,34.451
Sri Lanka,2003,LKA,19951521.0,121043287225.0,9.154,0.459,10.761,0.539,34.684,1.738,55.062,2759.773,0.455,38.047,64.58,13.231,85.274,14.726
Czechia,2003,CZE,10248907.0,196328003846.0,14.109,1.377,127.592,12.449,141.623,13.818,514.55,50205.371,2.621,47.475,121.7,2.431,26.235,73.765
Mozambique,2003,MOZ,19392477.0,20673806269.0,13.431,0.693,1.856,0.096,79.212,4.085,17.187,886.254,0.831,48.469,65.37,22.723,70.285,29.715
Italy,2004,ITA,58176736.0,1994293720592.0,55.592,0.956,500.687,8.606,556.622,9.568,2224.656,38239.617,1.116,50.328,110.28,2.342,32.493,67.507
Dominica,2004,DMA,68664.0,475394414.0,0.053,0.768,0.143,2.081,0.193,2.809,0.64,9320.358,1.346,29.333,96.05,11.539,34.035,65.965
Netherlands,2004,NLD,16425562.0,646331449347.0,26.109,1.59,182.09,11.086,231.636,14.102,1088.744,66283.531,1.684,57.743,82.44,1.875,17.749,82.251
Dominican Republic,2004,DOM,9104889.0,65495459116.0,8.161,0.896,17.254,1.895,27.582,3.029,72.703,7985.057,1.11,48.083,76.41,7.02,34.109,65.891
Israel,2004,ISR,6615084.0,166466423998.0,6.21,0.939,58.679,8.871,67.094,10.143,243.489,36808.152,1.463,23.729,76.34,1.617,8.417,91.583
Jamaica,2004,JAM,2672227.0,18987080266.0,1.145,0.429,10.574,3.957,15.194,5.686,44.285,16572.15,2.332,43.583,91.73,4.982,47.436,52.564
Ireland,2004,IRL,4066066.0,191402766075.0,21.088,5.186,46.167,11.354,80.752,19.86,180.362,44357.832,0.942,62.491,90.09,1.574,39.801,60.199
Chile,2004,CHL,16187324.0,264146071325.0,23.425,1.447,59.221,3.658,107.34,6.631,344.299,21269.668,1.303,21.431,83.97,3.758,13.266,86.734
Gabon,2004,GAB,1421620.0,15597639635.0,20.715,14.572,6.386,4.492,38.071,26.78,10.572,7436.644,0.678,8.1,87.38,5.467,17.264,82.736
Austria,2004,AUT,8173496.0,303692479841.0,10.705,1.31,77.716,9.508,91.037,11.138,422.457,51686.262,1.391,34.748,91.54,1.493,33.044,66.956
Syria,2004,SYR,18336879.0,126515329154.0,19.998,1.091,51.692,2.819,77.637,4.234,243.686,13289.391,1.926,75.748,110.46,22.433,46.5,53.5
Sweden,2004,SWE,8993805.0,341901244849.0,11.538,1.283,56.428,6.274,78.748,8.756,664.597,73894.945,1.944,7.741,105.38,1.681,15.733,84.267
Switzerland,2004,CHE,7384196.0,353894703206.0,5.608,0.759,45.231,6.125,53.571,7.255,357.158,48367.953,1.009,39.312,93.12,0.935,26.524,73.476
Haiti,2004,HTI,8910267.0,12808948010.0,7.447,0.836,1.643,0.184,21.108,2.369,8.376,940.091,0.654,60.595,94.76,15.851,58.129,41.871
Estonia,2004,EST,1362682.0,28392969678.0,2.512,1.843,17.322,12.712,22.176,16.274,64.106,47044.355,2.258,18.174,88.88,3.619,32.533,67.467
Norway,2004,NOR,4591739.0,297743119876.0,10.451,2.276,44.257,9.638,61.09,13.304,486.499,105950.953,1.634,2.847,93.83,1.336,22.432,77.568
Croatia,2004,HRV,4310050.0,69483828958.0,4.035,0.936,22.853,5.302,21.462,4.979,110.541,25647.283,1.591,21.014,75.57,4.418,44.411,55.589
Mongolia,2004,MNG,2542801.0,11156311740.0,8.387,3.298,8.501,3.343,23.274,9.153,19.701,7747.934,1.766,73.436,57.94,20.03,39.217,60.783
Slovakia,2004,SVK,5376038.0,88594621302.0,6.725,1.251,42.857,7.972,56.521,10.514,215.043,40000.277,2.427,40.208,155.62,1.506,44.416,55.584
Bosnia and Herzegovina,2004,BIH,4140990.0,31229543774.0,4.248,1.026,15.462,3.734,17.814,4.302,46.815,11305.199,1.499,42.371,75.14,8.583,56.162,43.838
Lesotho,2004,LSO,1971130.0,3857815847.0,1.613,0.818,1.979,1.004,5.782,2.933,2.051,1040.304,0.532,76.219,91.98,5.984,78.201,21.799
Singapore,2004,SGP,4172767.0,175483138246.0,3.024,0.725,41.0,9.826,45.403,10.881,513.521,123064.773,2.926,1.161,99.6,0.056,0.0,100.0
Liberia,2004,LBR,3156893.0,2286431759.0,1.632,0.517,0.543,0.172,24.028,7.611,2.363,748.674,1.034,15.45,66.98,65.047,54.566,45.434
Oman,2004,OMN,2404822.0,74745449481.0,28.932,12.031,29.247,12.162,58.777,24.441,141.451,58819.918,1.892,4.756,63.14,1.69,28.457,71.543
Eswatini,2004,SWZ,1073170.0,5696422388.0,1.554,1.448,1.004,0.935,2.058,1.918,6.35,5916.697,1.115,71.163,80.95,7.935,77.692,22.308
Sierra Leone,2004,SLE,5355715.0,5509297894.0,3.876,0.724,0.52,0.097,64.509,12.045,2.397,447.603,0.435,52.268,39.19,49.107,63.451,36.549
United Kingdom,2004,GBR,60169964.0,2099526641365.0,83.165,1.382,573.43,9.53,701.971,11.666,2690.652,44717.523,1.282,70.479,90.97,0.741,19.658,80.342
Lebanon,2004,LBN,4599285.0,35314011356.0,2.312,0.503,17.208,3.742,20.319,4.418,63.305,13763.996,1.793,62.395,107.18,3.821,13.395,86.605
Slovenia,2004,SVN,1993548.0,48578174459.0,3.8,1.906,16.711,8.382,21.897,10.984,85.143,42709.363,1.753,24.429,117.39,2.402,49.288,50.712
Bolivia,2004,BOL,9204297.0,38518211935.0,20.53,2.23,11.051,1.201,170.64,18.539,52.61,5715.799,1.366,33.801,61.31,13.322,36.244,63.756
Indonesia,2004,IDN,227926649.0,1387446383159.0,205.566,0.902,342.709,1.504,1288.085,5.651,1376.724,6040.208,0.992,24.837,70.83,14.336,54.552,45.448
Nicaragua,2004,NIC,5272909.0,16722815302.0,7.313,1.387,4.362,0.827,70.184,13.31,18.634,3533.965,1.114,43.419,58.53,15.969,44.221,55.779
Democratic Republic of Congo,2004,COD,56997740.0,27653538438.0,30.157,0.529,2.028,0.036,226.027,3.966,11.869,208.237,0.429,11.27,92.99,23.879,63.0,37.0
Egypt,2004,EGY,79477441.0,561597926809.0,51.405,0.647,151.917,1.911,225.003,2.831,682.054,8581.729,1.214,3.494,79.67,14.27,57.074,42.926
Botswana,2004,BWA,1807153.0,16720998899.0,4.01,2.219,3.895,2.155,9.934,5.497,15.94,8820.595,0.953,45.572,103.93,2.26,42.742,57.258
Libya,2004,LBY,5736696.0,79415538130.0,40.952,7.139,56.854,9.911,98.371,17.148,223.347,38933.094,2.812,8.744,101.48,3.343,11.963,88.037
Guinea-Bissau,2004,GNB,1349569.0,1573921435.0,1.609,1.192,0.044,0.033,5.117,3.792,1.247,924.365,0.793,24.783,75.07,36.97,61.922,38.078
Brazil,2004,BRA,182675144.0,2038447931287.0,494.991,2.71,361.434,1.979,3313.758,18.14,2503.373,13703.958,1.228,27.367,75.66,5.665,17.318,82.682
Guinea,2004,GIN,9062724.0,9645747516.0,10.738,1.185,1.722,0.19,34.874,3.848,8.268,912.342,0.857,57.464,52.26,15.99,67.897,32.103
Bulgaria,2004,BGR,7749430.0,83228668873.0,10.865,1.402,49.537,6.392,55.197,7.123,217.915,28120.139,2.618,49.007,123.56,8.452,30.081,69.919
Seychelles,2004,SYC,88175.0,1140079489.0,0.052,0.591,0.377,4.28,0.453,5.137,4.905,55627.305,4.302,8.696,124.74,3.227,57.076,42.924
United Arab Emirates,2004,ARE,4428964.0,252047957126.0,23.417,5.287,112.469,25.394,137.286,30.997,675.065,152420.609,2.678,7.801,50.6,1.665,18.527,81.473
Tunisia,2004,TUN,10166170.0,86232298416.0,8.364,0.823,22.144,2.178,33.253,3.271,97.984,9638.208,1.136,63.272,73.9,9.903,35.073,64.927
Latvia,2004,LVA,2264179.0,34720425840.0,2.177,0.961,7.731,3.415,14.957,6.606,45.924,20282.883,1.323,26.387,81.27,4.365,32.079,67.921
Honduras,2004,HND,7299003.0,25910108120.0,6.538,0.896,7.194,0.986,21.161,2.899,29.495,4040.982,1.138,28.063,86.07,12.171,52.426,47.574
Cuba,2004,CUB,11238756.0,51357046933.0,13.771,1.225,24.54,2.183,47.851,4.258,104.966,9339.649,2.044,61.348,69.77,5.474,24.082,75.918
Benin,2004,BEN,8159098.0,14599811664.0,4.306,0.528,2.594,0.318,24.335,2.983,10.957,1342.909,0.75,30.678,78.61,26.521,60.147,39.853
Cote d'Ivoire,2004,CIV,19594997.0,44320594821.0,9.015,0.46,7.386,0.377,87.77,4.479,31.103,1587.285,0.702,63.404,75.21,16.64,55.333,44.667
Mexico,2004,MEX,104394131.0,1373060298988.0,127.414,1.221,438.588,4.201,668.875,6.407,1843.897,17662.844,1.343,54.821,81.29,3.186,23.673,76.327
Moldova,2004,MDA,4046672.0,15302841155.0,2.345,0.579,4.613,1.14,6.573,1.624,36.128,8927.952,2.361,76.703,100.22,17.587,60.554,39.446
Senegal,2004,SEN,10975711.0,23858338191.0,8.263,0.753,5.238,0.477,21.479,1.957,23.443,2135.905,0.983,45.12,57.46,14.202,58.375,41.625
Tajikistan,2004,TJK,6790555.0,15391086914.0,3.722,0.548,2.562,0.377,8.791,1.295,36.695,5403.847,2.384,33.224,39.09,19.222,73.467,26.533
Iran,2004,IRN,70256316.0,849441950372.0,141.749,2.018,442.119,6.293,619.578,8.819,1831.958,26075.348,2.157,39.592,84.39,6.89,32.743,67.257
Jordan,2004,JOR,5882066.0,47936969925.0,2.659,0.452,19.003,3.231,22.88,3.89,79.17,13459.61,1.652,11.752,66.8,2.498,21.681,78.319
Lithuania,2004,LTU,3376703.0,49123583277.0,4.436,1.314,13.254,3.925,23.819,7.054,103.367,30611.701,2.104,41.549,101.28,4.152,33.398,66.602
Guatemala,2004,GTM,12807409.0,78142886190.0,10.795,0.843,11.056,0.863,58.486,4.567,44.043,3438.836,0.564,44.074,51.68,13.074,52.673,47.327
Burkina Faso,2004,BFA,13500536.0,16718435442.0,15.179,1.124,1.107,0.082,41.092,3.044,4.748,351.7,0.284,42.907,82.78,23.381,78.661,21.339
Luxembourg,2004,LUX,458305.0,24195538088.0,0.599,1.306,11.816,25.782,12.87,28.083,51.78,112981.047,2.14,49.719,86.22,0.535,14.02,85.98
Pakistan,2004,PAK,171285999.0,592025705114.0,126.702,0.74,124.637,0.728,290.965,1.699,618.905,3613.283,1.045,46.758,59.54,22.002,66.256,33.744
Ukraine,2004,UKR,47979502.0,381078098070.0,79.345,1.654,310.626,6.474,412.383,8.595,1585.872,33053.113,4.162,71.381,102.37,10.437,32.403,67.597
Ethiopia,2004,ETH,76077211.0,55845384136.0,65.043,0.855,5.159,0.068,250.465,3.292,20.149,264.853,0.361,29.329,77.21,38.68,84.241,15.759
Saudi Arabia,2004,SAU,19669486.0,690846607941.0,80.244,4.08,407.702,20.728,490.099,24.917,1702.448,86552.734,2.464,80.839,71.88,3.868,19.246,80.754
Madagascar,2004,MDG,18606606.0,21834931987.0,19.041,1.023,1.804,0.097,85.387,4.589,8.922,479.493,0.409,70.232,83.91,31.421,73.813,26.187
Niger,2004,NER,13265843.0,9044074242.0,13.355,1.007,0.795,0.06,25.262,1.904,4.168,314.178,0.461,30.372,71.93,37.372,83.731,16.269
Myanmar,2004,MMR,47068779.0,127115611447.0,59.752,1.269,12.565,0.267,218.825,4.649,56.257,1195.207,0.443,16.96,32.23,48.165,71.774,28.226
Venezuela,2004,VEN,26340843.0,346317458927.0,70.761,2.686,142.842,5.423,257.117,9.761,816.964,31015.098,2.359,24.477,77.96,3.719,11.416,88.584
North Macedonia,2004,MKD,2086581.0,17324217189.0,1.927,0.923,8.229,3.944,11.738,5.625,31.577,15133.405,1.823,49.626,91.3,11.554,42.147,57.853
Costa Rica,2004,CRI,4200079.0,41810218746.0,4.031,0.96,6.797,1.618,12.808,3.049,32.227,7672.902,0.771,35.684,74.47,8.852,36.34,63.66
Congo,2004,COG,3565565.0,15504146539.0,12.99,3.643,3.549,0.995,31.612,8.866,4.668,1309.18,0.301,30.873,54.61,5.509,39.079,60.921
Thailand,2004,THA,65452049.0,712165919937.0,89.596,1.369,207.331,3.168,388.647,5.938,989.731,15121.47,1.39,43.585,67.65,9.291,63.214,36.786
Denmark,2004,DNK,5404594.0,222528951750.0,9.341,1.728,55.1,10.195,72.286,13.375,241.652,44712.285,1.086,66.15,104.68,1.597,14.287,85.713
Namibia,2004,NAM,1942087.0,13656396271.0,5.148,2.651,2.239,1.153,13.413,6.907,12.226,6295.237,0.895,47.152,102.81,8.94,64.464,35.536
Turkey,2004,TUR,68592621.0,931152861082.0,45.418,0.662,247.843,3.613,332.467,4.847,973.841,14197.467,1.046,53.545,58.47,9.303,37.561,62.439
Burundi,2004,BDI,7310656.0,5086686387.0,2.336,0.32,0.198,0.027,4.753,0.65,1.069,146.285,0.21,71.963,46.12,41.903,91.081,8.919
Greece,2004,GRC,10947369.0,278667908011.0,14.608,1.334,109.485,10.001,126.361,11.543,398.232,36376.992,1.429,62.684,111.47,4.55,26.173,73.827
Belgium,2004,BEL,10421298.0,372499172102.0,13.351,1.281,128.812,12.36,153.557,14.735,764.62,73370.898,2.053,45.868,94.01,1.023,16.734,83.266
Hungary,2004,HUN,10085788.0,171925388770.0,10.645,1.055,59.985,5.947,74.896,7.426,288.927,28646.92,1.681,65.432,108.28,4.357,34.977,65.023
South Africa,2004,ZAF,48991420.0,439265862379.0,80.587,1.645,449.322,9.171,566.174,11.557,1372.773,28020.674,3.125,80.462,64.66,2.412,40.902,59.098
Laos,2004,LAO,5781627.0,16000772290.0,7.106,1.229,1.282,0.222,62.294,10.774,6.338,1096.164,0.396,8.432,93.19,30.521,73.463,26.537
Azerbaijan,2004,AZE,8489874.0,50107477354.0,7.715,0.909,32.253,3.799,44.232,5.21,153.898,18127.234,3.071,57.515,62.91,10.988,47.717,52.283
Kazakhstan,2004,KAZ,15850164.0,217713169930.0,40.649,2.565,185.476,11.702,215.078,13.569,490.623,30953.795,2.254,78.776,76.63,7.123,45.08,54.92
Yemen,2004,YEM,22095161.0,84847429283.0,14.815,0.67,20.109,0.91,40.266,1.822,79.023,3576.496,0.931,44.618,57.88,12.415,71.549,28.451
Ghana,2004,GHA,21868298.0,51015950853.0,9.07,0.415,6.451,0.295,38.213,1.747,31.337,1432.979,0.614,52.165,65.04,37.952,53.243,46.757
Malawi,2004,MWI,12500736.0,12176822884.0,3.908,0.313,0.902,0.072,27.327,2.186,5.053,404.2,0.415,52.821,30.23,28.873,84.968,15.032
Vietnam,2004,VNM,80338977.0,288148996981.0,83.34,1.037,88.939,1.107,324.489,4.039,347.775,4328.84,1.207,31.592,54.76,21.808,73.198,26.802
Panama,2004,PAN,3251158.0,33428600750.0,3.527,1.085,5.505,1.693,19.963,6.14,61.974,19062.01,1.854,30.032,66.15,6.207,36.245,63.755
Comoros,2004,COM,580711.0,755848590.0,0.315,0.543,0.15,0.259,0.565,0.973,0.636,1095.823,0.842,71.467,90.66,29.376,72.04,27.96
Cameroon,2004,CMR,16610485.0,39050234319.0,19.209,1.156,5.698,0.343,64.708,3.896,18.567,1117.777,0.475,19.483,70.51,17.561,51.817,48.183
Rwanda,2004,RWA,8816849.0,9814510529.0,3.243,0.368,0.516,0.058,6.831,0.775,2.639,299.312,0.269,76.328,52.37,33.895,83.098,16.902
Uruguay,2004,URY,3283157.0,39270203111.0,22.446,6.837,5.574,1.698,33.513,10.207,36.128,11003.951,0.92,84.727,87.14,10.997,8.199,91.801
Cambodia,2004,KHM,13244737.0,25705927295.0,18.048,1.363,2.239,0.169,69.559,5.252,10.568,797.893,0.411,29.628,102.62,26.629,81.019,18.981
Argentina,2004,ARG,38815915.0,550306327169.0,125.187,3.225,157.235,4.051,507.462,13.074,751.157,19351.779,1.365,47.319,89.16,8.362,10.06,89.94
Uzbekistan,2004,UZB,26029350.0,133132057133.0,34.501,1.325,129.099,4.96,173.659,6.672,555.847,21354.619,4.175,61.222,50.03,26.444,49.43,50.57
Hong Kong,2004,HKG,6888164.0,243895605092.0,4.2,0.61,41.158,5.975,45.868,6.659,281.527,40871.117,1.154,6.667,104.97,0.073,0.0,100.0
South Korea,2004,KOR,47697076.0,1281243847324.0,28.199,0.591,491.389,10.302,526.324,11.035,2564.583,53768.141,2.002,19.552,71.46,2.836,18.896,81.104
Belarus,2004,BLR,9735089.0,114486408721.0,16.42,1.687,58.373,5.996,94.18,9.674,285.033,29278.977,2.49,44.163,66.61,8.85,28.234,71.766
Kyrgyzstan,2004,KGZ,5203048.0,18155686902.0,4.319,0.83,5.808,1.116,14.449,2.777,34.139,6561.337,1.88,56.152,80.74,29.904,64.694,35.306
Angola,2004,AGO,18600426.0,41307235678.0,61.914,3.329,17.016,0.915,144.092,7.747,42.744,2298.005,1.035,35.542,63.59,10.364,44.955,55.045
Trinidad and Tobago,2004,TTO,1345386.0,33689560531.0,5.203,3.867,32.688,24.297,38.591,28.684,169.78,126194.438,5.04,10.721,100.78,0.761,44.429,55.571
Iraq,2004,IRQ,27577876.0,155937247290.0,76.049,2.758,113.016,4.098,195.077,7.074,326.009,11821.411,2.091,19.73,87.81,6.939,31.78,68.22
Australia,2004,AUS,20046679.0,809792445090.0,168.446,8.403,382.005,19.056,761.87,38.005,1404.444,70058.688,1.734,51.405,87.7,3.058,14.481,85.519
Tanzania,2004,TZA,38109666.0,55891196644.0,36.868,0.967,4.221,0.111,149.492,3.923,22.538,591.402,0.403,39.238,57.56,25.706,75.917,24.083
Malaysia,2004,MYS,25256773.0,377079435469.0,27.452,1.087,169.674,6.718,296.046,11.721,772.928,30602.789,2.05,21.707,58.97,9.271,33.935,66.065
Finland,2004,FIN,5228147.0,187633923914.0,9.507,1.818,68.946,13.187,106.692,20.407,393.254,75218.609,2.096,7.397,100.6,2.38,31.723,68.277
Colombia,2004,COL,41543177.0,376728225954.0,75.899,1.827,54.324,1.308,211.028,5.08,339.531,8172.958,0.901,38.207,75.32,7.911,24.192,75.808
Mauritius,2004,MUS,1249799.0,18313509621.0,0.539,0.431,3.089,2.471,4.159,3.328,16.788,13432.692,0.917,48.276,80.75,5.206,58.673,41.327
Russia,2004,RUS,145180091.0,2143914665541.0,335.313,2.31,1545.353,10.644,1980.465,13.641,7514.088,51757.012,3.505,13.185,79.86,4.904,26.693,73.307
Canada,2004,CAN,32132680.0,1265917327101.0,127.205,3.959,576.286,17.935,948.803,29.528,3768.068,117265.898,2.977,6.893,106.11,2.168,20.308,79.692
Germany,2004,DEU,82092706.0,2894624877966.0,87.161,1.062,876.57,10.678,1007.236,12.269,4009.893,48845.914,1.385,48.78,90.16,0.949,19.845,80.155
Romania,2004,ROU,21403215.0,228570981481.0,22.428,1.048,103.233,4.823,133.131,6.22,459.247,21456.91,2.009,61.435,112.69,12.706,47.082,52.918
Zambia,2004,ZMB,11338201.0,21770250951.0,15.772,1.391,2.104,0.186,79.16,6.982,17.068,1505.365,0.784,30.801,52.08,15.581,63.196,36.804
Kenya,2004,KEN,34713453.0,72070033430.0,28.377,0.817,7.621,0.22,59.785,1.722,41.256,1188.479,0.572,47.426,81.12,24.929,74.585,25.415
Iceland,2004,ISL,292172.0,10591927126.0,0.612,2.096,3.107,10.635,4.307,14.742,35.781,122464.852,3.378,18.793,80.89,5.229,7.562,92.438
Nigeria,2004,NGA,141057045.0,438814816180.0,261.971,1.857,94.962,0.673,480.39,3.406,276.614,1961.007,0.63,72.423,86.49,27.23,53.301,46.699
Cyprus,2004,CYP,1017875.0,21975893073.0,0.487,0.478,7.787,7.65,8.887,8.731,31.228,30679.959,1.421,16.883,115.48,3.083,31.409,68.591
Morocco,2004,MAR,29953021.0,168466885680.0,20.592,0.687,42.226,1.41,67.345,2.248,148.563,4959.868,0.882,67.311,61.52,11.869,45.021,54.979
Cape Verde,2004,CPV,479377.0,2022409320.0,0.127,0.264,0.429,0.894,0.66,1.376,1.785,3723.338,0.883,18.859,100.03,9.863,42.932,57.068
Georgia,2004,GEO,4056076.0,30055110813.0,3.578,0.882,4.278,1.055,3.418,0.843,28.638,7060.586,0.953,35.861,145.51,16.395,47.283,52.717
Portugal,2004,PRT,10481386.0,251279602163.0,11.559,1.103,67.302,6.421,75.986,7.25,298.751,28503.047,1.189,42.291,103.19,2.602,42.583,57.417
Mali,2004,MLI,13102415.0,15828925288.0,15.843,1.209,1.414,0.108,57.837,4.414,4.016,306.472,0.254,32.529,98.64,23.724,79.543,20.457
Qatar,2004,QAT,773341.0,63193934807.0,23.922,30.933,47.44,61.344,71.636,92.632,197.57,255475.859,3.126,5.616,61.92,0.182,2.953,97.047
Turkmenistan,2004,TKM,4958091.0,35857575608.0,22.859,4.61,49.355,9.954,90.372,18.227,187.145,37745.398,5.219,74.586,67.39,18.355,53.262,46.738
France,2004,FRA,61175244.0,2196883540402.0,82.771,1.353,414.073,6.769,477.93,7.812,3180.13,51983.934,1.448,54.659,101.4,1.72,22.51,77.49
Poland,2004,POL,38167568.0,570430122148.0,63.702,1.669,323.621,8.479,392.54,10.285,1041.219,27280.193,1.825,53.299,86.02,3.334,38.344,61.656
Japan,2004,JPN,127815769.0,4380398118363.0,39.444,0.309,1279.122,10.008,1320.234,10.329,6247.106,48875.867,1.426,14.019,91.55,1.231,15.629,84.371
Uganda,2004,UGA,27154513.0,37411396915.0,16.416,0.605,1.607,0.059,37.128,1.367,8.501,313.067,0.227,66.373,73.7,21.67,86.878,13.122
Barbados,2004,BRB,267297.0,3369967163.0,0.195,0.729,1.387,5.188,1.636,6.12,7.144,26727.373,2.12,37.209,89.17,1.643,38.898,61.102
Spain,2004,ESP,43234562.0,1289831715789.0,47.019,1.088,352.139,8.145,412.024,9.53,1744.459,40348.723,1.352,58.238,92.76,3.118,23.045,76.955
Kuwait,2004,KWT,2157329.0,123477836787.0,35.942,16.66,65.855,30.526,102.573,47.546,309.895,143647.453,2.51,8.418,38.05,0.405,0.053,99.947
Bangladesh,2004,BGD,142902857.0,260372737862.0,75.405,0.528,35.978,0.252,134.663,0.942,175.497,1228.083,0.674,71.622,52.74,19.267,74.991,25.009
India,2004,IND,1135991509.0,3495022816540.0,705.392,0.621,1134.611,0.999,2129.202,1.874,4352.651,3831.588,1.245,60.667,56.82,17.815,71.227,28.773
New Zealand,2004,NZL,4083912.0,123732222489.0,37.671,9.224,35.806,8.768,91.453,22.394,234.68,57464.543,1.897,45.156,85.92,5.366,14.098,85.902
Ecuador,2004,ECU,13608700.0,106393261231.0,22.709,1.669,29.31,2.154,81.361,5.979,114.056,8381.104,1.072,30.307,70.68,7.969,38.217,61.783
Gambia,2004,GMB,1621309.0,2391385185.0,0.994,0.613,0.319,0.197,2.56,1.579,1.449,893.532,0.606,47.233,88.9,31.503,48.494,51.506
Paraguay,2004,PRY,5388181.0,34591080511.0,17.701,3.285,4.058,0.753,78.72,14.61,22.61,4196.23,0.654,44.236,54.67,13.933,41.258,58.742
China,2004,CHN,1302100316.0,7830953177799.0,1069.441,0.821,5210.961,4.002,6840.591,5.254,18509.137,14214.832,2.364,55.948,77.28,12.729,58.24,41.76
Peru,2004,PER,27852190.0,152840586065.0,27.483,0.987,28.504,1.023,154.495,5.547,157.396,5651.12,1.03,18.2,55.46,6.934,25.623,74.377
Mauritania,2004,MRT,2868671.0,6050710140.0,6.993,2.438,1.385,0.483,11.902,4.149,6.284,2190.644,1.039,38.527,82.27,22.918,60.431,39.569
Togo,2004,TGO,5281320.0,6257433355.0,3.33,0.631,1.744,0.33,9.082,1.72,5.406,1023.548,0.864,63.982,84.82,15.406,65.099,34.901
United States,2004,USA,292786248.0,14198910513593.0,765.332,2.614,6111.545,20.874,7314.667,24.983,26899.117,91872.883,1.894,45.076,91.39,1.265,20.004,79.996
Sri Lanka,2004,LKA,20087608.0,127113013921.0,8.763,0.436,11.908,0.593,59.038,2.939,53.507,2663.676,0.421,36.492,65.73,12.544,85.087,14.913
Czechia,2004,CZE,10261453.0,208725903761.0,14.05,1.369,128.314,12.504,142.915,13.927,527.825,51437.602,2.529,47.002,119.88,2.408,26.301,73.699
Mozambique,2004,MOZ,19840312.0,20561725686.0,13.141,0.662,1.864,0.094,90.293,4.551,17.855,899.958,0.868,48.75,68.64,22.49,70.141,29.859
El Salvador,2004,SLV,6004673.0,36185189370.0,3.955,0.659,6.216,1.035,7.851,1.307,29.121,4849.703,0.805,61.81,85.82,5.728,39.857,60.143
Philippines,2004,PHL,86394510.0,404092179609.0,63.669,0.737,71.999,0.833,187.905,2.175,319.261,3695.391,0.79,38.468,72.25,13.984,59.149,40.851
Malta,2004,MLT,410800.0,8512522890.0,0.17,0.414,2.849,6.935,3.047,7.417,24.279,59101.789,2.852,31.25,122.67,1.847,6.392,93.608
Chad,2004,TCD,9920036.0,11032101494.0,28.694,2.893,0.906,0.091,61.978,6.248,1.018,102.662,0.092,38.779,54.06,29.774,78.262,21.738
Algeria,2004,DZA,32628286.0,296773569597.0,57.54,1.764,90.853,2.784,155.878,4.777,349.778,10720.079,1.179,17.275,65.43,7.722,37.098,62.902
Zimbabwe,2004,ZWE,12365901.0,19792844101.0,11.147,0.901,9.429,0.762,54.069,4.372,38.65,3125.507,1.953,41.25,87.16,18.064,67.372,32.628
Afghanistan,2004,AFG,23560656.0,22332570533.0,10.651,0.452,1.237,0.053,18.934,0.804,3.717,157.758,0.166,58.151,97.17,29.721,80.601,19.399
Albania,2004,ALB,3098662.0,19346601376.0,3.378,1.09,4.177,1.348,7.716,2.49,25.014,8072.544,1.293,40.949,90.87,18.563,55.022,44.978
Nepal,2004,NPL,26016652.0,45033771388.0,23.268,0.894,2.582,0.099,47.559,1.828,12.574,483.319,0.279,29.424,70.07,34.676,58.389,41.611
Albania,2005,ALB,3076156.0,20562850324.0,3.362,1.093,4.261,1.385,10.937,3.555,24.746,8044.378,1.203,39.307,88.21,17.125,54.006,45.994
Italy,2005,ITA,58519696.0,2029243417217.0,55.428,0.947,501.365,8.567,554.302,9.472,2222.93,37986.016,1.095,49.831,109.73,2.03,32.41,67.59
Dominica,2005,DMA,68750.0,482222496.0,0.053,0.769,0.15,2.185,0.197,2.867,0.624,9073.677,1.294,29.333,97.32,11.915,33.76,66.24
Netherlands,2005,NLD,16465707.0,664118269501.0,24.293,1.475,178.13,10.818,227.757,13.832,1112.242,67549.0,1.675,57.396,82.67,1.871,16.495,83.505
Algeria,2005,DZA,33109258.0,326854481030.0,57.848,1.747,109.564,3.309,173.606,5.243,366.272,11062.512,1.121,17.303,67.44,6.559,36.34,63.66
Dominican Republic,2005,DOM,9225035.0,72784646192.0,8.021,0.87,17.852,1.935,28.129,3.049,79.635,8632.461,1.094,48.291,89.57,7.212,32.424,67.576
Israel,2005,ISR,6728212.0,172697410123.0,6.01,0.893,56.528,8.402,64.675,9.612,244.649,36361.738,1.417,23.775,77.76,1.878,8.362,91.638
Togo,2005,TGO,5413151.0,6399681696.0,3.846,0.71,1.722,0.318,11.738,2.168,5.273,974.187,0.824,64.718,93.35,17.333,64.651,35.349
Sri Lanka,2005,LKA,20216531.0,134388316813.0,9.471,0.468,11.67,0.577,41.655,2.06,61.786,3056.231,0.46,39.746,67.13,11.819,84.833,15.167
Mozambique,2005,MOZ,20304577.0,20658231192.0,14.407,0.71,1.77,0.087,79.415,3.911,18.773,924.565,0.909,49.032,72.94,22.921,69.99,30.01
El Salvador,2005,SLV,6005583.0,38001442916.0,4.0,0.666,6.262,1.043,7.494,1.248,29.581,4925.601,0.778,58.813,93.29,6.172,38.969,61.031
Kyrgyzstan,2005,KGZ,5246337.0,17942169018.0,4.393,0.837,5.519,1.052,14.15,2.697,33.131,6315.117,1.847,56.022,80.65,28.483,64.697,35.303
Barbados,2005,BRB,268717.0,3466246054.0,0.193,0.718,1.429,5.318,1.665,6.196,7.199,26791.811,2.077,37.209,95.06,1.587,39.361,60.639
Zambia,2005,ZMB,11718819.0,24119806314.0,16.547,1.412,2.243,0.191,93.005,7.936,18.014,1537.164,0.747,30.619,53.66,14.589,62.703,37.297
Spain,2005,ESP,43958883.0,1348839731490.0,46.895,1.067,367.447,8.359,422.042,9.601,1770.33,40272.402,1.312,58.434,90.97,2.758,22.779,77.221
Kuwait,2005,KWT,2236797.0,142799938874.0,38.586,17.251,74.615,33.358,114.034,50.981,341.361,152611.672,2.39,8.418,40.13,0.301,0.0,100.0
Iceland,2005,ISL,296852.0,11206862490.0,0.673,2.266,2.976,10.026,4.271,14.387,35.904,120949.797,3.204,18.773,80.12,4.66,7.623,92.377
Bangladesh,2005,BGD,144715789.0,280264340330.0,76.956,0.532,37.717,0.261,137.185,0.948,190.247,1314.626,0.679,71.53,55.07,18.571,74.523,25.477
India,2005,IND,1154676321.0,3752627653422.0,721.894,0.625,1195.393,1.035,2205.413,1.91,4608.417,3991.09,1.228,60.583,59.27,17.62,70.905,29.095
Sweden,2005,SWE,9029771.0,354496929423.0,9.793,1.085,53.787,5.957,76.726,8.497,673.01,74532.344,1.898,7.859,102.24,1.16,15.65,84.35
United States,2005,USA,295716666.0,14673826218839.0,772.655,2.613,6126.903,20.719,7428.8,25.121,26912.564,91007.938,1.834,45.071,90.6,1.151,19.804,80.196
Kenya,2005,KEN,35796485.0,77598831261.0,27.952,0.781,8.454,0.236,62.066,1.734,45.088,1259.569,0.581,47.444,87.22,24.236,72.731,27.269
Nigeria,2005,NGA,145017256.0,481797619872.0,255.255,1.76,101.666,0.701,464.284,3.202,304.852,2102.179,0.633,72.678,87.33,26.089,52.434,47.566
Cyprus,2005,CYP,1036156.0,23006188640.0,0.473,0.456,7.952,7.674,8.432,8.138,34.993,33771.734,1.521,18.074,111.75,2.739,31.566,68.434
Uzbekistan,2005,UZB,26356977.0,140239285325.0,41.614,1.579,121.602,4.614,173.01,6.564,561.662,21309.803,4.005,60.808,53.08,26.331,48.922,51.078
South Korea,2005,KOR,47851646.0,1322354601142.0,28.38,0.593,498.688,10.422,533.827,11.156,2642.637,55225.629,1.998,19.422,73.55,2.506,18.61,81.39
Belarus,2005,BLR,9667833.0,123858071551.0,15.738,1.628,59.396,6.144,95.442,9.872,284.106,29386.727,2.294,44.12,74.03,8.519,27.969,72.031
Belgium,2005,BEL,10478883.0,380840056202.0,13.091,1.249,125.658,11.992,148.796,14.2,756.118,72156.344,1.985,45.594,89.72,0.841,16.435,83.565
Hungary,2005,HUN,10065703.0,183107031890.0,11.06,1.099,60.142,5.975,75.022,7.453,308.077,30606.633,1.682,65.428,101.25,3.725,33.874,66.126
Hong Kong,2005,HKG,6908483.0,259469641313.0,4.264,0.617,43.334,6.273,48.133,6.967,270.09,39095.48,1.041,6.667,110.09,0.067,0.0,100.0
South Africa,2005,ZAF,49490041.0,470188845104.0,81.855,1.654,416.205,8.41,529.32,10.695,1299.322,26254.201,2.763,80.359,68.63,2.085,40.176,59.824
Laos,2005,LAO,5869531.0,17208611490.0,7.006,1.194,1.337,0.228,65.641,11.183,7.298,1243.305,0.424,8.601,96.44,28.295,72.678,27.322
Azerbaijan,2005,AZE,8597248.0,64019175136.0,8.681,1.01,34.194,3.977,47.177,5.487,166.837,19405.906,2.606,57.568,64.8,9.148,47.497,52.503
Kazakhstan,2005,KAZ,15968118.0,240059743236.0,41.692,2.611,198.449,12.428,233.922,14.649,504.625,31602.055,2.102,78.633,80.02,6.37,45.352,54.648
Niger,2005,NER,13756192.0,9809322645.0,13.872,1.008,0.691,0.05,23.899,1.737,3.93,285.699,0.401,33.919,79.18,39.281,83.731,16.269
Myanmar,2005,MMR,47438362.0,142039114248.0,62.453,1.317,11.548,0.243,242.824,5.119,72.704,1532.599,0.512,17.239,38.15,46.687,71.609,28.391
Czechia,2005,CZE,10280155.0,225302570264.0,13.778,1.34,125.713,12.229,139.747,13.594,519.632,50547.094,2.306,46.667,116.73,2.281,26.362,73.638
Venezuela,2005,VEN,26785797.0,383570387195.0,72.579,2.71,148.408,5.541,261.508,9.763,849.186,31702.852,2.214,24.483,89.27,3.695,11.361,88.639
North Macedonia,2005,MKD,2089809.0,18219129334.0,1.889,0.904,8.596,4.113,11.379,5.445,32.584,15591.887,1.788,48.289,88.09,9.736,42.139,57.861
Tunisia,2005,TUN,10255474.0,89804282207.0,8.783,0.856,22.516,2.196,34.967,3.41,106.398,10374.793,1.185,63.234,76.19,9.17,34.766,65.234
Latvia,2005,LVA,2239787.0,38143684659.0,2.285,1.02,7.811,3.487,17.525,7.824,47.371,21149.693,1.242,27.866,83.92,3.868,32.105,67.895
Honduras,2005,HND,7478362.0,27704981594.0,6.854,0.916,6.835,0.914,19.443,2.6,28.728,3841.422,1.037,28.153,90.14,12.471,51.83,48.17
Morocco,2005,MAR,30358145.0,174390745088.0,20.884,0.688,44.661,1.471,68.406,2.253,161.334,5314.354,0.925,67.195,66.09,10.699,44.56,55.44
Cuba,2005,CUB,11262553.0,53114045326.0,13.065,1.16,25.706,2.282,45.483,4.038,103.321,9173.879,1.945,62.354,65.51,4.364,23.997,76.003
Estonia,2005,EST,1354847.0,30566893529.0,2.41,1.779,17.09,12.614,19.492,14.387,64.464,47580.188,2.109,20.804,87.64,3.287,32.492,67.508
Benin,2005,BEN,8426145.0,14703566396.0,4.757,0.565,2.49,0.295,19.23,2.282,10.286,1220.706,0.7,30.805,81.28,26.689,59.69,40.31
Lebanon,2005,LBN,4671105.0,37512383718.0,2.389,0.511,16.65,3.565,19.586,4.193,60.575,12968.104,1.615,63.832,105.36,3.58,13.233,86.767
Slovenia,2005,SVN,1996915.0,50309132737.0,3.817,1.912,16.942,8.484,22.154,11.094,85.309,42720.215,1.696,25.273,111.21,2.424,49.351,50.649
Bolivia,2005,BOL,9360758.0,40366066215.0,21.164,2.261,12.337,1.318,142.932,15.269,51.818,5535.625,1.284,34.12,64.73,11.793,35.787,64.213
Indonesia,2005,IDN,230871648.0,1474875329634.0,209.288,0.907,347.361,1.505,1217.586,5.274,1416.892,6137.142,0.961,24.939,64.31,13.127,53.763,46.237
Austria,2005,AUT,8229204.0,311441138652.0,10.519,1.278,79.095,9.612,92.129,11.195,431.35,52416.992,1.385,34.619,89.8,1.282,33.02,66.98
Switzerland,2005,CHE,7431824.0,371135459405.0,5.678,0.764,45.776,6.159,54.125,7.283,340.782,45854.402,0.918,39.235,93.87,0.819,26.505,73.495
Haiti,2005,HTI,9061274.0,13245370242.0,7.569,0.835,1.715,0.189,21.694,2.394,8.75,965.679,0.661,64.224,96.1,18.053,57.421,42.579
Uganda,2005,UGA,27963287.0,40921116463.0,17.457,0.624,2.018,0.072,38.932,1.392,10.233,365.944,0.25,66.373,77.6,25.075,86.209,13.791
Norway,2005,NOR,4623120.0,314940774381.0,9.661,2.09,43.279,9.361,59.828,12.941,558.437,120792.133,1.773,2.836,93.82,1.36,22.174,77.826
Croatia,2005,HRV,4313946.0,73522772944.0,3.829,0.887,23.296,5.4,21.681,5.026,109.285,25332.936,1.486,21.639,82.48,3.867,44.469,55.531
Mongolia,2005,MNG,2563466.0,12547451302.0,10.891,4.249,8.515,3.322,29.241,11.407,20.354,7940.083,1.622,73.292,54.68,19.798,37.688,62.312
Yemen,2005,YEM,22790082.0,89711703960.0,17.133,0.752,21.797,0.956,44.892,1.97,83.285,3654.446,0.928,44.554,57.05,11.093,71.148,28.852
Slovakia,2005,SVK,5376697.0,94444699022.0,6.604,1.228,42.857,7.971,58.055,10.797,226.267,42082.98,2.396,40.353,157.21,1.471,44.581,55.419
Bosnia and Herzegovina,2005,BIH,4096493.0,32159580501.0,4.371,1.067,16.046,3.917,18.575,4.534,42.383,10346.191,1.318,42.129,85.11,8.297,55.843,44.157
Lesotho,2005,LSO,1953080.0,3870538474.0,1.732,0.887,2.012,1.03,4.961,2.54,2.207,1129.982,0.57,76.647,103.08,5.671,77.468,22.532
Singapore,2005,SGP,4268363.0,190691514722.0,3.127,0.733,39.6,9.278,43.996,10.308,542.302,127051.617,2.844,1.103,74.57,0.055,0.0,100.0
Liberia,2005,LBR,3301016.0,2369891568.0,1.708,0.517,0.651,0.197,23.519,7.125,2.767,838.092,1.167,15.76,67.82,66.033,54.149,45.851
Oman,2005,OMN,2459808.0,80936605625.0,27.995,11.381,31.835,12.942,60.442,24.572,156.123,63469.539,1.929,4.733,74.53,1.415,28.142,71.858
Eswatini,2005,SWZ,1079022.0,6002942535.0,1.541,1.428,1.015,0.941,1.824,1.691,6.41,5940.479,1.068,71.163,91.79,9.047,77.79,22.21
United Kingdom,2005,GBR,60596107.0,2161729510824.0,76.798,1.267,570.338,9.412,714.9,11.798,2712.682,44766.613,1.255,70.086,92.24,0.547,19.554,80.446
Nicaragua,2005,NIC,5342108.0,17753885555.0,7.641,1.43,4.253,0.796,59.651,11.166,18.797,3518.621,1.059,43.626,61.2,16.138,44.062,55.938
Democratic Republic of Congo,2005,COD,58775726.0,30164653557.0,30.063,0.511,2.287,0.039,223.733,3.807,13.464,229.068,0.446,11.27,93.8,19.845,62.598,37.402
Egypt,2005,EGY,81101012.0,600297394092.0,51.591,0.636,166.934,2.058,240.169,2.961,699.417,8624.019,1.165,3.539,83.85,13.982,57.043,42.957
Botswana,2005,BWA,1839881.0,17874650435.0,4.724,2.567,4.096,2.226,11.237,6.108,16.86,9163.713,0.943,45.551,108.3,1.828,41.546,58.454
Guinea-Bissau,2005,GNB,1381590.0,1653070519.0,1.619,1.172,0.092,0.066,5.209,3.77,1.264,914.571,0.764,25.083,77.23,40.398,61.62,38.38
Brazil,2005,BRA,184688101.0,2129214530430.0,497.686,2.695,364.371,1.973,3057.048,16.552,2569.063,13910.277,1.207,27.38,77.91,4.651,17.016,82.984
Sierra Leone,2005,SLE,5501707.0,5761186841.0,4.143,0.753,0.432,0.079,78.772,14.318,2.164,393.411,0.376,52.813,47.96,50.103,63.151,36.849
Libya,2005,LBY,5858793.0,94523140632.0,43.68,7.456,55.986,9.556,100.316,17.122,230.981,39424.711,2.444,8.744,107.27,2.51,11.864,88.136
Guinea,2005,GIN,9245844.0,10059820577.0,11.639,1.259,1.784,0.193,40.295,4.358,8.486,917.845,0.844,57.502,55.13,15.281,67.604,32.396
Bulgaria,2005,BGR,7695047.0,89684785590.0,10.653,1.384,50.6,6.576,56.864,7.39,236.086,30680.197,2.632,48.463,122.7,7.284,29.913,70.087
Seychelles,2005,SYC,89288.0,1274495332.0,0.053,0.592,0.381,4.268,0.456,5.104,4.468,50038.867,3.506,8.696,116.92,3.038,57.149,42.851
United Arab Emirates,2005,ARE,4664797.0,262413275144.0,24.376,5.226,115.273,24.711,141.107,30.249,704.598,151045.812,2.685,7.843,56.53,1.395,17.788,82.212
Cote d'Ivoire,2005,CIV,20068468.0,46182121378.0,10.109,0.504,7.568,0.377,98.221,4.894,35.496,1768.738,0.769,64.166,75.39,16.065,54.918,45.082
Mexico,2005,MEX,105811504.0,1427140428046.0,129.146,1.221,463.436,4.38,692.625,6.546,2020.163,19092.096,1.416,54.821,83.12,2.946,23.525,76.475
Moldova,2005,MDA,3988668.0,16157452511.0,2.237,0.561,4.938,1.238,6.861,1.72,39.598,9927.586,2.451,75.981,103.48,16.4,60.63,39.37
Senegal,2005,SEN,11235473.0,25111741099.0,8.467,0.754,5.539,0.493,16.21,1.443,24.396,2171.303,0.971,45.583,62.27,15.18,58.094,41.906
Tajikistan,2005,TJK,6924722.0,16469329106.0,3.955,0.571,2.441,0.352,9.474,1.368,37.103,5358.023,2.253,33.381,43.09,21.192,73.468,26.532
Iran,2005,IRN,71828455.0,908856025194.0,149.683,2.084,466.795,6.499,655.284,9.123,1940.3,27012.971,2.135,29.244,89.3,6.501,32.129,67.871
Syria,2005,SYR,18814092.0,129657010670.0,20.522,1.091,51.162,2.719,78.291,4.161,276.08,14674.131,2.129,75.328,117.61,20.293,46.177,53.823
Jordan,2005,JOR,6029597.0,52217618202.0,2.816,0.467,20.79,3.448,24.978,4.143,85.957,14255.92,1.646,11.48,67.88,2.758,21.588,78.412
Lithuania,2005,LTU,3322264.0,52913078254.0,4.405,1.326,13.863,4.173,20.08,6.044,94.338,28395.758,1.783,45.262,105.69,4.327,33.422,66.578
Guatemala,2005,GTM,13087637.0,80920955084.0,11.24,0.859,12.038,0.92,59.222,4.525,46.523,3554.724,0.575,42.572,52.48,12.59,51.944,48.056
Saudi Arabia,2005,SAU,20559886.0,768984265306.0,85.504,4.159,412.234,20.05,500.341,24.336,1811.106,88089.297,2.355,80.838,73.62,3.185,19.022,80.978
Burkina Faso,2005,BFA,13932127.0,17737650575.0,15.586,1.119,1.104,0.079,43.234,3.103,5.057,362.958,0.285,43.426,86.88,26.771,77.982,22.018
Luxembourg,2005,LUX,465369.0,24872864640.0,0.592,1.272,12.076,25.949,13.112,28.176,52.553,112927.523,2.113,50.108,84.87,0.357,13.626,86.374
Pakistan,2005,PAK,175453212.0,641139042718.0,130.2,0.742,129.947,0.741,304.571,1.736,641.339,3655.326,1.0,46.654,61.22,21.575,66.081,33.919
Ukraine,2005,UKR,47585558.0,399366244154.0,80.238,1.686,313.513,6.588,417.94,8.783,1605.493,33739.07,4.02,71.29,101.84,8.875,32.186,67.814
Ethiopia,2005,ETH,78367476.0,61634778962.0,67.793,0.865,4.956,0.063,253.664,3.237,23.296,297.265,0.378,29.763,75.29,41.174,84.017,15.983
Costa Rica,2005,CRI,4261240.0,43414436973.0,3.768,0.884,6.66,1.563,13.056,3.064,34.244,8036.141,0.789,35.351,80.12,8.622,35.1,64.9
Madagascar,2005,MDG,19159711.0,23129761607.0,21.389,1.116,1.741,0.091,79.753,4.163,8.586,448.104,0.371,70.318,91.02,30.763,73.526,26.474
Greece,2005,GRC,10981340.0,282859759866.0,14.879,1.355,113.889,10.371,129.979,11.836,399.606,36389.562,1.413,62.102,114.22,4.477,25.738,74.262
Congo,2005,COG,3696399.0,17078609818.0,15.977,4.322,4.352,1.177,35.362,9.567,6.488,1755.228,0.38,30.88,62.67,6.104,38.69,61.31
Vietnam,2005,VNM,81088309.0,308988652738.0,87.113,1.074,95.842,1.182,301.726,3.721,369.791,4560.353,1.197,32.138,60.84,19.3,72.571,27.429
Thailand,2005,THA,66017415.0,739238460898.0,92.053,1.394,214.325,3.246,399.267,6.048,1021.117,15467.393,1.381,43.767,74.16,9.194,61.87,38.13
Denmark,2005,DNK,5419550.0,229074701412.0,9.249,1.707,51.535,9.509,68.154,12.576,233.617,43106.32,1.02,67.675,103.1,1.131,13.994,86.006
Namibia,2005,NAM,1966581.0,14023333339.0,5.672,2.884,2.532,1.287,14.303,7.273,13.201,6712.8,0.941,47.152,101.69,10.368,63.413,36.587
Burundi,2005,BDI,7587303.0,5144959327.0,2.434,0.321,0.158,0.021,5.052,0.666,0.895,117.998,0.174,70.833,59.09,40.848,90.819,9.181
Ghana,2005,GHA,22449446.0,54178109578.0,9.908,0.441,6.113,0.272,40.476,1.803,31.845,1418.505,0.588,53.264,66.61,37.453,52.547,47.453
Malawi,2005,MWI,12840034.0,12535229211.0,4.05,0.315,0.845,0.066,27.19,2.118,4.723,367.86,0.377,54.943,29.05,27.377,84.896,15.104
Panama,2005,PAN,3313024.0,35933065263.0,3.644,1.1,6.742,2.035,19.28,5.82,62.053,18729.881,1.727,29.997,67.88,5.723,35.928,64.072
Comoros,2005,COM,592679.0,788522780.0,0.315,0.532,0.143,0.241,0.549,0.927,0.611,1030.72,0.775,71.467,91.4,29.376,71.983,28.017
Cameroon,2005,CMR,17074599.0,40566543367.0,20.103,1.177,5.424,0.318,63.555,3.722,17.96,1051.854,0.443,19.49,72.23,16.734,51.416,48.584
Rwanda,2005,RWA,9054532.0,10465323107.0,3.218,0.355,0.514,0.057,6.698,0.74,2.622,289.582,0.251,76.246,54.05,33.776,83.093,16.907
Uruguay,2005,URY,3285776.0,41988118660.0,22.618,6.884,5.737,1.746,34.964,10.641,36.048,10970.989,0.859,84.745,101.05,8.746,7.919,92.081
Cambodia,2005,KHM,13439203.0,28474467511.0,19.33,1.438,2.209,0.164,56.498,4.204,11.965,890.318,0.42,30.342,108.87,27.446,80.908,19.092
Angola,2005,AGO,19291160.0,51967661783.0,61.376,3.182,15.387,0.798,144.177,7.474,35.014,1815.006,0.674,35.44,70.13,8.565,44.0,56.0
Trinidad and Tobago,2005,TTO,1352040.0,35495977662.0,6.018,4.451,38.205,28.257,44.986,33.273,187.231,138480.672,5.275,10.526,101.74,0.484,44.61,55.39
Iraq,2005,IRQ,28407450.0,170895694120.0,71.887,2.531,114.282,4.023,194.744,6.855,308.267,10851.643,1.804,20.064,102.91,6.887,31.609,68.391
Australia,2005,AUS,20294490.0,840092380696.0,148.877,7.336,385.082,18.975,637.517,31.413,1410.35,69494.242,1.679,53.399,88.21,2.889,14.381,85.619
Tanzania,2005,TZA,39182083.0,61018758994.0,38.752,0.989,5.356,0.137,163.332,4.169,25.589,653.087,0.419,39.867,62.89,24.649,75.294,24.706
Malaysia,2005,MYS,25836075.0,399781035415.0,28.131,1.089,169.978,6.579,296.443,11.474,836.425,32374.299,2.092,21.715,62.68,8.262,32.984,67.016
Finland,2005,FIN,5246078.0,192990732516.0,8.865,1.69,57.064,10.877,94.982,18.105,357.548,68155.234,1.853,7.465,99.5,2.279,31.486,68.514
Colombia,2005,COL,42128978.0,394076061209.0,76.42,1.814,60.256,1.43,175.419,4.164,334.302,7935.191,0.848,38.357,79.23,7.527,23.995,76.005
Mauritius,2005,MUS,1257215.0,18306765429.0,0.535,0.426,3.294,2.62,4.103,3.263,18.029,14340.227,0.985,47.291,78.51,4.912,58.858,41.142
Mali,2005,MLI,13538648.0,16700213321.0,16.451,1.215,1.458,0.108,43.639,3.223,4.279,316.05,0.256,33.103,107.6,24.269,79.129,20.871
Russia,2005,RUS,144597886.0,2331247104465.0,342.222,2.367,1563.98,10.816,2048.454,14.167,7503.903,51894.969,3.219,13.166,77.82,4.256,26.839,73.161
Canada,2005,CAN,32440172.0,1310077836124.0,126.354,3.895,570.396,17.583,937.127,28.888,3796.704,117037.102,2.898,6.877,105.62,1.88,20.024,79.976
Germany,2005,DEU,82046733.0,2945460930734.0,84.118,1.025,867.88,10.578,994.287,12.119,3962.635,48297.293,1.345,48.833,89.59,0.726,19.825,80.175
Romania,2005,ROU,21213395.0,244044803180.0,22.384,1.055,101.337,4.777,127.173,5.995,460.449,21705.584,1.887,61.658,115.24,8.486,46.925,53.075
Cape Verde,2005,CPV,485128.0,2194575514.0,0.129,0.265,0.447,0.921,0.67,1.381,2.79,5751.812,1.271,18.859,102.3,9.001,42.202,57.798
Georgia,2005,GEO,4026135.0,32780625465.0,3.532,0.877,5.046,1.253,3.963,0.984,33.846,8406.679,1.033,36.264,146.44,14.77,46.996,53.004
Turkey,2005,TUR,69329557.0,1017383777200.0,47.103,0.679,267.711,3.861,338.159,4.878,996.115,14367.83,0.979,53.562,60.72,9.135,36.67,63.33
Qatar,2005,QAT,825419.0,76893678098.0,20.818,25.221,47.682,57.767,68.797,83.348,223.673,270980.625,2.909,5.564,54.96,0.133,2.698,97.302
Turkmenistan,2005,TKM,5052260.0,41000508021.0,21.744,4.304,47.929,9.487,85.264,16.876,175.243,34686.0,4.274,74.224,75.45,18.532,53.227,46.773
France,2005,FRA,61625031.0,2238790479440.0,81.853,1.328,416.343,6.756,477.956,7.756,3154.079,51181.785,1.409,54.533,100.93,1.583,22.564,77.436
Poland,2005,POL,38124377.0,595958527688.0,63.355,1.662,322.577,8.461,399.01,10.466,1061.937,27854.531,1.782,51.924,87.71,2.968,38.45,61.55
New Zealand,2005,NZL,4135002.0,127087212440.0,37.766,9.133,37.401,9.045,87.993,21.28,228.759,55322.531,1.8,44.48,84.25,4.518,14.07,85.93
Ecuador,2005,ECU,13846162.0,112798230080.0,22.803,1.647,30.652,2.214,72.371,5.227,120.725,8719.008,1.07,30.198,69.89,7.726,37.993,62.007
Argentina,2005,ARG,39216786.0,601050418142.0,123.062,3.138,161.728,4.124,518.319,13.217,796.367,20306.785,1.325,47.474,94.17,7.939,9.877,90.123
Gambia,2005,GMB,1667035.0,2386414713.0,1.028,0.617,0.319,0.191,2.44,1.464,1.462,876.984,0.613,47.925,89.47,32.091,47.642,52.358
Portugal,2005,PRT,10502993.0,254196923131.0,11.103,1.057,69.64,6.63,79.352,7.555,298.263,28397.916,1.173,41.805,104.63,2.303,41.755,58.245
Paraguay,2005,PRY,5448100.0,35443580706.0,18.461,3.389,3.772,0.692,77.945,14.307,21.862,4012.839,0.617,44.785,60.38,12.714,41.106,58.894
China,2005,CHN,1310027135.0,8602939667333.0,1119.984,0.855,5881.991,4.49,7551.543,5.764,21027.164,16050.938,2.444,56.011,81.31,11.483,57.01,42.99
Peru,2005,PER,28101175.0,163489485317.0,28.641,1.019,30.321,1.079,146.384,5.209,163.73,5826.442,1.001,18.274,59.64,6.854,25.184,74.816
Mauritania,2005,MRT,2939060.0,6728916707.0,7.139,2.429,1.434,0.488,12.169,4.14,6.553,2229.57,0.974,38.527,83.76,20.07,59.593,40.407
Philippines,2005,PHL,88015959.0,426864086040.0,63.715,0.724,72.334,0.822,220.282,2.503,319.341,3628.22,0.748,38.082,73.6,13.518,58.67,41.33
Malta,2005,MLT,413324.0,8839849182.0,0.187,0.452,2.65,6.411,2.868,6.939,20.713,50114.059,2.343,29.062,118.89,1.788,6.301,93.699
Chad,2005,TCD,10328094.0,12146441188.0,30.309,2.935,0.929,0.09,58.917,5.705,1.096,106.128,0.09,38.858,57.07,29.282,78.248,21.752
Chile,2005,CHL,16348780.0,278000705012.0,23.071,1.411,61.116,3.738,109.995,6.728,357.327,21856.49,1.285,21.364,87.38,3.922,13.223,86.777
Zimbabwe,2005,ZWE,12483433.0,18444472497.0,11.178,0.895,10.698,0.857,57.297,4.59,41.516,3325.657,2.251,41.503,90.04,17.149,67.352,32.648
Jamaica,2005,JAM,2687070.0,19174940176.0,1.108,0.412,10.413,3.875,13.726,5.108,45.606,16972.453,2.378,43.121,94.35,5.186,47.231,52.769
Ireland,2005,IRL,4155283.0,204898243531.0,20.242,4.872,48.153,11.588,81.828,19.693,188.174,45285.484,0.918,62.447,87.92,1.034,39.512,60.488
Japan,2005,JPN,127913331.0,4450600710060.0,38.946,0.304,1286.412,10.057,1329.97,10.397,6353.936,49673.758,1.428,13.937,91.08,1.112,14.043,85.957
Gabon,2005,GAB,1463503.0,16662264363.0,19.2,13.119,6.223,4.252,35.67,24.373,11.598,7924.967,0.696,8.12,87.77,4.985,16.567,83.433
Afghanistan,2005,AFG,24404575.0,25397686814.0,10.901,0.447,1.89,0.077,19.199,0.787,5.014,205.468,0.197,58.134,95.56,31.115,80.294,19.706
Nepal,2005,NPL,26309462.0,46375899545.0,23.649,0.899,2.987,0.114,48.904,1.859,13.026,495.115,0.281,29.313,72.25,33.825,54.493,45.507
Zimbabwe,2006,ZWE,12636442.0,18043000167.0,10.883,0.861,10.365,0.82,48.951,3.874,41.308,3268.948,2.289,42.01,86.11,19.232,67.336,32.664
Portugal,2006,PRT,10524123.0,259159946424.0,11.413,1.084,64.856,6.163,73.882,7.02,295.874,28113.924,1.142,41.081,99.74,2.253,40.966,59.034
Algeria,2006,DZA,33623505.0,345705309468.0,62.265,1.852,103.798,3.087,171.777,5.109,379.22,11278.422,1.097,17.29,70.72,6.366,35.585,64.415
Benin,2006,BEN,8693243.0,15130030225.0,4.686,0.539,3.351,0.385,20.712,2.383,14.058,1617.128,0.929,29.614,80.17,26.632,59.212,40.788
Gabon,2006,GAB,1508338.0,17083887620.0,16.254,10.776,5.543,3.675,32.033,21.237,11.703,7758.772,0.685,8.14,86.14,4.911,15.915,84.085
Mauritania,2006,MRT,3013659.0,8166141817.0,7.343,2.437,1.55,0.514,12.622,4.188,6.376,2115.799,0.781,38.527,83.63,16.607,58.626,41.374
Angola,2006,AGO,20015281.0,66749579296.0,51.594,2.578,17.145,0.857,140.936,7.041,44.339,2215.237,0.664,35.403,71.46,8.441,43.106,56.894
Trinidad and Tobago,2006,TTO,1358706.0,39852731106.0,6.647,4.892,42.708,31.433,50.16,36.918,216.946,159670.766,5.444,10.526,87.36,0.567,44.822,55.178
Morocco,2006,MAR,30771179.0,188101125607.0,21.437,0.697,46.249,1.503,71.848,2.335,164.665,5351.266,0.875,67.098,67.4,12.304,44.037,55.963
Luxembourg,2006,LUX,472869.0,26045643731.0,0.592,1.252,11.906,25.177,13.024,27.542,51.627,109177.461,1.982,50.108,82.66,0.312,13.226,86.774
Sierra Leone,2006,SLE,5624464.0,6009264027.0,4.73,0.841,0.575,0.102,46.77,8.315,2.653,471.732,0.442,55.831,58.85,27.54,62.83,37.17
Botswana,2006,BWA,1874526.0,19804034564.0,5.867,3.13,4.133,2.205,13.949,7.441,17.936,9568.378,0.906,45.53,106.77,1.739,40.358,59.642
Estonia,2006,EST,1346885.0,33162229951.0,2.132,1.583,16.438,12.205,18.99,14.099,63.68,47279.691,1.92,21.196,91.06,3.144,32.444,67.556
Equatorial Guinea,2006,GNQ,990349.0,21346957199.0,10.372,10.473,6.172,6.233,17.883,18.058,27.605,27874.07,1.293,3.676,103.84,1.518,56.07,43.93
Uzbekistan,2006,UZB,26699046.0,148405074458.0,43.966,1.647,124.899,4.678,178.429,6.683,524.789,19655.74,3.536,60.392,56.88,25.079,48.536,51.464
Zambia,2006,ZMB,12129560.0,26908652008.0,15.605,1.287,2.231,0.184,85.606,7.058,18.27,1506.22,0.679,31.004,52.48,13.206,62.161,37.839
Sri Lanka,2006,LKA,20352416.0,144414690368.0,9.514,0.467,11.503,0.565,40.072,1.969,66.334,3259.271,0.459,38.753,61.26,11.336,84.517,15.483
Guatemala,2006,GTM,13367455.0,85238080655.0,11.464,0.858,12.176,0.911,74.88,5.602,49.222,3682.26,0.577,40.271,55.75,11.449,51.232,48.768
Tunisia,2006,TUN,10346408.0,95016289901.0,9.301,0.899,22.915,2.215,36.316,3.51,100.438,9707.503,1.057,63.118,76.12,9.281,34.479,65.521
Bangladesh,2006,BGD,146405983.0,303255436424.0,78.065,0.533,41.726,0.285,143.213,0.978,205.884,1406.255,0.679,71.291,55.91,18.034,74.052,25.948
Guinea,2006,GIN,9441174.0,10279820925.0,11.88,1.258,1.847,0.196,46.865,4.964,8.719,923.553,0.848,57.793,59.46,15.585,67.313,32.687
United Arab Emirates,2006,ARE,5009106.0,307378573765.0,25.954,5.181,122.723,24.5,150.191,29.984,741.293,147989.078,2.412,7.584,55.1,1.094,17.441,82.559
Lithuania,2006,LTU,3269809.0,56827410871.0,4.408,1.348,14.195,4.341,18.771,5.741,89.705,27434.281,1.579,44.523,106.09,3.873,33.362,66.638
Brazil,2006,BRA,186653099.0,2240805319046.0,493.284,2.643,368.871,1.976,2819.171,15.104,2641.583,14152.363,1.179,27.393,81.13,4.37,16.733,83.267
Jamaica,2006,JAM,2700973.0,19747242374.0,0.881,0.326,11.574,4.285,20.323,7.524,52.109,19292.854,2.639,43.121,91.39,5.156,47.029,52.971
Peru,2006,PER,28324488.0,176775277493.0,28.58,1.009,28.299,0.999,132.269,4.67,165.593,5846.282,0.937,18.348,65.17,6.603,24.723,75.277
United Kingdom,2006,GBR,61051093.0,2212618867772.0,71.09,1.164,567.846,9.301,695.775,11.397,2678.337,43870.426,1.21,73.732,93.09,0.575,19.454,80.546
Paraguay,2006,PRY,5505145.0,37261533412.0,19.287,3.503,3.901,0.709,77.889,14.148,23.718,4308.261,0.637,45.344,69.82,11.794,40.98,59.02
China,2006,CHN,1318054030.0,9489543138489.0,1162.008,0.882,6486.185,4.921,8215.579,6.233,23048.334,17486.639,2.429,56.074,83.26,10.476,55.657,44.343
El Salvador,2006,SLV,6002321.0,40054319005.0,4.149,0.691,6.689,1.114,9.883,1.647,30.821,5134.85,0.769,58.731,97.5,6.046,38.093,61.907
Uganda,2006,UGA,28794005.0,43572248099.0,16.796,0.583,2.387,0.083,40.632,1.411,11.171,387.977,0.256,67.378,79.97,24.035,85.415,14.585
Barbados,2006,BRB,270011.0,3622055423.0,0.179,0.664,1.471,5.448,1.688,6.25,7.216,26723.955,1.992,37.209,90.56,1.45,39.804,60.196
Montenegro,2006,MNE,633876.0,6395709656.0,0.708,1.117,2.063,3.254,0.876,1.381,12.275,19364.283,1.919,38.29,118.15,5.658,36.889,63.111
Madagascar,2006,MDG,19730916.0,24652234312.0,21.008,1.065,1.675,0.085,77.494,3.928,8.473,429.445,0.344,70.318,91.39,30.182,73.241,26.759
Myanmar,2006,MMR,47785141.0,158028614076.0,66.098,1.383,12.817,0.268,274.747,5.75,67.762,1418.06,0.429,17.747,43.23,43.919,71.448,28.552
Qatar,2006,QAT,972841.0,103895902583.0,21.055,21.643,59.753,61.421,81.135,83.4,245.365,252214.672,2.362,5.624,49.99,0.122,2.417,97.583
Ireland,2006,IRL,4268775.0,219162994472.0,20.439,4.788,47.597,11.15,80.521,18.863,194.294,45515.262,0.887,61.838,87.78,0.921,39.23,60.77
Japan,2006,JPN,127997247.0,4514225078439.0,38.588,0.301,1263.44,9.871,1303.416,10.183,6336.102,49501.863,1.404,13.864,91.84,1.082,12.854,87.146
Argentina,2006,ARG,39622113.0,652296814311.0,125.455,3.166,174.342,4.4,529.459,13.363,836.059,21100.816,1.282,47.553,95.2,6.936,9.697,90.303
Vietnam,2006,VNM,82167901.0,329425429734.0,89.878,1.094,99.656,1.213,289.589,3.524,338.968,4125.312,1.029,32.219,66.43,18.727,71.954,28.046
Comoros,2006,COM,604752.0,888321718.0,0.316,0.522,0.169,0.279,0.567,0.938,0.713,1178.431,0.802,71.467,93.38,29.376,71.886,28.114
Egypt,2006,EGY,82700404.0,650403845291.0,52.802,0.638,178.389,2.157,252.567,3.054,736.644,8907.385,1.133,3.549,89.38,13.237,57.027,42.973
Guinea-Bissau,2006,GNB,1415315.0,1701901067.0,1.722,1.217,0.117,0.083,5.415,3.826,1.292,913.13,0.759,25.384,79.81,39.48,61.313,38.687
Libya,2006,LBY,5980212.0,108872914713.0,42.09,7.038,51.45,8.603,94.343,15.776,211.797,35416.367,1.945,8.744,109.98,1.518,11.84,88.16
Mozambique,2006,MOZ,20787088.0,20951970966.0,13.684,0.658,1.916,0.092,85.43,4.11,20.317,977.409,0.97,49.314,61.15,24.113,69.826,30.174
Belarus,2006,BLR,9608041.0,134673942572.0,15.995,1.665,61.809,6.433,97.951,10.195,302.112,31443.652,2.243,44.149,78.86,8.579,27.389,72.611
Singapore,2006,SGP,4407064.0,211578605777.0,3.195,0.725,40.6,9.212,45.015,10.214,598.825,135878.344,2.83,1.081,76.93,0.049,0.0,100.0
Mongolia,2006,MNG,2584761.0,14288905306.0,12.282,4.752,9.281,3.591,31.95,12.361,21.479,8309.95,1.503,73.663,52.45,17.644,36.161,63.839
Bulgaria,2006,BGR,7640292.0,96404598197.0,10.639,1.392,51.837,6.785,57.148,7.48,240.701,31504.156,2.497,47.777,123.67,6.096,29.492,70.508
Seychelles,2006,SYC,90391.0,1430092128.0,0.054,0.603,0.385,4.256,0.463,5.117,4.747,52513.859,3.319,8.696,107.54,2.782,57.212,42.788
Dominican Republic,2006,DOM,9341187.0,81940402491.0,8.221,0.88,19.03,2.037,30.032,3.215,79.837,8546.778,0.974,47.623,98.41,6.859,30.666,69.334
Bahrain,2006,BHR,994626.0,26149797771.0,16.164,16.252,24.036,24.166,40.362,40.58,160.051,160915.672,6.121,12.527,19.78,0.269,7.281,92.719
Liberia,2006,LBR,3490792.0,2547129019.0,1.913,0.548,0.669,0.192,23.405,6.705,2.834,811.785,1.113,16.069,71.02,63.818,53.768,46.232
Namibia,2006,NAM,1991890.0,15035738461.0,6.22,3.123,2.524,1.267,15.707,7.885,13.188,6620.794,0.877,47.152,99.36,9.646,62.328,37.672
Ecuador,2006,ECU,14086138.0,118581678982.0,22.781,1.617,29.781,2.114,70.386,4.997,127.686,9064.634,1.077,29.973,77.97,7.72,37.79,62.21
Sweden,2006,SWE,9080628.0,372234670461.0,9.902,1.09,53.651,5.908,74.935,8.252,630.143,69394.227,1.693,7.733,100.82,1.24,15.545,84.455
Greece,2006,GRC,11016107.0,301538680337.0,15.069,1.368,112.419,10.205,128.17,11.635,411.306,37336.773,1.364,61.001,111.44,3.286,25.282,74.718
Bosnia and Herzegovina,2006,BIH,4063269.0,33580206309.0,4.679,1.152,17.387,4.279,19.976,4.916,43.979,10823.57,1.31,42.168,91.57,8.054,55.525,44.475
Mali,2006,MLI,13990143.0,17320423242.0,16.399,1.172,1.535,0.11,41.057,2.935,5.093,364.025,0.294,33.164,105.71,22.2,78.701,21.299
Bolivia,2006,BOL,9521685.0,42467223163.0,20.578,2.161,12.369,1.299,127.692,13.411,57.042,5990.768,1.343,34.286,71.8,10.938,35.337,64.663
South Africa,2006,ZAF,49998271.0,505574497707.0,81.391,1.628,446.744,8.935,562.151,11.243,1326.061,26522.131,2.623,79.869,73.1,2.051,39.472,60.528
Colombia,2006,COL,42691081.0,420283862175.0,77.042,1.805,62.466,1.463,200.174,4.689,385.987,9041.391,0.918,38.012,84.84,7.187,23.838,76.162
Iraq,2006,IRQ,28616518.0,190082841273.0,73.952,2.584,98.838,3.454,182.061,6.362,299.632,10470.602,1.576,20.528,94.97,5.826,31.441,68.559
Haiti,2006,HTI,9216569.0,13759840125.0,7.671,0.832,1.746,0.189,17.13,1.859,8.964,972.555,0.651,64.224,94.98,17.716,56.715,43.285
Dominica,2006,DMA,68823.0,513632250.0,0.053,0.772,0.143,2.076,0.241,3.499,0.623,9045.517,1.212,29.333,96.58,10.95,33.455,66.545
Saudi Arabia,2006,SAU,21459141.0,833723402383.0,87.661,4.085,444.977,20.736,536.061,24.981,1900.17,88548.273,2.279,80.837,76.03,2.92,18.799,81.201
Lesotho,2006,LSO,1945066.0,3946096482.0,1.681,0.864,2.034,1.045,6.743,3.467,2.286,1175.113,0.579,75.988,88.63,4.843,76.667,23.333
Nepal,2006,NPL,26565430.0,48016624917.0,23.639,0.89,2.456,0.092,47.008,1.77,12.433,468.016,0.259,29.194,73.92,32.366,50.494,49.506
Thailand,2006,THA,66567685.0,773067090714.0,93.174,1.4,215.825,3.242,402.528,6.047,1042.998,15668.239,1.349,43.949,78.95,9.402,60.558,39.442
Panama,2006,PAN,3375024.0,39099565107.0,3.69,1.093,7.282,2.158,23.592,6.99,68.232,20216.604,1.745,29.922,70.51,5.292,35.645,64.355
Iran,2006,IRN,73392747.0,995245162302.0,156.833,2.137,501.015,6.826,667.689,9.097,2120.271,28889.373,2.13,29.379,93.37,7.118,31.69,68.31
Congo,2006,COG,3837411.0,18567839817.0,17.406,4.536,4.786,1.247,37.07,9.66,7.843,2043.876,0.422,30.89,68.32,4.813,38.376,61.624
Honduras,2006,HND,7656832.0,29769398424.0,6.8,0.888,7.698,1.005,21.683,2.832,26.989,3524.818,0.907,28.242,92.81,11.857,51.221,48.779
Lebanon,2006,LBN,4751146.0,39442140692.0,2.432,0.512,14.792,3.113,17.841,3.755,56.696,11933.208,1.437,66.373,101.41,4.47,13.068,86.932
Burkina Faso,2006,BFA,14373713.0,18406718353.0,15.605,1.086,1.217,0.085,51.665,3.594,5.023,349.467,0.273,43.929,89.1,25.229,77.447,22.553
Senegal,2006,SEN,11500094.0,25681645040.0,8.965,0.78,4.43,0.385,17.045,1.482,24.018,2088.511,0.935,44.097,65.43,13.395,57.795,42.205
Serbia,2006,SRB,7511395.0,74079355840.0,8.046,1.071,53.721,7.152,48.668,6.479,184.025,24499.482,2.484,40.441,99.56,6.222,41.829,58.171
Switzerland,2006,CHE,7478514.0,393075108386.0,5.716,0.764,45.365,6.066,53.789,7.193,350.093,46813.234,0.891,39.159,94.52,0.753,26.488,73.512
Spain,2006,ESP,44695446.0,1415738502534.0,46.748,1.046,358.869,8.029,410.581,9.186,1783.067,39893.699,1.259,57.343,91.55,2.401,22.503,77.497
Ghana,2006,GHA,23040704.0,57735681030.0,9.915,0.43,8.523,0.37,41.841,1.816,30.837,1338.362,0.534,52.93,71.1,28.333,51.861,48.139
Eswatini,2006,SWZ,1084442.0,6319744849.0,1.474,1.359,1.015,0.936,1.872,1.726,6.781,6252.654,1.073,71.105,96.47,9.202,77.849,22.151
Malawi,2006,MWI,13198699.0,13079496449.0,4.143,0.314,0.851,0.065,24.444,1.852,4.926,373.235,0.377,56.056,32.43,25.674,84.825,15.175
Nicaragua,2006,NIC,5418857.0,18819405708.0,7.758,1.432,4.407,0.813,58.08,10.718,19.092,3523.339,1.015,43.277,66.62,15.9,43.894,56.106
Azerbaijan,2006,AZE,8711380.0,87026407066.0,9.518,1.093,34.522,3.963,48.468,5.564,164.092,18836.461,1.886,57.553,66.84,7.091,47.346,52.654
Denmark,2006,DNK,5437425.0,239411013967.0,9.211,1.694,59.5,10.943,74.533,13.707,255.481,46985.727,1.067,67.75,100.96,1.147,13.75,86.25
Netherlands,2006,NLD,16493851.0,691453801614.0,23.782,1.442,173.279,10.506,223.169,13.53,1089.576,66059.516,1.576,56.86,81.71,1.96,15.347,84.653
New Zealand,2006,NZL,4181943.0,130823651084.0,38.283,9.154,37.304,8.92,97.23,23.25,230.264,55061.594,1.76,43.2,85.49,4.984,14.064,85.936
Georgia,2006,GEO,3996584.0,35705812889.0,3.468,0.868,6.273,1.57,4.71,1.179,31.339,7841.375,0.878,36.235,111.61,11.199,46.641,53.359
Slovenia,2006,SVN,2003116.0,52944721543.0,3.829,1.912,17.184,8.579,22.415,11.19,85.831,42848.508,1.621,24.379,113.47,2.092,49.433,50.567
France,2006,FRA,62049831.0,2297018080700.0,80.954,1.305,406.669,6.554,466.453,7.517,3128.931,50426.094,1.362,54.389,96.0,1.427,22.653,77.347
Mauritius,2006,MUS,1263785.0,18846649433.0,0.538,0.426,3.627,2.87,4.394,3.477,18.908,14961.199,1.003,46.305,83.22,4.832,59.039,40.961
Pakistan,2006,PAK,179682690.0,685965623310.0,138.481,0.771,137.912,0.768,321.016,1.787,679.627,3782.373,0.991,46.875,64.21,20.418,65.907,34.093
Cambodia,2006,KHM,13639032.0,30776292972.0,20.34,1.491,2.847,0.209,50.543,3.706,12.951,949.561,0.421,30.337,112.57,26.286,80.77,19.23
Burundi,2006,BDI,7865545.0,5422209655.0,2.525,0.321,0.187,0.024,5.602,0.712,1.074,136.604,0.198,70.95,70.77,40.638,90.535,9.465
Democratic Republic of Congo,2006,COD,60615909.0,32708306949.0,30.732,0.507,2.352,0.039,233.263,3.848,14.916,246.067,0.456,11.286,93.21,20.386,62.198,37.802
Austria,2006,AUT,8269901.0,323236897651.0,10.357,1.252,76.796,9.286,90.179,10.905,425.865,51495.746,1.318,34.456,91.1,1.328,32.999,67.001
Latvia,2006,LVA,2219039.0,42361248688.0,2.404,1.083,8.31,3.745,13.967,6.294,44.934,20249.385,1.061,29.81,86.12,3.423,32.126,67.874
Uruguay,2006,URY,3289508.0,43608062782.0,23.419,7.119,6.611,2.01,39.764,12.088,37.691,11458.062,0.864,83.962,103.23,8.914,7.515,92.485
Ukraine,2006,UKR,47278691.0,436786761547.0,78.567,1.662,333.054,7.044,435.004,9.201,1624.431,34358.633,3.719,71.258,103.95,7.239,31.971,68.029
Mexico,2006,MEX,107253666.0,1510732401129.0,132.226,1.233,474.523,4.424,709.629,6.616,2049.435,19108.301,1.357,54.821,85.83,2.943,23.502,76.498
Moldova,2006,MDA,3921320.0,16628252777.0,2.2,0.561,5.03,1.283,6.872,1.752,41.943,10696.137,2.522,75.494,105.56,14.499,60.782,39.218
Yemen,2006,YEM,23543090.0,92691658274.0,20.521,0.872,23.906,1.015,49.954,2.122,83.214,3534.53,0.898,44.751,57.99,10.706,70.762,29.238
Costa Rica,2006,CRI,4321337.0,46549505108.0,3.645,0.843,6.976,1.614,13.982,3.235,36.226,8383.152,0.778,35.546,81.07,8.43,33.83,66.17
Cape Verde,2006,CPV,490728.0,2457336149.0,0.128,0.262,0.495,1.008,0.717,1.462,2.964,6039.814,1.206,18.859,95.62,8.319,41.467,58.533
Jordan,2006,JOR,6427377.0,59977821392.0,2.952,0.459,20.829,3.241,24.524,3.816,88.893,13830.34,1.482,11.537,67.77,2.584,21.244,78.756
Indonesia,2006,IDN,233951650.0,1565012923832.0,221.061,0.945,346.366,1.481,1858.979,7.946,1441.128,6159.938,0.921,25.521,72.83,12.974,52.998,47.002
Kazakhstan,2006,KAZ,16103718.0,267135182235.0,44.856,2.785,219.633,13.639,262.162,16.28,543.391,33743.172,2.034,78.481,83.9,5.496,45.586,54.414
Cote d'Ivoire,2006,CIV,20546808.0,48079711067.0,10.148,0.494,6.887,0.335,93.575,4.554,29.811,1450.859,0.62,65.036,76.58,15.945,54.496,45.504
Syria,2006,SYR,19637016.0,132870748696.0,19.61,0.999,54.04,2.752,81.597,4.155,288.878,14710.876,2.174,75.57,125.76,21.457,45.94,54.06
Hong Kong,2006,HKG,6931089.0,274690745926.0,4.323,0.624,41.915,6.047,46.763,6.747,285.752,41227.645,1.04,5.714,112.68,0.063,0.0,100.0
Niger,2006,NER,14268583.0,10382568329.0,14.369,1.007,0.671,0.047,34.703,2.432,3.911,274.103,0.377,33.938,82.93,39.745,83.732,16.268
Czechia,2006,CZE,10304592.0,243991794814.0,13.785,1.338,126.533,12.279,142.158,13.796,529.455,51380.527,2.17,46.161,113.52,2.163,26.421,73.579
Laos,2006,LAO,5963199.0,17176979638.0,7.085,1.188,1.757,0.295,60.881,10.209,9.039,1515.797,0.526,8.774,100.94,26.73,71.962,28.038
Venezuela,2006,VEN,27224691.0,423878563812.0,72.258,2.654,155.841,5.724,270.742,9.945,933.967,34305.898,2.203,24.437,96.14,3.657,11.313,88.687
Turkmenistan,2006,TKM,5147103.0,46019998793.0,22.488,4.369,49.5,9.617,84.714,16.459,180.042,34979.223,3.912,73.841,77.33,17.198,53.194,46.806
Rwanda,2006,RWA,9299251.0,11146496514.0,3.409,0.367,0.514,0.055,7.195,0.774,2.649,284.862,0.238,76.368,61.31,30.026,83.089,16.911
Kyrgyzstan,2006,KGZ,5282451.0,18316466710.0,4.206,0.796,5.457,1.033,13.732,2.6,35.123,6649.086,1.918,55.949,81.15,28.68,64.7,35.3
Hungary,2006,HUN,10049946.0,194033322767.0,11.047,1.099,59.529,5.923,74.487,7.412,302.061,30055.938,1.557,64.825,97.92,3.539,32.984,67.016
Romania,2006,ROU,21035732.0,274969703969.0,22.982,1.093,104.29,4.958,125.371,5.96,467.61,22229.311,1.701,61.044,115.1,7.821,46.743,53.257
Russia,2006,RUS,144102948.0,2576148450528.0,347.255,2.41,1623.428,11.266,2128.038,14.767,7836.937,54384.289,3.042,13.157,79.21,3.861,26.756,73.244
Australia,2006,AUS,20590566.0,866678665246.0,167.974,8.158,391.373,19.007,662.826,32.191,1470.838,71432.609,1.697,53.279,91.2,2.74,14.251,85.749
Tanzania,2006,TZA,40294900.0,65508013137.0,37.584,0.933,5.876,0.146,187.969,4.665,27.026,670.711,0.413,40.496,64.1,23.669,74.626,25.374
Canada,2006,CAN,32759174.0,1348293394113.0,129.923,3.966,566.315,17.287,910.424,27.791,3669.61,112017.781,2.722,6.757,102.48,1.701,19.781,80.219
Oman,2006,OMN,2514794.0,90553430362.0,25.6,10.18,40.45,16.085,66.74,26.539,170.587,67833.375,1.884,4.727,68.09,1.225,27.608,72.392
Slovakia,2006,SVK,5376847.0,102275719553.0,6.713,1.249,42.639,7.93,59.787,11.119,220.178,40949.367,2.153,40.312,153.38,1.692,44.754,55.246
South Korea,2006,KOR,48006518.0,1381281470156.0,28.957,0.603,503.478,10.488,537.844,11.204,2686.042,55951.609,1.945,19.178,77.26,2.388,18.434,81.566
Ethiopia,2006,ETH,80703495.0,67217118145.0,71.519,0.886,5.318,0.066,263.997,3.271,25.334,313.911,0.377,30.32,81.87,42.524,83.785,16.215
Germany,2006,DEU,81701971.0,3086359147617.0,81.356,0.996,886.434,10.85,1010.108,12.363,4062.387,49722.023,1.316,48.595,89.84,0.717,19.804,80.196
Iceland,2006,ISL,303883.0,11775508947.0,0.677,2.227,3.154,10.38,4.394,14.459,39.382,129596.773,3.344,18.763,82.37,4.714,7.805,92.195
Nigeria,2006,NGA,149077335.0,527631752471.0,238.028,1.597,90.097,0.604,435.284,2.92,274.024,1838.13,0.519,72.498,85.91,24.735,51.576,48.424
Cyprus,2006,CYP,1054424.0,24267407225.0,0.481,0.456,8.183,7.761,8.665,8.218,34.412,32635.766,1.418,16.991,104.11,2.276,31.747,68.253
India,2006,IND,1172878888.0,4069856052453.0,733.283,0.625,1293.321,1.103,2324.594,1.982,4854.867,4139.273,1.193,60.509,62.06,16.809,70.569,29.431
United States,2006,USA,298730208.0,15065164240312.0,785.023,2.628,6045.326,20.237,7064.877,23.65,26699.963,89378.18,1.772,45.067,91.47,1.009,19.629,80.371
Norway,2006,NOR,4660487.0,332457531096.0,10.241,2.197,43.859,9.411,60.815,13.049,511.197,109687.391,1.538,2.834,94.39,1.366,21.912,78.088
Croatia,2006,HRV,4315802.0,78256427771.0,4.0,0.927,23.496,5.444,22.214,5.147,107.95,25012.688,1.379,21.978,82.97,3.978,44.531,55.469
Cuba,2006,CUB,11278550.0,61018245782.0,13.389,1.187,26.781,2.375,43.19,3.829,100.656,8924.525,1.65,62.294,68.66,3.405,23.888,76.112
Cameroon,2006,CMR,17550403.0,42544656064.0,18.891,1.076,5.486,0.313,63.154,3.598,23.041,1312.83,0.542,19.49,74.37,15.625,50.796,49.204
Tajikistan,2006,TJK,7057566.0,17531184155.0,4.156,0.589,2.656,0.376,9.577,1.357,36.477,5168.557,2.081,33.831,43.84,21.451,73.468,26.532
Saint Lucia,2006,LCA,166657.0,1443383695.0,0.06,0.358,0.414,2.484,0.45,2.701,1.659,9953.021,1.149,16.557,88.66,2.98,77.798,22.202
North Macedonia,2006,MKD,2089232.0,19227779553.0,1.915,0.917,8.651,4.141,10.935,5.234,33.184,15883.402,1.726,48.132,93.93,8.989,42.12,57.88
Kuwait,2006,KWT,2364741.0,159619963672.0,39.089,16.53,76.222,32.233,116.193,49.136,328.633,138972.203,2.059,8.418,39.95,0.237,0.0,100.0
Finland,2006,FIN,5266248.0,200966858669.0,9.311,1.768,68.374,12.983,105.598,20.052,383.512,72824.57,1.908,7.566,99.64,2.002,31.241,68.759
Belgium,2006,BEL,10548445.0,390874955040.0,12.895,1.222,123.9,11.746,146.462,13.885,758.241,71881.797,1.94,45.495,90.93,0.907,16.142,83.858
Malaysia,2006,MYS,26417909.0,426608936099.0,29.032,1.099,170.166,6.441,306.76,11.612,845.202,31993.541,1.981,21.535,65.31,8.61,32.081,67.919
Kenya,2006,KEN,36904010.0,83653248054.0,27.789,0.753,9.567,0.259,66.96,1.814,49.832,1350.319,0.596,47.535,90.72,20.52,71.017,28.983
Togo,2006,TGO,5569659.0,6714729819.0,3.691,0.663,1.501,0.269,9.828,1.765,4.597,825.431,0.685,65.637,96.69,16.961,64.205,35.795
Italy,2006,ITA,58754434.0,2086553648584.0,54.581,0.929,496.075,8.443,540.84,9.205,2221.864,37816.105,1.065,48.029,107.17,1.942,32.319,67.681
Israel,2006,ISR,6844029.0,181910800706.0,6.227,0.91,62.149,9.081,70.818,10.347,245.96,35937.852,1.352,23.512,77.75,1.819,8.317,91.683
Turkey,2006,TUR,70045351.0,1096826103018.0,52.969,0.756,285.429,4.075,359.684,5.135,1105.051,15776.228,1.007,52.614,62.32,8.062,35.713,64.287
Gambia,2006,GMB,1715285.0,2432257588.0,1.066,0.621,0.348,0.203,2.893,1.687,1.589,926.245,0.653,49.012,90.66,25.6,46.84,53.16
Chad,2006,TCD,10706426.0,12214525260.0,31.13,2.908,0.957,0.089,57.443,5.365,1.113,103.925,0.091,38.858,60.25,32.134,78.237,21.763
Poland,2006,POL,38071169.0,638713864539.0,63.082,1.657,336.387,8.836,402.215,10.565,1110.359,29165.352,1.738,52.093,92.01,2.746,38.58,61.42
Chile,2006,CHL,16509195.0,293258343549.0,22.861,1.385,64.048,3.88,109.724,6.646,369.682,22392.51,1.261,21.25,95.76,3.712,13.187,86.813
Philippines,2006,PHL,89508992.0,452834616353.0,64.469,0.72,65.646,0.733,237.892,2.658,305.31,3410.94,0.674,38.837,78.29,13.361,58.169,41.831
Malta,2006,MLT,415463.0,9004655302.0,0.202,0.485,2.655,6.391,2.889,6.955,21.168,50950.824,2.351,29.062,118.32,1.814,6.201,93.799
Albania,2006,ALB,3050805.0,21889974405.0,3.329,1.091,3.911,1.282,8.405,2.755,23.526,7711.403,1.075,40.876,89.74,16.042,52.93,47.07
Afghanistan,2006,AFG,25424100.0,28704399925.0,11.122,0.437,2.159,0.085,19.426,0.764,6.531,256.867,0.228,58.124,84.74,28.636,79.89,20.11
Malta,2007,MLT,417201.0,9368888474.0,0.21,0.505,2.728,6.538,2.97,7.118,23.06,55272.398,2.461,29.062,119.42,1.755,6.088,93.912
Albania,2007,ALB,3022887.0,23259283502.0,3.206,1.061,4.004,1.324,11.476,3.796,23.142,7655.497,0.995,40.839,93.17,15.533,51.798,48.202
Angola,2007,AGO,20778570.0,87086353818.0,50.227,2.417,17.588,0.846,161.5,7.772,52.182,2511.339,0.599,35.49,75.34,8.616,42.244,57.756
Zimbabwe,2007,ZWE,12804062.0,17769105175.0,11.161,0.872,9.835,0.768,55.696,4.35,40.206,3140.087,2.263,41.744,88.69,21.196,67.322,32.678
Jamaica,2007,JAM,2713808.0,20046356418.0,0.846,0.312,10.749,3.961,20.9,7.701,53.134,19579.225,2.651,42.844,91.32,4.618,46.83,53.17
Gambia,2007,GMB,1765778.0,2539291281.0,1.062,0.601,0.348,0.197,5.141,2.911,1.646,932.294,0.648,49.012,93.03,23.566,46.08,53.92
Poland,2007,POL,38020420.0,690249985288.0,60.359,1.588,335.735,8.83,409.996,10.784,1104.644,29053.967,1.6,50.499,95.19,3.094,38.724,61.276
Chile,2007,CHL,16671571.0,305709457316.0,22.739,1.364,70.469,4.227,119.872,7.19,369.299,22151.396,1.208,21.158,96.74,3.551,13.155,86.845
Philippines,2007,PHL,91075180.0,486739179739.0,66.624,0.732,70.01,0.769,255.98,2.811,316.799,3478.436,0.651,39.541,83.98,13.607,57.653,42.347
Afghanistan,2007,AFG,25909852.0,34507529735.0,11.452,0.442,2.8,0.108,20.244,0.781,7.758,299.434,0.225,58.13,86.6,30.105,79.409,20.591
Cuba,2007,CUB,11287274.0,63463487934.0,13.465,1.193,25.724,2.279,41.771,3.701,101.61,9002.153,1.601,62.195,83.53,3.908,23.764,76.236
Malaysia,2007,MYS,26998383.0,458125848157.0,28.94,1.072,175.454,6.499,325.805,12.068,901.45,33389.027,1.968,21.632,68.1,9.987,31.235,68.765
Guatemala,2007,GTM,13652042.0,90511916055.0,12.014,0.88,12.117,0.888,70.012,5.128,54.046,3958.847,0.597,41.508,58.41,11.638,50.543,49.457
Luxembourg,2007,LUX,480277.0,28135947926.0,0.606,1.261,11.302,23.533,12.416,25.853,50.126,104368.211,1.782,50.884,84.29,0.363,12.817,87.183
Morocco,2007,MAR,31186468.0,195286744421.0,21.792,0.699,48.913,1.568,75.141,2.409,163.228,5233.948,0.836,67.13,70.82,9.875,43.47,56.53
Bangladesh,2007,BGD,147989282.0,327072515722.0,78.855,0.533,42.675,0.288,147.178,0.995,211.754,1430.873,0.647,71.184,56.94,17.807,73.585,26.415
Guinea,2007,GIN,9662278.0,11105668501.0,12.13,1.255,1.927,0.199,52.166,5.399,9.169,948.922,0.826,58.319,62.58,16.82,67.026,32.974
Finland,2007,FIN,5288715.0,211541390078.0,9.035,1.708,66.764,12.624,105.707,19.987,382.192,72265.656,1.807,7.547,99.62,2.381,30.98,69.02
Peru,2007,PER,28530704.0,192942634714.0,29.126,1.021,34.567,1.212,137.747,4.828,180.285,6318.965,0.934,18.422,68.89,6.706,24.238,75.762
United Kingdom,2007,GBR,61535859.0,2267631534502.0,66.371,1.079,559.566,9.093,677.496,11.01,2604.192,42319.914,1.148,72.943,92.92,0.553,19.352,80.648
Ireland,2007,IRL,4393518.0,230371638354.0,19.036,4.333,47.658,10.847,92.831,21.129,197.324,44912.613,0.857,62.07,90.04,1.043,38.94,61.06
Paraguay,2007,PRY,5559385.0,39406021841.0,20.95,3.768,4.041,0.727,87.307,15.704,24.914,4481.345,0.632,45.848,62.48,12.71,40.867,59.133
China,2007,CHN,1325813576.0,10358206113742.0,1176.147,0.887,6974.663,5.261,8701.73,6.563,25049.576,18893.74,2.418,56.137,82.84,10.093,54.111,45.889
Qatar,2007,QAT,1208601.0,127834802409.0,22.418,18.549,59.53,49.255,82.342,68.13,279.86,231557.078,2.189,5.685,59.09,0.11,2.134,97.866
Uzbekistan,2007,UZB,27076013.0,159993748436.0,40.163,1.483,123.823,4.573,173.531,6.409,557.525,20591.121,3.485,59.959,57.81,23.236,48.291,51.709
Sri Lanka,2007,LKA,20492546.0,153829219297.0,9.346,0.456,11.844,0.578,60.721,2.963,67.44,3290.961,0.438,37.991,65.43,11.683,84.146,15.854
Rwanda,2007,RWA,9549940.0,11698650639.0,3.538,0.371,0.542,0.057,7.216,0.756,2.69,281.718,0.23,76.125,65.01,26.068,83.086,16.914
Tajikistan,2007,TJK,7194479.0,18731098417.0,4.36,0.606,3.229,0.449,10.4,1.446,32.009,4449.12,1.709,33.788,46.8,19.435,73.468,26.532
Saint Lucia,2007,LCA,167766.0,1491085385.0,0.059,0.351,0.421,2.512,0.413,2.462,1.715,10222.272,1.15,16.279,114.04,2.915,79.073,20.927
North Macedonia,2007,MKD,2081972.0,20547244002.0,1.916,0.92,9.013,4.329,11.47,5.509,32.878,15791.787,1.6,42.648,109.13,8.932,42.089,57.911
Kuwait,2007,KWT,2507890.0,174545824817.0,36.877,14.704,77.295,30.821,115.039,45.871,319.664,127463.469,1.831,8.474,45.14,0.213,0.0,100.0
South Korea,2007,KOR,48178122.0,1446721509093.0,29.265,0.607,521.709,10.829,556.349,11.548,2765.685,57405.418,1.912,18.985,80.0,2.179,18.288,81.712
Ethiopia,2007,ETH,83103218.0,73421784125.0,78.108,0.94,5.84,0.07,244.401,2.941,28.48,342.712,0.388,31.079,85.4,42.265,83.905,16.095
Madagascar,2007,MDG,20318590.0,26539188296.0,22.046,1.085,1.728,0.085,80.303,3.952,8.971,441.541,0.338,70.318,93.63,28.067,72.96,27.04
Myanmar,2007,MMR,48125047.0,174123352808.0,67.683,1.406,12.845,0.267,283.017,5.881,73.117,1519.31,0.42,18.338,47.85,43.323,71.292,28.708
Japan,2007,JPN,128087683.0,4590814009043.0,38.629,0.302,1298.974,10.141,1341.75,10.475,6275.421,48993.164,1.367,13.791,92.5,1.053,11.73,88.27
Argentina,2007,ARG,40016767.0,714725198062.0,122.57,3.063,173.764,4.342,436.537,10.909,869.076,21717.797,1.216,47.491,98.14,7.452,9.52,90.48
Vietnam,2007,VNM,83633374.0,351786434406.0,92.079,1.101,101.433,1.213,312.522,3.737,370.274,4427.346,1.053,32.194,69.09,18.655,71.354,28.646
Lithuania,2007,LTU,3231378.0,63122228308.0,4.551,1.408,15.474,4.789,21.522,6.66,99.092,30665.432,1.57,43.011,110.08,3.473,33.282,66.718
Zambia,2007,ZMB,12565093.0,30152606854.0,15.986,1.272,2.298,0.183,96.105,7.649,16.535,1315.964,0.548,30.918,54.49,12.106,61.597,38.403
Brazil,2007,BRA,188552311.0,2405626901513.0,491.52,2.607,390.573,2.071,2745.828,14.563,2810.543,14905.908,1.168,27.479,84.76,4.417,16.462,83.538
Equatorial Guinea,2007,GNQ,1036053.0,24766652343.0,10.806,10.43,5.711,5.513,18.614,17.966,30.538,29474.863,1.233,3.681,101.87,1.373,54.143,45.857
Germany,2007,DEU,81298546.0,3220275669650.0,81.571,1.003,846.153,10.408,972.651,11.964,3893.423,47890.441,1.209,48.613,91.92,0.822,19.78,80.22
Iceland,2007,ISL,311662.0,12798725464.0,0.656,2.104,3.494,11.212,4.721,15.147,45.02,144452.812,3.518,18.713,86.95,4.145,7.639,92.361
Nigeria,2007,NGA,153267254.0,581001445796.0,224.094,1.462,82.17,0.536,404.156,2.637,251.889,1643.461,0.434,72.856,92.88,24.663,50.764,49.236
India,2007,IND,1190676028.0,4403215224414.0,749.827,0.63,1393.485,1.17,2485.674,2.088,5268.96,4425.184,1.197,60.413,66.15,16.75,70.219,29.781
United States,2007,USA,301844223.0,15333183877566.0,793.939,2.63,6121.542,20.28,7181.516,23.792,27066.711,89671.125,1.765,45.062,94.39,1.075,19.485,80.515
Croatia,2007,HRV,4315959.0,83591431787.0,4.194,0.972,24.802,5.747,28.085,6.507,108.455,25128.795,1.297,21.478,88.58,3.69,44.592,55.408
Hungary,2007,HUN,10034084.0,198872162765.0,10.794,1.076,58.449,5.825,72.995,7.275,298.086,29707.297,1.499,64.803,98.49,3.488,32.996,67.004
Kyrgyzstan,2007,KGZ,5313376.0,19684074796.0,4.308,0.811,6.522,1.228,14.863,2.797,40.47,7616.677,2.056,55.936,82.25,26.88,64.705,35.295
Egypt,2007,EGY,84276224.0,713462332878.0,52.371,0.621,189.201,2.245,262.79,3.118,784.579,9309.617,1.1,3.554,94.21,13.42,57.027,42.973
Guinea-Bissau,2007,GNB,1450989.0,1768965179.0,1.733,1.195,0.084,0.058,5.468,3.768,1.373,946.341,0.776,25.684,82.59,38.169,60.997,39.003
Libya,2007,LBY,6104381.0,123716329182.0,39.24,6.428,44.392,7.272,84.49,13.841,210.398,34466.789,1.701,8.744,117.62,1.541,11.844,88.156
Bulgaria,2007,BGR,7586896.0,104058200673.0,10.644,1.403,55.669,7.338,61.869,8.155,232.64,30663.352,2.236,47.104,114.31,4.652,29.316,70.684
Mozambique,2007,MOZ,21287638.0,20803537606.0,14.004,0.658,2.189,0.103,88.262,4.146,23.302,1094.61,1.12,49.596,66.9,24.016,69.64,30.36
El Salvador,2007,SLV,6009820.0,42202462933.0,4.017,0.668,6.819,1.135,10.042,1.671,32.11,5342.946,0.761,59.908,100.49,6.993,37.232,62.768
Uganda,2007,UGA,29653437.0,46853864818.0,18.214,0.614,2.706,0.091,45.812,1.545,13.494,455.05,0.288,68.382,84.56,22.278,84.506,15.494
Montenegro,2007,MNE,633388.0,7462959925.0,0.737,1.163,2.056,3.245,1.329,2.099,11.939,18849.15,1.6,38.216,120.37,5.141,36.496,63.504
Cyprus,2007,CYP,1072727.0,25673703212.0,0.489,0.455,8.475,7.9,8.71,8.119,34.987,32614.639,1.363,15.931,106.45,2.024,31.94,68.06
Russia,2007,RUS,143859767.0,2858759376272.0,355.077,2.468,1624.315,11.291,2196.392,15.268,7878.335,54763.992,2.756,13.156,81.91,3.779,26.614,73.386
Australia,2007,AUS,20954545.0,911250727265.0,165.577,7.902,398.896,19.036,697.449,33.284,1506.167,71877.82,1.653,51.854,90.75,2.213,14.103,85.897
Tanzania,2007,TZA,41435508.0,72909539423.0,38.839,0.937,5.706,0.138,186.732,4.507,27.507,663.848,0.377,41.114,61.54,23.245,73.928,26.072
Canada,2007,CAN,33092171.0,1379925831954.0,128.17,3.873,589.956,17.828,907.137,27.412,3918.65,118416.227,2.84,6.693,101.12,1.587,19.557,80.443
Oman,2007,OMN,2570175.0,100681198254.0,23.856,9.282,45.308,17.629,69.936,27.211,172.055,66942.758,1.709,4.733,79.32,1.2,26.932,73.068
Cote d'Ivoire,2007,CIV,21030558.0,50213105655.0,10.248,0.487,6.653,0.316,70.649,3.359,31.608,1502.957,0.629,66.061,77.99,15.579,54.07,45.93
Syria,2007,SYR,20884136.0,138933398255.0,19.788,0.948,66.973,3.207,93.452,4.475,299.184,14325.909,2.153,75.675,132.7,19.459,45.712,54.288
Mongolia,2007,MNG,2607976.0,16520107221.0,14.136,5.42,11.958,4.585,35.666,13.676,23.825,9135.48,1.442,73.633,58.07,18.428,34.741,65.259
Liberia,2007,LBR,3669050.0,2664910191.0,1.856,0.506,0.629,0.171,23.481,6.4,2.645,720.876,0.993,16.374,74.99,65.598,53.39,46.61
Seychelles,2007,SYC,91483.0,1619623050.0,0.056,0.607,0.403,4.406,0.479,5.232,3.902,42657.594,2.409,6.522,121.48,2.628,57.264,42.736
Bahrain,2007,BHR,1057419.0,30119518073.0,16.71,15.803,26.626,25.18,43.498,41.136,164.328,155404.359,5.456,12.213,22.09,0.292,5.539,94.461
Namibia,2007,NAM,2018607.0,15866803390.0,5.824,2.885,2.327,1.153,14.854,7.359,13.794,6833.511,0.869,47.138,101.29,8.441,61.237,38.763
Comoros,2007,COM,616935.0,908328164.0,0.318,0.515,0.106,0.172,0.501,0.813,0.468,758.175,0.515,71.467,96.2,28.957,71.751,28.249
Colombia,2007,COL,43235374.0,448731322364.0,79.126,1.83,60.67,1.403,206.941,4.786,392.271,9072.923,0.874,38.248,87.13,6.935,23.686,76.314
Bosnia and Herzegovina,2007,BIH,4013420.0,35158268243.0,4.543,1.132,17.474,4.354,21.083,5.253,45.059,11227.055,1.282,41.973,99.76,7.705,55.207,44.793
Tunisia,2007,TUN,10441705.0,101101822575.0,9.382,0.898,24.725,2.368,39.009,3.736,89.541,8575.337,0.886,63.111,81.48,8.642,34.2,65.8
Hong Kong,2007,HKG,6971344.0,291247413551.0,4.374,0.627,43.572,6.25,48.496,6.956,304.014,43609.16,1.044,5.714,117.75,0.061,0.0,100.0
Niger,2007,NER,14803604.0,10716181753.0,15.02,1.015,0.706,0.048,28.837,1.948,4.255,287.419,0.397,34.564,80.64,37.095,83.736,16.264
Czechia,2007,CZE,10337539.0,260673045889.0,13.711,1.326,128.364,12.417,144.65,13.993,523.705,50660.535,2.009,46.559,118.53,2.089,26.478,73.522
Laos,2007,LAO,6056237.0,20454811822.0,7.38,1.219,1.836,0.303,69.445,11.467,9.566,1579.572,0.468,8.938,102.99,25.788,71.266,28.734
Venezuela,2007,VEN,27649369.0,462276737389.0,73.621,2.663,154.167,5.576,277.469,10.035,975.662,35286.969,2.111,24.442,97.36,3.814,11.272,88.728
Turkmenistan,2007,TKM,5244047.0,51693703669.0,21.771,4.152,49.183,9.379,82.762,15.782,165.961,31647.539,3.21,73.522,93.31,18.855,53.163,46.837
Mexico,2007,MEX,108774356.0,1572479287017.0,134.533,1.237,473.595,4.354,698.851,6.425,2068.578,19017.145,1.315,54.888,88.07,3.042,23.495,76.505
Moldova,2007,MDA,3851397.0,16819758019.0,2.166,0.562,4.979,1.293,6.797,1.765,36.432,9459.463,2.166,75.555,106.17,9.983,60.568,39.432
Yemen,2007,YEM,24318090.0,95906720954.0,21.164,0.87,23.676,0.974,49.004,2.015,88.354,3633.252,0.921,44.751,61.05,10.419,70.391,29.609
Bolivia,2007,BOL,9685960.0,44577390720.0,20.615,2.128,12.74,1.315,122.738,12.672,61.329,6331.773,1.376,34.416,82.26,10.011,34.893,65.107
South Africa,2007,ZAF,50528575.0,542976204451.0,82.957,1.642,465.034,9.203,588.225,11.641,1362.193,26958.873,2.509,79.87,77.67,2.356,38.816,61.184
Iraq,2007,IRQ,28391606.0,200529416438.0,70.744,2.492,61.361,2.161,130.726,4.604,302.161,10642.609,1.507,20.883,97.35,4.929,31.284,68.716
Haiti,2007,HTI,9373300.0,14437110458.0,7.82,0.834,1.766,0.188,16.625,1.774,9.93,1059.405,0.688,64.224,97.03,19.075,56.013,43.987
Belarus,2007,BLR,9563135.0,144615680573.0,15.837,1.656,60.276,6.303,97.469,10.192,294.727,30819.047,2.038,43.943,80.5,8.303,26.909,73.091
Singapore,2007,SGP,4596516.0,237920174358.0,3.311,0.72,41.1,8.942,45.7,9.942,648.487,141082.234,2.726,1.151,81.6,0.043,0.0,100.0
Slovakia,2007,SVK,5376993.0,113160253049.0,6.796,1.264,41.032,7.631,60.085,11.174,206.629,38428.328,1.826,40.125,152.39,2.135,44.929,55.071
Cape Verde,2007,CPV,496196.0,2720555147.0,0.128,0.258,0.506,1.019,0.773,1.559,3.305,6660.378,1.215,18.859,96.17,6.095,40.712,59.288
Pakistan,2007,PAK,184493231.0,719253757580.0,140.902,0.764,148.349,0.804,328.961,1.783,717.055,3886.621,0.997,46.717,66.33,19.938,65.732,34.268
Indonesia,2007,IDN,237062338.0,1674227359084.0,224.719,0.948,387.577,1.635,1356.118,5.721,1546.681,6524.362,0.924,26.049,72.06,13.717,52.257,47.743
Kazakhstan,2007,KAZ,16257212.0,292456722644.0,44.68,2.748,225.712,13.884,267.572,16.459,602.888,37084.332,2.061,78.318,87.34,5.66,45.765,54.235
Costa Rica,2007,CRI,4380250.0,50253055044.0,3.93,0.897,7.907,1.805,16.29,3.719,38.916,8884.348,0.774,35.253,87.07,7.915,32.531,67.469
Cambodia,2007,KHM,13841773.0,33022342696.0,20.696,1.495,3.489,0.252,49.509,3.577,15.215,1099.202,0.461,30.337,107.66,25.466,80.596,19.404
Burundi,2007,BDI,8161879.0,5601361293.0,2.605,0.319,0.187,0.023,5.763,0.706,1.736,212.69,0.31,71.067,67.5,34.934,90.227,9.773
Nepal,2007,NPL,26788498.0,49595508764.0,24.402,0.911,2.57,0.096,47.928,1.789,12.218,456.079,0.246,29.062,76.42,31.164,46.617,53.383
Dominican Republic,2007,DOM,9455663.0,90412078042.0,9.059,0.958,19.909,2.106,31.029,3.282,82.269,8700.519,0.91,47.896,105.06,6.512,28.981,71.019
Thailand,2007,THA,67102388.0,811667437725.0,97.886,1.459,224.083,3.339,435.268,6.487,1078.653,16074.729,1.329,44.129,83.52,9.348,59.296,40.704
Panama,2007,PAN,3437490.0,43958183203.0,3.669,1.067,7.134,2.075,21.081,6.133,63.93,18597.801,1.454,30.022,75.27,4.753,35.398,64.602
Iran,2007,IRN,74602648.0,1098784519617.0,148.203,1.987,507.771,6.806,673.859,9.033,2253.991,30213.291,2.051,29.515,98.82,7.186,31.194,68.806
Ecuador,2007,ECU,14328783.0,122016284055.0,22.469,1.568,34.393,2.4,92.255,6.438,134.253,9369.433,1.1,29.844,82.2,7.648,37.611,62.389
Sweden,2007,SWE,9148280.0,387881844813.0,9.603,1.05,52.879,5.78,74.248,8.116,641.107,70079.531,1.653,7.662,98.61,1.439,15.409,84.591
Greece,2007,GRC,11045737.0,314210147911.0,15.128,1.37,114.545,10.37,130.835,11.845,419.35,37964.91,1.335,60.147,107.61,3.155,24.825,75.175
Mali,2007,MLI,14457776.0,17779653731.0,17.123,1.184,1.784,0.123,46.177,3.194,6.149,425.291,0.346,33.271,129.37,23.308,78.26,21.74
Democratic Republic of Congo,2007,COD,62477753.0,35814302298.0,29.934,0.479,2.623,0.042,234.391,3.752,15.312,245.084,0.428,11.314,93.35,18.265,61.798,38.202
Austria,2007,AUT,8296948.0,336303973991.0,10.067,1.213,74.092,8.93,87.998,10.606,420.066,50628.93,1.249,34.296,92.41,1.462,32.979,67.021
United Arab Emirates,2007,ARE,5624640.0,367816178792.0,26.066,4.634,134.103,23.842,161.86,28.777,818.361,145495.719,2.225,7.499,56.48,0.977,17.241,82.759
Latvia,2007,LVA,2200774.0,46228816935.0,2.507,1.139,8.637,3.925,13.428,6.101,46.306,21040.67,1.002,29.553,91.18,3.454,32.144,67.856
Uruguay,2007,URY,3295155.0,46197426762.0,23.022,6.987,5.96,1.809,50.743,15.399,37.504,11381.613,0.812,83.133,95.35,8.499,7.04,92.96
Ukraine,2007,UKR,47062802.0,480580682697.0,80.265,1.705,336.829,7.157,444.975,9.455,1617.882,34377.082,3.367,71.231,101.21,6.283,31.79,68.21
Saudi Arabia,2007,SAU,22368313.0,896025266041.0,87.343,3.905,423.314,18.925,515.097,23.028,1944.057,86911.211,2.17,80.835,78.65,2.743,18.577,81.423
Denmark,2007,DNK,5461604.0,242913735233.0,9.348,1.712,54.709,10.017,71.746,13.136,243.401,44565.855,1.002,66.575,102.91,1.17,13.575,86.425
Netherlands,2007,NLD,16531360.0,721200009128.0,23.518,1.423,173.028,10.467,220.701,13.35,1107.524,66995.336,1.536,56.706,83.24,1.832,14.591,85.409
Lebanon,2007,LBN,4844119.0,44589675655.0,2.469,0.51,13.746,2.838,16.724,3.452,50.245,10372.43,1.127,66.188,110.42,4.893,12.898,87.102
Burkina Faso,2007,BFA,14816313.0,18724205542.0,15.973,1.078,1.616,0.109,47.665,3.217,7.122,480.703,0.38,44.408,91.74,21.839,77.026,22.974
Serbia,2007,SRB,7482996.0,80235729936.0,8.133,1.087,52.16,6.97,49.202,6.575,185.162,24744.312,2.308,40.852,104.06,5.505,41.442,58.558
Switzerland,2007,CHE,7545386.0,416832821635.0,5.705,0.756,43.359,5.746,51.762,6.86,354.893,47034.438,0.851,39.083,95.15,0.773,26.472,73.528
Senegal,2007,SEN,11770348.0,26900866878.0,8.886,0.755,5.196,0.441,42.714,3.629,26.04,2212.367,0.968,44.165,61.71,12.246,57.476,42.524
Dominica,2007,DMA,68862.0,554311687.0,0.054,0.78,0.172,2.501,0.213,3.089,0.774,11245.616,1.397,29.333,99.83,10.993,33.123,66.877
Lesotho,2007,LSO,1953273.0,4038812448.0,1.715,0.878,2.074,1.062,6.787,3.475,2.921,1495.337,0.723,76.713,101.43,4.89,75.781,24.219
New Zealand,2007,NZL,4223270.0,136252900902.0,37.973,8.991,36.383,8.615,90.758,21.49,229.45,54329.863,1.684,43.625,87.15,6.068,14.071,85.929
Jordan,2007,JOR,6827235.0,68285595085.0,3.177,0.465,21.7,3.178,26.099,3.823,85.47,12519.004,1.252,10.917,77.0,2.531,20.664,79.336
Georgia,2007,GEO,3967592.0,40006939154.0,3.434,0.865,6.609,1.666,5.043,1.271,38.943,9815.229,0.973,36.221,111.56,9.196,46.229,53.771
Slovenia,2007,SVN,2014159.0,56590130937.0,3.693,1.833,17.349,8.614,28.518,14.159,85.379,42389.488,1.509,24.727,110.79,2.033,49.529,50.471
France,2007,FRA,62432438.0,2354672057875.0,80.865,1.295,396.461,6.35,457.941,7.335,3075.79,49265.891,1.306,54.191,97.21,1.517,22.754,77.246
Mauritius,2007,MUS,1269522.0,19573401107.0,0.54,0.425,3.686,2.903,4.437,3.495,19.62,15454.462,1.002,45.32,88.87,4.309,59.215,40.785
Spain,2007,ESP,45516501.0,1481143208580.0,47.691,1.048,366.469,8.051,420.984,9.249,1828.408,40170.227,1.234,56.108,91.93,2.495,22.226,77.774
Ghana,2007,GHA,23642284.0,60409358255.0,9.745,0.412,8.982,0.38,43.886,1.856,32.114,1358.343,0.532,54.813,73.33,27.294,51.187,48.813
Eswatini,2007,SWZ,1090713.0,6589486313.0,1.537,1.409,1.044,0.957,1.966,1.802,6.987,6405.87,1.06,71.105,93.31,8.844,77.86,22.14
Malawi,2007,MWI,13576344.0,14282894527.0,4.302,0.317,0.919,0.068,26.203,1.93,4.865,358.312,0.341,56.056,37.91,22.882,84.752,15.248
Trinidad and Tobago,2007,TTO,1365381.0,41413662308.0,6.573,4.814,45.564,33.371,52.962,38.789,221.376,162135.047,5.345,10.526,95.99,0.372,45.061,54.939
Honduras,2007,HND,7834806.0,31871721735.0,6.959,0.888,8.216,1.049,23.576,3.009,34.167,4360.944,1.072,28.242,96.7,11.911,50.601,49.399
Nicaragua,2007,NIC,5497247.0,20171035929.0,7.783,1.416,4.54,0.826,51.945,9.449,20.078,3652.414,0.995,43.003,71.3,16.461,43.718,56.282
Azerbaijan,2007,AZE,8828313.0,109944254894.0,12.742,1.443,30.037,3.402,47.2,5.346,151.071,17112.117,1.374,57.565,70.05,6.54,47.172,52.828
Romania,2007,ROU,20870714.0,304650701380.0,23.053,1.105,108.497,5.199,132.044,6.327,451.004,21609.418,1.48,59.289,114.71,5.502,46.553,53.447
Congo,2007,COG,3980430.0,18699065550.0,14.757,3.707,4.259,1.07,38.645,9.709,9.885,2483.396,0.529,30.891,73.8,4.92,38.15,61.85
Togo,2007,TGO,5748437.0,6923652593.0,3.593,0.625,1.517,0.264,10.051,1.748,5.577,970.256,0.806,66.097,99.79,16.93,63.761,36.239
Barbados,2007,BRB,271298.0,3642717925.0,0.174,0.641,1.469,5.415,1.673,6.165,6.884,25376.07,1.89,37.209,97.67,1.347,40.196,59.804
Sierra Leone,2007,SLE,5749353.0,6495486321.0,4.127,0.718,0.487,0.085,38.216,6.647,2.479,431.164,0.382,50.204,60.66,28.398,62.488,37.512
Botswana,2007,BWA,1911200.0,21924081026.0,4.866,2.546,4.228,2.212,15.813,8.274,18.453,9655.335,0.842,45.496,108.74,1.927,39.218,60.782
Estonia,2007,EST,1340709.0,35115520992.0,2.298,1.714,19.93,14.866,21.959,16.378,73.746,55004.875,2.1,21.576,91.19,3.925,32.39,67.61
Chad,2007,TCD,11081667.0,14704387197.0,32.547,2.937,1.089,0.098,58.374,5.268,1.228,110.805,0.084,38.859,63.73,29.351,78.229,21.771
Italy,2007,ITA,59108723.0,2134371774096.0,54.576,0.923,489.794,8.286,550.905,9.32,2175.28,36801.336,1.019,47.89,110.65,1.894,32.214,67.786
Portugal,2007,PRT,10546822.0,266663287450.0,11.239,1.066,62.38,5.915,77.367,7.336,297.491,28206.701,1.116,40.023,100.25,1.998,40.252,59.748
Turkey,2007,TUR,70750593.0,1158406990670.0,56.576,0.8,316.497,4.473,387.689,5.48,1173.72,16589.539,1.013,51.33,66.04,7.418,34.661,65.339
Belgium,2007,BEL,10625488.0,404721960651.0,12.865,1.211,120.493,11.34,143.205,13.477,763.469,71852.602,1.886,45.063,91.2,0.888,15.855,84.145
Norway,2007,NOR,4709017.0,352692911227.0,11.076,2.352,45.605,9.685,63.453,13.475,552.72,117374.898,1.567,2.826,95.3,1.2,21.593,78.407
Kenya,2007,KEN,38036354.0,91060343688.0,39.619,1.042,9.734,0.256,84.085,2.211,49.79,1309.021,0.547,47.557,95.36,20.587,69.585,30.415
Cameroon,2007,CMR,18049897.0,44640871980.0,18.436,1.021,7.409,0.41,69.602,3.856,23.063,1277.756,0.517,19.49,75.9,15.858,50.297,49.703
Algeria,2007,DZA,34189420.0,371665260161.0,57.808,1.691,107.549,3.146,171.844,5.026,399.64,11688.989,1.075,17.32,70.59,6.326,34.831,65.169
Israel,2007,ISR,6962456.0,192596811708.0,6.384,0.917,62.8,9.02,71.646,10.29,255.085,36637.172,1.324,23.942,82.71,1.747,8.286,91.714
Mauritania,2007,MRT,3093065.0,8570478345.0,7.161,2.315,1.758,0.568,12.862,4.158,7.208,2330.352,0.841,38.527,83.64,18.433,57.559,42.441
Gabon,2007,GAB,1556242.0,19294943982.0,13.691,8.797,5.038,3.237,30.65,19.695,11.899,7646.167,0.617,8.159,87.93,4.958,15.31,84.69
Benin,2007,BEN,8953973.0,15874980420.0,4.828,0.539,3.931,0.439,32.751,3.658,16.597,1853.535,1.045,29.967,82.51,26.971,58.714,41.286
Gabon,2008,GAB,1607182.0,19821156608.0,14.836,9.231,5.379,3.347,31.606,19.665,12.006,7469.989,0.606,8.179,89.07,4.23,14.756,85.244
Mauritania,2008,MRT,3183276.0,8846256694.0,6.679,2.098,1.831,0.575,12.513,3.931,8.88,2789.692,1.004,38.527,81.9,18.559,56.422,43.578
Italy,2008,ITA,59561687.0,2129113318512.0,53.961,0.906,478.132,8.028,528.453,8.872,2150.094,36098.609,1.01,48.888,114.23,1.873,32.093,67.907
Israel,2008,ISR,7082621.0,197785749719.0,6.291,0.888,67.98,9.598,76.662,10.824,262.427,37052.305,1.327,23.826,86.55,1.809,8.271,91.729
Cameroon,2008,CMR,18574052.0,46686367319.0,18.707,1.007,7.321,0.394,89.964,4.844,22.834,1229.333,0.489,19.596,81.96,16.001,49.914,50.086
Kenya,2008,KEN,39206349.0,92971180385.0,40.322,1.028,10.099,0.258,88.077,2.246,50.519,1288.544,0.543,47.596,100.31,22.196,68.577,31.423
Norway,2008,NOR,4768097.0,364943654963.0,10.868,2.279,44.692,9.373,62.303,13.067,559.907,117427.766,1.534,2.806,98.0,1.083,21.246,78.754
Turkey,2008,TUR,71562343.0,1179868355277.0,56.071,0.784,312.628,4.369,382.37,5.343,1176.681,16442.74,0.997,50.832,67.08,7.38,33.486,66.514
Portugal,2008,PRT,10564086.0,268239264717.0,10.643,1.008,60.01,5.681,71.952,6.811,285.505,27025.984,1.064,40.733,105.23,1.964,39.649,60.351
Chad,2008,TCD,11476299.0,15257312990.0,33.576,2.926,0.872,0.076,65.001,5.664,1.288,112.199,0.084,38.859,67.43,29.058,78.224,21.776
Albania,2008,ALB,2992933.0,25006230217.0,3.031,1.013,4.448,1.486,10.527,3.517,23.894,7983.493,0.956,43.102,85.72,15.422,50.615,49.385
Botswana,2008,BWA,1949973.0,23814412331.0,9.762,5.006,4.503,2.309,25.351,13.001,19.183,9837.472,0.806,45.667,113.54,2.14,38.168,61.832
Sierra Leone,2008,SLE,5894728.0,6848797957.0,4.087,0.693,0.506,0.086,36.703,6.226,2.439,413.68,0.356,51.43,69.83,28.997,62.127,37.873
Barbados,2008,BRB,272719.0,3618468400.0,0.19,0.698,1.733,6.356,2.007,7.36,8.118,29765.596,2.243,37.209,94.6,1.296,40.507,59.493
Jordan,2008,JOR,6989874.0,72788636146.0,3.587,0.513,20.987,3.003,26.637,3.811,82.328,11778.231,1.131,11.021,86.56,2.877,19.871,80.129
Congo,2008,COG,4113514.0,20270055811.0,14.367,3.493,4.27,1.038,39.188,9.527,11.268,2739.223,0.556,30.893,79.17,4.248,37.965,62.035
Romania,2008,ROU,20718745.0,339689310169.0,23.244,1.122,106.997,5.164,132.574,6.399,449.797,21709.68,1.324,59.304,109.74,6.302,46.37,53.63
Saudi Arabia,2008,SAU,23287884.0,1005243539213.0,90.533,3.888,469.43,20.158,564.422,24.237,2128.464,91397.906,2.117,80.833,82.58,2.293,18.356,81.644
Latvia,2008,LVA,2177710.0,44217430207.0,2.305,1.059,8.198,3.765,12.679,5.822,46.6,21398.684,1.054,29.328,91.33,3.091,32.158,67.842
Nicaragua,2008,NIC,5576597.0,21118480099.0,7.849,1.408,4.353,0.781,44.237,7.933,19.345,3468.996,0.916,42.646,74.42,16.263,43.536,56.464
Honduras,2008,HND,8012590.0,33484306097.0,7.125,0.889,8.533,1.065,24.852,3.102,33.617,4195.461,1.004,28.457,103.86,12.15,49.969,50.031
Eswatini,2008,SWZ,1098098.0,6906669172.0,1.487,1.354,1.019,0.928,1.958,1.783,6.797,6189.895,0.984,71.105,96.63,8.182,77.831,22.169
Malawi,2008,MWI,13976415.0,15293785292.0,4.544,0.325,0.999,0.071,25.97,1.858,5.619,402.037,0.367,57.647,43.91,24.932,84.676,15.324
Ghana,2008,GHA,24249945.0,66155974151.0,11.562,0.477,8.324,0.343,43.624,1.799,34.637,1428.323,0.524,52.759,76.75,29.408,50.529,49.471
Spain,2008,ESP,46235055.0,1510615290401.0,46.432,1.004,335.284,7.252,386.06,8.35,1774.594,38382.004,1.175,56.419,94.32,2.354,21.958,78.042
Costa Rica,2008,CRI,4440058.0,52514579539.0,4.105,0.925,7.934,1.787,19.49,4.39,38.795,8737.468,0.739,35.116,90.95,6.977,31.207,68.793
Mauritius,2008,MUS,1274635.0,20249055784.0,0.546,0.428,3.767,2.955,4.503,3.533,20.067,15743.598,0.991,44.828,90.83,4.02,59.385,40.615
France,2008,FRA,62780187.0,2362451821701.0,81.134,1.292,389.794,6.209,452.329,7.205,3084.845,49137.234,1.306,54.013,99.42,1.42,22.844,77.156
Slovenia,2008,SVN,2025090.0,57981920900.0,3.757,1.855,18.285,9.029,25.546,12.615,93.656,46247.805,1.615,30.704,113.59,1.759,49.638,50.362
Georgia,2008,GEO,3941192.0,40781279289.0,3.121,0.792,5.747,1.458,3.972,1.008,38.38,9738.182,0.941,36.178,103.09,8.132,45.777,54.223
Lesotho,2008,LSO,1966547.0,4170596962.0,1.685,0.857,2.121,1.079,5.727,2.912,2.499,1270.846,0.599,77.8,104.16,4.897,74.803,25.197
Dominica,2008,DMA,68866.0,617146562.0,0.054,0.787,0.169,2.447,0.217,3.156,0.695,10095.776,1.127,29.333,97.64,12.358,32.768,67.232
Trinidad and Tobago,2008,TTO,1372090.0,42494149374.0,6.318,4.605,44.443,32.39,51.624,37.625,218.087,158945.203,5.132,10.526,95.92,0.366,45.324,54.676
Haiti,2008,HTI,9530782.0,14789629003.0,7.931,0.832,1.754,0.184,20.062,2.105,9.957,1044.733,0.673,64.224,97.87,18.433,55.315,44.685
Switzerland,2008,CHE,7641730.0,433739216893.0,5.854,0.766,44.701,5.85,53.106,6.949,362.542,47442.336,0.836,38.999,97.14,0.784,26.452,73.548
Azerbaijan,2008,AZE,8942637.0,123130002462.0,13.584,1.519,33.037,3.694,51.361,5.743,151.163,16903.684,1.228,57.568,72.3,5.571,46.937,53.063
Serbia,2008,SRB,7454285.0,86433151884.0,8.052,1.08,51.737,6.941,47.469,6.368,185.883,24936.412,2.151,41.203,102.92,6.36,41.106,58.894
Burkina Faso,2008,BFA,15258103.0,19365623019.0,16.531,1.083,1.818,0.119,48.019,3.147,7.752,508.09,0.4,44.913,95.49,27.314,76.637,23.363
Lebanon,2008,LBN,4925359.0,50361558474.0,2.519,0.511,17.418,3.536,20.532,4.169,65.59,13316.851,1.302,64.809,118.22,4.522,12.723,87.277
Netherlands,2008,NLD,16597259.0,737705013303.0,23.729,1.43,175.904,10.598,217.686,13.116,1094.389,65937.922,1.484,57.148,84.09,1.652,14.385,85.615
Denmark,2008,DNK,5493762.0,243090598807.0,9.095,1.656,51.256,9.33,67.892,12.358,234.872,42752.508,0.966,66.7,100.51,0.842,13.417,86.583
Ukraine,2008,UKR,46819168.0,499592169886.0,79.63,1.701,325.983,6.963,433.91,9.268,1562.053,33363.531,3.127,71.277,98.21,6.535,31.625,68.375
Uruguay,2008,URY,3302184.0,49265998696.0,24.807,7.512,8.218,2.489,61.332,18.573,47.597,14413.735,0.966,83.842,96.13,9.169,6.54,93.46
New Zealand,2008,NZL,4261819.0,135932629621.0,36.917,8.662,37.485,8.796,99.046,23.24,230.105,53992.191,1.693,43.196,85.22,5.001,14.086,85.914
United Arab Emirates,2008,ARE,6302669.0,464692468324.0,26.286,4.171,155.03,24.598,183.023,29.039,938.401,148889.391,2.019,7.598,65.24,0.827,17.034,82.966
Austria,2008,AUT,8323250.0,342892519161.0,9.921,1.192,73.466,8.827,88.091,10.584,424.56,51008.945,1.238,34.045,93.53,1.385,32.956,67.044
Sweden,2008,SWE,9219903.0,388980516356.0,9.334,1.012,50.765,5.506,72.347,7.847,638.565,69259.43,1.642,7.551,98.86,1.26,15.248,84.752
Iran,2008,IRN,75514201.0,1132365762681.0,146.494,1.94,528.528,6.999,689.711,9.134,2323.367,30767.291,2.052,28.663,88.98,6.123,30.621,69.379
Argentina,2008,ARG,40424151.0,747157417513.0,120.002,2.969,187.596,4.641,404.48,10.006,879.072,21746.203,1.177,46.424,98.44,7.319,9.348,90.652
Comoros,2008,COM,629314.0,956653402.0,0.323,0.513,0.11,0.175,0.51,0.811,0.477,758.058,0.499,71.467,97.32,29.139,71.581,28.419
Panama,2008,PAN,3500646.0,47885663330.0,3.829,1.094,6.809,1.945,23.995,6.854,75.67,21616.078,1.58,29.987,77.53,4.444,35.191,64.809
Dominican Republic,2008,DOM,9573135.0,94906712345.0,9.343,0.976,20.235,2.114,33.088,3.456,82.396,8607.035,0.868,46.983,99.88,6.271,27.513,72.487
Nepal,2008,NPL,26990036.0,52545963062.0,24.807,0.919,3.355,0.124,48.751,1.806,14.072,521.395,0.268,28.964,78.34,30.306,43.089,56.911
Democratic Republic of Congo,2008,COD,64390658.0,39245769597.0,30.899,0.48,2.685,0.042,470.831,7.312,14.402,223.665,0.367,11.336,93.64,18.233,61.4,38.6
Burundi,2008,BDI,8505643.0,5894788502.0,2.732,0.321,0.202,0.024,5.906,0.694,1.077,126.631,0.183,71.184,64.69,38.005,89.894,10.106
Cote d'Ivoire,2008,CIV,21514446.0,52842644609.0,9.961,0.463,6.713,0.312,57.368,2.667,34.91,1622.628,0.661,65.796,81.7,16.185,53.638,46.362
Kazakhstan,2008,KAZ,16426527.0,303717015928.0,48.842,2.973,226.102,13.764,283.805,17.277,635.432,38683.312,2.092,78.102,90.37,5.316,45.871,54.129
Indonesia,2008,IDN,240157902.0,1809491142510.0,229.503,0.956,365.384,1.521,1483.168,6.176,1564.584,6514.816,0.865,26.204,71.9,14.482,51.536,48.464
Pakistan,2008,PAK,189499112.0,746912719652.0,146.053,0.771,147.901,0.78,336.25,1.774,718.677,3792.511,0.962,45.809,68.52,20.351,65.554,34.446
Cape Verde,2008,CPV,501362.0,2956642825.0,0.129,0.257,0.473,0.943,0.709,1.415,3.351,6684.652,1.134,19.355,92.61,5.316,39.926,60.074
Cambodia,2008,KHM,14053479.0,34271375874.0,20.919,1.489,3.936,0.28,48.684,3.464,15.981,1137.172,0.466,30.337,101.73,28.034,80.343,19.657
Mongolia,2008,MNG,2634431.0,18865759800.0,14.555,5.525,11.918,4.524,38.408,14.579,25.123,9536.326,1.332,73.521,65.71,19.215,33.531,66.469
Singapore,2008,SGP,4806742.0,252508208683.0,3.2,0.666,40.2,8.363,44.426,9.242,690.6,143673.141,2.735,1.0,73.53,0.041,0.0,100.0
Belarus,2008,BLR,9529357.0,157577029170.0,16.773,1.76,62.931,6.604,102.151,10.72,298.614,31336.238,1.895,43.947,83.31,8.666,26.447,73.553
Senegal,2008,SEN,12048963.0,27862112568.0,9.261,0.769,4.74,0.393,33.452,2.776,26.609,2208.442,0.955,48.174,66.74,14.687,57.132,42.868
Thailand,2008,THA,67619835.0,822020817321.0,98.921,1.463,224.249,3.316,428.78,6.341,1078.545,15950.123,1.312,44.311,83.02,10.072,58.105,41.895
Iraq,2008,IRQ,28971042.0,231588128927.0,75.115,2.593,94.335,3.256,165.949,5.728,345.879,11938.793,1.494,18.751,104.72,3.848,31.143,68.857
Gambia,2008,GMB,1817859.0,2704420689.0,1.195,0.657,0.363,0.2,5.201,2.861,1.71,940.83,0.632,55.929,94.47,29.776,45.357,54.643
South Africa,2008,ZAF,51114595.0,571660802378.0,85.087,1.665,494.673,9.678,613.432,12.001,1459.697,28557.336,2.553,80.05,80.3,2.572,38.231,61.769
Bolivia,2008,BOL,9850859.0,47500614555.0,20.893,2.121,13.028,1.322,130.623,13.26,63.049,6400.373,1.327,34.535,85.03,10.442,34.455,65.545
Mali,2008,MLI,14940786.0,18486110807.0,17.947,1.201,1.957,0.131,47.288,3.165,7.292,488.064,0.394,33.463,129.91,23.867,77.808,22.192
Yemen,2008,YEM,25111941.0,99520984206.0,19.381,0.772,24.537,0.977,47.962,1.91,92.777,3694.533,0.932,44.542,72.32,10.197,70.035,29.965
Moldova,2008,MDA,3779503.0,17815141666.0,1.948,0.515,5.19,1.373,6.733,1.781,37.597,9947.718,2.11,75.433,84.29,8.811,60.629,39.371
Turkmenistan,2008,TKM,5345033.0,60001295021.0,23.91,4.473,59.438,11.12,93.791,17.547,154.912,28982.496,2.582,73.096,91.92,10.722,53.134,46.866
Venezuela,2008,VEN,28053694.0,488287068325.0,76.341,2.721,155.758,5.552,278.716,9.935,1000.321,35657.379,2.049,24.488,101.64,4.158,11.238,88.762
Czechia,2008,CZE,10378298.0,271709547503.0,13.74,1.324,122.928,11.845,139.543,13.446,513.619,49489.691,1.89,46.24,109.92,1.92,26.534,73.466
Niger,2008,NER,15361921.0,11762875984.0,15.672,1.02,0.792,0.052,25.761,1.677,4.73,307.89,0.402,34.564,81.63,38.775,83.741,16.259
Laos,2008,LAO,6148974.0,22210959976.0,7.668,1.247,2.131,0.347,73.837,12.008,10.631,1728.93,0.479,9.116,103.92,24.176,70.597,29.403
Colombia,2008,COL,43758805.0,464038717488.0,80.041,1.829,66.982,1.531,185.889,4.248,408.48,9334.807,0.88,38.408,94.27,6.687,23.54,76.46
Ecuador,2008,ECU,14575201.0,130654762337.0,22.399,1.537,30.488,2.092,82.088,5.632,143.285,9830.746,1.097,29.977,87.25,7.349,37.46,62.54
Namibia,2008,NAM,2047059.0,16311345821.0,4.967,2.427,2.858,1.396,14.197,6.935,14.811,7235.075,0.908,47.138,103.04,7.532,60.167,39.833
Bahrain,2008,BHR,1120718.0,33548850204.0,18.545,16.547,29.525,26.344,48.241,43.045,172.081,153545.766,5.129,11.921,22.47,0.265,3.654,96.346
Tunisia,2008,TUN,10542637.0,105766317552.0,10.179,0.966,25.453,2.414,40.311,3.824,103.632,9829.796,0.98,63.601,81.48,7.849,33.932,66.068
Seychelles,2008,SYC,92563.0,1625802984.0,0.056,0.604,0.414,4.473,0.491,5.306,4.254,45958.117,2.617,6.522,119.16,2.536,57.303,42.697
Liberia,2008,LBR,3821006.0,2922602346.0,1.933,0.506,0.531,0.139,23.056,6.034,2.343,613.272,0.802,16.686,79.13,65.175,52.892,47.108
Hong Kong,2008,HKG,7020689.0,295823304243.0,4.411,0.628,42.794,6.095,47.747,6.801,282.853,40288.535,0.956,5.714,97.42,0.054,0.0,100.0
Syria,2008,SYR,21636566.0,140064268758.0,18.265,0.844,68.084,3.147,92.241,4.263,304.94,14093.719,2.177,75.681,121.77,18.756,45.414,54.586
Nigeria,2008,NGA,157595014.0,638908028616.0,219.135,1.39,86.489,0.549,434.029,2.754,310.307,1969.013,0.486,72.927,95.14,25.28,49.949,50.051
Oman,2008,OMN,2626536.0,115217924982.0,24.06,9.16,47.436,18.06,72.353,27.547,201.005,76528.727,1.745,4.708,75.38,0.974,26.192,73.808
Tanzania,2008,TZA,42570728.0,78993514738.0,40.735,0.957,5.989,0.141,170.367,4.002,28.738,675.053,0.364,41.741,67.25,24.765,73.215,26.785
Australia,2008,AUS,21370595.0,937889628737.0,147.579,6.906,404.279,18.918,797.295,37.308,1531.745,71675.375,1.633,50.673,87.8,2.354,13.975,86.025
Russia,2008,RUS,143811837.0,3078094367564.0,359.43,2.499,1652.731,11.492,2169.993,15.089,7914.626,55034.594,2.571,13.158,85.33,3.753,26.518,73.482
Cyprus,2008,CYP,1091029.0,26913613219.0,0.494,0.453,8.692,7.966,9.184,8.418,35.855,32863.738,1.332,12.511,112.84,2.093,32.133,67.867
Montenegro,2008,MNE,632855.0,8414771352.0,0.716,1.131,2.605,4.116,1.724,2.724,13.056,20630.123,1.552,38.141,96.79,5.303,36.159,63.841
Greece,2008,GRC,11076874.0,315974328109.0,15.03,1.357,111.08,10.028,127.178,11.481,411.585,37157.152,1.303,59.403,110.36,2.895,24.385,75.615
Uganda,2008,UGA,30539547.0,51468911832.0,22.611,0.74,2.78,0.091,51.876,1.699,13.793,451.652,0.268,69.637,85.6,21.385,83.493,16.507
El Salvador,2008,SLV,6029302.0,43393063628.0,3.774,0.626,6.375,1.057,9.12,1.513,30.528,5063.321,0.704,59.725,98.87,7.09,36.363,63.637
Bulgaria,2008,BGR,7535589.0,110900337989.0,10.426,1.384,54.026,7.169,61.401,8.148,230.224,30551.521,2.076,46.966,112.52,5.87,29.098,70.902
Egypt,2008,EGY,85864791.0,775303694329.0,53.566,0.624,195.86,2.281,272.889,3.178,831.838,9687.769,1.073,3.558,95.97,12.63,57.039,42.961
Libya,2008,LBY,6235433.0,153726726038.0,40.058,6.424,49.699,7.97,90.879,14.575,218.432,35030.727,1.421,8.744,114.03,1.384,11.853,88.147
Guinea-Bissau,2008,GNB,1488059.0,1837842538.0,1.716,1.153,0.117,0.079,5.033,3.382,1.337,898.696,0.728,25.984,90.45,38.26,60.668,39.332
Sao Tome and Principe,2008,STP,173808.0,491548804.0,0.057,0.329,0.084,0.485,0.136,0.785,0.476,2740.118,0.969,35.417,96.22,9.478,36.131,63.869
Kyrgyzstan,2008,KGZ,5342530.0,20960394949.0,4.512,0.845,7.481,1.4,15.754,2.949,42.551,7964.552,2.03,55.929,83.81,23.486,64.71,35.29
Hungary,2008,HUN,10016653.0,204720371926.0,10.382,1.036,57.184,5.709,70.916,7.08,293.896,29340.787,1.436,64.613,98.4,3.478,31.902,68.098
Canada,2008,CAN,33449088.0,1397938727409.0,124.892,3.734,574.214,17.167,884.187,26.434,3871.871,115754.156,2.77,6.629,102.85,1.768,19.337,80.663
Croatia,2008,HRV,4314635.0,86620961215.0,4.039,0.936,23.516,5.45,24.272,5.625,107.864,24999.676,1.245,23.034,85.6,3.881,44.647,55.353
United States,2008,USA,304970325.0,15288552732632.0,810.64,2.658,5919.221,19.409,7074.333,23.197,26407.25,86589.57,1.727,45.355,96.98,1.053,19.378,80.622
Germany,2008,DEU,81110780.0,3289020399474.0,79.662,0.982,856.643,10.561,978.997,12.07,3934.666,48509.781,1.196,48.536,93.83,0.837,19.754,80.246
Mexico,2008,MEX,110374286.0,1607479004533.0,138.096,1.251,472.981,4.285,693.87,6.287,2153.625,19512.02,1.34,53.168,89.81,3.029,23.491,76.509
Mozambique,2008,MOZ,21819037.0,20553356220.0,14.142,0.648,2.18,0.1,87.335,4.003,22.102,1012.976,1.075,49.878,72.85,26.846,69.437,30.563
Paraguay,2008,PRY,5613577.0,42050621581.0,20.475,3.647,4.27,0.761,77.816,13.862,26.084,4646.667,0.62,46.683,66.77,13.418,40.756,59.244
Vietnam,2008,VNM,85175789.0,370681828207.0,91.099,1.07,114.3,1.342,318.657,3.741,457.209,5367.823,1.233,32.74,75.96,20.413,70.78,29.22
Japan,2008,JPN,128155992.0,4542408020234.0,36.215,0.283,1228.687,9.587,1269.168,9.903,6158.084,48051.477,1.356,13.715,92.74,1.054,10.708,89.292
Myanmar,2008,MMR,48390790.0,177512910900.0,68.598,1.418,9.772,0.202,269.348,5.566,65.763,1358.99,0.37,18.792,52.84,40.275,71.141,28.859
Madagascar,2008,MDG,20923842.0,28762450059.0,21.705,1.037,1.787,0.085,75.375,3.602,9.631,460.266,0.335,70.322,93.07,27.053,72.682,27.318
Estonia,2008,EST,1337078.0,32659893005.0,2.518,1.883,17.815,13.324,20.694,15.477,67.856,50749.477,2.078,21.392,92.06,3.401,32.33,67.67
Ethiopia,2008,ETH,85543670.0,79756503135.0,81.28,0.95,6.418,0.075,255.004,2.981,30.282,353.999,0.38,30.581,94.46,45.185,83.206,16.794
South Korea,2008,KOR,48356485.0,1477425172333.0,26.301,0.544,532.651,11.015,564.242,11.668,2816.136,58236.988,1.906,18.734,82.2,2.042,18.165,81.835
India,2008,IND,1207930960.0,4649548164533.0,764.115,0.633,1490.366,1.234,2641.331,2.187,5576.529,4616.596,1.199,60.459,68.38,16.791,69.856,30.144
Iceland,2008,ISL,317519.0,13031114591.0,0.663,2.087,3.811,12.004,5.058,15.931,56.451,177787.047,4.332,18.713,88.67,4.844,6.935,93.065
Kuwait,2008,KWT,2651433.0,183755530386.0,35.918,13.547,84.442,31.848,121.31,45.753,345.306,130233.758,1.879,8.474,40.65,0.16,0.0,100.0
Saint Lucia,2008,LCA,168816.0,1589069531.0,0.058,0.343,0.425,2.518,0.426,2.524,1.763,10440.874,1.109,16.295,104.02,3.59,80.181,19.819
Zambia,2008,ZMB,13021327.0,33594604263.0,16.111,1.237,2.553,0.196,121.736,9.349,18.01,1383.14,0.536,31.056,62.51,11.454,61.037,38.963
Tajikistan,2008,TJK,7338402.0,20202934540.0,4.89,0.666,2.897,0.395,11.193,1.525,29.399,4006.238,1.455,33.774,49.92,19.867,73.469,26.531
Rwanda,2008,RWA,9804268.0,12678494332.0,3.693,0.377,0.531,0.054,7.491,0.764,2.793,284.913,0.22,76.206,71.01,24.781,83.083,16.917
Sri Lanka,2008,LKA,20629377.0,162474916511.0,10.198,0.494,11.648,0.565,50.36,2.441,63.576,3081.809,0.391,41.422,66.68,13.379,83.724,16.276
Brazil,2008,BRA,190367297.0,2559842659987.0,488.155,2.564,412.638,2.168,2616.45,13.744,2936.354,15424.676,1.147,27.565,87.42,4.568,16.196,83.804
Uzbekistan,2008,UZB,27494780.0,171692630381.0,44.904,1.633,128.387,4.669,182.949,6.654,523.316,19033.287,3.048,59.546,61.83,19.69,48.206,51.794
Qatar,2008,QAT,1426942.0,156781224399.0,22.093,15.483,61.871,43.359,84.398,59.146,288.557,202220.734,1.841,5.745,48.82,0.125,1.87,98.13
China,2008,CHN,1333821011.0,10799148337884.0,1183.054,0.887,7492.404,5.617,9244.5,6.931,26020.463,19508.211,2.409,56.201,87.11,10.01,53.01,46.99
Ireland,2008,IRL,4485992.0,223067117042.0,18.457,4.114,47.361,10.558,83.81,18.683,196.379,43776.055,0.88,67.194,85.94,0.85,38.642,61.358
United Kingdom,2008,GBR,62027303.0,2252034759561.0,61.309,0.988,544.932,8.785,652.777,10.524,2558.816,41253.062,1.136,73.096,91.53,0.67,19.245,80.755
Peru,2008,PER,28719038.0,211009673563.0,27.839,0.969,35.572,1.239,129.042,4.493,194.644,6777.529,0.922,18.496,73.8,7.161,23.726,76.274
Belgium,2008,BEL,10709711.0,408290544814.0,12.88,1.203,120.204,11.224,142.555,13.311,775.734,72432.766,1.9,45.01,87.5,0.712,15.573,84.427
Finland,2008,FIN,5313379.0,213226105706.0,8.634,1.625,58.625,11.033,96.96,18.248,368.496,69352.391,1.728,7.556,98.15,2.205,30.706,69.294
Slovakia,2008,SVK,5379127.0,119380219073.0,6.724,1.25,41.425,7.701,61.854,11.499,212.209,39450.379,1.778,40.27,142.88,2.36,45.104,54.896
Bosnia and Herzegovina,2008,BIH,3947545.0,36676627730.0,4.767,1.208,19.955,5.055,23.414,5.931,50.343,12752.937,1.373,41.602,106.11,7.207,54.891,45.109
Lithuania,2008,LTU,3198482.0,64776249050.0,4.561,1.426,14.919,4.664,24.65,7.707,97.826,30585.244,1.51,42.634,102.34,3.282,33.247,66.753
Guinea,2008,GIN,9898870.0,11730748654.0,12.615,1.274,1.964,0.198,41.767,4.219,9.29,938.471,0.792,58.929,66.26,15.98,66.743,33.257
Bangladesh,2008,BGD,149474264.0,349461394439.0,81.754,0.547,45.341,0.303,155.325,1.039,222.951,1491.569,0.638,71.084,60.65,17.596,73.128,26.872
Morocco,2008,MAR,31606769.0,207385199268.0,22.089,0.699,51.372,1.625,78.575,2.486,180.131,5699.121,0.869,67.177,74.13,10.865,42.875,57.125
Luxembourg,2008,LUX,488995.0,27660465282.0,0.605,1.237,11.167,22.836,12.211,24.971,49.761,101761.266,1.799,50.884,82.72,0.308,12.396,87.604
Guatemala,2008,GTM,13935172.0,93386251977.0,12.437,0.893,10.735,0.77,60.97,4.375,49.183,3529.427,0.527,41.377,59.32,11.334,49.883,50.117
Malaysia,2008,MYS,27570052.0,485245105845.0,29.708,1.078,192.847,6.995,360.445,13.074,934.613,33899.559,1.926,21.764,69.32,9.969,30.456,69.544
Cuba,2008,CUB,11291764.0,67603097135.0,13.77,1.219,27.738,2.456,42.348,3.75,116.225,10292.886,1.719,61.697,90.41,3.817,23.635,76.365
North Macedonia,2008,MKD,2070837.0,21752220835.0,1.92,0.927,8.936,4.315,10.971,5.298,31.796,15354.295,1.462,42.132,107.0,11.444,42.041,57.959
Malta,2008,MLT,418969.0,9685986656.0,0.22,0.524,2.721,6.495,2.974,7.098,23.882,57001.211,2.466,29.062,125.77,1.075,5.971,94.029
Afghanistan,2008,AFG,26482631.0,36561043230.0,12.664,0.478,4.254,0.161,23.057,0.871,15.04,567.922,0.411,58.133,91.41,24.892,78.876,21.124
Philippines,2008,PHL,92699091.0,511142140299.0,68.656,0.741,76.605,0.826,245.337,2.647,327.548,3533.459,0.641,40.279,85.69,14.516,56.845,43.155
Chile,2008,CHL,16838987.0,314032357531.0,23.709,1.408,70.549,4.19,125.591,7.458,369.306,21931.584,1.176,20.736,100.14,3.424,13.123,86.877
Poland,2008,POL,37995902.0,726319216200.0,58.02,1.527,329.428,8.67,398.639,10.492,1124.428,29593.398,1.548,50.934,90.87,2.643,38.874,61.126
Benin,2008,BEN,9228468.0,16519715795.0,4.759,0.516,3.919,0.425,34.669,3.757,16.973,1839.159,1.027,31.783,75.36,26.826,58.197,41.803
Togo,2008,TGO,5936140.0,7155226201.0,3.77,0.635,1.523,0.257,9.868,1.662,6.696,1128.026,0.936,66.832,107.36,20.682,63.319,36.681
Zimbabwe,2008,ZWE,12959154.0,15050245186.0,11.145,0.86,7.72,0.596,41.803,3.226,31.117,2401.123,2.068,42.366,89.72,19.019,67.309,32.691
Equatorial Guinea,2008,GNQ,1084538.0,29298389312.0,10.195,9.401,5.926,5.464,18.163,16.747,30.181,27828.389,1.03,3.685,106.01,0.893,51.956,48.044
Jamaica,2008,JAM,2725633.0,19893168382.0,0.838,0.308,10.776,3.954,19.767,7.252,45.018,16516.637,2.263,41.459,93.13,4.899,46.633,53.367
Algeria,2008,DZA,34816963.0,395658515586.0,61.145,1.756,108.596,3.119,176.144,5.059,423.557,12165.246,1.071,17.344,70.79,5.55,34.099,65.901
Angola,2008,AGO,21578656.0,105593132748.0,50.37,2.334,18.75,0.869,194.451,9.011,60.823,2818.649,0.576,35.45,78.81,7.818,41.415,58.585
Albania,2009,ALB,2961487.0,25821550979.0,2.924,0.987,4.37,1.476,9.234,3.118,24.097,8136.838,0.933,43.843,86.27,15.279,49.387,50.613
Zimbabwe,2009,ZWE,13142791.0,16275797005.0,11.703,0.89,8.25,0.628,39.389,2.997,31.267,2379.03,1.921,41.976,96.05,10.744,67.293,32.707
Algeria,2009,DZA,35490442.0,418247711085.0,54.668,1.54,116.328,3.278,177.874,5.012,448.859,12647.33,1.073,17.374,75.16,8.011,33.49,66.51
Afghanistan,2009,AFG,27466102.0,44358722212.0,13.006,0.474,6.388,0.233,25.67,0.935,25.258,919.612,0.569,58.133,94.16,29.298,78.311,21.689
Benin,2009,BEN,9509431.0,16780073808.0,4.904,0.516,4.225,0.444,22.641,2.381,18.843,1981.54,1.123,33.171,71.51,26.979,57.661,42.339
Chile,2009,CHL,17009730.0,306660166266.0,22.828,1.342,65.96,3.878,117.197,6.89,354.372,20833.512,1.156,20.314,95.81,3.697,13.088,86.912
Poland,2009,POL,38002153.0,760579624624.0,54.028,1.422,315.886,8.312,364.679,9.596,1085.191,28556.041,1.427,50.996,92.16,2.626,39.02,60.98
Chad,2009,TCD,11893753.0,17078193621.0,34.663,2.914,1.22,0.103,75.291,6.33,1.404,118.031,0.082,38.941,71.34,33.157,78.222,21.778
Uganda,2009,UGA,31451147.0,55303695281.0,22.977,0.731,2.996,0.095,54.148,1.722,14.642,465.552,0.265,70.642,87.48,34.873,82.388,17.612
Botswana,2009,BWA,1990671.0,22485468865.0,4.634,2.328,3.855,1.937,13.294,6.678,18.028,9056.343,0.802,45.733,120.42,2.376,37.25,62.75
Sierra Leone,2009,SLE,6055655.0,7073732794.0,4.309,0.712,0.502,0.083,40.592,6.703,2.449,404.411,0.346,52.66,84.51,30.472,61.75,38.25
Barbados,2009,BRB,274137.0,3446882402.0,0.174,0.636,1.7,6.2,1.919,7.0,7.651,27907.617,2.22,37.209,96.23,1.438,40.706,59.294
Luxembourg,2009,LUX,498196.0,26344603078.0,0.606,1.217,10.62,21.316,11.66,23.405,47.593,95530.586,1.807,50.768,84.64,0.233,11.962,88.038
Equatorial Guinea,2009,GNQ,1135683.0,29853093503.0,8.692,7.654,4.883,4.3,16.98,14.952,31.985,28164.0,1.071,3.69,106.03,1.058,49.528,50.472
Morocco,2009,MAR,32030779.0,216763299753.0,22.461,0.701,50.86,1.588,78.41,2.448,175.79,5488.149,0.811,67.225,77.75,11.965,42.269,57.731
Guatemala,2009,GTM,14215614.0,93773785204.0,12.955,0.911,11.725,0.825,59.224,4.166,52.908,3721.821,0.564,40.776,65.17,11.849,49.258,50.742
Sri Lanka,2009,LKA,20756438.0,167647716585.0,9.842,0.474,12.572,0.606,45.55,2.194,64.46,3105.535,0.384,41.614,68.66,12.692,83.257,16.743
Brazil,2009,BRA,192079958.0,2589568436235.0,486.858,2.535,389.775,2.029,2432.428,12.664,2925.52,15230.74,1.13,27.651,87.14,4.477,15.93,84.07
Uzbekistan,2009,UZB,27939333.0,182715813772.0,38.8,1.389,109.23,3.91,157.819,5.649,524.191,18761.748,2.869,59.134,65.98,18.633,48.389,51.611
Mozambique,2009,MOZ,22391751.0,20249940482.0,12.771,0.57,2.439,0.109,82.562,3.687,23.234,1037.629,1.147,50.159,75.53,27.911,69.228,30.772
Lithuania,2009,LTU,3163255.0,55174536683.0,4.411,1.394,12.829,4.056,23.066,7.292,90.027,28460.291,1.632,42.904,96.4,2.529,33.218,66.782
Guinea,2009,GIN,10143540.0,11707653951.0,12.936,1.275,2.092,0.206,91.169,8.988,9.826,968.744,0.839,58.463,69.92,16.361,66.465,33.535
Bangladesh,2009,BGD,150873716.0,372693237092.0,82.806,0.549,49.188,0.326,158.02,1.047,245.344,1626.153,0.658,71.03,57.98,17.105,72.689,27.311
Myanmar,2009,MMR,48660458.0,183291522878.0,69.534,1.429,10.211,0.21,250.692,5.152,57.912,1190.134,0.316,19.043,61.04,38.108,70.997,29.003
Madagascar,2009,MDG,21547277.0,27725052410.0,22.28,1.034,1.699,0.079,71.653,3.325,8.288,384.633,0.299,70.322,96.69,30.465,72.407,27.593
Estonia,2009,EST,1334528.0,27402480486.0,2.438,1.827,14.405,10.794,18.411,13.796,58.727,44005.977,2.143,21.982,91.13,2.471,32.265,67.735
Montenegro,2009,MNE,632445.0,8371377925.0,0.689,1.089,1.682,2.659,0.482,0.763,9.743,15405.96,1.164,38.216,81.0,5.942,35.887,64.113
Greece,2009,GRC,11108067.0,305101334774.0,14.612,1.315,104.319,9.391,120.697,10.866,396.398,35685.582,1.299,58.65,110.71,2.926,23.983,76.017
El Salvador,2009,SLV,6048284.0,42668179532.0,3.696,0.611,6.283,1.039,9.631,1.592,30.275,5005.614,0.71,59.542,100.8,6.669,35.47,64.53
Bulgaria,2009,BGR,7488016.0,107365071902.0,10.182,1.36,45.75,6.11,54.552,7.285,202.107,26990.662,1.882,46.334,111.39,4.236,28.698,71.302
Egypt,2009,EGY,87501635.0,831415021492.0,53.06,0.606,205.243,2.346,281.384,3.216,861.671,9847.488,1.036,3.706,94.26,12.998,57.062,42.938
Libya,2009,LBY,6366689.0,165559661154.0,36.484,5.73,51.627,8.109,89.033,13.984,249.987,39264.84,1.51,8.744,122.32,2.158,11.865,88.135
Guinea-Bissau,2009,GNB,1526384.0,1913611627.0,1.796,1.177,0.099,0.065,6.206,4.066,1.386,907.719,0.724,26.285,90.61,39.154,60.328,39.672
Tunisia,2009,TUN,10650682.0,109299724050.0,10.073,0.946,25.353,2.38,44.989,4.224,86.219,8095.156,0.789,63.008,80.7,8.457,33.664,66.336
Seychelles,2009,SYC,93644.0,1630727660.0,0.057,0.604,0.443,4.734,0.523,5.584,4.637,49517.035,2.843,6.304,109.64,2.241,57.329,42.671
Liberia,2009,LBR,3943035.0,3108980113.0,2.155,0.547,0.522,0.132,27.418,6.954,2.139,542.472,0.688,16.997,84.39,58.036,52.375,47.625
Spain,2009,ESP,46635182.0,1468765814163.0,49.206,1.055,296.159,6.351,348.993,7.483,1652.099,35426.023,1.125,56.09,89.03,2.25,21.708,78.292
Mongolia,2009,MNG,2665333.0,19534582355.0,17.042,6.394,13.03,4.889,41.668,15.633,26.633,9992.191,1.363,73.369,80.07,17.864,32.634,67.366
Yemen,2009,YEM,25927723.0,103506292712.0,20.254,0.781,26.897,1.037,52.719,2.033,102.78,3964.094,0.993,44.419,78.41,10.019,69.697,30.303
Singapore,2009,SGP,4968574.0,256114472232.0,3.16,0.636,40.8,8.212,44.866,9.03,742.003,149339.188,2.897,1.0,72.62,0.041,0.0,100.0
Ghana,2009,GHA,24862667.0,69564814012.0,10.97,0.441,6.868,0.276,42.343,1.703,40.491,1628.582,0.582,54.102,80.1,30.993,49.889,50.111
Sweden,2009,SWE,9298738.0,373026350439.0,9.263,0.996,47.143,5.07,68.712,7.389,579.813,62353.945,1.554,7.53,99.2,1.139,15.066,84.934
Ecuador,2009,ECU,14825960.0,132310294703.0,23.503,1.585,33.815,2.281,77.756,5.245,139.805,9429.752,1.057,30.337,88.74,8.612,37.341,62.659
Namibia,2009,NAM,2077400.0,16383138236.0,6.507,3.132,2.66,1.28,17.21,8.284,15.364,7396.02,0.938,47.138,103.9,8.148,59.148,40.852
Nepal,2009,NPL,27173035.0,54837737569.0,25.088,0.923,4.126,0.152,49.03,1.804,16.384,602.942,0.299,28.88,81.79,31.323,40.136,59.864
Serbia,2009,SRB,7425346.0,85543117613.0,7.755,1.044,45.92,6.184,43.86,5.907,175.125,23584.721,2.047,40.224,101.13,5.992,40.836,59.164
Dominican Republic,2009,DOM,9695270.0,97411530204.0,9.671,0.997,19.686,2.031,32.219,3.323,81.255,8380.905,0.834,48.123,101.75,6.01,26.411,73.589
Bahrain,2009,BHR,1183616.0,35937223742.0,19.179,16.204,28.138,23.773,47.484,40.118,170.371,143941.156,4.741,11.776,28.01,0.337,1.672,98.328
Lesotho,2009,LSO,1980884.0,4214040389.0,1.711,0.864,2.217,1.119,5.165,2.607,2.911,1469.491,0.691,77.042,92.09,5.504,73.741,26.259
Lebanon,2009,LBN,4992295.0,57304677732.0,2.593,0.519,20.958,4.198,23.862,4.78,80.826,16190.095,1.41,64.809,104.59,3.951,12.544,87.456
Dominica,2009,DMA,68879.0,621365663.0,0.054,0.788,0.187,2.713,0.186,2.705,0.7,10169.305,1.127,30.667,97.7,13.292,32.393,67.607
Senegal,2009,SEN,12337390.0,28495333178.0,9.599,0.778,5.258,0.426,29.54,2.394,25.441,2062.085,0.893,48.19,72.23,16.108,56.762,43.238
Haiti,2009,HTI,9689585.0,15482895499.0,8.089,0.835,1.881,0.194,30.309,3.128,9.405,970.681,0.607,65.905,96.75,18.793,54.621,45.379
Switzerland,2009,CHE,7737644.0,431737407420.0,5.475,0.708,43.526,5.625,51.404,6.643,355.006,45880.383,0.822,38.915,98.58,0.723,26.426,73.574
Azerbaijan,2009,AZE,9046336.0,136020226283.0,12.131,1.341,29.103,3.217,45.978,5.082,130.168,14389.062,0.957,57.579,80.43,6.122,46.864,53.136
Burkina Faso,2009,BFA,15710067.0,19506442026.0,17.087,1.088,1.836,0.117,47.63,3.032,7.278,463.295,0.373,45.437,98.18,23.205,76.255,23.745
Uruguay,2009,URY,3310093.0,50291695148.0,24.502,7.402,7.99,2.414,52.343,15.813,48.753,14728.558,0.969,84.642,93.05,7.887,6.066,93.934
Moldova,2009,MDA,3706212.0,16449234621.0,1.917,0.517,4.54,1.225,6.21,1.676,33.878,9140.857,2.06,75.16,90.37,8.497,60.674,39.326
Eswatini,2009,SWZ,1105158.0,7131566747.0,1.395,1.263,1.055,0.955,1.89,1.71,6.422,5810.702,0.9,71.163,98.09,7.552,77.766,22.234
Malawi,2009,MWI,14395788.0,16486871191.0,4.702,0.327,1.018,0.071,21.171,1.471,5.132,356.468,0.311,58.178,48.28,25.309,84.598,15.402
Netherlands,2009,NLD,16684148.0,713986817901.0,23.264,1.394,170.433,10.215,211.88,12.699,1079.291,64689.609,1.512,56.846,85.84,1.566,13.778,86.222
Denmark,2009,DNK,5523169.0,232507363099.0,8.904,1.612,48.851,8.845,64.793,11.731,220.807,39978.305,0.95,65.85,96.91,0.807,13.238,86.762
Saudi Arabia,2009,SAU,24217656.0,1040467027041.0,85.948,3.549,503.97,20.81,594.487,24.548,2205.138,91054.977,2.119,80.831,83.65,2.83,18.136,81.864
Trinidad and Tobago,2009,TTO,1379056.0,40299152132.0,6.39,4.634,44.417,32.209,51.689,37.481,216.492,156985.703,5.372,10.526,106.87,0.595,45.608,54.392
Honduras,2009,HND,8189904.0,32923391943.0,7.433,0.908,8.03,0.981,32.705,3.993,31.642,3863.557,0.961,28.582,91.82,10.825,49.326,50.674
Latvia,2009,LVA,2142044.0,37590730012.0,2.329,1.087,7.456,3.481,11.85,5.532,44.078,20577.336,1.173,29.457,89.69,3.287,32.168,67.832
Nicaragua,2009,NIC,5656602.0,20900358446.0,7.921,1.4,4.432,0.784,44.473,7.862,19.654,3474.477,0.94,42.289,79.73,16.068,43.349,56.651
New Zealand,2009,NZL,4304304.0,136500728040.0,37.393,8.687,34.594,8.037,89.136,20.709,229.523,53324.062,1.681,43.637,86.7,5.737,14.108,85.892
United Arab Emirates,2009,ARE,6707063.0,480551549339.0,25.917,3.864,169.088,25.21,196.882,29.354,925.575,138000.094,1.926,5.462,68.5,1.037,16.83,83.17
Austria,2009,AUT,8345073.0,331119036991.0,9.77,1.171,67.302,8.065,80.774,9.679,409.772,49103.516,1.238,33.871,95.57,1.177,32.929,67.071
Democratic Republic of Congo,2009,COD,66412038.0,41718890407.0,30.869,0.465,2.446,0.037,692.648,10.43,13.409,201.906,0.321,11.86,95.66,17.215,61.004,38.996
Burundi,2009,BDI,8947653.0,6197653893.0,2.825,0.316,0.216,0.024,6.101,0.682,1.076,120.272,0.174,71.301,70.1,36.853,89.502,10.498
Cambodia,2009,KHM,14276819.0,34042366543.0,21.424,1.501,4.579,0.321,57.443,4.024,19.781,1385.545,0.581,30.188,100.29,28.089,79.802,20.198
Laos,2009,LAO,6241649.0,24050843271.0,8.006,1.283,2.667,0.427,79.615,12.755,12.19,1952.968,0.507,9.393,94.99,24.205,69.958,30.042
Ukraine,2009,UKR,46623731.0,431074416655.0,75.628,1.622,277.593,5.954,384.735,8.252,1330.558,28538.205,3.087,71.249,97.99,6.905,31.475,68.525
Sao Tome and Principe,2009,STP,177866.0,507380515.0,0.059,0.331,0.092,0.515,0.142,0.798,0.509,2863.84,1.004,35.417,102.45,10.492,34.917,65.083
Czechia,2009,CZE,10420985.0,261919697582.0,13.49,1.295,114.972,11.033,131.543,12.623,492.811,47290.25,1.882,45.907,103.88,1.759,26.592,73.408
Niger,2009,NER,15943673.0,11700248745.0,16.374,1.027,0.952,0.06,28.368,1.779,5.568,349.234,0.476,34.564,85.41,34.785,83.749,16.251
Hong Kong,2009,HKG,7064464.0,285619082956.0,4.427,0.627,41.583,5.886,46.615,6.599,308.858,43719.992,1.081,5.714,117.95,0.066,0.0,100.0
Syria,2009,SYR,21976971.0,141886525419.0,19.7,0.896,63.261,2.879,88.98,4.049,286.934,13056.144,2.022,75.735,119.03,22.795,44.971,55.029
Nigeria,2009,NGA,162049466.0,709931188516.0,212.871,1.314,77.031,0.475,337.385,2.082,196.343,1211.625,0.277,73.31,98.7,26.749,49.135,50.865
Cyprus,2009,CYP,1109377.0,26682210733.0,0.491,0.443,8.438,7.606,8.487,7.651,35.004,31552.451,1.312,13.81,106.76,1.989,32.316,67.684
Kyrgyzstan,2009,KGZ,5398013.0,21348199451.0,4.804,0.89,6.709,1.243,15.2,2.816,43.249,8012.048,2.026,55.356,85.38,18.761,64.718,35.282
Hungary,2009,HUN,10001381.0,195180908684.0,10.114,1.011,51.458,5.145,61.951,6.194,272.688,27265.072,1.397,63.879,96.08,2.995,31.541,68.459
Turkmenistan,2009,TKM,5451597.0,64409212896.0,19.804,3.633,52.462,9.623,82.154,15.07,226.639,41572.953,3.519,72.787,95.24,10.515,53.107,46.893
Venezuela,2009,VEN,28438296.0,474358611901.0,73.232,2.575,152.176,5.351,267.759,9.415,1010.782,35542.992,2.131,24.375,105.63,5.662,11.213,88.787
Germany,2009,DEU,80935276.0,3136502162046.0,77.142,0.953,789.984,9.761,905.805,11.192,3692.178,45618.898,1.177,48.438,94.7,0.67,19.725,80.275
Mexico,2009,MEX,111999720.0,1543820957956.0,136.687,1.22,460.29,4.11,674.108,6.019,2117.244,18904.01,1.371,52.821,90.99,3.101,23.486,76.514
Ethiopia,2009,ETH,88007641.0,86391027022.0,84.766,0.963,6.453,0.073,273.254,3.105,31.171,354.188,0.361,30.999,88.53,45.883,82.849,17.151
Belarus,2009,BLR,9507334.0,156010272888.0,17.212,1.81,60.628,6.377,100.278,10.547,282.515,29715.518,1.811,43.997,90.05,8.131,25.809,74.191
South Korea,2009,KOR,48546690.0,1477640571750.0,26.965,0.555,537.82,11.078,570.552,11.753,2832.924,58354.625,1.917,18.494,86.63,2.138,18.075,81.925
Iceland,2009,ISL,318619.0,12031037299.0,0.642,2.016,3.73,11.708,4.893,15.358,56.355,176872.812,4.684,18.703,88.74,5.603,6.556,93.444
Saint Lucia,2009,LCA,169880.0,1609861406.0,0.057,0.335,0.425,2.502,0.41,2.415,1.719,10121.01,1.068,16.295,111.23,3.649,81.019,18.981
Kuwait,2009,KWT,2795489.0,175302339443.0,32.48,11.619,88.832,31.777,122.273,43.739,350.161,125259.391,1.997,8.502,61.85,0.262,0.0,100.0
Zambia,2009,ZMB,13490395.0,37919541851.0,15.594,1.156,2.94,0.218,109.967,8.152,18.164,1346.453,0.479,31.728,77.69,11.553,60.509,39.491
Rwanda,2009,RWA,10060438.0,13135703239.0,3.784,0.376,0.555,0.055,8.17,0.812,2.864,284.673,0.218,77.26,72.29,25.358,83.079,16.921
Cameroon,2009,CMR,19113978.0,48395507236.0,18.833,0.985,8.555,0.448,111.362,5.826,25.567,1337.605,0.528,19.701,81.11,16.387,49.529,50.471
Tajikistan,2009,TJK,7490232.0,20969201626.0,5.169,0.69,2.445,0.326,9.019,1.204,26.228,3501.677,1.251,34.005,52.89,18.552,73.471,26.529
Kenya,2009,KEN,40408887.0,97792492598.0,39.141,0.969,12.185,0.302,88.693,2.195,56.497,1398.126,0.578,47.987,106.27,16.255,68.14,31.86
Norway,2009,NOR,4828625.0,370113292846.0,10.372,2.148,43.098,8.926,60.05,12.436,513.943,106436.703,1.389,2.777,97.92,1.236,20.943,79.057
Belgium,2009,BEL,10812936.0,399489943721.0,12.889,1.192,107.807,9.97,129.971,12.02,715.849,66203.031,1.792,44.954,87.24,0.719,15.297,84.703
Finland,2009,FIN,5338854.0,195739132370.0,8.129,1.523,55.921,10.474,90.827,17.012,341.288,63925.277,1.744,7.557,96.58,2.254,30.454,69.546
Slovakia,2009,SVK,5385074.0,112760232233.0,6.646,1.234,37.681,6.997,59.484,11.046,192.318,35713.121,1.706,40.133,131.29,1.909,45.274,54.726
Bosnia and Herzegovina,2009,BIH,3879798.0,35937393954.0,4.743,1.223,20.537,5.293,24.732,6.374,59.977,15458.73,1.669,41.562,111.59,7.077,54.575,45.425
Malaysia,2009,MYS,28124779.0,483081319364.0,30.141,1.072,192.123,6.831,393.082,13.976,905.238,32186.479,1.874,21.975,71.94,9.219,29.754,70.246
Cuba,2009,CUB,11294719.0,70355905283.0,14.42,1.277,28.261,2.502,41.802,3.701,117.09,10366.752,1.664,61.197,91.62,3.93,23.507,76.493
North Macedonia,2009,MKD,2060601.0,21758909955.0,1.846,0.896,8.248,4.002,12.593,6.111,31.139,15111.765,1.431,40.167,99.97,10.37,41.972,58.028
Croatia,2009,HRV,4310537.0,81451695571.0,4.194,0.973,21.752,5.046,22.716,5.27,106.489,24704.299,1.307,23.222,87.62,3.986,44.69,55.31
United States,2009,USA,308023452.0,14864003344421.0,772.483,2.508,5486.104,17.811,6577.918,21.355,25110.527,81521.477,1.689,45.576,96.14,0.96,19.315,80.685
India,2009,IND,1225524764.0,4993478894185.0,762.322,0.622,1613.328,1.316,2738.05,2.234,5988.39,4886.388,1.199,60.564,70.89,16.744,69.481,30.519
Oman,2009,OMN,2684665.0,127016653137.0,23.588,8.786,44.504,16.577,68.922,25.672,199.422,74281.891,1.57,4.699,72.09,1.288,25.466,74.534
Tanzania,2009,TZA,43633975.0,85446168824.0,41.23,0.945,5.807,0.133,173.926,3.986,28.352,649.775,0.332,41.981,69.62,26.035,72.502,27.498
Australia,2009,AUS,21783014.0,963129933389.0,151.71,6.965,406.977,18.683,709.313,32.563,1509.545,69299.156,1.567,50.018,86.85,2.314,13.872,86.128
Russia,2009,RUS,143869128.0,2903690263125.0,352.496,2.45,1545.236,10.741,2249.519,15.636,7522.19,52284.949,2.591,13.158,87.73,4.084,26.471,73.529
Cote d'Ivoire,2009,CIV,21997936.0,55907844337.0,9.739,0.443,5.66,0.257,52.497,2.386,33.49,1522.432,0.599,65.698,84.72,15.25,53.202,46.798
Kazakhstan,2009,KAZ,16619851.0,309012285175.0,47.857,2.879,223.189,13.429,294.949,17.747,569.006,34236.527,1.841,78.077,92.08,6.147,45.883,54.117
Indonesia,2009,IDN,243220024.0,1905717479305.0,242.077,0.995,398.624,1.639,1855.115,7.627,1607.271,6608.3,0.843,26.573,74.32,15.29,50.832,49.168
Pakistan,2009,PAK,194376535.0,774880575078.0,149.245,0.768,148.355,0.763,344.851,1.774,745.362,3834.629,0.962,45.762,78.73,21.787,65.372,34.628
Canada,2009,CAN,33826370.0,1360538049277.0,118.125,3.492,541.13,15.997,798.718,23.612,3720.504,109988.281,2.735,6.565,101.04,1.55,19.141,80.859
Costa Rica,2009,CRI,4499788.0,51990443852.0,4.179,0.929,7.693,1.71,19.719,4.382,37.487,8330.891,0.721,35.566,94.68,7.05,29.86,70.14
Mauritius,2009,MUS,1278976.0,20448211941.0,0.549,0.429,3.708,2.899,4.498,3.517,19.326,15110.805,0.945,44.828,93.2,3.824,59.545,40.455
France,2009,FRA,63106460.0,2295352990111.0,79.836,1.265,371.404,5.885,433.117,6.863,2908.91,46095.289,1.267,53.845,97.83,1.232,22.899,77.101
Slovenia,2009,SVN,2035610.0,53266134006.0,3.645,1.791,16.209,7.963,24.04,11.81,86.411,42449.91,1.622,31.03,108.34,1.761,49.756,50.244
Georgia,2009,GEO,3918935.0,39112877651.0,3.109,0.793,6.171,1.575,4.232,1.08,38.983,9947.294,0.997,35.948,94.45,8.101,45.297,54.703
Jordan,2009,JOR,7141763.0,76172493182.0,3.535,0.495,21.545,3.017,26.535,3.715,85.63,11990.046,1.124,11.545,86.26,3.237,18.888,81.112
Thailand,2009,THA,68121077.0,812859746470.0,101.885,1.496,228.836,3.359,435.926,6.399,1108.913,16278.564,1.364,44.493,84.14,9.787,57.001,42.999
Panama,2009,PAN,3564383.0,48772972500.0,3.896,1.093,8.051,2.259,33.209,9.317,73.326,20571.918,1.503,30.019,80.87,3.783,35.027,64.973
Congo,2009,COG,4281218.0,22298715246.0,15.479,3.616,4.944,1.155,41.197,9.623,13.917,3250.688,0.624,30.932,82.18,5.28,37.783,62.217
Romania,2009,ROU,20576922.0,326954238767.0,22.269,1.082,87.806,4.267,130.857,6.359,392.122,19056.42,1.199,59.206,110.48,6.116,46.212,53.788
Iran,2009,IRN,76457831.0,1208128386676.0,147.998,1.936,543.406,7.107,705.623,9.229,2379.29,31118.98,1.969,28.664,91.06,6.924,30.01,69.99
Argentina,2009,ARG,40854832.0,705920838368.0,114.282,2.797,178.378,4.366,540.889,13.239,852.154,20858.098,1.207,45.43,104.09,5.274,9.179,90.821
Central African Republic,2009,CAF,4529051.0,4261637773.0,10.697,2.362,0.154,0.034,29.027,6.409,0.938,207.184,0.22,7.938,86.64,38.334,61.523,38.477
Comoros,2009,COM,641949.0,1004144820.0,0.328,0.511,0.136,0.211,0.537,0.837,0.584,909.78,0.582,71.467,99.86,30.033,71.378,28.622
Iraq,2009,IRQ,30058207.0,259745648872.0,83.987,2.794,105.211,3.5,195.631,6.508,339.481,11294.105,1.307,18.065,99.64,5.23,31.026,68.974
Gambia,2009,GMB,1871428.0,2899496318.0,1.5,0.801,0.374,0.2,4.602,2.459,1.836,980.968,0.633,61.462,97.2,31.734,44.662,55.338
Bolivia,2009,BOL,10016279.0,49290119749.0,21.258,2.122,13.633,1.361,128.916,12.871,62.141,6203.996,1.261,34.653,79.53,11.152,34.022,65.978
South Africa,2009,ZAF,51728518.0,574768021657.0,84.236,1.628,474.512,9.173,587.168,11.351,1453.214,28093.094,2.528,79.951,80.86,2.399,37.741,62.259
Mali,2009,MLI,15435536.0,19186286887.0,18.015,1.167,1.887,0.122,44.398,2.876,9.295,602.175,0.484,33.647,131.77,25.184,77.344,22.656
Colombia,2009,COL,44271543.0,471326580093.0,81.006,1.83,71.771,1.621,186.836,4.22,403.782,9120.582,0.857,38.342,85.89,6.69,23.404,76.596
Cape Verde,2009,CPV,506148.0,2969179680.0,0.135,0.266,0.524,1.035,0.756,1.495,3.172,6267.305,1.068,19.355,104.87,6.026,39.094,60.906
Paraguay,2009,PRY,5671243.0,40509009629.0,21.462,3.784,4.525,0.798,83.524,14.728,27.355,4823.377,0.675,46.893,70.86,9.948,40.633,59.367
Vietnam,2009,VNM,86460023.0,389670892896.0,94.019,1.087,124.493,1.44,388.597,4.495,467.725,5409.73,1.2,32.907,82.16,19.168,70.242,29.758
Japan,2009,JPN,128192471.0,4298103109270.0,35.8,0.279,1160.253,9.051,1193.447,9.31,5622.332,43858.52,1.308,13.648,93.49,1.082,9.887,90.113
Qatar,2009,QAT,1586052.0,186164264424.0,21.531,13.575,65.305,41.175,87.298,55.041,288.362,181811.375,1.549,5.805,67.22,0.123,1.651,98.349
China,2009,CHN,1342522717.0,11572544299171.0,1197.731,0.892,7881.491,5.871,9644.707,7.184,27158.898,20229.75,2.347,56.264,90.25,9.473,51.658,48.342
Ireland,2009,IRL,4533750.0,215181048184.0,17.854,3.938,42.177,9.303,76.519,16.878,176.612,38954.852,0.821,66.685,85.26,0.558,38.358,61.642
United Kingdom,2009,GBR,62506222.0,2151479208521.0,58.192,0.931,494.108,7.905,595.137,9.521,2422.812,38761.125,1.126,71.612,90.51,0.681,19.131,80.869
Peru,2009,PER,28896819.0,212830474173.0,28.54,0.988,39.424,1.364,131.065,4.536,198.44,6867.194,0.932,18.57,77.82,7.404,23.178,76.822
Jamaica,2009,JAM,2737001.0,19223460566.0,0.823,0.301,7.937,2.9,11.236,4.105,35.616,13012.702,1.853,41.182,92.86,5.472,46.438,53.562
Mauritania,2009,MRT,3284454.0,8935093258.0,7.059,2.149,2.012,0.613,12.965,3.947,8.727,2656.944,0.977,38.527,83.01,19.178,55.241,44.759
Gabon,2009,GAB,1661567.0,21001791917.0,14.218,8.557,5.304,3.192,31.176,18.763,11.788,7094.377,0.561,8.199,90.56,5.044,14.257,85.743
Malta,2009,MLT,420800.0,9450779381.0,0.225,0.534,2.561,6.086,2.846,6.764,25.448,60474.445,2.693,29.062,116.44,1.33,5.858,94.142
Angola,2009,AGO,22414775.0,115247846475.0,49.446,2.206,20.668,0.922,209.619,9.352,70.332,3137.766,0.61,35.799,80.37,10.366,40.622,59.378
Turkey,2009,TUR,72464846.0,1122756788420.0,59.277,0.818,318.568,4.396,400.912,5.533,1192.739,16459.547,1.062,50.558,70.37,8.02,32.16,67.84
Portugal,2009,PRT,10576265.0,261270596745.0,10.419,0.985,57.147,5.403,66.818,6.318,288.234,27252.889,1.103,40.349,103.17,1.951,39.193,60.807
Italy,2009,ITA,59904016.0,2029023036275.0,53.466,0.893,424.032,7.079,479.793,8.009,1994.81,33300.102,0.983,47.283,110.84,1.802,31.951,68.049
Philippines,2009,PHL,94384256.0,521163648845.0,70.604,0.748,75.581,0.801,221.583,2.348,331.402,3511.202,0.636,40.581,86.97,14.54,55.664,44.336
Israel,2009,ISR,7206096.0,199771084186.0,6.374,0.885,63.861,8.862,72.303,10.034,254.956,35380.598,1.276,24.15,83.5,2.141,8.268,91.732
Togo,2009,TGO,6130944.0,7467517725.0,4.004,0.653,2.536,0.414,9.901,1.615,11.937,1947.019,1.599,67.2,117.93,21.348,62.88,37.12
Israel,2010,ISR,7336735.0,210327630432.0,6.565,0.895,68.287,9.308,77.147,10.515,265.059,36127.625,1.26,23.313,86.27,1.83,8.268,91.732
Zimbabwe,2010,ZWE,13356551.0,17918418386.0,12.248,0.917,8.754,0.655,47.784,3.578,35.439,2653.333,1.978,41.713,105.58,9.61,67.272,32.728
Albania,2010,ALB,2928731.0,26747818608.0,2.956,1.009,4.817,1.645,9.359,3.196,22.207,7582.633,0.83,43.843,89.69,16.359,48.118,51.882
Chad,2010,TCD,12312580.0,19869964230.0,36.682,2.979,1.236,0.1,77.11,6.263,1.557,126.467,0.078,39.1,75.78,33.251,78.153,21.847
Afghanistan,2010,AFG,28284088.0,47399425562.0,14.88,0.526,8.365,0.296,29.565,1.045,32.244,1139.987,0.68,58.134,98.06,26.21,77.739,22.261
Algeria,2010,DZA,36188237.0,450705801593.0,59.699,1.65,117.847,3.257,184.522,5.099,438.995,12130.873,0.974,17.371,79.63,7.532,32.876,67.124
Italy,2010,ITA,60164212.0,2080545936781.0,53.357,0.887,435.672,7.241,484.362,8.051,2062.27,34277.355,0.991,48.451,109.48,1.769,31.784,68.216
Portugal,2010,PRT,10578659.0,267277408809.0,10.225,0.967,52.89,5.0,63.143,5.969,304.105,28746.99,1.138,39.897,101.9,1.94,38.921,61.079
Turkey,2010,TUR,73346766.0,1240496805446.0,64.569,0.88,318.71,4.345,397.616,5.421,1253.167,17085.506,1.01,50.689,73.38,8.907,30.653,69.347
Qatar,2010,QAT,1709238.0,238648100494.0,19.919,11.654,73.651,43.09,94.091,55.049,335.396,196225.344,1.405,5.866,61.24,0.119,1.493,98.507
Gabon,2010,GAB,1719883.0,23885406357.0,14.236,8.277,5.528,3.214,28.806,16.749,14.095,8195.28,0.59,8.218,92.36,3.914,13.815,86.185
Mauritania,2010,MRT,3390968.0,9559709837.0,7.361,2.171,2.094,0.617,13.247,3.907,8.657,2552.857,0.906,38.527,87.81,16.733,54.046,45.954
Angola,2010,AGO,23294822.0,126984175354.0,55.308,2.374,22.983,0.987,226.011,9.702,76.381,3278.897,0.602,35.975,84.72,10.091,39.869,60.131
Jamaica,2010,JAM,2748573.0,18949004011.0,0.799,0.291,7.677,2.793,10.43,3.795,32.725,11906.095,1.727,38.901,90.01,5.269,46.246,53.754
United Kingdom,2010,GBR,63006482.0,2190919919855.0,53.283,0.846,511.905,8.125,608.752,9.662,2475.146,39283.996,1.13,71.194,94.08,0.566,19.005,80.995
Ireland,2010,IRL,4559084.0,221852442105.0,17.369,3.81,41.791,9.167,73.671,16.159,178.3,39108.832,0.804,66.309,88.91,0.955,38.109,61.891
Japan,2010,JPN,128185273.0,4480295644398.0,35.999,0.281,1211.09,9.448,1245.828,9.719,5983.169,46675.945,1.335,13.588,92.75,1.108,9.377,90.623
Peru,2010,PER,29086021.0,230353256282.0,29.031,0.998,42.505,1.461,131.759,4.53,225.286,7745.521,0.978,18.644,81.05,6.828,22.598,77.402
Paraguay,2010,PRY,5737973.0,45961696292.0,22.588,3.937,5.011,0.873,83.436,14.541,30.518,5318.618,0.664,47.447,76.73,13.014,40.488,59.512
Cape Verde,2010,CPV,509793.0,3071163589.0,0.138,0.27,0.557,1.092,0.829,1.625,3.403,6674.801,1.108,19.355,100.26,5.829,38.203,61.797
China,2010,CHN,1351561505.0,12858808500983.0,1241.241,0.918,8610.048,6.37,10308.954,7.627,29055.609,21497.809,2.26,56.183,92.48,9.166,50.766,49.234
Gambia,2010,GMB,1926634.0,3111135545.0,1.594,0.827,0.432,0.224,3.739,1.941,2.003,1039.405,0.644,63.636,95.43,35.193,43.989,56.011
Iraq,2010,IRQ,31045367.0,297507194079.0,92.385,2.976,113.983,3.672,217.205,6.996,392.266,12635.254,1.319,18.923,108.19,5.162,30.942,69.058
Comoros,2010,COM,654846.0,1011389038.0,0.328,0.5,0.161,0.246,0.568,0.868,0.695,1061.946,0.688,71.467,101.76,30.416,71.146,28.854
Vietnam,2010,VNM,87455148.0,413666257649.0,94.408,1.08,139.564,1.596,360.474,4.122,540.225,6177.169,1.306,34.345,83.51,15.375,69.75,30.25
Argentina,2010,ARG,41288694.0,785785170150.0,105.478,2.555,186.121,4.508,479.33,11.609,882.268,21368.264,1.123,46.139,91.9,7.132,9.007,90.993
Iran,2010,IRN,77420851.0,1310507059384.0,153.207,1.979,561.496,7.253,728.128,9.405,2458.393,31753.627,1.876,28.574,93.76,6.499,29.391,70.609
Romania,2010,ROU,20432575.0,335489566640.0,22.163,1.085,84.488,4.135,117.485,5.75,396.424,19401.561,1.182,61.534,103.01,5.177,46.096,53.904
Colombia,2010,COL,44777325.0,489870174161.0,83.629,1.868,75.431,1.685,183.138,4.09,424.601,9482.501,0.867,38.308,85.57,6.325,23.277,76.723
Panama,2010,PAN,3628537.0,51741885375.0,3.949,1.088,9.06,2.497,25.157,6.933,83.608,23041.707,1.616,30.487,84.66,3.636,34.907,65.093
Thailand,2010,THA,68579443.0,870109340511.0,107.371,1.566,241.019,3.514,459.048,6.694,1179.445,17198.229,1.356,44.675,87.86,10.522,55.998,44.002
Central African Republic,2010,CAF,4493003.0,4410453712.0,11.847,2.637,0.169,0.038,29.827,6.638,0.962,214.196,0.218,7.897,90.53,37.364,61.376,38.624
Canada,2010,CAN,34196900.0,1406355361431.0,118.916,3.477,554.307,16.209,796.322,23.286,3760.554,109967.695,2.674,6.5,100.3,1.493,18.988,81.012
Congo,2010,COG,4462304.0,24809062977.0,17.022,3.815,5.5,1.233,47.14,10.564,19.089,4277.887,0.769,30.968,89.8,4.039,37.608,62.392
Pakistan,2010,PAK,199239048.0,805491514683.0,149.038,0.748,147.504,0.74,355.834,1.786,749.47,3761.661,0.93,45.717,83.71,22.689,65.184,34.816
Indonesia,2010,IDN,246305327.0,2039334560589.0,247.332,1.004,445.37,1.808,1649.02,6.695,1739.49,7062.331,0.853,26.568,79.39,13.929,50.148,49.852
Cote d'Ivoire,2010,CIV,22488068.0,58369987439.0,10.131,0.451,6.225,0.277,58.626,2.607,35.272,1568.466,0.604,65.736,87.8,17.489,52.763,47.237
Jordan,2010,JOR,7297046.0,77493873619.0,3.693,0.506,20.838,2.856,26.155,3.584,89.129,12214.337,1.15,11.29,92.86,3.575,17.74,82.26
Mali,2010,MLI,15945201.0,20054729287.0,19.019,1.193,2.088,0.131,45.291,2.84,9.577,600.647,0.478,33.663,105.68,25.986,76.864,23.136
South Africa,2010,ZAF,52344047.0,607601612432.0,84.606,1.616,467.353,8.928,574.415,10.974,1463.989,27968.58,2.409,79.871,86.92,2.108,37.37,62.63
Bolivia,2010,BOL,10182345.0,51541502268.0,23.1,2.269,14.809,1.454,131.919,12.956,63.442,6230.567,1.231,34.772,83.52,10.39,33.592,66.408
Slovenia,2010,SVN,2044611.0,53649775101.0,3.489,1.706,16.466,8.053,24.797,12.128,86.567,42338.941,1.614,30.967,106.25,1.819,49.881,50.119
Australia,2010,AUS,22141583.0,993853968687.0,141.697,6.4,405.026,18.293,908.156,41.016,1508.838,68144.984,1.518,48.992,85.88,2.218,13.78,86.22
Tanzania,2010,TZA,44758491.0,93371216148.0,43.438,0.971,7.194,0.161,195.732,4.373,33.217,742.13,0.356,42.221,77.77,25.582,71.803,28.197
Kazakhstan,2010,KAZ,16836808.0,333341740713.0,52.067,3.092,248.093,14.735,352.54,20.939,611.195,36301.137,1.834,80.439,95.36,4.511,45.795,54.205
Costa Rica,2010,CRI,4555965.0,54669051273.0,4.279,0.939,7.461,1.638,18.184,3.991,38.259,8397.651,0.7,35.625,97.5,6.485,28.492,71.508
Oman,2010,OMN,2757450.0,135198273857.0,23.428,8.496,51.429,18.651,75.773,27.479,237.083,85979.016,1.754,4.663,87.47,1.247,24.842,75.158
India,2010,IND,1243481565.0,5361371354007.0,769.342,0.619,1678.53,1.35,2848.131,2.29,6247.89,5024.514,1.165,60.397,78.77,17.027,69.096,30.904
United States,2010,USA,311062785.0,15239586726210.0,756.187,2.431,5669.25,18.225,6823.523,21.936,25953.547,83435.078,1.703,45.797,96.27,1.029,19.3,80.7
Kenya,2010,KEN,41598570.0,108082167772.0,39.565,0.951,11.857,0.285,100.902,2.426,60.196,1447.064,0.557,48.12,106.04,17.568,68.129,31.871
Norway,2010,NOR,4889160.0,383760934305.0,10.092,2.064,45.659,9.339,62.985,12.883,497.932,101844.125,1.298,2.754,98.91,1.525,20.755,79.245
North Macedonia,2010,MKD,2051510.0,22583127369.0,1.89,0.921,8.182,3.988,11.147,5.434,33.899,16523.738,1.501,44.37,102.89,10.121,41.879,58.121
Cuba,2010,CUB,11297414.0,74083580619.0,13.834,1.225,33.042,2.925,45.839,4.057,133.169,11787.549,1.798,60.703,91.09,3.614,23.39,76.61
Russia,2010,RUS,143934468.0,3105249267337.0,367.537,2.554,1633.147,11.346,2466.123,17.134,7814.236,54290.234,2.516,13.158,89.46,3.344,26.33,73.67
Bosnia and Herzegovina,2010,BIH,3811480.0,35774435069.0,4.716,1.237,21.146,5.548,24.933,6.542,61.732,16196.391,1.726,41.875,108.9,6.797,54.261,45.739
France,2010,FRA,63417366.0,2342490492199.0,79.801,1.258,377.079,5.946,442.929,6.984,3001.231,47325.062,1.281,53.672,99.43,1.501,22.904,77.096
Mauritius,2010,MUS,1282710.0,20850923367.0,0.554,0.432,3.913,3.051,4.65,3.625,20.876,16275.126,1.001,44.828,99.38,3.591,59.695,40.305
Slovakia,2010,SVK,5391857.0,118344324253.0,6.426,1.192,38.464,7.134,62.615,11.613,205.5,38113.008,1.736,40.438,126.29,1.499,45.435,54.565
Tajikistan,2010,TJK,7652144.0,22275913223.0,5.26,0.687,2.535,0.331,8.479,1.108,27.175,3551.285,1.22,27.209,55.99,19.587,73.473,26.527
Cameroon,2010,CMR,19668063.0,50826589427.0,18.237,0.927,8.383,0.426,83.895,4.266,29.819,1516.104,0.587,20.52,77.68,17.27,49.149,50.851
Croatia,2010,HRV,4301150.0,81303793822.0,4.002,0.931,20.978,4.877,21.442,4.985,108.264,25170.996,1.332,23.833,90.12,3.644,44.718,55.282
Zambia,2010,ZMB,13965592.0,43221855090.0,16.713,1.197,3.121,0.223,116.827,8.365,18.886,1352.324,0.437,31.526,89.54,9.421,60.044,39.956
Kuwait,2010,KWT,2943374.0,176036955078.0,32.75,11.127,89.721,30.482,123.428,41.934,405.019,137603.578,2.301,8.53,55.44,0.452,0.0,100.0
Iceland,2010,ISL,318163.0,11531450215.0,0.637,2.001,3.627,11.399,5.623,17.673,56.386,177223.719,4.89,18.693,88.96,6.225,6.541,93.459
Hungary,2010,HUN,9979128.0,200496589291.0,9.824,0.984,51.993,5.21,61.944,6.207,277.827,27840.814,1.386,59.019,89.46,3.007,30.469,69.531
Rwanda,2010,RWA,10317560.0,13742192522.0,3.984,0.386,0.581,0.056,8.473,0.821,3.147,305.011,0.229,77.908,84.3,24.314,83.074,16.926
Kyrgyzstan,2010,KGZ,5491763.0,21037148123.0,4.919,0.896,6.356,1.157,15.009,2.733,38.978,7097.546,1.853,55.328,87.91,17.448,64.732,35.268
Saint Lucia,2010,LCA,170921.0,1619438310.0,0.056,0.325,0.484,2.83,0.503,2.94,1.797,10513.959,1.11,16.295,103.46,2.691,81.487,18.513
Finland,2010,FIN,5363347.0,201746033638.0,8.585,1.601,64.092,11.95,101.27,18.882,371.291,69227.406,1.84,7.542,96.48,2.367,30.214,69.786
Georgia,2010,GEO,3895932.0,41359835742.0,3.135,0.805,6.29,1.614,4.569,1.173,39.505,10140.076,0.955,35.401,99.01,8.866,44.803,55.197
Ethiopia,2010,ETH,90538518.0,94148625646.0,88.467,0.977,6.344,0.07,290.404,3.208,32.676,360.906,0.347,31.618,107.54,41.447,82.506,17.494
Nigeria,2010,NGA,166642888.0,809999411809.0,222.123,1.333,112.05,0.672,371.411,2.229,240.845,1445.278,0.297,73.442,98.36,23.894,48.322,51.678
Syria,2010,SYR,22482417.0,143781004115.0,19.204,0.854,62.057,2.76,86.595,3.852,295.738,13154.189,2.057,75.739,109.58,19.439,44.304,55.696
Hong Kong,2010,HKG,7101614.0,302377330309.0,4.485,0.631,40.063,5.641,45.111,6.352,321.176,45225.73,1.062,5.238,102.09,0.053,0.0,100.0
Niger,2010,NER,16548833.0,12694118605.0,16.036,0.969,1.16,0.07,38.973,2.355,6.891,416.404,0.543,34.722,89.92,35.821,83.758,16.242
Czechia,2010,CZE,10464035.0,271231988282.0,13.68,1.307,117.464,11.226,135.664,12.965,513.649,49087.086,1.894,45.629,99.55,1.523,26.65,73.35
Venezuela,2010,VEN,28813101.0,477591738082.0,68.193,2.367,189.582,6.58,297.662,10.331,957.009,33214.375,2.004,24.375,107.29,5.375,11.197,88.803
Turkmenistan,2010,TKM,5564356.0,71115148352.0,19.657,3.533,59.184,10.636,88.306,15.87,246.765,44347.527,3.47,72.351,93.28,11.341,53.083,46.917
Laos,2010,LAO,6334198.0,26198017296.0,8.436,1.332,3.001,0.474,69.682,11.001,13.686,2160.704,0.522,9.504,103.94,22.596,69.353,30.647
United Arab Emirates,2010,ARE,6938372.0,490048925162.0,27.314,3.937,185.848,26.786,215.163,31.011,972.492,140161.359,1.984,5.524,78.12,0.732,16.629,83.371
Cyprus,2010,CYP,1127826.0,27285556934.0,0.924,0.819,8.072,7.157,8.495,7.532,34.056,30196.178,1.248,12.392,105.43,2.058,32.477,67.523
Sao Tome and Principe,2010,STP,181810.0,544428757.0,0.059,0.327,0.106,0.584,0.261,1.436,0.554,3044.893,1.017,34.375,104.8,11.632,33.943,66.057
Burundi,2010,BDI,9376448.0,6558969212.0,2.931,0.313,0.333,0.036,6.702,0.715,1.563,166.689,0.238,71.379,71.04,38.431,89.016,10.984
Cambodia,2010,KHM,14500730.0,34365990229.0,21.628,1.492,5.067,0.349,62.385,4.302,22.831,1574.498,0.664,30.486,98.71,27.874,78.877,21.123
Austria,2010,AUT,8365087.0,338832243101.0,9.876,1.181,72.0,8.607,85.611,10.234,421.558,50394.973,1.244,33.679,97.13,1.293,32.895,67.105
Latvia,2010,LVA,2097834.0,35881177042.0,2.253,1.074,8.555,4.078,13.132,6.26,49.96,23815.148,1.392,29.007,88.93,4.116,32.173,67.827
Nicaragua,2010,NIC,5737451.0,21950676457.0,8.096,1.411,4.453,0.776,43.823,7.638,19.882,3465.223,0.906,41.964,85.28,16.983,43.158,56.842
Mexico,2010,MEX,113623898.0,1638271507559.0,136.679,1.203,456.409,4.017,670.53,5.901,2125.454,18706.043,1.297,52.371,92.4,3.092,23.476,76.524
Germany,2010,DEU,80830916.0,3301123203586.0,76.001,0.94,826.705,10.228,944.315,11.683,3847.151,47595.047,1.165,47.91,96.52,0.776,19.694,80.306
Malaysia,2010,MYS,28655772.0,525056610488.0,27.488,0.959,199.346,6.957,386.12,13.474,935.187,32635.191,1.781,22.491,79.26,10.09,29.137,70.863
Belgium,2010,BEL,10936619.0,411261674695.0,12.768,1.167,114.563,10.475,137.439,12.567,764.788,69929.078,1.86,44.694,92.89,0.848,15.028,84.972
South Korea,2010,KOR,48769329.0,1562822824921.0,27.436,0.563,594.339,12.187,627.616,12.869,3056.228,62667.0,1.956,18.241,85.5,2.044,18.031,81.969
Honduras,2010,HND,8365881.0,34409603132.0,7.561,0.904,8.107,0.969,32.036,3.829,32.703,3909.123,0.95,29.207,90.99,11.591,48.673,51.327
Trinidad and Tobago,2010,TTO,1386657.0,41285434067.0,6.502,4.689,47.092,33.961,54.562,39.348,233.521,168405.953,5.656,10.526,116.01,0.52,45.91,54.09
Democratic Republic of Congo,2010,COD,68563038.0,46223524668.0,32.206,0.47,2.735,0.04,808.961,11.799,16.328,238.144,0.353,12.54,95.85,28.856,60.609,39.391
New Zealand,2010,NZL,4347766.0,139478805582.0,37.589,8.646,34.787,8.001,86.615,19.922,235.133,54081.445,1.686,43.325,86.71,6.571,14.139,85.861
Netherlands,2010,NLD,16771232.0,728193221597.0,23.254,1.387,182.479,10.88,222.691,13.278,1170.651,69801.117,1.608,55.508,86.65,1.788,12.65,87.35
Azerbaijan,2010,AZE,9146852.0,144296577620.0,12.386,1.354,27.549,3.012,44.614,4.878,128.439,14041.92,0.89,57.67,86.19,5.545,46.715,53.285
Burkina Faso,2010,BFA,16176503.0,20688336651.0,17.744,1.097,1.985,0.123,51.298,3.171,8.094,500.353,0.391,46.021,101.07,24.143,75.885,24.115
Saudi Arabia,2010,SAU,25157134.0,1156842077931.0,87.389,3.474,555.64,22.087,648.605,25.782,2451.107,97431.875,2.119,80.821,93.34,2.619,17.921,82.079
Belarus,2010,BLR,9490752.0,166239903113.0,17.564,1.851,62.515,6.587,102.54,10.804,306.201,32263.109,1.842,43.854,92.13,8.892,25.45,74.55
Moldova,2010,MDA,3631990.0,17299250407.0,2.122,0.584,4.831,1.33,6.725,1.852,31.974,8803.365,1.848,75.038,103.67,11.161,60.72,39.28
Switzerland,2010,CHE,7825750.0,451139715920.0,5.526,0.706,45.034,5.755,52.932,6.764,359.477,45935.188,0.797,38.833,99.96,0.663,26.391,73.609
Haiti,2010,HTI,9803299.0,14869726114.0,8.22,0.839,2.129,0.217,24.496,2.499,8.751,892.687,0.589,71.988,97.2,20.233,53.932,46.068
Senegal,2010,SEN,12635418.0,29674469620.0,9.865,0.781,6.862,0.543,22.937,1.815,26.389,2088.487,0.889,48.19,75.46,15.945,56.363,43.637
Denmark,2010,DNK,5547865.0,238190225279.0,9.205,1.659,49.19,8.866,68.92,12.423,235.977,42534.68,0.991,65.65,101.0,1.188,13.135,86.865
Lebanon,2010,LBN,5041290.0,64006241939.0,2.669,0.53,19.997,3.967,23.485,4.658,77.646,15401.946,1.213,62.561,77.54,3.862,12.361,87.639
Lesotho,2010,LSO,1996256.0,4442653593.0,1.693,0.848,2.275,1.14,4.738,2.374,3.109,1557.578,0.7,76.614,91.44,4.862,72.6,27.4
Dominican Republic,2010,DOM,9820180.0,107260793439.0,9.931,1.011,20.445,2.082,33.504,3.412,85.384,8694.755,0.796,47.563,94.97,5.875,25.836,74.164
Bahrain,2010,BHR,1213248.0,39778047298.0,18.343,15.119,29.143,24.02,47.669,39.291,172.235,141961.703,4.33,11.614,24.39,0.286,0.0,100.0
Dominica,2010,DMA,68872.0,640098860.0,0.055,0.796,0.169,2.447,0.192,2.783,0.735,10666.588,1.148,33.333,101.98,12.167,32.002,67.998
Serbia,2010,SRB,7395872.0,88047936265.0,7.654,1.035,45.694,6.178,42.878,5.798,178.854,24182.895,2.031,40.265,102.18,6.117,40.649,59.351
Nepal,2010,NPL,27341955.0,57388251486.0,25.525,0.934,4.828,0.177,50.959,1.864,17.684,646.762,0.308,28.783,83.59,33.179,37.984,62.016
Ecuador,2010,ECU,15076697.0,137913290159.0,24.398,1.618,36.469,2.419,81.584,5.411,155.194,10293.648,1.125,30.189,92.16,8.33,37.259,62.741
Sweden,2010,SWE,9378234.0,399838964466.0,8.888,0.948,53.029,5.654,75.368,8.036,621.735,66295.578,1.555,7.546,98.86,1.362,14.867,85.133
Liberia,2010,LBR,4058897.0,3260614939.0,2.101,0.518,0.709,0.175,27.68,6.82,3.368,829.713,1.033,17.307,90.66,35.919,51.859,48.141
Seychelles,2010,SYC,94993.0,1772951640.0,0.057,0.6,0.44,4.629,0.518,5.45,4.193,44144.305,2.365,5.217,112.88,2.235,57.34,42.66
Uruguay,2010,URY,3318581.0,54642867455.0,23.433,7.061,6.322,1.905,57.668,17.377,45.053,13576.062,0.825,82.465,93.05,7.202,5.667,94.333
Ukraine,2010,UKR,46455997.0,439429783004.0,73.169,1.575,294.366,6.336,397.561,8.558,1426.915,30715.402,3.247,71.234,99.88,7.402,31.363,68.637
Eswatini,2010,SWZ,1111651.0,7332277029.0,1.258,1.131,0.997,0.897,1.718,1.545,6.202,5578.974,0.846,70.991,99.67,8.31,77.667,22.333
Mongolia,2010,MNG,2701739.0,21791068014.0,19.991,7.399,13.772,5.098,45.14,16.708,33.081,12244.189,1.518,73.339,60.99,11.733,32.17,67.83
Guinea-Bissau,2010,GNB,1566352.0,2015432308.0,1.852,1.182,0.103,0.065,5.482,3.5,1.422,907.742,0.705,26.585,94.99,37.953,59.99,40.01
Libya,2010,LBY,6497837.0,187528533215.0,38.801,5.971,59.148,9.103,99.018,15.239,263.611,40569.051,1.406,8.724,127.86,1.8,11.882,88.118
Namibia,2010,NAM,2109815.0,17398594185.0,6.077,2.88,2.788,1.322,16.687,7.909,16.248,7701.005,0.934,47.139,104.38,8.455,58.205,41.795
Egypt,2010,EGY,89196073.0,898751418203.0,50.266,0.564,202.704,2.273,276.046,3.095,895.112,10035.327,0.996,3.688,96.42,13.341,57.094,42.906
Bulgaria,2010,BGR,7437594.0,109045208364.0,10.004,1.345,47.816,6.429,57.977,7.795,211.471,28432.732,1.939,46.536,108.91,4.033,28.485,71.515
Myanmar,2010,MMR,49024376.0,189724140707.0,70.542,1.439,13.125,0.268,243.075,4.958,60.237,1228.715,0.317,19.175,67.17,36.853,70.858,29.142
Bangladesh,2010,BGD,152201978.0,400087800634.0,84.043,0.552,54.036,0.355,164.582,1.081,251.074,1649.613,0.628,70.992,60.74,17.001,72.275,27.725
Tunisia,2010,TUN,10765984.0,112484995734.0,9.606,0.892,27.9,2.591,44.127,4.099,88.449,8215.607,0.786,64.611,83.91,6.846,33.372,66.628
Guinea,2010,GIN,10396090.0,12362234837.0,14.894,1.433,2.459,0.236,73.723,7.091,11.451,1101.519,0.926,61.289,78.83,17.485,66.192,33.808
Guatemala,2010,GTM,14500118.0,96390296358.0,13.397,0.924,10.817,0.746,54.302,3.745,52.576,3625.881,0.545,40.287,67.12,11.234,48.673,51.327
Lithuania,2010,LTU,3097721.0,56073777524.0,4.404,1.422,13.802,4.455,24.418,7.883,66.198,21369.939,1.181,44.233,97.1,3.069,33.229,66.771
Malawi,2010,MWI,14826466.0,17495879385.0,4.974,0.335,0.972,0.066,19.337,1.304,6.237,420.676,0.356,58.178,49.48,24.632,84.522,15.478
El Salvador,2010,SLV,6068253.0,43862777197.0,3.55,0.585,6.287,1.036,9.277,1.529,30.49,5024.517,0.695,59.358,99.19,6.982,34.567,65.433
Mozambique,2010,MOZ,22999234.0,20039610112.0,13.634,0.593,2.638,0.115,77.111,3.353,23.722,1031.445,1.184,50.441,75.13,27.309,69.014,30.986
Uzbekistan,2010,UZB,28385509.0,195160171269.0,42.209,1.487,107.668,3.793,159.98,5.636,525.662,18518.672,2.693,58.726,69.94,26.922,48.668,51.332
Sri Lanka,2010,LKA,20879092.0,180642805306.0,10.512,0.503,12.697,0.608,53.197,2.548,69.616,3334.24,0.385,41.78,73.41,9.048,82.751,17.249
Morocco,2010,MAR,32467009.0,225643836837.0,23.14,0.713,54.365,1.674,85.549,2.635,194.956,6004.753,0.864,67.193,84.36,11.962,41.671,58.329
Luxembourg,2010,LUX,507418.0,27526699944.0,0.636,1.254,11.191,22.054,12.284,24.208,50.116,98766.18,1.821,50.9,87.04,0.268,11.512,88.488
Barbados,2010,BRB,275251.0,3418936167.0,0.171,0.62,1.567,5.692,1.771,6.436,7.37,26773.963,2.156,34.884,95.41,1.605,40.763,59.237
Brazil,2010,BRA,193701931.0,2820492538862.0,507.871,2.622,440.269,2.273,2422.236,12.505,3188.735,16462.07,1.131,27.738,90.64,4.116,15.656,84.344
Sierra Leone,2010,SLE,6222715.0,7455363914.0,4.368,0.702,0.546,0.088,38.766,6.23,2.721,437.283,0.365,54.452,92.48,30.543,61.358,38.642
Botswana,2010,BWA,2033110.0,24958864035.0,11.395,5.605,4.537,2.232,28.061,13.802,18.618,9157.634,0.746,45.632,131.71,2.091,36.505,63.495
Uganda,2010,UGA,32390801.0,59228535712.0,24.204,0.747,3.57,0.11,56.442,1.743,16.681,514.99,0.282,71.14,90.35,32.868,81.201,18.799
Equatorial Guinea,2010,GNQ,1189097.0,27366671882.0,9.095,7.648,6.377,5.363,16.117,13.554,30.762,25870.34,1.124,3.694,115.04,1.061,46.878,53.122
Greece,2010,GRC,11124666.0,290984350750.0,14.156,1.272,97.354,8.751,112.698,10.13,378.437,34017.863,1.301,58.099,110.16,2.914,23.637,76.363
Madagascar,2010,MDG,22183343.0,28122419419.0,22.444,1.012,1.872,0.084,70.353,3.171,8.888,400.652,0.316,70.322,96.9,29.078,72.135,27.865
Montenegro,2010,MNE,632088.0,9033097807.0,0.695,1.1,2.422,3.832,1.13,1.788,11.77,18621.549,1.303,38.067,74.87,5.467,35.693,64.307
Estonia,2010,EST,1331450.0,27586968284.0,2.637,1.981,18.965,14.244,22.514,16.91,73.147,54937.555,2.651,22.383,90.48,3.171,32.195,67.805
Ghana,2010,GHA,25475000.0,75296610301.0,11.051,0.434,8.943,0.351,45.466,1.785,41.9,1644.752,0.556,54.498,83.62,28.039,49.27,50.73
Singapore,2010,SGP,5077020.0,297586792174.0,3.663,0.721,44.4,8.745,49.569,9.763,792.033,156003.531,2.662,1.054,73.88,0.036,0.0,100.0
Yemen,2010,YEM,26754383.0,111622920604.0,21.031,0.786,25.818,0.965,51.442,1.923,99.733,3727.731,0.893,44.66,82.31,9.874,69.377,30.623
Spain,2010,ESP,46840469.0,1480376411582.0,47.536,1.015,282.585,6.033,330.881,7.064,1692.348,36130.031,1.143,55.089,91.57,2.417,21.486,78.514
Poland,2010,POL,38095356.0,795619859853.0,54.204,1.423,334.028,8.768,401.57,10.541,1157.25,30377.729,1.455,47.176,94.55,2.916,39.153,60.847
Chile,2010,CHL,17181463.0,321457401232.0,20.598,1.199,71.347,4.153,122.576,7.134,363.948,21182.576,1.132,19.795,96.35,3.478,13.044,86.956
Philippines,2010,PHL,96337127.0,565514808274.0,70.014,0.727,82.246,0.854,247.543,2.57,341.031,3539.975,0.603,40.581,88.99,13.749,54.479,45.521
Malta,2010,MLT,422654.0,9788869399.0,0.231,0.547,2.619,6.197,2.896,6.852,30.377,71871.523,3.103,32.281,112.38,1.272,5.759,94.241
Benin,2010,BEN,9797488.0,17023196060.0,5.296,0.541,4.679,0.478,27.193,2.776,21.54,2198.484,1.265,30.925,83.68,25.841,57.108,42.892
Togo,2010,TGO,6325791.0,7846071439.0,4.026,0.636,2.596,0.41,10.248,1.62,11.395,1801.382,1.452,67.384,104.43,21.078,62.445,37.555
Chad,2011,TCD,12755004.0,19903398034.0,38.4,3.011,1.277,0.1,89.415,7.01,2.229,174.731,0.112,39.18,79.58,27.156,78.044,21.956
Algeria,2011,DZA,36903374.0,482028679734.0,59.952,1.625,124.715,3.38,191.634,5.193,464.488,12586.607,0.964,17.377,86.81,7.084,32.266,67.734
Poland,2011,POL,38208644.0,843236863910.0,53.162,1.391,333.406,8.726,390.637,10.224,1162.666,30429.385,1.379,48.261,94.42,3.172,39.264,60.736
Togo,2011,TGO,6500577.0,8309244000.0,4.361,0.671,2.504,0.385,15.002,2.308,10.594,1629.724,1.275,67.384,105.71,19.865,62.013,37.987
Spain,2011,ESP,46998040.0,1477187548437.0,46.791,0.996,283.275,6.027,354.0,7.532,1661.356,35349.469,1.125,54.041,94.79,2.363,21.305,78.695
Yemen,2011,YEM,27582902.0,97623324312.0,18.75,0.68,22.625,0.82,46.38,1.681,83.797,3038.008,0.858,44.419,90.43,9.753,69.076,30.924
Ghana,2011,GHA,26095091.0,86160263888.0,13.453,0.516,10.329,0.396,49.33,1.89,55.035,2109.023,0.639,54.091,86.46,23.664,48.67,51.33
Qatar,2011,QAT,1810960.0,296148824653.0,22.116,12.212,81.809,45.175,104.464,57.684,393.154,217097.234,1.328,5.926,69.87,0.097,1.37,98.63
Angola,2011,AGO,24218358.0,140477268750.0,53.697,2.217,23.397,0.966,207.032,8.549,79.89,3298.733,0.569,36.349,86.97,9.556,39.157,60.843
Mauritania,2011,MRT,3502813.0,10187328000.0,7.454,2.128,2.227,0.636,13.55,3.868,9.311,2658.193,0.914,38.527,90.0,14.516,52.865,47.135
Gabon,2011,GAB,1781987.0,27165828850.0,14.175,7.955,5.447,3.057,29.263,16.422,14.597,8191.303,0.537,8.264,92.96,3.432,13.433,86.567
Turkey,2011,TUR,74215203.0,1364782716000.0,67.176,0.905,344.215,4.638,434.297,5.852,1337.026,18015.533,0.98,49.695,79.15,8.127,28.997,71.003
Portugal,2011,PRT,10557050.0,263425010810.0,10.236,0.97,51.784,4.905,62.824,5.951,289.831,27453.758,1.1,39.845,100.84,1.838,38.859,61.141
Chile,2011,CHL,17351810.0,338708860136.0,21.816,1.257,78.071,4.499,127.555,7.351,385.712,22228.908,1.139,19.391,99.13,3.626,12.989,87.011
Ireland,2011,IRL,4579603.0,224397469453.0,17.407,3.801,38.054,8.31,69.548,15.187,170.262,37178.258,0.759,66.12,89.98,1.205,37.913,62.087
United Kingdom,2011,GBR,63509285.0,2223011392593.0,51.071,0.804,469.713,7.396,565.547,8.905,2332.188,36722.008,1.049,70.946,95.13,0.704,18.864,81.136
Peru,2011,PER,29304083.0,244711917914.0,29.561,1.009,42.327,1.444,133.391,4.552,248.556,8481.961,1.016,18.718,86.41,7.1,21.988,78.012
Japan,2011,JPN,128096430.0,4468738319171.0,34.923,0.273,1261.181,9.846,1303.186,10.173,5669.594,44260.359,1.269,13.495,90.57,1.08,9.137,90.863
Estonia,2011,EST,1327366.0,29217295065.0,2.682,2.021,18.948,14.275,22.391,16.868,72.963,54968.051,2.497,22.317,93.09,3.666,32.122,67.878
Madagascar,2011,MDG,22822305.0,28843634595.0,22.119,0.969,2.33,0.102,67.487,2.957,10.163,445.294,0.352,70.291,97.65,29.05,71.866,28.134
Greece,2011,GRC,11108838.0,266793942822.0,13.899,1.251,94.505,8.507,109.427,9.85,371.285,33422.445,1.392,57.378,109.07,3.062,23.365,76.635
France,2011,FRA,63733776.0,2393401943613.0,77.433,1.215,355.127,5.572,417.796,6.555,2897.71,45465.84,1.211,53.583,101.15,1.551,22.882,77.118
China,2011,CHN,1360250658.0,13691526496125.0,1323.284,0.973,9520.153,6.999,11352.635,8.346,31336.537,23037.326,2.289,56.104,92.85,9.034,48.17,51.83
Colombia,2011,COL,45259614.0,521323240921.0,82.241,1.817,75.191,1.661,289.713,6.401,443.797,9805.576,0.851,37.603,88.95,6.092,23.161,76.839
Cape Verde,2011,CPV,511453.0,3248220000.0,0.139,0.272,0.616,1.204,0.863,1.687,4.012,7844.374,1.235,19.603,91.75,5.399,37.258,62.742
Paraguay,2011,PRY,5814632.0,48113309093.0,22.964,3.949,5.192,0.893,84.317,14.501,31.609,5436.107,0.657,47.988,78.03,13.796,40.307,59.693
Iraq,2011,IRQ,32161425.0,344220720679.0,101.034,3.141,123.526,3.841,232.51,7.229,405.1,12595.847,1.177,19.631,119.15,4.564,30.875,69.125
Mali,2011,MLI,16469054.0,20518694824.0,19.41,1.179,2.279,0.138,47.088,2.859,11.087,673.231,0.54,33.809,109.46,27.562,76.362,23.638
Gambia,2011,GMB,1983785.0,3000862000.0,1.263,0.637,0.443,0.223,2.952,1.488,2.105,1061.075,0.701,63.636,94.01,27.202,43.33,56.67
Belgium,2011,BEL,11038624.0,420934235947.0,12.695,1.15,105.159,9.526,127.768,11.575,713.712,64655.848,1.696,44.035,92.72,0.726,14.765,85.235
Iran,2011,IRN,78383602.0,1345049307937.0,152.86,1.95,576.366,7.353,738.667,9.424,2554.118,32584.848,1.899,28.483,96.05,4.642,28.796,71.204
Argentina,2011,ARG,41730655.0,837742673804.0,104.441,2.503,189.884,4.55,479.874,11.499,907.376,21743.625,1.083,45.792,92.89,6.999,8.893,91.107
Vietnam,2011,VNM,88468315.0,438354712953.0,95.667,1.081,152.564,1.725,363.318,4.107,597.142,6749.783,1.362,34.373,87.16,16.259,69.3,30.7
Comoros,2011,COM,668064.0,1067838000.0,0.334,0.501,0.143,0.214,0.558,0.835,0.624,933.801,0.584,71.467,103.23,30.564,70.886,29.114
Equatorial Guinea,2011,GNQ,1241843.0,29285788000.0,8.738,7.037,6.067,4.885,16.081,12.949,33.077,26635.107,1.129,3.699,115.6,1.054,44.026,55.974
Botswana,2011,BWA,2073538.0,27061119164.0,14.122,6.811,4.029,1.943,30.76,14.834,19.529,9418.284,0.722,45.747,134.41,2.119,35.981,64.019
Sierra Leone,2011,SLE,6387258.0,7933356000.0,4.607,0.721,0.714,0.112,29.214,4.574,3.457,541.179,0.436,55.661,98.95,31.585,60.953,39.047
Uganda,2011,UGA,33354541.0,62855840742.0,24.579,0.737,3.828,0.115,55.012,1.649,17.554,526.3,0.279,71.639,93.46,28.969,79.944,20.056
Brazil,2011,BRA,195284736.0,2968455007203.0,505.267,2.587,461.911,2.365,2379.088,12.183,3316.323,16981.988,1.117,27.824,92.6,4.342,15.377,84.623
Central African Republic,2011,CAF,4565023.0,4499550000.0,12.538,2.747,0.154,0.034,31.104,6.813,1.052,230.498,0.234,7.848,96.05,37.569,61.197,38.803
Thailand,2011,THA,69007212.0,873642799890.0,106.081,1.537,244.878,3.549,451.98,6.55,1212.482,17570.367,1.388,44.683,88.43,11.592,55.195,44.805
Tanzania,2011,TZA,46029371.0,103624510902.0,45.354,0.985,8.44,0.183,179.215,3.893,35.138,763.384,0.339,42.46,84.38,24.977,71.134,28.866
Panama,2011,PAN,3693509.0,57996520000.0,4.127,1.117,9.899,2.68,19.827,5.368,84.624,22911.555,1.459,30.441,91.17,3.279,34.81,65.19
Congo,2011,COG,4609728.0,26249089782.0,16.595,3.6,5.046,1.095,49.581,10.756,22.419,4863.47,0.854,31.03,99.59,3.984,37.44,62.56
Pakistan,2011,PAK,203746069.0,845096928750.0,154.727,0.759,149.488,0.734,363.645,1.785,753.328,3697.388,0.891,46.617,86.0,23.82,64.989,35.011
Canada,2011,CAN,34555449.0,1454221365109.0,119.642,3.462,562.832,16.288,850.878,24.624,3900.117,112865.477,2.682,6.436,92.6,1.766,18.897,81.103
Romania,2011,ROU,20282009.0,350086824382.0,21.044,1.038,92.391,4.555,118.39,5.837,408.341,20133.164,1.166,60.746,103.43,5.951,46.039,53.961
South Africa,2011,ZAF,52995212.0,645388107070.0,84.478,1.594,474.273,8.949,580.428,10.952,1446.214,27289.521,2.241,79.445,85.3,2.044,37.149,62.851
Jordan,2011,JOR,7480431.0,79441955134.0,4.022,0.538,21.409,2.862,27.689,3.702,93.348,12479.021,1.175,11.293,93.7,3.505,16.449,83.551
Cote d'Ivoire,2011,CIV,22982003.0,57051170312.0,11.111,0.483,6.523,0.284,109.854,4.78,32.349,1407.574,0.567,66.2,87.82,18.487,52.32,47.68
Australia,2011,AUS,22479779.0,1024000293343.0,193.829,8.622,403.874,17.966,868.66,38.642,1558.602,69333.531,1.522,51.563,86.4,2.305,13.673,86.327
Indonesia,2011,IDN,249470029.0,2178184530109.0,288.165,1.155,500.458,2.006,1831.722,7.342,1837.594,7365.991,0.844,27.096,86.09,13.512,49.517,50.483
Barbados,2011,BRB,276150.0,3406690000.0,0.174,0.629,1.626,5.889,1.823,6.602,7.744,28044.492,2.273,32.558,94.93,1.562,40.763,59.237
Luxembourg,2011,LUX,518583.0,28143126706.0,0.603,1.162,11.09,21.384,12.154,23.436,48.821,94143.305,1.735,50.989,87.86,0.251,11.044,88.956
Morocco,2011,MAR,32912585.0,238103276789.0,24.026,0.73,54.868,1.667,93.908,2.853,204.747,6220.948,0.86,67.452,89.36,12.082,41.097,58.903
Russia,2011,RUS,144043751.0,3306765993750.0,374.677,2.601,1684.989,11.698,2279.537,15.825,8080.549,56097.879,2.444,13.158,90.44,3.151,26.147,73.853
Kazakhstan,2011,KAZ,17065996.0,360244945296.0,50.894,2.982,238.157,13.955,330.523,19.367,694.016,40666.574,1.927,80.375,94.17,4.989,45.6,54.4
Slovenia,2011,SVN,2048805.0,53761447942.0,3.399,1.659,16.364,7.987,24.869,12.138,84.039,41018.535,1.563,30.806,103.46,2.041,50.054,49.946
Bolivia,2011,BOL,10348931.0,54437027542.0,22.753,2.199,16.051,1.551,127.57,12.327,65.529,6331.921,1.204,34.897,85.59,9.77,33.166,66.834
Kenya,2011,KEN,42758467.0,117152107312.0,40.61,0.95,12.218,0.286,102.165,2.389,62.647,1465.129,0.535,49.074,106.79,18.895,68.133,31.867
United States,2011,USA,314105075.0,15477885525000.0,764.383,2.434,5538.973,17.634,6523.64,20.769,25729.088,81912.359,1.662,46.018,97.75,1.201,19.304,80.696
India,2011,IND,1261224956.0,5720692888000.0,781.037,0.619,1765.695,1.4,2950.343,2.339,6587.01,5222.708,1.151,60.43,82.68,17.192,68.725,31.275
Oman,2011,OMN,3076762.0,132756531310.0,24.31,7.901,57.305,18.625,82.554,26.831,259.864,84460.266,1.957,4.642,79.55,1.1,24.341,75.659
Costa Rica,2011,CRI,4609834.0,56719502938.0,4.393,0.953,7.276,1.578,16.353,3.547,38.588,8370.705,0.68,35.625,97.51,5.6,27.157,72.843
Bosnia and Herzegovina,2011,BIH,3741799.0,35664062419.0,4.954,1.324,23.765,6.351,27.99,7.48,66.101,17665.49,1.853,42.012,108.77,6.758,53.947,46.053
Cuba,2011,CUB,11301578.0,78036992000.0,14.095,1.247,29.076,2.573,35.656,3.155,119.583,10581.127,1.532,59.963,93.97,3.605,23.292,76.708
North Macedonia,2011,MKD,2040445.0,23201482935.0,1.961,0.961,8.823,4.324,16.142,7.911,33.791,16560.482,1.456,44.33,102.0,9.351,41.759,58.241
Norway,2011,NOR,4952969.0,399420041611.0,9.638,1.946,44.775,9.04,61.415,12.4,504.038,101764.828,1.262,2.735,97.43,1.305,20.688,79.312
Sri Lanka,2011,LKA,21009054.0,195461606183.0,10.314,0.491,14.476,0.689,48.122,2.291,75.579,3597.448,0.387,43.534,71.35,9.533,82.212,17.788
Uzbekistan,2011,UZB,28823194.0,208063390835.0,44.285,1.536,116.755,4.051,171.449,5.948,549.961,19080.512,2.643,58.321,76.04,29.699,48.66,51.34
Mozambique,2011,MOZ,23649045.0,19919625683.0,17.046,0.721,3.107,0.131,74.18,3.137,30.45,1287.581,1.529,50.704,82.51,26.485,68.794,31.206
Cameroon,2011,CMR,20232312.0,53836234148.0,17.908,0.885,8.105,0.401,73.578,3.637,31.617,1562.703,0.587,20.626,79.86,16.697,48.777,51.223
Tajikistan,2011,TJK,7824788.0,23719353153.0,5.439,0.695,2.342,0.299,8.225,1.051,27.019,3452.973,1.139,26.808,59.19,23.836,73.521,26.479
Slovakia,2011,SVK,5398105.0,120554965758.0,6.396,1.185,38.045,7.048,64.084,11.871,197.691,36622.363,1.64,40.129,119.64,1.794,45.583,54.417
Mauritius,2011,MUS,1286270.0,21190874379.0,0.556,0.432,3.917,3.045,4.656,3.62,21.487,16704.727,1.014,44.567,100.81,3.653,59.833,40.167
Saint Lucia,2011,LCA,171814.0,1661310000.0,0.058,0.336,0.484,2.815,0.515,3.0,1.824,10616.009,1.098,16.295,104.03,2.345,81.526,18.474
Kuwait,2011,KWT,3132815.0,201228682118.0,36.43,11.629,87.151,27.819,124.559,39.759,409.911,130844.328,2.037,8.558,81.55,0.439,0.0,100.0
Zambia,2011,ZMB,14437796.0,47143916201.0,16.08,1.114,3.379,0.234,119.693,8.29,21.698,1502.844,0.46,31.795,90.86,9.648,59.632,40.368
Croatia,2011,HRV,4280827.0,82302805353.0,4.08,0.953,20.615,4.816,22.657,5.293,94.448,22063.092,1.148,23.696,93.22,3.625,44.723,55.277
Rwanda,2011,RWA,10573742.0,14451195383.0,3.92,0.371,0.643,0.061,8.686,0.821,3.501,331.1,0.242,78.76,86.86,23.837,83.068,16.932
Hungary,2011,HUN,9946675.0,208407605976.0,9.706,0.976,50.156,5.042,60.823,6.115,269.464,27090.857,1.293,58.953,92.96,3.973,30.522,69.478
Iceland,2011,ISL,319139.0,11716753534.0,0.612,1.917,3.503,10.978,4.7,14.727,56.377,176654.859,4.812,18.685,91.27,6.359,6.589,93.411
El Salvador,2011,SLV,6090128.0,45520507146.0,3.232,0.531,6.467,1.062,9.029,1.483,30.647,5032.225,0.673,59.17,95.15,7.33,33.666,66.334
Mongolia,2011,MNG,2745183.0,26811268000.0,23.952,8.725,21.368,7.784,55.826,20.336,35.164,12809.284,1.312,73.326,66.48,10.307,32.08,67.92
Moldova,2011,MDA,3557278.0,18145357193.0,2.145,0.603,4.945,1.39,6.99,1.965,32.458,9124.393,1.789,74.947,102.42,11.384,60.653,39.347
Malawi,2011,MWI,15265026.0,18220347468.0,5.13,0.336,1.034,0.068,19.081,1.25,6.213,407.037,0.341,58.178,62.65,23.931,84.448,15.552
Finland,2011,FIN,5388236.0,207084301562.0,8.275,1.536,56.646,10.513,92.71,17.206,349.923,64942.016,1.69,7.524,96.34,2.259,29.942,70.058
Cyprus,2011,CYP,1146493.0,27627899267.0,0.913,0.797,7.792,6.797,8.166,7.123,33.725,29415.918,1.221,12.587,108.09,2.145,32.602,67.398
Kyrgyzstan,2011,KGZ,5594537.0,22069322288.0,5.609,1.003,7.62,1.362,16.985,3.036,41.787,7469.331,1.893,55.31,88.4,16.565,64.753,35.247
Hong Kong,2011,HKG,7142969.0,314044556431.0,4.536,0.635,43.15,6.041,48.272,6.758,329.331,46105.625,1.049,5.238,91.76,0.049,0.0,100.0
Syria,2011,SYR,22878104.0,134274046453.0,18.615,0.814,59.078,2.582,83.511,3.65,265.749,11615.845,1.979,75.777,121.32,20.647,41.518,58.482
Nigeria,2011,NGA,171379602.0,871103799000.0,233.312,1.361,126.115,0.736,378.468,2.208,346.692,2022.947,0.398,73.491,95.04,22.235,47.51,52.49
Georgia,2011,GEO,3868724.0,44138043878.0,3.158,0.816,7.814,2.02,7.075,1.829,38.388,9922.715,0.87,35.148,92.07,9.739,44.31,55.69
United Arab Emirates,2011,ARE,7199436.0,551070287560.0,29.521,4.1,198.518,27.574,230.05,31.954,1020.931,141807.125,1.853,5.47,80.18,0.65,16.43,83.57
Laos,2011,LAO,6426592.0,28505277000.0,8.228,1.28,3.097,0.482,71.05,11.056,14.544,2263.163,0.51,9.618,118.25,20.791,68.785,31.215
Turkmenistan,2011,TKM,5683413.0,82520290491.0,21.795,3.835,65.155,11.464,96.548,16.988,266.977,46974.797,3.235,72.006,94.72,8.884,53.06,46.94
Venezuela,2011,VEN,29185220.0,502688619769.0,68.584,2.35,168.713,5.781,280.715,9.618,1009.919,34603.77,2.009,24.375,123.81,5.013,11.192,88.808
Czechia,2011,CZE,10495508.0,279082754736.0,13.646,1.3,115.178,10.974,134.901,12.853,501.976,47827.676,1.799,45.371,98.13,1.964,26.712,73.288
Seychelles,2011,SYC,97041.0,1917505000.0,0.058,0.596,0.403,4.153,0.481,4.954,3.601,37104.098,1.878,3.261,128.24,2.193,57.326,42.674
Lithuania,2011,LTU,3028642.0,59460372771.0,4.386,1.448,13.96,4.609,25.977,8.577,68.697,22682.41,1.155,44.77,98.16,3.519,33.248,66.752
Guatemala,2011,GTM,14792123.0,100335200000.0,13.525,0.914,10.979,0.742,52.338,3.538,52.144,3525.141,0.52,40.078,70.65,11.259,48.134,51.866
Guinea,2011,GIN,10656812.0,13233698841.0,15.602,1.464,2.557,0.24,99.977,9.381,11.815,1108.684,0.893,61.491,83.59,16.07,65.927,34.073
Austria,2011,AUT,8393272.0,349713455451.0,9.65,1.15,69.892,8.327,83.299,9.924,395.869,47165.023,1.132,33.414,97.7,1.461,32.852,67.148
Democratic Republic of Congo,2011,COD,70849311.0,51169100367.0,31.903,0.45,3.041,0.043,917.24,12.946,18.957,267.573,0.37,13.072,97.89,15.742,60.215,39.785
Burundi,2011,BDI,9717980.0,6787360000.0,3.016,0.31,0.414,0.043,7.544,0.776,1.91,196.506,0.281,71.69,78.4,36.704,88.438,11.562
Niger,2011,NER,17176286.0,12994344552.0,16.621,0.968,1.313,0.076,50.587,2.945,6.914,402.54,0.532,35.116,89.7,33.647,83.77,16.23
Sao Tome and Principe,2011,STP,185665.0,572220000.0,0.06,0.323,0.099,0.533,0.232,1.252,0.571,3077.946,0.999,35.417,83.93,12.332,33.272,66.728
Germany,2011,DEU,80857877.0,3467712967640.0,74.456,0.921,804.542,9.95,917.062,11.342,3710.585,45890.207,1.07,47.966,98.28,0.925,19.659,80.341
Mexico,2011,MEX,115243503.0,1716088331953.0,139.773,1.213,483.302,4.194,697.774,6.055,2221.887,19279.93,1.295,52.122,94.75,2.976,23.433,76.567
Nicaragua,2011,NIC,5819051.0,23734874000.0,8.768,1.507,4.789,0.823,41.342,7.105,21.088,3623.915,0.888,42.138,88.27,18.885,42.964,57.036
Latvia,2011,LVA,2059940.0,37869724459.0,2.351,1.141,7.808,3.791,13.313,6.463,44.637,21669.318,1.179,29.183,89.3,3.778,32.173,67.827
Trinidad and Tobago,2011,TTO,1394990.0,40819362692.0,6.398,4.587,47.043,33.723,54.535,39.093,230.54,165262.562,5.648,10.526,112.23,0.457,46.075,53.925
Honduras,2011,HND,8540587.0,35990758725.0,7.719,0.904,8.857,1.037,34.567,4.047,33.533,3926.354,0.932,29.592,94.57,14.22,48.009,51.991
South Korea,2011,KOR,49127640.0,1609219825000.0,27.545,0.561,623.443,12.69,661.459,13.464,3208.351,65306.441,1.994,18.069,79.71,2.108,18.038,81.962
Malaysia,2011,MYS,29162034.0,557469657636.0,26.751,0.917,203.453,6.977,442.215,15.164,951.171,32616.752,1.706,22.921,81.37,11.453,28.575,71.425
Tunisia,2011,TUN,10886041.0,110760053250.0,9.211,0.846,26.429,2.428,40.051,3.679,84.412,7754.171,0.762,64.83,83.67,7.577,33.081,66.919
Bangladesh,2011,BGD,153591074.0,431418704062.0,84.741,0.552,55.593,0.362,167.877,1.093,271.629,1768.521,0.63,70.124,66.21,16.81,71.89,28.11
Myanmar,2011,MMR,49419825.0,197359087812.0,68.952,1.395,15.122,0.306,236.616,4.788,61.274,1239.859,0.31,19.223,71.5,32.496,70.728,29.272
Egypt,2011,EGY,91093066.0,923052843843.0,51.806,0.569,221.675,2.434,297.452,3.265,941.574,10336.393,1.02,3.637,97.97,13.869,57.137,42.863
Netherlands,2011,NLD,16851061.0,744614396708.0,22.593,1.341,169.346,10.05,208.04,12.346,1115.092,66173.398,1.498,55.113,89.15,1.598,11.994,88.006
New Zealand,2011,NZL,4382699.0,142521900112.0,37.693,8.6,34.241,7.813,89.168,20.345,236.088,53868.23,1.657,43.185,86.11,6.277,14.177,85.823
Cambodia,2011,KHM,14722587.0,35746712625.0,22.445,1.524,5.271,0.358,72.05,4.894,23.589,1602.25,0.66,30.779,101.0,28.036,77.618,22.382
Belarus,2011,BLR,9472738.0,173120303880.0,17.467,1.844,61.353,6.477,101.044,10.667,300.684,31742.064,1.737,43.739,92.51,8.002,24.94,75.06
Saudi Arabia,2011,SAU,26105636.0,1347950226660.0,95.212,3.647,540.236,20.694,642.02,24.593,2557.291,97959.344,1.897,80.818,86.37,2.153,17.746,82.254
Burkina Faso,2011,BFA,16661907.0,21589787625.0,18.05,1.083,2.149,0.129,50.416,3.026,9.206,552.546,0.426,46.759,103.47,23.044,75.532,24.468
Azerbaijan,2011,AZE,9256156.0,145980469968.0,11.983,1.295,30.21,3.264,47.194,5.099,145.739,15745.113,0.998,57.692,88.06,5.076,46.491,53.509
Haiti,2011,HTI,9914904.0,15936160000.0,8.404,0.848,2.272,0.229,22.502,2.27,9.32,940.049,0.585,72.896,99.94,20.043,53.248,46.752
Senegal,2011,SEN,12958902.0,30201416523.0,10.094,0.779,7.819,0.603,22.721,1.753,27.694,2137.034,0.917,46.564,75.71,12.947,55.931,44.069
Switzerland,2011,CHE,7914379.0,467103594697.0,5.467,0.691,40.973,5.177,48.563,6.136,334.923,42318.344,0.717,38.75,101.01,0.677,26.349,73.651
Ethiopia,2011,ETH,93149977.0,104948629242.0,87.811,0.943,7.355,0.079,276.229,2.965,35.695,383.195,0.34,32.187,97.98,41.25,82.136,17.864
Libya,2011,LBY,6343210.0,79210078190.0,15.046,2.372,53.542,8.441,69.612,10.974,173.009,27274.67,2.184,8.724,126.61,3.058,11.903,88.097
Guinea-Bissau,2011,GNB,1608084.0,2192198781.0,1.837,1.142,0.11,0.068,5.298,3.295,1.443,897.148,0.658,26.885,98.3,37.563,59.561,40.439
Montenegro,2011,MNE,632689.0,9801452189.0,0.665,1.05,2.407,3.805,1.193,1.886,11.672,18448.959,1.191,38.141,105.7,5.171,35.579,64.421
Eswatini,2011,SWZ,1117845.0,7567466177.0,1.139,1.019,0.96,0.859,1.66,1.485,5.695,5094.847,0.753,70.988,102.44,7.974,77.537,22.463
Dominican Republic,2011,DOM,9945623.0,112433265383.0,10.089,1.014,20.922,2.104,31.723,3.19,83.799,8425.691,0.745,48.016,96.5,5.414,25.756,74.244
Lebanon,2011,LBN,5096018.0,66782067583.0,2.846,0.559,20.264,3.976,24.012,4.712,78.504,15405.057,1.176,63.636,88.45,3.805,12.173,87.827
Denmark,2011,DNK,5570848.0,242757622888.0,9.08,1.63,44.237,7.941,60.459,10.853,220.975,39666.25,0.91,67.25,102.65,1.268,12.843,87.157
Dominica,2011,DMA,69073.0,652912000.0,0.057,0.821,0.15,2.175,0.183,2.648,0.723,10466.034,1.107,33.333,101.36,13.14,31.602,68.398
Bahrain,2011,BHR,1206733.0,43727144774.0,18.528,15.354,28.544,23.654,47.249,39.155,170.415,141220.125,3.897,11.395,40.1,0.28,0.0,100.0
Lesotho,2011,LSO,2014015.0,4516050000.0,1.712,0.85,2.759,1.37,4.697,2.332,3.033,1505.866,0.672,76.153,104.44,4.544,71.385,28.615
Namibia,2011,NAM,2146331.0,18309342330.0,8.671,4.04,2.786,1.298,21.91,10.208,16.789,7822.107,0.917,47.139,104.63,8.114,57.372,42.628
Nepal,2011,NPL,27464499.0,59280309000.0,26.075,0.949,5.217,0.19,49.929,1.818,18.74,682.33,0.316,28.787,87.77,30.805,36.86,63.14
Bulgaria,2011,BGR,7380023.0,109435363210.0,10.223,1.385,53.12,7.198,66.638,9.029,224.607,30434.416,2.052,46.868,107.75,4.661,27.39,72.61
Serbia,2011,SRB,7364858.0,91032746041.0,7.668,1.041,48.956,6.647,45.504,6.179,187.01,25392.164,2.054,40.341,99.43,6.348,40.565,59.435
Ukraine,2011,UKR,46307854.0,471221167316.0,77.838,1.681,308.376,6.659,418.36,9.034,1474.744,31846.529,3.13,71.258,100.21,8.15,31.277,68.723
Uruguay,2011,URY,3326829.0,57427770581.0,23.638,7.105,7.686,2.31,49.908,15.002,48.061,14446.414,0.837,82.996,93.48,8.829,5.396,94.604
Singapore,2011,SGP,5182242.0,319718127421.0,3.715,0.717,47.0,9.069,52.152,10.064,824.16,159035.375,2.578,1.037,82.33,0.035,0.0,100.0
Liberia,2011,LBR,4221177.0,3266880000.0,2.141,0.507,0.822,0.195,30.01,7.109,3.75,888.324,1.148,17.615,95.45,35.919,51.342,48.658
Sweden,2011,SWE,9449263.0,397617949429.0,8.887,0.94,49.114,5.198,69.135,7.316,612.016,64768.621,1.539,7.52,98.53,1.412,14.64,85.36
Ecuador,2011,ECU,15326232.0,149795272280.0,24.602,1.605,38.48,2.511,107.057,6.985,164.644,10742.646,1.099,29.578,98.38,7.909,37.205,62.795
Benin,2011,BEN,10093626.0,17416238625.0,5.503,0.545,4.48,0.444,30.67,3.039,20.136,1994.954,1.156,32.098,89.37,25.797,56.538,43.462
Malta,2011,MLT,424635.0,9930574943.0,0.246,0.578,2.608,6.142,2.892,6.812,28.875,67998.922,2.908,32.281,103.43,1.087,5.684,94.316
Afghanistan,2011,AFG,29347708.0,53326336000.0,15.341,0.523,11.41,0.389,32.977,1.124,41.391,1410.376,0.776,58.131,100.53,23.744,77.179,22.821
Philippines,2011,PHL,98248614.0,590943092007.0,71.972,0.733,82.98,0.845,264.663,2.694,347.837,3540.375,0.589,41.117,90.64,14.096,53.317,46.683
Jamaica,2011,JAM,2760493.0,19220287418.0,0.823,0.298,8.226,2.98,11.593,4.2,34.613,12538.882,1.801,38.827,90.0,5.647,46.043,53.957
Italy,2011,ITA,60367882.0,2110883320816.0,50.008,0.828,423.897,7.022,476.084,7.886,2020.391,33467.977,0.957,46.844,106.5,1.849,31.598,68.402
Israel,2011,ISR,7471023.0,220210380263.0,6.775,0.907,68.595,9.181,77.985,10.438,270.062,36147.91,1.226,23.891,87.19,1.85,8.27,91.73
Zimbabwe,2011,ZWE,13595421.0,19554105000.0,12.613,0.928,10.363,0.762,43.26,3.182,40.724,2995.437,2.083,42.231,110.26,8.666,67.243,32.757
Albania,2011,ALB,2911499.0,27431048326.0,2.91,1.0,5.175,1.778,9.83,3.376,23.968,8232.201,0.874,43.832,93.33,16.72,46.708,53.292
Vietnam,2012,VNM,89510355.0,462486159336.0,94.762,1.059,144.288,1.612,353.585,3.95,621.038,6938.164,1.343,34.433,89.6,16.2,68.878,31.122
Chad,2012,TCD,13211006.0,21656293766.0,40.304,3.051,1.747,0.132,99.696,7.546,3.859,292.125,0.178,39.458,84.08,27.084,77.894,22.106
Albania,2012,ALB,2910003.0,27819814441.0,2.975,1.023,4.93,1.694,9.602,3.3,22.488,7727.736,0.808,43.843,96.58,17.591,46.136,53.864
Zimbabwe,2012,ZWE,13817887.0,22811427551.0,12.352,0.894,11.257,0.815,34.816,2.52,44.849,3245.741,1.966,41.851,112.63,8.045,67.207,32.793
Togo,2012,TGO,6653719.0,8791743000.0,4.368,0.657,2.216,0.333,11.368,1.709,9.56,1436.722,1.087,70.785,102.46,20.976,61.581,38.419
Benin,2012,BEN,10397659.0,18305935000.0,5.628,0.541,4.403,0.423,37.231,3.581,19.093,1836.255,1.043,33.391,92.49,25.769,55.952,44.048
Sweden,2012,SWE,9519477.0,395278763366.0,8.814,0.926,46.607,4.896,67.445,7.085,645.245,67781.508,1.632,7.442,95.21,1.253,14.375,85.625
Liberia,2012,LBR,4373046.0,3532273000.0,2.19,0.501,0.915,0.209,30.123,6.888,4.159,951.045,1.177,17.926,97.66,35.919,50.823,49.177
Serbia,2012,SRB,7324624.0,90412315334.0,7.514,1.026,43.764,5.975,39.118,5.341,174.62,23840.121,1.931,39.591,102.59,6.044,40.653,59.347
Ukraine,2012,UKR,46210051.0,472276721174.0,77.545,1.678,304.43,6.588,424.03,9.176,1442.989,31226.742,3.055,71.285,101.29,7.761,31.176,68.824
Lebanon,2012,LBN,5235742.0,68494363923.0,3.015,0.576,22.332,4.265,26.282,5.02,87.726,16755.264,1.281,64.321,90.61,3.765,11.98,88.02
Bulgaria,2012,BGR,7317020.0,110261509885.0,9.58,1.309,48.277,6.598,61.776,8.443,213.428,29168.732,1.936,47.19,105.66,4.43,27.232,72.768
Portugal,2012,PRT,10513155.0,252737143203.0,9.651,0.918,49.932,4.749,62.955,5.988,264.467,25155.795,1.046,40.009,98.64,1.92,38.859,61.141
United Kingdom,2012,GBR,63960488.0,2255210551431.0,49.958,0.781,487.477,7.622,584.893,9.145,2375.146,37134.582,1.053,71.021,93.84,0.625,18.709,81.291
Ireland,2012,IRL,4600135.0,217871560184.0,17.587,3.823,38.224,8.309,69.01,15.002,167.469,36405.145,0.769,65.801,85.97,0.986,37.747,62.253
Chile,2012,CHL,17519116.0,359556383692.0,22.471,1.283,79.621,4.545,131.836,7.525,402.747,22988.977,1.12,18.879,103.49,3.275,12.918,87.082
Turkey,2012,TUR,75197196.0,1430132002360.0,72.493,0.964,358.645,4.769,454.121,6.039,1421.041,18897.527,0.994,49.903,89.19,7.658,26.221,73.779
Algeria,2012,DZA,37646165.0,498417638719.0,60.493,1.607,135.593,3.602,203.436,5.404,507.672,13485.354,1.019,17.381,91.42,8.027,31.658,68.342
Qatar,2012,QAT,1907122.0,310156648715.0,22.18,11.63,93.738,49.152,116.487,61.08,448.449,235144.422,1.446,5.986,76.53,0.094,1.257,98.743
Japan,2012,JPN,127928283.0,4530172048567.0,34.064,0.266,1302.113,10.178,1344.788,10.512,5615.285,43894.004,1.24,13.457,93.12,1.123,8.973,91.027
Greece,2012,GRC,11048291.0,247887031358.0,13.714,1.241,91.393,8.272,105.525,9.551,349.302,31615.93,1.409,56.501,108.49,3.419,23.132,76.868
Madagascar,2012,MDG,23462444.0,29712119552.0,22.831,0.973,2.66,0.113,65.608,2.796,12.156,518.102,0.409,70.291,98.51,28.001,71.601,28.399
Mongolia,2012,MNG,2795463.0,30114910000.0,23.389,8.367,34.996,12.519,68.076,24.352,41.81,14956.306,1.388,73.249,70.51,11.258,32.048,67.952
Equatorial Guinea,2012,GNQ,1293485.0,31730930000.0,9.064,7.007,6.875,5.315,16.251,12.564,32.073,24796.076,1.011,3.704,117.29,1.056,40.989,59.011
Uganda,2012,UGA,34337436.0,64322268140.0,25.873,0.753,3.627,0.106,54.502,1.587,17.944,522.577,0.279,71.888,95.67,27.177,78.628,21.372
Angola,2012,AGO,25177398.0,152476849129.0,53.475,2.124,25.941,1.03,202.332,8.036,86.099,3419.703,0.565,36.338,89.76,9.697,38.489,61.511
Nepal,2012,NPL,27534916.0,62106290000.0,25.601,0.93,5.47,0.199,47.458,1.724,20.153,731.917,0.324,28.515,92.27,30.076,36.344,63.656
Namibia,2012,NAM,2194656.0,19236166518.0,9.501,4.329,3.194,1.455,23.52,10.717,17.287,7876.92,0.899,47.139,106.32,8.054,56.62,43.38
Senegal,2012,SEN,13310499.0,31410375400.0,9.896,0.743,7.362,0.553,21.433,1.61,27.11,2036.734,0.863,46.564,88.91,14.098,55.464,44.536
Netherlands,2012,NLD,16915191.0,736942199791.0,22.313,1.319,165.752,9.799,205.055,12.123,1095.699,64776.062,1.487,54.617,88.67,1.697,11.466,88.534
Mali,2012,MLI,16957039.0,20347159384.0,19.999,1.179,2.437,0.144,49.717,2.932,11.098,654.481,0.545,33.966,94.62,30.777,75.839,24.161
Iraq,2012,IRQ,33654843.0,392191319237.0,113.075,3.36,134.04,3.983,259.719,7.717,441.304,13112.636,1.125,19.728,122.36,4.124,30.778,69.222
Armenia,2012,ARM,2922529.0,26634064691.0,1.57,0.537,5.748,1.967,9.617,3.291,39.766,13606.589,1.493,59.115,81.81,17.913,35.673,64.327
Paraguay,2012,PRY,5897011.0,47772664940.0,24.111,4.089,5.159,0.875,83.936,14.234,33.952,5757.479,0.711,48.539,71.07,10.042,40.079,59.921
Cape Verde,2012,CPV,511966.0,3287052000.0,0.14,0.273,0.502,0.98,0.757,1.479,3.514,6863.855,1.069,19.603,93.83,5.791,36.274,63.726
Colombia,2012,COL,45715807.0,541722649583.0,80.107,1.752,78.675,1.721,477.15,10.437,471.933,10323.192,0.871,38.412,94.3,5.583,23.058,76.942
China,2012,CHN,1369520866.0,14773157494771.0,1319.353,0.963,9767.311,7.132,11526.329,8.416,32624.18,23821.602,2.208,56.024,96.45,8.965,46.9,53.1
France,2012,FRA,64058465.0,2400896391731.0,76.667,1.197,358.1,5.59,425.889,6.648,2894.858,45190.879,1.206,53.52,98.64,1.526,22.833,77.167
Lesotho,2012,LSO,2034363.0,4740080000.0,1.714,0.843,2.792,1.372,4.141,2.035,3.283,1613.91,0.693,75.273,104.95,4.895,70.103,29.897
Bahrain,2012,BHR,1216307.0,45357290589.0,21.082,17.333,27.202,22.365,48.464,39.846,183.069,150511.938,4.036,11.221,63.26,0.265,0.0,100.0
Dominica,2012,DMA,69138.0,644079000.0,0.057,0.829,0.165,2.385,0.203,2.932,0.71,10275.347,1.103,33.333,105.75,12.528,31.245,68.755
United States,2012,USA,317115349.0,15830886903539.0,749.641,2.364,5331.467,16.812,6388.708,20.146,25047.367,78985.039,1.582,46.24,98.43,1.149,19.316,80.684
Comoros,2012,COM,681637.0,1112133000.0,0.341,0.5,0.154,0.226,0.587,0.861,0.653,957.635,0.587,71.467,103.49,30.173,70.602,29.398
Argentina,2012,ARG,42161718.0,829147409948.0,107.532,2.55,191.715,4.547,430.562,10.212,944.132,22393.107,1.139,45.581,95.99,5.782,8.796,91.204
Iran,2012,IRN,79370583.0,1324570752684.0,135.664,1.709,599.278,7.55,745.122,9.388,2573.836,32428.09,1.943,28.393,101.44,6.797,28.237,71.763
Belgium,2012,BEL,11107522.0,424045845634.0,12.361,1.113,102.486,9.227,125.317,11.282,684.939,61664.453,1.615,43.913,91.3,0.845,14.508,85.492
Gambia,2012,GMB,2043097.0,3174000000.0,1.376,0.673,0.451,0.221,2.996,1.466,2.053,1004.844,0.647,63.636,95.24,27.394,42.679,57.321
Gabon,2012,GAB,1846893.0,28592310064.0,14.011,7.586,5.016,2.716,28.088,15.208,18.603,10072.727,0.651,8.31,92.49,3.354,13.116,86.884
Jordan,2012,JOR,7587133.0,81371594307.0,4.212,0.555,24.069,3.172,30.475,4.017,99.057,13055.925,1.217,11.77,95.48,3.305,15.041,84.959
Central African Republic,2012,CAF,4610848.0,4632212000.0,10.967,2.378,0.183,0.04,27.238,5.907,1.081,234.505,0.233,7.852,97.35,36.814,60.97,39.03
Brazil,2012,BRA,196876113.0,3025484250011.0,506.852,2.574,497.468,2.527,2503.241,12.715,3408.335,17312.078,1.127,27.91,94.47,4.168,15.103,84.897
Sierra Leone,2012,SLE,6551078.0,9134190000.0,5.083,0.776,0.832,0.127,30.6,4.671,3.938,601.191,0.431,53.154,101.17,30.657,60.536,39.464
Romania,2012,ROU,20158451.0,356825919340.0,21.216,1.052,89.848,4.457,118.026,5.855,393.332,19512.025,1.102,59.704,98.64,4.541,46.044,53.956
Canada,2012,CAN,34922513.0,1479829523672.0,122.582,3.51,561.77,16.086,857.8,24.563,3901.693,111724.289,2.637,6.444,90.5,1.811,18.849,81.151
Costa Rica,2012,CRI,4663930.0,59489116143.0,4.352,0.933,7.217,1.547,16.726,3.586,39.029,8368.356,0.656,35.488,97.1,5.131,26.61,73.39
Panama,2012,PAN,3759261.0,63359010000.0,4.169,1.109,9.54,2.538,21.812,5.802,92.73,24667.205,1.464,30.307,97.48,3.129,34.717,65.283
Tanzania,2012,TZA,47374261.0,108951852558.0,45.986,0.971,10.367,0.219,175.118,3.696,43.47,917.588,0.399,42.332,89.94,26.551,70.512,29.488
Thailand,2012,THA,69436091.0,936920832597.0,106.888,1.539,262.348,3.778,456.286,6.571,1292.871,18619.578,1.38,44.691,96.24,11.504,54.626,45.374
Dominican Republic,2012,DOM,10070409.0,115488083453.0,10.169,1.01,20.903,2.076,32.661,3.243,92.798,9214.968,0.804,47.674,90.52,5.139,25.76,74.24
South Korea,2012,KOR,49599580.0,1647889319531.0,28.264,0.57,627.943,12.66,661.986,13.347,3242.844,65380.469,1.968,18.374,90.14,2.082,18.091,81.909
Eswatini,2012,SWZ,1123870.0,7793097968.0,1.157,1.029,1.11,0.988,1.694,1.507,5.496,4890.275,0.705,70.93,105.22,8.441,77.376,22.624
Montenegro,2012,MNE,633546.0,9593079942.0,0.66,1.043,2.213,3.493,0.569,0.897,10.866,17150.955,1.133,38.141,90.27,4.895,35.476,64.524
Guinea-Bissau,2012,GNB,1651425.0,2160239109.0,1.939,1.174,0.114,0.069,5.272,3.192,1.471,890.799,0.681,27.186,100.35,38.085,59.131,40.869
Libya,2012,LBY,6179327.0,147985814988.0,33.124,5.36,61.606,9.97,96.012,15.538,215.571,34885.809,1.457,8.727,126.82,1.816,11.927,88.073
Indonesia,2012,IDN,252698525.0,2309530044109.0,300.722,1.19,515.77,2.041,1924.482,7.616,1937.146,7665.836,0.839,27.092,91.04,13.374,48.841,51.159
Australia,2012,AUS,22852648.0,1062662906305.0,194.517,8.512,405.005,17.722,796.274,34.844,1536.113,67218.164,1.446,50.385,88.46,2.273,13.555,86.445
South Africa,2012,ZAF,53782570.0,660853021773.0,87.855,1.634,461.438,8.58,571.812,10.632,1424.104,26478.908,2.155,79.418,87.19,1.977,37.038,62.962
Congo,2012,COG,4740457.0,28860086022.0,16.104,3.397,5.018,1.059,47.604,10.042,22.728,4794.468,0.788,31.045,102.74,3.799,37.281,62.719
Russia,2012,RUS,144291025.0,3439833075673.0,383.918,2.661,1700.104,11.782,2534.269,17.564,8128.363,56333.117,2.363,13.158,93.83,2.926,26.027,73.973
Morocco,2012,MAR,33355246.0,245270189355.0,24.495,0.734,56.954,1.707,95.939,2.876,208.422,6248.547,0.85,68.122,93.06,11.33,40.565,59.435
El Salvador,2012,SLV,6113977.0,46608113564.0,3.425,0.56,6.436,1.053,9.375,1.533,31.426,5140.093,0.674,58.986,97.2,6.514,32.777,67.223
Luxembourg,2012,LUX,530951.0,28607408843.0,0.583,1.097,10.858,20.45,11.894,22.401,47.953,90315.195,1.676,51.048,87.54,0.288,10.559,89.441
Ethiopia,2012,ETH,95798771.0,116345224724.0,90.908,0.949,7.988,0.083,289.163,3.018,39.174,408.92,0.337,32.331,96.77,44.331,81.794,18.206
Singapore,2012,SGP,5293345.0,333899221028.0,3.751,0.709,46.1,8.709,51.136,9.66,831.272,157040.891,2.49,1.034,85.97,0.033,0.0,100.0
Switzerland,2012,CHE,7998927.0,472611933649.0,5.478,0.685,42.242,5.281,49.857,6.233,354.065,44264.0,0.749,38.668,100.11,0.635,26.248,73.752
Haiti,2012,HTI,10069770.0,16393482000.0,8.58,0.852,2.262,0.225,22.169,2.202,10.098,1002.771,0.616,73.44,100.99,19.47,52.569,47.431
Azerbaijan,2012,AZE,9376179.0,149196415149.0,12.088,1.289,32.77,3.495,50.62,5.399,150.091,16007.676,1.006,57.687,91.84,5.14,46.192,53.808
Oman,2012,OMN,3547104.0,144522749866.0,25.469,7.18,63.105,17.791,89.557,25.248,283.45,79910.391,1.961,4.6,106.41,1.016,23.912,76.088
Bolivia,2012,BOL,10515814.0,57225289193.0,23.42,2.227,17.575,1.671,127.762,12.149,78.593,7473.803,1.373,35.026,90.4,9.812,32.742,67.258
Kazakhstan,2012,KAZ,17306115.0,378260779954.0,51.33,2.966,245.263,14.172,335.196,19.369,729.853,42173.152,1.929,80.384,91.21,4.288,45.308,54.692
Norway,2012,NOR,5018453.0,410276121127.0,8.336,1.661,44.258,8.819,59.857,11.927,560.942,111775.836,1.367,2.718,97.67,1.077,20.509,79.491
Cuba,2012,CUB,11303172.0,80388156000.0,14.077,1.245,29.476,2.608,41.973,3.713,130.129,11512.604,1.619,60.062,92.43,3.85,23.222,76.778
Cote d'Ivoire,2012,CIV,23467083.0,63249209930.0,11.496,0.49,8.54,0.364,135.066,5.756,40.219,1713.841,0.636,68.964,92.97,16.375,51.876,48.124
Uruguay,2012,URY,3335406.0,59459565927.0,23.118,6.931,8.605,2.58,53.555,16.057,50.386,15106.379,0.847,81.345,96.92,8.122,5.239,94.761
Finland,2012,FIN,5413978.0,204190196792.0,8.124,1.501,51.154,9.449,87.746,16.207,340.459,62885.137,1.667,7.519,95.32,2.188,29.634,70.366
Pakistan,2012,PAK,207667129.0,878485024934.0,158.155,0.762,150.555,0.725,367.366,1.769,701.794,3379.42,0.799,46.782,88.72,23.386,64.784,35.216
India,2012,IND,1278674501.0,6052427493607.0,783.911,0.613,1926.986,1.507,3164.01,2.474,6937.768,5425.75,1.146,60.421,85.9,16.845,68.41,31.59
Burkina Faso,2012,BFA,17172284.0,22982976785.0,18.155,1.057,2.612,0.152,52.311,3.046,10.855,632.108,0.472,47.329,101.06,23.756,75.2,24.8
Saudi Arabia,2012,SAU,27062447.0,1421109142119.0,99.699,3.684,605.712,22.382,712.403,26.324,2714.211,100294.359,1.91,80.813,83.27,2.062,17.569,82.431
Belarus,2012,BLR,9463075.0,175940441074.0,17.746,1.875,62.592,6.614,103.409,10.928,325.236,34368.988,1.849,43.352,96.23,8.131,24.472,75.528
Cambodia,2012,KHM,14945090.0,38360866456.0,21.911,1.466,5.572,0.373,76.857,5.143,25.466,1703.96,0.664,31.151,99.01,26.795,76.059,23.941
New Zealand,2012,NZL,4411682.0,146280651356.0,37.918,8.595,35.918,8.142,90.014,20.404,237.851,53913.836,1.626,42.571,91.08,5.506,14.222,85.778
Denmark,2012,DNK,5591911.0,243307499552.0,9.003,1.61,39.861,7.128,56.423,10.09,205.243,36703.641,0.844,65.6,101.28,1.618,12.766,87.234
Cameroon,2012,CMR,20809530.0,56263171005.0,18.479,0.888,7.607,0.366,63.15,3.035,32.035,1539.453,0.569,20.626,75.96,16.657,48.411,51.589
Uzbekistan,2012,UZB,29261908.0,222840047403.0,47.621,1.627,118.86,4.062,176.753,6.04,543.457,18572.168,2.439,57.907,81.7,28.964,48.664,51.336
Sri Lanka,2012,LKA,21169461.0,212333854625.0,10.434,0.493,15.389,0.727,43.423,2.051,77.952,3682.307,0.367,43.693,88.85,7.91,81.738,18.262
Guinea,2012,GIN,10921580.0,14087313893.0,16.418,1.503,2.393,0.219,80.676,7.387,11.333,1037.643,0.804,63.331,87.69,16.832,65.669,34.331
Bangladesh,2012,BGD,155070110.0,458456647637.0,85.275,0.55,59.704,0.385,172.465,1.112,295.028,1902.543,0.644,70.062,71.61,16.178,71.521,28.479
Botswana,2012,BWA,2108617.0,27014847416.0,6.837,3.243,5.077,2.408,18.382,8.717,19.299,9152.468,0.714,45.678,134.5,2.315,35.601,64.399
Kuwait,2012,KWT,3337025.0,214560063974.0,39.482,11.832,101.201,30.327,141.687,42.459,422.8,126699.711,1.971,8.53,91.82,0.36,0.0,100.0
Saint Lucia,2012,LCA,172595.0,1630854000.0,0.058,0.335,0.487,2.823,0.513,2.971,1.815,10518.801,1.113,16.295,102.38,2.369,81.381,18.619
Mauritius,2012,MUS,1289174.0,21931705213.0,0.558,0.433,3.964,3.075,4.73,3.669,21.634,16781.137,0.986,43.565,101.73,3.607,59.963,40.037
Slovakia,2012,SVK,5404877.0,122144694992.0,6.009,1.112,35.961,6.654,62.985,11.653,189.893,35133.703,1.555,40.081,118.03,1.795,45.724,54.276
Tajikistan,2012,TJK,8014087.0,25498307279.0,5.814,0.725,2.934,0.366,10.458,1.305,29.919,3733.26,1.173,26.215,63.01,23.327,73.59,26.41
Democratic Republic of Congo,2012,COD,73254623.0,55604951736.0,38.701,0.528,2.797,0.038,876.404,11.964,19.279,263.181,0.347,13.624,97.94,15.323,59.823,40.177
Seychelles,2012,SYC,99565.0,1991700000.0,0.059,0.593,0.418,4.195,0.498,5.005,4.143,41611.43,2.08,3.261,94.29,2.0,57.274,42.726
Ecuador,2012,ECU,15572195.0,158246726051.0,24.703,1.586,37.493,2.408,80.43,5.165,173.933,11169.487,1.099,30.226,95.69,6.999,37.159,62.841
Egypt,2012,EGY,93161000.0,950287307199.0,52.923,0.568,212.524,2.281,289.324,3.106,979.905,10518.4,1.031,3.713,101.24,11.273,57.188,42.812
Myanmar,2012,MMR,49837451.0,210159799971.0,68.663,1.378,11.826,0.237,225.059,4.516,75.687,1518.668,0.36,19.213,77.76,30.59,70.604,29.396
Tunisia,2012,TUN,11009649.0,115430801370.0,9.153,0.831,28.194,2.561,42.269,3.839,92.537,8405.116,0.802,63.865,88.59,8.3,32.79,67.21
Turkmenistan,2012,TKM,5808548.0,87581261691.0,23.299,4.011,66.939,11.524,101.094,17.404,315.572,54328.891,3.603,73.576,95.49,8.501,53.04,46.96
Iceland,2012,ISL,320851.0,11841375384.0,0.587,1.83,3.499,10.906,4.73,14.743,56.898,177335.031,4.805,18.675,94.14,6.489,6.485,93.515
Hungary,2012,HUN,9916621.0,205802052322.0,9.637,0.972,46.72,4.711,56.597,5.707,251.116,25322.736,1.22,58.964,91.45,3.889,30.423,69.577
North Macedonia,2012,MKD,2027288.0,23095684802.0,1.937,0.955,8.457,4.171,13.356,6.588,31.354,15466.217,1.358,50.238,98.6,9.105,41.608,58.392
Croatia,2012,HRV,4259233.0,80383800465.0,3.881,0.911,19.05,4.473,29.969,7.036,87.595,20565.84,1.09,23.783,105.68,3.284,44.696,55.304
Zambia,2012,ZMB,14913631.0,50725916750.0,17.892,1.2,4.177,0.28,110.309,7.396,24.019,1610.536,0.474,32.064,96.75,9.322,59.23,40.77
Malawi,2012,MWI,15709577.0,18563980884.0,5.343,0.34,1.041,0.066,19.303,1.229,6.194,394.273,0.334,58.178,73.81,23.529,84.375,15.625
Bosnia and Herzegovina,2012,BIH,3670109.0,35371051813.0,4.808,1.31,22.138,6.032,27.007,7.359,64.642,17613.062,1.828,42.109,110.24,6.138,53.634,46.366
Moldova,2012,MDA,3482629.0,18038303680.0,2.099,0.603,4.766,1.368,5.084,1.46,44.792,12861.652,2.483,74.863,95.91,10.448,60.639,39.361
Estonia,2012,EST,1322615.0,30160490093.0,2.73,2.064,17.761,13.429,21.872,16.537,73.488,55562.555,2.437,22.55,95.06,3.284,32.037,67.963
Mozambique,2012,MOZ,24337849.0,21365393250.0,19.265,0.792,3.052,0.125,74.013,3.041,38.986,1601.851,1.825,50.966,95.51,25.518,68.568,31.432
Kenya,2012,KEN,43888306.0,122504792826.0,40.598,0.925,11.246,0.256,94.579,2.155,59.439,1354.332,0.485,49.67,103.41,18.83,68.144,31.856
Burundi,2012,BDI,10071033.0,7086796000.0,3.006,0.298,0.392,0.039,6.979,0.693,1.771,175.833,0.25,72.43,91.13,35.51,87.776,12.224
Honduras,2012,HND,8715081.0,37443688294.0,7.824,0.898,9.108,1.045,30.006,3.443,36.215,4155.432,0.967,30.012,96.43,13.566,47.336,52.664
Trinidad and Tobago,2012,TTO,1403814.0,42669299120.0,6.037,4.301,46.159,32.881,53.252,37.934,225.92,160933.156,5.295,10.526,113.28,0.624,46.075,53.925
Latvia,2012,LVA,2034639.0,40536567235.0,2.438,1.198,7.52,3.696,14.265,7.011,46.287,22749.254,1.142,29.585,90.49,3.533,32.167,67.833
Nicaragua,2012,NIC,5901290.0,25065728000.0,9.084,1.539,4.534,0.768,39.784,6.742,20.729,3512.634,0.827,42.156,86.15,17.612,42.768,57.232
Austria,2012,AUT,8431599.0,352093108730.0,9.423,1.118,67.26,7.977,80.307,9.525,414.402,49148.723,1.177,33.146,97.66,1.418,32.791,67.209
Mexico,2012,MEX,116818208.0,1774999946047.0,137.234,1.175,501.492,4.293,711.128,6.087,2241.891,19191.277,1.263,51.705,95.04,3.049,23.341,76.659
Hong Kong,2012,HKG,7201059.0,319384208506.0,4.567,0.634,42.738,5.935,47.891,6.651,316.489,43950.406,0.991,4.857,95.28,0.055,0.0,100.0
Kyrgyzstan,2012,KGZ,5696521.0,22049906072.0,5.169,0.907,10.087,1.771,18.946,3.326,51.419,9026.362,2.332,55.221,89.64,16.654,64.781,35.219
Syria,2012,SYR,22759763.0,98907693956.0,13.561,0.596,46.339,2.036,65.139,2.862,204.215,8972.617,2.065,75.81,114.67,23.432,34.91,65.09
Laos,2012,LAO,6518981.0,30756620000.0,8.834,1.355,3.328,0.511,77.706,11.92,16.612,2548.289,0.54,9.783,112.69,18.548,68.258,31.742
United Arab Emirates,2012,ARE,7497122.0,577394943300.0,30.934,4.126,208.324,27.787,241.318,32.188,1074.1,143268.297,1.86,5.304,86.69,0.628,16.236,83.764
Nigeria,2012,NGA,176200627.0,908380661120.0,238.341,1.353,110.125,0.625,361.051,2.049,350.17,1987.339,0.385,73.755,90.28,21.86,46.698,53.302
Georgia,2012,GEO,3839208.0,46970386649.0,3.31,0.862,8.294,2.16,9.65,2.514,41.902,10914.35,0.892,35.041,87.28,8.566,43.832,56.168
Slovenia,2012,SVN,2053322.0,52342432631.0,3.304,1.609,15.765,7.678,24.918,12.135,81.659,39769.223,1.56,30.368,101.43,1.826,50.238,49.762
Sao Tome and Principe,2012,STP,189452.0,588711000.0,0.06,0.317,0.11,0.58,0.196,1.037,0.605,3192.302,1.027,36.458,85.55,13.068,32.966,67.034
Germany,2012,DEU,80916391.0,3482225441398.0,73.017,0.902,814.093,10.061,928.365,11.473,3761.916,46491.398,1.08,47.811,96.99,0.911,19.607,80.393
Malaysia,2012,MYS,29662835.0,587985572583.0,27.145,0.915,212.994,7.18,448.654,15.125,1040.679,35083.586,1.77,23.83,84.87,9.794,28.032,71.968
Czechia,2012,CZE,10507339.0,276891945353.0,13.69,1.303,111.276,10.59,132.114,12.574,499.438,47532.332,1.804,45.654,93.63,2.232,26.775,73.225
Niger,2012,NER,17836770.0,14364207370.0,17.534,0.983,1.852,0.104,57.764,3.238,9.174,514.329,0.639,35.353,95.03,33.681,83.786,16.214
Cyprus,2012,CYP,1165403.0,26675451028.0,0.843,0.724,7.262,6.231,7.46,6.401,31.605,27119.346,1.185,12.652,105.85,2.001,32.699,67.301
Rwanda,2012,RWA,10829904.0,15700063621.0,3.98,0.367,0.718,0.066,8.552,0.79,3.888,359.024,0.248,79.408,89.91,24.765,83.059,16.941
Guatemala,2012,GTM,15089639.0,103492749162.0,13.893,0.921,11.347,0.752,50.506,3.347,55.158,3655.377,0.533,39.776,76.05,10.723,47.648,52.352
Lithuania,2012,LTU,2988334.0,61745948022.0,4.35,1.456,14.054,4.703,26.795,8.966,68.632,22966.498,1.112,45.349,98.88,4.0,33.146,66.854
Barbados,2012,BRB,276949.0,3415680000.0,0.169,0.61,1.554,5.612,1.738,6.277,7.279,26282.139,2.131,30.233,94.95,1.649,40.763,59.237
Mauritania,2012,MRT,3619035.0,10792467000.0,7.668,2.119,2.448,0.676,13.79,3.81,10.324,2852.738,0.957,38.527,92.89,16.086,51.727,48.273
Italy,2012,ITA,60531522.0,2047959835066.0,50.658,0.837,403.444,6.665,444.475,7.343,1959.975,32379.41,0.957,46.426,108.77,1.909,31.239,68.761
Jamaica,2012,JAM,2772432.0,19123987392.0,0.828,0.299,7.887,2.845,10.392,3.748,32.511,11726.472,1.7,38.763,91.99,5.771,45.752,54.248
Afghanistan,2012,AFG,30560036.0,59166900000.0,15.133,0.495,9.731,0.318,30.964,1.013,39.021,1276.868,0.66,58.13,101.31,24.391,76.657,23.343
Malta,2012,MLT,426616.0,10339580228.0,0.157,0.369,2.749,6.444,2.944,6.901,27.507,64478.266,2.66,32.188,101.21,1.091,5.637,94.363
Peru,2012,PER,29550367.0,259737230567.0,29.471,0.997,45.509,1.54,132.431,4.482,256.725,8687.723,0.988,18.792,91.33,6.725,21.351,78.649
Ghana,2012,GHA,26734273.0,93421855305.0,13.298,0.497,12.641,0.473,50.489,1.889,56.374,2108.66,0.603,54.278,89.8,22.131,48.08,51.92
Yemen,2012,YEM,28433655.0,99959450246.0,16.81,0.591,20.467,0.72,42.042,1.479,72.608,2553.602,0.726,44.512,94.72,16.99,68.797,31.203
Spain,2012,ESP,47018323.0,1433478645419.0,45.211,0.962,277.432,5.901,326.7,6.948,1647.511,35039.766,1.149,53.861,94.11,2.398,21.154,78.846
Poland,2012,POL,38247867.0,856266755052.0,54.782,1.432,325.778,8.518,382.93,10.012,1127.927,29489.93,1.317,47.446,95.52,2.986,39.366,60.634
Philippines,2012,PHL,100175511.0,631700459807.0,72.263,0.721,87.476,0.873,243.033,2.426,359.886,3592.559,0.57,41.688,93.45,13.096,52.082,47.918
Israel,2012,ISR,7607781.0,225909436249.0,6.85,0.9,74.781,9.83,84.185,11.066,282.727,37162.938,1.252,24.316,92.04,1.493,8.272,91.728
Jamaica,2013,JAM,2783689.0,19166827044.0,0.827,0.297,8.467,3.042,10.607,3.811,35.369,12705.904,1.845,38.67,92.98,5.97,45.451,54.549
Mauritania,2013,MRT,3734324.0,11410722000.0,7.859,2.105,2.169,0.581,13.657,3.657,9.237,2473.533,0.809,38.527,95.22,16.283,50.645,49.355
Laos,2013,LAO,6611385.0,33213895000.0,8.834,1.336,4.198,0.635,84.166,12.73,18.616,2815.821,0.561,10.149,86.74,17.93,67.774,32.226
Malawi,2013,MWI,16161816.0,19529310978.0,5.505,0.341,1.12,0.069,22.111,1.368,6.322,391.172,0.324,58.814,82.16,23.849,84.303,15.697
Egypt,2013,EGY,95333551.0,984556585202.0,51.534,0.541,219.087,2.298,293.691,3.081,973.269,10209.089,0.989,3.748,102.19,11.274,57.249,42.751
Guatemala,2013,GTM,15387339.0,107099471666.0,14.237,0.925,12.493,0.812,58.936,3.83,59.213,3848.17,0.553,39.408,78.94,10.356,47.219,52.781
Japan,2013,JPN,127723642.0,4621006950566.0,33.943,0.266,1311.876,10.271,1351.01,10.578,5576.221,43658.484,1.207,13.421,100.8,1.067,8.848,91.152
Qatar,2013,QAT,2032650.0,327388964338.0,23.225,11.426,91.433,44.982,115.297,56.723,483.727,237978.625,1.478,6.047,92.6,0.096,1.164,98.836
Algeria,2013,DZA,38414176.0,512373332647.0,59.81,1.557,141.534,3.684,209.305,5.449,536.977,13978.61,1.048,17.396,96.37,9.12,31.054,68.946
Chile,2013,CHL,17687006.0,371454072393.0,21.995,1.244,81.733,4.621,131.036,7.409,413.759,23393.406,1.114,18.448,99.09,3.473,12.817,87.183
Ireland,2013,IRL,4624686.0,222738952818.0,17.903,3.871,37.279,8.061,67.193,14.529,164.997,35677.523,0.741,64.988,89.2,1.07,37.595,62.405
United Kingdom,2013,GBR,64389386.0,2296252599482.0,47.803,0.742,477.611,7.418,571.726,8.879,2388.473,37094.207,1.04,71.302,94.7,0.641,18.543,81.457
Bulgaria,2013,BGR,7264605.0,109643527181.0,9.284,1.278,42.583,5.862,52.799,7.268,198.108,27270.346,1.807,46.011,104.65,4.515,27.037,72.963
Lebanon,2013,LBN,5743441.0,71116324024.0,3.183,0.554,22.164,3.859,26.39,4.595,86.977,15143.684,1.223,64.516,95.17,3.955,11.783,88.217
Serbia,2013,SRB,7276183.0,93027618312.0,7.467,1.026,44.576,6.126,41.275,5.673,172.298,23679.709,1.852,39.918,102.16,6.3,40.389,59.611
Mongolia,2013,MNG,2851887.0,33619040000.0,23.56,8.261,43.478,15.245,77.095,27.033,47.489,16651.838,1.413,73.225,80.13,13.414,32.022,67.978
Madagascar,2013,MDG,24109290.0,30395500923.0,21.828,0.905,3.061,0.127,66.823,2.772,12.704,526.938,0.418,70.29,98.22,26.493,71.34,28.66
Belgium,2013,BEL,11160277.0,425993254852.0,12.446,1.115,102.816,9.213,125.772,11.27,701.919,62894.422,1.648,44.061,94.45,0.765,14.258,85.742
Portugal,2013,PRT,10458287.0,250405237435.0,9.23,0.883,48.146,4.604,59.408,5.681,289.661,27696.83,1.157,40.403,95.11,2.042,38.859,61.141
Italy,2013,ITA,60653864.0,2010255414011.0,49.341,0.813,369.461,6.091,412.456,6.8,1863.063,30716.307,0.927,46.091,103.92,2.058,30.693,69.307
Paraguay,2013,PRY,5982447.0,51734453611.0,24.603,4.113,5.169,0.864,86.775,14.505,34.457,5759.684,0.666,49.087,85.33,12.865,39.762,60.238
Turkey,2013,TUR,76403032.0,1551491738617.0,76.338,0.999,350.634,4.589,458.164,5.997,1412.188,18483.398,0.91,49.924,94.72,6.65,21.478,78.522
Thailand,2013,THA,69845112.0,962095812070.0,105.641,1.512,263.754,3.776,451.94,6.471,1312.864,18796.785,1.365,44.699,98.46,11.322,54.168,45.832
Cyprus,2013,CYP,1183899.0,24918237857.0,0.806,0.681,6.578,5.556,6.732,5.686,28.278,23885.867,1.135,11.778,99.61,2.036,32.79,67.21
Niger,2013,NER,18519899.0,15127089342.0,18.643,1.007,2.078,0.112,49.568,2.676,10.324,557.46,0.682,36.064,86.98,32.235,83.784,16.216
Czechia,2013,CZE,10511164.0,276764861619.0,13.067,1.243,106.71,10.152,128.309,12.207,490.221,46638.129,1.771,45.597,95.57,2.348,26.838,73.162
Malaysia,2013,MYS,30174269.0,615585637854.0,26.951,0.893,241.671,8.009,512.12,16.972,1089.044,36091.805,1.769,24.53,89.94,9.113,27.512,72.488
Sao Tome and Principe,2013,STP,193158.0,619718000.0,0.061,0.317,0.11,0.569,0.273,1.414,0.605,3131.053,0.976,36.458,87.26,13.407,32.869,67.131
Slovenia,2013,SVN,2056452.0,51803647300.0,3.167,1.54,15.137,7.361,23.812,11.579,80.779,39280.562,1.559,30.298,95.85,1.831,49.953,50.047
Georgia,2013,GEO,3809128.0,48668828674.0,3.43,0.9,8.028,2.108,7.652,2.009,46.883,12308.174,0.963,35.776,93.4,9.215,43.382,56.618
South Korea,2013,KOR,50071168.0,1700045113031.0,28.333,0.566,634.581,12.674,667.713,13.335,3242.374,64755.305,1.907,18.154,96.95,1.995,18.173,81.827
Nigeria,2013,NGA,181049440.0,957382666012.0,228.363,1.261,117.401,0.648,360.019,1.989,453.333,2503.916,0.474,73.548,98.47,20.759,45.887,54.113
Austria,2013,AUT,8481411.0,352182904722.0,9.544,1.125,67.759,7.989,81.276,9.583,410.852,48441.508,1.167,32.918,98.02,1.278,32.702,67.298
United Arab Emirates,2013,ARE,7831851.0,606587973942.0,32.36,4.132,214.188,27.348,248.773,31.764,1131.859,144520.031,1.866,5.342,87.85,0.631,16.044,83.956
Rwanda,2013,RWA,11093340.0,16440168692.0,4.065,0.366,0.779,0.07,8.671,0.782,4.071,366.961,0.248,80.259,93.6,24.92,82.926,17.074
Cambodia,2013,KHM,15170210.0,41183075555.0,21.768,1.435,5.626,0.371,79.991,5.273,26.173,1725.298,0.636,31.452,100.36,24.447,74.236,25.764
Syria,2013,SYR,21666921.0,72894799336.0,10.681,0.493,34.257,1.581,49.284,2.275,148.978,6875.813,2.044,75.81,107.66,25.105,26.938,73.062
Kyrgyzstan,2013,KGZ,5797294.0,24456653043.0,5.711,0.985,9.734,1.679,19.355,3.339,48.523,8369.903,1.984,55.04,91.2,14.638,64.815,35.185
Hong Kong,2013,HKG,7264330.0,329290162080.0,4.608,0.634,44.31,6.1,49.481,6.811,325.028,44742.965,0.987,4.857,104.61,0.057,0.0,100.0
Netherlands,2013,NLD,16967066.0,735982982299.0,22.363,1.318,164.925,9.72,203.779,12.01,1062.885,62644.008,1.444,54.841,91.73,1.845,10.825,89.175
Senegal,2013,SEN,13710857.0,32167998974.0,9.897,0.722,7.853,0.573,22.045,1.608,28.245,2060.026,0.878,46.58,98.11,13.725,54.96,45.04
Nepal,2013,NPL,27589997.0,64655772000.0,26.43,0.958,6.218,0.225,47.879,1.735,21.681,785.825,0.335,28.296,95.72,28.623,35.869,64.131
Ghana,2013,GHA,27386193.0,100187456075.0,14.567,0.532,12.61,0.46,52.616,1.921,59.633,2177.473,0.595,54.773,93.21,20.37,47.501,52.499
Uganda,2013,UGA,35337050.0,66855286085.0,26.415,0.748,3.755,0.106,53.884,1.525,19.117,540.982,0.286,71.888,97.81,26.03,77.263,22.737
Dominica,2013,DMA,69733.0,667585000.0,0.057,0.821,0.158,2.259,0.177,2.545,0.691,9915.615,1.036,33.333,100.38,14.071,30.88,69.12
Sweden,2013,SWE,9600620.0,399973749048.0,8.523,0.888,45.106,4.698,64.433,6.711,603.543,62865.043,1.509,7.453,96.3,1.231,14.075,85.925
Bahrain,2013,BHR,1257206.0,47813841200.0,23.707,18.857,31.228,24.839,55.125,43.847,203.591,161939.016,4.258,11.078,86.43,0.264,0.0,100.0
France,2013,FRA,64387736.0,2414733629218.0,76.53,1.189,360.013,5.591,432.705,6.72,2925.053,45428.73,1.211,53.388,96.66,1.361,22.756,77.244
China,2013,CHN,1379008040.0,15925464549520.0,1330.891,0.965,9942.371,7.21,11692.455,8.479,33852.566,24548.49,2.126,55.943,97.34,8.784,45.51,54.49
Colombia,2013,COL,46151583.0,569534665242.0,80.192,1.738,86.445,1.873,330.769,7.167,485.04,10509.707,0.852,40.393,96.72,5.393,22.968,77.032
Cape Verde,2013,CPV,512231.0,3310254000.0,0.141,0.275,0.495,0.966,0.733,1.432,3.434,6704.588,1.037,19.603,96.82,5.824,35.251,64.749
Argentina,2013,ARG,42582453.0,849088398588.0,109.297,2.567,189.525,4.451,403.474,9.475,1009.449,23705.746,1.189,44.922,100.05,6.053,8.699,91.301
Mali,2013,MLI,17459619.0,20814126326.0,20.548,1.177,2.743,0.157,50.507,2.893,12.084,692.098,0.581,34.117,88.22,28.497,75.297,24.703
Lesotho,2013,LSO,2056509.0,4954224000.0,1.633,0.794,2.125,1.033,4.974,2.419,3.312,1610.642,0.669,74.18,91.35,5.064,68.759,31.241
Mexico,2013,MEX,118343572.0,1803059285337.0,138.822,1.173,495.412,4.186,707.327,5.977,2242.857,18952.084,1.244,51.177,96.3,3.025,23.204,76.796
Nicaragua,2013,NIC,5983852.0,26206803000.0,9.523,1.591,4.586,0.766,37.15,6.208,21.391,3574.803,0.816,42.156,96.04,16.491,42.573,57.427
Latvia,2013,LVA,2013004.0,41350512828.0,2.44,1.212,7.369,3.661,13.132,6.524,44.583,22147.385,1.078,30.164,92.57,3.212,32.153,67.847
Trinidad and Tobago,2013,TTO,1412658.0,44309506041.0,5.96,4.219,45.799,32.421,52.575,37.217,228.579,161807.719,5.159,10.526,112.92,0.713,46.074,53.926
Honduras,2013,HND,8889276.0,38446700070.0,8.006,0.901,9.328,1.049,29.677,3.339,36.737,4132.692,0.956,30.119,95.77,12.191,46.644,53.356
Burundi,2013,BDI,10439346.0,7430922000.0,3.787,0.363,0.436,0.042,7.951,0.762,1.948,186.6,0.262,73.481,74.94,38.367,87.033,12.967
Mozambique,2013,MOZ,25051613.0,22853277292.0,20.526,0.819,3.579,0.143,76.559,3.056,44.294,1768.1,1.938,51.271,97.97,24.253,68.338,31.662
Estonia,2013,EST,1317920.0,30600421813.0,2.607,1.978,19.634,14.898,23.82,18.074,77.463,58776.996,2.531,22.199,99.77,3.047,31.908,68.092
Jordan,2013,JOR,7991812.0,83495396478.0,4.279,0.535,24.061,3.011,30.515,3.818,98.371,12308.972,1.178,11.901,92.15,3.583,13.537,86.463
Gambia,2013,GMB,2103825.0,3327261000.0,1.448,0.688,0.429,0.204,2.913,1.385,2.043,971.193,0.614,63.636,94.81,26.222,42.03,57.97
Armenia,2013,ARM,2922526.0,27542825799.0,1.662,0.569,5.535,1.894,9.309,3.185,39.183,13407.281,1.423,59.115,87.51,18.435,35.642,64.358
Iran,2013,IRN,80414689.0,1287095594893.0,135.631,1.687,609.997,7.586,759.054,9.439,2674.244,33255.664,2.078,28.214,103.97,8.775,27.697,72.303
Central African Republic,2013,CAF,4642423.0,2929689000.0,11.573,2.493,0.103,0.022,29.617,6.38,0.746,160.76,0.255,7.861,99.29,32.259,60.696,39.304
United States,2013,USA,320110752.0,16122472460312.0,748.067,2.337,5473.436,17.099,6488.665,20.27,25728.629,80374.148,1.596,46.333,98.78,1.321,19.339,80.661
Moldova,2013,MDA,3408741.0,19669685322.0,2.076,0.609,4.899,1.437,5.694,1.671,43.975,12900.738,2.236,74.848,97.34,11.55,60.572,39.428
Bosnia and Herzegovina,2013,BIH,3610857.0,36202157063.0,4.74,1.313,21.801,6.038,26.23,7.264,60.354,16714.635,1.667,42.207,102.96,6.841,53.305,46.695
Zambia,2013,ZMB,15399000.0,53291123090.0,18.286,1.188,4.427,0.287,102.836,6.678,25.061,1627.473,0.47,31.931,107.1,8.227,58.832,41.168
North Macedonia,2013,MKD,2013280.0,23771197646.0,1.892,0.94,7.452,3.702,11.34,5.633,30.12,14960.775,1.267,49.96,99.84,10.027,41.421,58.579
Hungary,2013,HUN,9889344.0,209511661762.0,9.527,0.963,43.487,4.397,54.439,5.505,238.041,24070.496,1.136,58.069,88.52,3.923,30.072,69.928
Iceland,2013,ISL,323891.0,12380449213.0,0.579,1.787,3.489,10.772,4.676,14.437,58.717,181285.359,4.743,18.675,93.38,5.794,6.383,93.617
Turkmenistan,2013,TKM,5939348.0,87286119372.0,24.61,4.144,64.34,10.833,98.09,16.515,267.651,45064.047,3.066,75.146,96.04,8.474,53.021,46.979
Angola,2013,AGO,26165616.0,160032073258.0,54.453,2.081,25.71,0.983,205.22,7.843,93.416,3570.166,0.584,36.487,94.03,10.33,37.867,62.133
Panama,2013,PAN,3825333.0,67546261000.0,4.205,1.099,10.274,2.686,22.485,5.878,91.481,23914.467,1.354,30.172,97.1,3.054,34.629,65.371
Costa Rica,2013,CRI,4716153.0,60973369897.0,4.458,0.945,7.584,1.608,17.646,3.742,39.867,8453.235,0.654,35.272,98.36,4.783,26.057,73.943
Comoros,2013,COM,696203.0,1217488000.0,0.348,0.5,0.183,0.263,0.611,0.877,0.782,1122.823,0.642,71.467,106.42,30.79,70.296,29.704
Lithuania,2013,LTU,2958359.0,63937849304.0,4.211,1.423,13.148,4.444,26.563,8.979,63.416,21436.043,0.992,46.133,97.88,3.534,32.991,67.009
Yemen,2013,YEM,29312955.0,104781489392.0,18.21,0.621,27.281,0.931,50.074,1.708,102.472,3495.781,0.978,44.508,105.16,17.685,68.557,31.443
Sierra Leone,2013,SLE,6714057.0,11029545000.0,5.023,0.748,1.052,0.157,24.145,3.596,4.636,690.481,0.42,54.706,101.97,30.123,60.108,39.892
Equatorial Guinea,2013,GNQ,1346220.0,30419136000.0,8.099,6.016,8.168,6.068,18.158,13.488,32.788,24355.91,1.078,3.708,87.78,1.192,37.788,62.212
Myanmar,2013,MMR,50262658.0,226760324221.0,69.486,1.382,12.715,0.253,225.069,4.478,87.861,1748.04,0.387,19.273,84.89,29.534,70.49,29.51
Ecuador,2013,ECU,15807132.0,166075183974.0,25.231,1.596,39.685,2.511,90.648,5.735,179.509,11356.213,1.081,30.25,102.67,6.963,37.116,62.884
Seychelles,2013,SYC,102108.0,2096276000.0,0.06,0.589,0.414,4.055,0.494,4.837,3.73,36527.234,1.779,3.37,85.51,2.713,57.185,42.815
Democratic Republic of Congo,2013,COD,75789397.0,60956372609.0,40.912,0.54,3.921,0.052,900.805,11.886,24.895,328.477,0.408,13.864,98.17,13.674,59.432,40.568
Australia,2013,AUS,23236271.0,1086068056518.0,153.629,6.612,397.85,17.122,693.835,29.86,1555.586,66946.461,1.432,48.394,95.07,2.291,13.426,86.574
Tajikistan,2013,TJK,8216733.0,27385180748.0,6.049,0.736,2.908,0.354,11.367,1.383,31.646,3851.428,1.156,26.457,71.26,21.321,73.512,26.488
Slovakia,2013,SVK,5410422.0,122917618179.0,5.921,1.094,35.622,6.584,65.305,12.07,194.587,35965.223,1.583,39.374,117.96,2.074,45.862,54.138
Mauritius,2013,MUS,1290988.0,22668609990.0,0.557,0.431,4.067,3.15,5.471,4.238,21.896,16960.322,0.966,43.065,102.67,3.293,60.089,39.911
Kenya,2013,KEN,44986794.0,127157517259.0,40.338,0.897,12.163,0.27,87.363,1.942,64.054,1423.846,0.504,49.793,104.19,18.617,68.168,31.832
Ukraine,2013,UKR,46126760.0,472286166147.0,79.455,1.723,297.54,6.45,413.975,8.975,1369.568,29691.408,2.9,71.681,105.77,8.692,31.067,68.933
Libya,2013,LBY,6304636.0,121351322417.0,24.399,3.87,51.344,8.144,77.037,12.219,231.857,36775.57,1.911,8.727,125.99,2.415,11.955,88.045
Namibia,2013,NAM,2252505.0,20316276333.0,5.484,2.435,3.004,1.334,15.735,6.985,18.234,8094.935,0.898,47.139,105.93,7.821,55.889,44.111
Barbados,2013,BRB,277669.0,3412801000.0,0.165,0.596,1.54,5.546,1.714,6.173,7.386,26601.328,2.164,29.07,91.52,1.818,40.761,59.239
Eswatini,2013,SWZ,1130000.0,8126636123.0,1.216,1.076,1.315,1.164,1.705,1.509,5.309,4697.807,0.653,70.857,105.11,8.375,77.188,22.812
Dominican Republic,2013,DOM,10193838.0,121118130894.0,10.318,1.012,20.842,2.045,33.252,3.262,87.873,8620.207,0.726,50.075,95.08,4.994,25.775,74.225
Tanzania,2013,TZA,48824134.0,116340969671.0,48.186,0.987,11.251,0.23,174.723,3.579,45.602,934.002,0.392,42.94,93.0,26.791,69.927,30.073
Iraq,2013,IRQ,35281987.0,422107689937.0,113.302,3.211,141.704,4.016,272.842,7.733,485.448,13759.076,1.15,20.467,110.53,4.768,30.556,69.444
Saint Lucia,2013,LCA,173380.0,1636031000.0,0.058,0.334,0.487,2.811,0.505,2.913,1.811,10444.183,1.107,16.295,95.65,2.624,81.074,18.926
Kuwait,2013,KWT,3507755.0,217029672079.0,39.35,11.218,83.047,23.675,123.458,35.196,448.585,127883.844,2.067,8.62,75.03,0.355,0.0,100.0
Botswana,2013,BWA,2140687.0,30014304729.0,6.005,2.805,5.663,2.645,21.05,9.833,19.156,8948.596,0.638,45.669,121.06,1.994,35.242,64.758
Bangladesh,2013,BGD,156532134.0,486135250102.0,85.88,0.549,64.763,0.414,176.806,1.13,306.577,1958.554,0.631,69.97,83.42,15.493,71.159,28.841
Guinea,2013,GIN,11191874.0,14709018009.0,16.717,1.494,2.077,0.186,96.626,8.634,9.991,892.738,0.679,63.69,92.94,17.545,65.419,34.581
Sri Lanka,2013,LKA,21358829.0,220937614421.0,10.691,0.501,14.143,0.662,39.502,1.849,79.214,3708.73,0.359,43.693,91.88,7.925,81.568,18.432
Brazil,2013,BRA,198478290.0,3116394665745.0,506.459,2.552,531.569,2.678,2568.796,12.942,3500.955,17638.982,1.123,27.996,97.96,4.507,14.832,85.168
Cameroon,2013,CMR,21402379.0,59069016946.0,19.499,0.911,7.853,0.367,69.19,3.233,27.009,1261.96,0.457,20.626,82.35,16.724,48.052,51.948
Denmark,2013,DNK,5615333.0,245578374484.0,9.632,1.715,41.763,7.437,60.037,10.692,211.702,37700.766,0.862,65.7,99.05,1.257,12.456,87.544
Tunisia,2013,TUN,11141365.0,118235775346.0,9.021,0.81,28.773,2.583,40.303,3.617,97.825,8780.315,0.827,64.0,91.26,7.969,32.5,67.5
Morocco,2013,MAR,33787573.0,256393198875.0,25.18,0.745,56.606,1.675,88.73,2.626,213.979,6333.073,0.835,68.53,92.26,12.358,40.092,59.908
Russia,2013,RUS,144604105.0,3500216789791.0,385.321,2.665,1637.547,11.324,2371.683,16.401,8032.525,55548.391,2.295,13.158,94.84,2.994,25.924,74.076
Romania,2013,ROU,20062913.0,357789262640.0,21.069,1.05,78.795,3.927,106.361,5.301,369.577,18420.879,1.033,60.449,91.86,5.51,46.09,53.91
Congo,2013,COG,4857104.0,28654592534.0,14.635,3.013,5.89,1.213,45.101,9.286,29.193,6010.349,1.019,31.13,98.38,4.26,37.132,62.868
South Africa,2013,ZAF,54678789.0,677278303675.0,87.75,1.605,456.188,8.343,565.257,10.338,1430.569,26163.137,2.112,79.418,93.51,1.927,36.948,63.052
Indonesia,2013,IDN,255852464.0,2437876929100.0,299.584,1.171,493.435,1.929,1978.383,7.733,1824.511,7131.105,0.748,27.354,94.01,13.357,48.169,51.831
Djibouti,2013,DJI,984833.0,2157408000.0,1.055,1.071,0.381,0.387,1.732,1.759,3.727,3784.87,1.728,73.46,129.9,1.194,29.203,70.797
New Zealand,2013,NZL,4453857.0,149512485774.0,37.329,8.381,35.219,7.908,91.84,20.62,239.573,53789.949,1.602,42.178,93.34,7.03,14.292,85.708
Belarus,2013,BLR,9464454.0,177632980571.0,18.061,1.908,64.152,6.778,107.009,11.306,294.205,31085.303,1.656,42.932,98.74,6.809,24.05,75.95
Saudi Arabia,2013,SAU,28026825.0,1461615692896.0,99.461,3.549,583.178,20.808,689.07,24.586,2731.22,97450.227,1.869,80.808,99.95,2.148,17.393,82.607
Burkina Faso,2013,BFA,17695411.0,24314382909.0,18.609,1.052,2.809,0.159,51.86,2.931,13.013,735.404,0.535,48.117,104.3,23.641,74.894,25.106
India,2013,IND,1295829507.0,6424470752490.0,758.221,0.585,1995.337,1.54,3124.772,2.411,7163.062,5527.781,1.115,60.439,89.71,17.148,68.09,31.91
Pakistan,2013,PAK,211073979.0,918328534363.0,164.96,0.782,148.183,0.702,371.964,1.762,775.379,3673.495,0.844,47.063,98.38,23.708,64.568,35.432
Finland,2013,FIN,5439057.0,202349011206.0,7.981,1.467,51.719,9.509,88.982,16.36,341.801,62841.867,1.689,7.432,96.84,2.212,29.326,70.674
Cote d'Ivoire,2013,CIV,23939775.0,69113673482.0,12.053,0.503,9.68,0.404,146.133,6.104,45.178,1887.155,0.654,70.887,99.35,15.343,51.43,48.57
Cuba,2013,CUB,11298163.0,83013750000.0,14.159,1.253,27.894,2.469,39.601,3.505,124.857,11051.086,1.504,60.855,96.01,3.925,23.184,76.816
Haiti,2013,HTI,10222365.0,17085684000.0,8.62,0.843,2.703,0.264,18.315,1.792,10.786,1055.107,0.631,75.036,100.37,19.327,51.895,48.105
Uzbekistan,2013,UZB,29724065.0,239100684823.0,47.429,1.596,112.395,3.781,171.618,5.774,545.587,18355.062,2.282,57.505,87.87,27.811,48.872,51.128
Switzerland,2013,CHE,8091199.0,481081829913.0,5.518,0.682,43.183,5.337,51.056,6.31,359.146,44387.238,0.747,38.585,98.87,0.663,25.888,74.112
Singapore,2013,SGP,5385589.0,349985256634.0,4.352,0.808,47.0,8.727,52.73,9.791,843.129,156552.797,2.409,0.948,96.48,0.034,0.0,100.0
Ethiopia,2013,ETH,98438752.0,128310309167.0,93.758,0.952,9.744,0.099,286.604,2.911,45.918,466.467,0.358,32.591,95.05,41.24,81.384,18.616
Germany,2013,DEU,81041581.0,3497463140441.0,71.534,0.883,831.746,10.263,946.155,11.675,3868.517,47734.965,1.106,47.859,97.68,0.927,19.527,80.473
Montenegro,2013,MNE,633199.0,9985414363.0,0.658,1.039,2.151,3.397,0.669,1.056,10.074,15910.187,1.009,16.59,105.1,5.21,35.375,64.625
Greece,2013,GRC,10967534.0,241650188710.0,13.051,1.19,81.713,7.45,91.018,8.299,328.303,29934.105,1.359,55.493,113.89,3.351,22.905,77.095
Luxembourg,2013,LUX,543358.0,29514812514.0,0.592,1.089,10.323,18.999,11.393,20.968,45.692,84092.562,1.548,50.838,88.25,0.262,10.059,89.941
El Salvador,2013,SLV,6138845.0,48017379514.0,3.054,0.497,6.058,0.987,8.74,1.424,30.522,4971.976,0.636,58.803,94.96,5.613,31.912,68.088
Kazakhstan,2013,KAZ,17556502.0,400574375261.0,50.231,2.861,253.533,14.441,338.583,19.285,731.605,41671.484,1.826,80.377,93.25,4.504,44.922,55.078
Uruguay,2013,URY,3345335.0,62217298965.0,23.371,6.986,7.491,2.239,53.04,15.855,48.109,14380.91,0.773,81.972,96.74,7.616,5.116,94.884
Bolivia,2013,BOL,10682612.0,61114326124.0,23.963,2.243,17.778,1.664,129.91,12.161,79.469,7439.076,1.3,35.156,93.6,9.967,32.33,67.67
Norway,2013,NOR,5080126.0,414445317738.0,8.41,1.655,44.539,8.767,60.652,11.939,523.236,102996.664,1.262,2.704,100.11,1.253,20.028,79.972
Canada,2013,CAN,35293421.0,1514296485427.0,123.239,3.492,568.59,16.11,864.227,24.487,4004.351,113458.836,2.644,6.452,89.82,1.894,18.817,81.183
Oman,2013,OMN,3833915.0,152076951430.0,26.736,6.973,65.587,17.107,93.445,24.373,317.62,82844.789,2.089,4.586,126.54,1.142,23.509,76.491
Croatia,2013,HRV,4242403.0,80064089923.0,3.843,0.906,18.401,4.337,23.056,5.435,96.073,22645.891,1.2,28.006,87.85,3.438,44.634,55.366
Azerbaijan,2013,AZE,9504417.0,157913964589.0,12.241,1.288,33.559,3.531,51.03,5.369,154.212,16225.271,0.977,57.705,95.09,5.366,45.818,54.182
Philippines,2013,PHL,102076334.0,674346563689.0,74.003,0.725,94.825,0.929,248.971,2.439,385.732,3778.861,0.572,41.818,96.2,12.473,50.869,49.131
Poland,2013,POL,38259267.0,863601156195.0,53.301,1.393,321.757,8.41,380.849,9.954,1131.318,29569.779,1.31,47.059,94.69,3.227,39.467,60.533
Spain,2013,ESP,46860394.0,1413362053623.0,43.305,0.924,252.109,5.38,302.976,6.465,1578.531,33685.816,1.117,53.444,90.89,2.609,21.014,78.986
Chad,2013,TCD,13691081.0,22902174388.0,41.906,3.061,2.082,0.152,100.792,7.362,4.003,292.356,0.175,39.736,88.83,31.713,77.702,22.298
Peru,2013,PER,29817908.0,274939626306.0,29.701,0.996,42.718,1.433,134.482,4.51,262.581,8806.167,0.955,18.766,94.53,6.668,20.689,79.311
Benin,2013,BEN,10708831.0,19651418479.0,6.057,0.566,4.566,0.426,29.419,2.747,19.485,1819.542,0.992,35.301,97.53,25.275,55.35,44.65
Gabon,2013,GAB,1913061.0,30169739768.0,13.486,7.049,5.19,2.713,28.791,15.05,18.762,9807.213,0.622,8.357,97.89,3.329,12.852,87.148
Malta,2013,MLT,428457.0,10905471410.0,0.155,0.361,2.43,5.671,2.62,6.115,26.091,60896.258,2.393,31.969,101.78,1.02,5.609,94.391
Afghanistan,2013,AFG,31622709.0,62993700000.0,15.176,0.48,8.891,0.281,30.17,0.954,31.869,1007.797,0.506,58.124,96.36,22.811,76.192,23.808
Guinea-Bissau,2013,GNB,1695980.0,2238347369.0,1.936,1.141,0.143,0.084,5.292,3.12,1.506,887.902,0.673,27.486,103.88,38.662,58.702,41.298
Liberia,2013,LBR,4470246.0,3819600000.0,2.212,0.495,0.874,0.196,30.545,6.833,3.679,822.972,0.963,18.237,95.87,35.919,50.302,49.698
Vietnam,2013,VNM,90573103.0,488172621311.0,95.205,1.051,151.459,1.672,370.437,4.09,656.124,7244.138,1.344,34.673,91.87,15.216,68.467,31.533
Togo,2013,TGO,6798851.0,9242968000.0,4.603,0.677,1.635,0.241,9.602,1.412,9.43,1387.025,1.02,70.233,109.9,19.14,61.148,38.852
Albania,2013,ALB,2907571.0,28098562696.0,3.006,1.034,5.346,1.839,9.96,3.425,26.358,9065.398,0.938,43.332,98.36,18.925,45.702,54.298
Israel,2013,ISR,7749369.0,235885601546.0,7.052,0.91,63.095,8.142,73.06,9.428,267.183,34478.062,1.133,24.043,91.24,1.521,8.277,91.723
Zimbabwe,2013,ZWE,14013811.0,23261956135.0,12.111,0.864,11.671,0.833,27.658,1.974,46.43,3313.16,1.996,41.844,113.02,7.145,67.098,32.902
Zimbabwe,2014,ZWE,14207367.0,23818844326.0,11.428,0.804,11.946,0.841,25.44,1.791,44.677,3144.667,1.876,41.839,93.85,8.745,66.837,33.163
Israel,2014,ISR,7897173.0,245129958334.0,7.222,0.915,60.279,7.633,70.029,8.868,260.622,33001.949,1.063,24.848,98.25,1.388,8.285,91.715
Poland,2014,POL,38265113.0,896737189458.0,49.907,1.304,309.415,8.086,363.079,9.489,1089.354,28468.607,1.215,47.108,97.81,2.971,39.566,60.434
Mauritania,2014,MRT,3848511.0,12165303000.0,8.126,2.111,2.563,0.666,14.414,3.745,11.11,2886.787,0.913,38.527,95.56,18.814,49.531,50.469
Albania,2014,ALB,2903748.0,28597169040.0,3.064,1.055,6.072,2.091,10.844,3.734,25.747,8866.902,0.9,42.857,98.23,19.238,45.267,54.733
Togo,2014,TGO,6937647.0,9806234000.0,4.474,0.645,1.491,0.215,8.365,1.206,8.74,1259.841,0.891,70.233,93.89,19.339,60.716,39.284
Liberia,2014,LBR,4564299.0,3843632000.0,2.289,0.502,0.734,0.161,31.428,6.886,4.844,1061.386,1.26,18.546,99.01,35.919,49.78,50.22
Bulgaria,2014,BGR,7223450.0,110703533681.0,8.33,1.153,45.169,6.253,55.441,7.675,211.55,29286.607,1.911,45.846,100.12,4.559,26.916,73.084
Serbia,2014,SRB,7227203.0,91548933459.0,7.321,1.013,37.331,5.165,33.439,4.627,150.18,20779.764,1.64,40.091,96.33,6.117,40.122,59.878
Malta,2014,MLT,434494.0,11737898948.0,0.155,0.356,2.417,5.564,2.608,6.003,26.636,61302.926,2.269,31.969,103.59,1.002,5.587,94.413
Gabon,2014,GAB,1978400.0,31507773384.0,13.411,6.778,5.663,2.863,25.527,12.903,19.923,10070.404,0.632,8.357,98.81,3.621,12.376,87.624
Benin,2014,BEN,11030008.0,21043177203.0,6.077,0.551,4.774,0.433,28.897,2.62,20.727,1879.149,0.985,35.455,97.43,25.618,54.712,45.288
Barbados,2014,BRB,278355.0,3416200000.0,0.167,0.599,1.368,4.913,1.53,5.498,6.413,23038.891,1.877,27.907,94.54,1.752,40.759,59.241
Chad,2014,TCD,14188680.0,24480827952.0,43.919,3.095,2.183,0.154,93.966,6.623,4.16,293.203,0.17,39.895,94.91,31.169,77.471,22.529
Philippines,2014,PHL,103767127.0,717154029846.0,73.825,0.711,100.074,0.964,243.331,2.345,405.675,3909.477,0.566,41.916,97.2,12.272,49.761,50.239
Vietnam,2014,VNM,91679582.0,519523061605.0,95.628,1.043,180.048,1.964,580.111,6.328,723.781,7894.68,1.393,34.699,94.56,14.88,68.052,31.948
Burkina Faso,2014,BFA,18229466.0,25366464630.0,18.975,1.041,2.868,0.157,52.732,2.893,12.132,665.529,0.478,48.687,101.32,23.694,74.619,25.381
Croatia,2014,HRV,4219485.0,79720242860.0,3.793,0.899,17.65,4.183,22.864,5.419,96.009,22753.666,1.204,26.955,98.5,2.939,44.541,55.459
Canada,2014,CAN,35634265.0,1557757464897.0,128.456,3.605,564.938,15.854,879.992,24.695,4009.156,112508.438,2.574,6.459,97.39,1.587,18.789,81.211
Bolivia,2014,BOL,10848889.0,64451770571.0,23.606,2.176,19.9,1.834,115.929,10.686,80.711,7439.606,1.252,35.283,95.82,9.74,31.963,68.037
Uruguay,2014,URY,3356343.0,64232518554.0,24.715,7.364,6.684,1.991,52.556,15.659,46.396,13823.321,0.722,82.705,99.9,6.735,5.01,94.99
Kazakhstan,2014,KAZ,17816285.0,417799078586.0,51.587,2.895,299.137,16.79,395.169,22.18,769.111,43168.984,1.841,80.305,96.97,4.33,44.448,55.552
India,2014,IND,1312277184.0,6875186158349.0,765.858,0.584,2148.052,1.637,3216.867,2.451,7652.732,5831.643,1.113,60.45,94.94,16.792,67.771,32.229
Cuba,2014,CUB,11285780.0,85723464000.0,14.093,1.249,27.366,2.425,40.126,3.555,127.183,11269.271,1.484,60.362,98.02,3.938,23.156,76.844
Luxembourg,2014,LUX,556285.0,30289014849.0,0.596,1.071,9.807,17.629,10.861,19.524,44.274,79589.086,1.462,50.881,93.25,0.29,9.542,90.458
Greece,2014,GRC,10893169.0,242799798246.0,12.916,1.186,78.636,7.219,88.545,8.128,307.91,28266.357,1.268,48.107,101.33,3.533,22.687,77.313
Equatorial Guinea,2014,GNQ,1399829.0,30256854000.0,8.171,5.837,7.641,5.459,16.614,11.868,30.612,21868.369,1.012,3.713,100.25,1.294,34.441,65.559
Germany,2014,DEU,81376078.0,3574741315261.0,70.317,0.864,792.584,9.74,905.698,11.13,3710.465,45596.504,1.038,47.936,99.84,0.916,19.424,80.576
Ethiopia,2014,ETH,101115615.0,141950543442.0,96.784,0.957,11.543,0.114,250.171,2.474,52.719,521.377,0.371,32.746,98.82,38.52,80.974,19.026
Singapore,2014,SGP,5457899.0,363759075569.0,4.53,0.83,47.6,8.721,53.595,9.82,860.464,157654.781,2.365,0.931,94.28,0.035,0.0,100.0
Iceland,2014,ISL,327517.0,12589333385.0,0.601,1.836,3.445,10.519,4.672,14.263,58.63,179012.797,4.657,18.675,95.66,5.224,6.38,93.62
Cote d'Ivoire,2014,CIV,24527393.0,75191536255.0,11.713,0.478,9.903,0.404,245.759,10.02,47.355,1930.718,0.63,72.592,97.83,15.242,50.983,49.017
Finland,2014,FIN,5461686.0,201610622550.0,7.847,1.437,47.622,8.719,86.089,15.762,329.823,60388.477,1.636,7.46,98.1,2.218,29.012,70.988
New Zealand,2014,NZL,4522976.0,154422989929.0,37.788,8.355,35.399,7.827,90.762,20.067,250.675,55422.555,1.623,42.216,98.63,4.772,14.492,85.508
Djibouti,2014,DJI,1002720.0,2286630000.0,1.072,1.069,0.418,0.416,1.789,1.785,4.137,4126.212,1.809,73.46,104.19,1.224,29.11,70.89
Denmark,2014,DNK,5643795.0,249555233739.0,9.603,1.701,37.571,6.657,54.201,9.604,203.564,36068.551,0.816,66.316,99.34,1.353,12.318,87.682
Oman,2014,OMN,4002444.0,154041791696.0,26.999,6.746,66.19,16.537,94.467,23.602,315.968,78943.883,2.051,4.587,93.18,1.113,23.111,76.889
Pakistan,2014,PAK,214264649.0,961516822345.0,170.333,0.795,150.81,0.704,378.128,1.765,786.308,3669.797,0.818,47.027,97.91,23.493,64.34,35.66
Congo,2014,COG,4975887.0,30579326354.0,15.007,3.016,5.471,1.1,36.009,7.237,27.734,5573.689,0.907,31.132,92.96,4.558,36.992,63.008
Belgium,2014,BEL,11210113.0,432717694183.0,12.402,1.106,97.081,8.66,120.213,10.724,650.851,58059.273,1.504,43.889,97.11,0.717,14.015,85.985
South Africa,2014,ZAF,55594840.0,686853872664.0,88.512,1.592,481.638,8.663,590.747,10.626,1448.045,26046.393,2.108,79.418,98.36,2.126,36.865,63.135
Cape Verde,2014,CPV,512334.0,3375218000.0,0.142,0.278,0.491,0.958,0.726,1.418,3.704,7229.522,1.097,19.603,97.23,5.735,34.191,65.809
Romania,2014,ROU,19968179.0,372532510801.0,21.694,1.086,79.335,3.973,107.45,5.381,379.116,18986.027,1.018,60.11,99.09,4.948,46.173,53.827
Russia,2014,RUS,144925639.0,3525987597216.0,389.142,2.685,1637.311,11.298,2267.96,15.649,8057.762,55599.285,2.285,13.158,98.34,3.361,25.822,74.178
Sierra Leone,2014,SLE,6876385.0,11528208000.0,5.241,0.762,1.129,0.164,21.21,3.084,5.081,738.866,0.441,54.71,103.46,31.904,59.673,40.327
Democratic Republic of Congo,2014,COD,78403248.0,65407411596.0,42.105,0.537,5.066,0.065,782.941,9.986,31.753,404.999,0.485,14.225,98.93,12.489,59.044,40.956
Cameroon,2014,CMR,22059894.0,62482615428.0,20.821,0.944,8.775,0.398,63.479,2.878,35.728,1619.597,0.572,20.626,91.08,16.826,47.701,52.299
El Salvador,2014,SLV,6162952.0,49026874064.0,3.291,0.534,6.12,0.993,9.875,1.602,31.532,5116.345,0.643,58.6,97.53,5.867,31.083,68.917
Botswana,2014,BWA,2172053.0,31724220202.0,4.469,2.058,6.85,3.154,15.645,7.203,19.238,8857.137,0.606,45.884,100.97,1.82,34.903,65.097
Morocco,2014,MAR,34204784.0,263251716082.0,25.586,0.748,57.175,1.672,88.313,2.582,217.025,6344.875,0.824,67.404,95.99,10.353,39.697,60.303
Kuwait,2014,KWT,3665769.0,218112639263.0,39.106,10.668,74.994,20.458,115.147,31.411,437.235,119275.031,2.005,8.535,90.78,0.451,0.0,100.0
Kenya,2014,KEN,46051441.0,133540839466.0,41.061,0.892,13.214,0.287,85.754,1.862,67.697,1470.02,0.507,49.747,103.41,18.348,68.207,31.793
Iraq,2014,IRQ,36550058.0,425222855485.0,119.226,3.262,137.513,3.762,269.918,7.385,477.195,13055.939,1.122,21.501,111.48,4.929,30.333,69.667
Tanzania,2014,TZA,50351506.0,124173043529.0,49.356,0.98,10.997,0.218,185.465,3.683,46.294,919.426,0.373,43.179,97.04,25.803,69.356,30.644
Jordan,2014,JOR,8791715.0,86320876820.0,4.531,0.515,26.165,2.976,32.652,3.714,100.934,11480.571,1.169,11.985,99.43,3.968,11.963,88.037
Eswatini,2014,SWZ,1136305.0,8327527350.0,1.207,1.062,0.762,0.671,1.684,1.482,5.492,4833.424,0.66,70.698,100.82,8.204,76.973,23.027
Guinea,2014,GIN,11472921.0,14874105154.0,17.032,1.485,2.371,0.207,94.992,8.28,10.458,911.535,0.703,65.226,95.85,17.524,65.182,34.818
Seychelles,2014,SYC,104663.0,2231000000.0,0.062,0.59,0.458,4.376,0.542,5.182,4.362,41677.82,1.955,3.37,94.89,2.331,57.061,42.939
Ukraine,2014,UKR,45972379.0,441233307180.0,73.781,1.605,257.703,5.606,365.937,7.96,1208.371,26284.715,2.739,71.658,103.98,10.155,30.945,69.055
Indonesia,2014,IDN,258877395.0,2559933272409.0,308.06,1.19,498.029,1.924,2144.122,8.282,1856.634,7171.866,0.725,27.509,94.06,13.337,47.5,52.5
Slovenia,2014,SVN,2058395.0,53237651266.0,2.86,1.389,13.568,6.592,21.596,10.492,82.861,40255.164,1.556,30.528,97.31,1.821,49.017,50.983
Australia,2014,AUS,23595599.0,1113888062929.0,164.133,6.956,392.61,16.639,671.159,28.444,1566.458,66387.727,1.406,48.738,100.86,2.227,13.278,86.722
Burundi,2014,BDI,10799789.0,7764240000.0,3.722,0.345,0.355,0.033,8.02,0.743,1.801,166.763,0.232,74.533,92.59,34.958,86.216,13.784
Ecuador,2014,ECU,16035127.0,172367775440.0,24.693,1.54,43.76,2.729,145.965,9.103,188.563,11759.381,1.094,22.045,104.69,7.404,37.077,62.923
Myanmar,2014,MMR,50681635.0,245354667120.0,70.67,1.394,15.849,0.313,224.377,4.427,105.416,2079.958,0.43,19.342,93.58,27.83,70.384,29.616
Sri Lanka,2014,LKA,21547454.0,235029015924.0,9.677,0.449,17.076,0.792,40.211,1.866,85.891,3986.135,0.365,43.693,92.18,8.081,81.385,18.615
Namibia,2014,NAM,2312143.0,21554146363.0,5.085,2.199,3.099,1.34,15.159,6.556,19.172,8291.814,0.889,47.139,103.37,8.139,55.179,44.821
Bangladesh,2014,BGD,157964931.0,516793803718.0,86.573,0.548,67.552,0.428,180.45,1.142,318.558,2016.64,0.616,69.901,94.13,15.352,70.806,29.194
Yemen,2014,YEM,30226311.0,104583458743.0,17.152,0.567,26.592,0.88,48.272,1.597,96.989,3208.763,0.927,44.418,107.48,17.677,68.137,31.863
Montenegro,2014,MNE,631377.0,10205667487.0,0.656,1.039,2.107,3.337,0.491,0.778,9.872,15636.253,0.967,17.124,98.65,5.116,35.277,64.723
Spain,2014,ESP,46720187.0,1433089409797.0,44.21,0.946,253.658,5.429,304.311,6.513,1554.219,33266.539,1.085,53.134,94.48,2.527,20.88,79.12
Lithuania,2014,LTU,2933171.0,66199372603.0,4.124,1.406,12.846,4.379,23.13,7.886,61.205,20866.352,0.925,47.125,100.95,3.44,32.849,67.151
Comoros,2014,COM,711512.0,1263249000.0,0.355,0.499,0.165,0.232,0.595,0.836,0.698,980.851,0.552,71.467,100.72,30.011,69.97,30.03
Costa Rica,2014,CRI,4767126.0,63133053443.0,4.462,0.936,7.702,1.616,16.578,3.478,40.828,8564.41,0.647,34.959,100.41,4.888,25.513,74.487
Panama,2014,PAN,3892100.0,71636840000.0,4.088,1.05,10.689,2.746,21.4,5.498,93.806,24101.709,1.309,30.127,99.49,2.987,34.547,65.453
Slovakia,2014,SVK,5415238.0,126232947119.0,5.587,1.032,33.708,6.225,66.852,12.345,181.12,33446.344,1.435,39.297,104.02,2.615,45.997,54.003
North Macedonia,2014,MKD,1997842.0,24633991465.0,1.823,0.912,7.167,3.587,10.803,5.407,27.963,13996.478,1.135,50.0,101.49,10.178,41.197,58.803
Hungary,2014,HUN,9862843.0,218378634753.0,9.187,0.931,43.639,4.425,54.802,5.556,238.269,24158.225,1.091,57.681,96.17,3.945,29.693,70.307
Zambia,2014,ZMB,15895320.0,55794746119.0,18.084,1.138,5.283,0.332,99.287,6.246,27.598,1736.249,0.495,31.932,111.29,6.78,58.437,41.563
Kyrgyzstan,2014,KGZ,5898322.0,25440781974.0,6.354,1.077,10.236,1.735,20.402,3.459,49.601,8409.271,1.95,55.042,97.74,14.719,64.854,35.146
Norway,2014,NOR,5137397.0,422933730082.0,8.3,1.616,44.975,8.754,61.336,11.939,541.939,105489.086,1.281,2.703,99.25,1.383,19.388,80.612
Mauritius,2014,MUS,1292006.0,23536142578.0,0.562,0.435,4.206,3.256,5.242,4.058,22.541,17446.719,0.958,43.065,101.71,3.154,60.211,39.789
South Korea,2014,KOR,50539055.0,1754480590300.0,28.679,0.567,629.366,12.453,665.246,13.163,3269.37,64689.973,1.863,17.944,98.21,1.952,18.268,81.732
Moldova,2014,MDA,3342715.0,20653170404.0,2.095,0.627,4.755,1.423,5.782,1.73,42.028,12572.957,2.035,70.408,93.79,14.071,60.37,39.63
Haiti,2014,HTI,10373241.0,17572203000.0,8.643,0.833,2.698,0.26,17.282,1.666,11.735,1131.308,0.668,75.036,97.95,17.83,51.228,48.772
United States,2014,USA,323115377.0,16491319003554.0,763.215,2.362,5531.385,17.119,6610.767,20.459,25995.914,80453.969,1.576,46.426,98.95,1.172,19.376,80.624
Sweden,2014,SWE,9696438.0,410604225974.0,8.22,0.848,43.385,4.474,62.225,6.417,600.777,61958.484,1.463,7.453,99.38,1.252,13.744,86.256
Dominican Republic,2014,DOM,10315523.0,129656952614.0,10.489,1.017,21.264,2.061,46.7,4.527,85.223,8261.616,0.657,50.27,94.6,4.838,25.807,74.193
Central African Republic,2014,CAF,4623187.0,2960958000.0,11.347,2.454,0.132,0.029,27.428,5.933,0.842,182.189,0.284,7.878,99.85,33.986,60.377,39.623
Paraguay,2014,PRY,6069819.0,54476893712.0,26.023,4.287,5.451,0.898,87.517,14.418,36.415,5999.334,0.668,49.634,101.71,11.771,39.29,60.71
Iran,2014,IRN,81502045.0,1352737013920.0,134.398,1.649,644.228,7.904,788.149,9.67,2787.064,34196.25,2.06,28.214,107.02,9.378,27.168,72.832
Armenia,2014,ARM,2922433.0,28536291283.0,1.695,0.58,5.604,1.918,9.15,3.131,40.353,13808.039,1.414,59.034,94.63,18.072,35.586,64.414
Gambia,2014,GMB,2164535.0,3357018000.0,1.491,0.689,0.506,0.234,3.356,1.55,2.26,1043.89,0.673,63.636,99.54,22.459,41.386,58.614
Mali,2014,MLI,18020267.0,22288805151.0,21.054,1.168,3.139,0.174,51.519,2.859,12.978,720.216,0.582,34.254,92.39,29.324,74.734,25.266
Estonia,2014,EST,1314457.0,31521829560.0,2.728,2.076,18.784,14.29,23.816,18.118,74.161,56419.855,2.353,22.406,98.52,3.115,31.733,68.267
Mozambique,2014,MOZ,25788473.0,24544192952.0,21.027,0.815,8.118,0.315,82.291,3.191,49.134,1905.264,2.002,51.521,108.9,24.655,68.103,31.897
Tajikistan,2014,TJK,8425559.0,29219994834.0,6.332,0.752,4.606,0.547,13.881,1.647,35.016,4155.931,1.198,26.801,76.57,23.774,73.437,26.563
Bosnia and Herzegovina,2014,BIH,3564831.0,36619951250.0,5.687,1.595,19.312,5.417,25.571,7.173,60.389,16940.182,1.649,42.129,99.28,5.951,52.869,47.131
Belarus,2014,BLR,9472704.0,180627882895.0,18.197,1.921,63.699,6.725,105.083,11.093,294.863,31127.623,1.632,42.488,95.47,7.303,23.659,76.341
Honduras,2014,HND,9063127.0,39484545761.0,8.146,0.899,9.503,1.049,27.682,3.054,38.896,4291.642,0.985,30.164,96.02,12.538,46.123,53.877
Trinidad and Tobago,2014,TTO,1421135.0,45781910542.0,5.895,4.148,46.866,32.978,53.836,37.882,228.834,161022.281,4.998,10.526,112.58,0.669,46.074,53.926
Nicaragua,2014,NIC,6066493.0,27402565000.0,9.936,1.638,4.72,0.778,34.752,5.729,22.446,3700.044,0.819,42.156,98.88,16.709,42.378,57.622
Argentina,2014,ARG,43024071.0,827750786191.0,110.422,2.567,188.539,4.382,449.449,10.446,993.008,23080.285,1.2,44.196,98.29,6.713,8.602,91.398
Colombia,2014,COL,46565426.0,595158021031.0,80.08,1.72,92.042,1.977,281.307,6.041,510.586,10964.914,0.858,40.379,98.52,5.447,22.894,77.106
Bahrain,2014,BHR,1312857.0,49894227022.0,24.315,18.521,30.971,23.59,55.479,42.258,201.809,153717.312,4.045,10.934,81.31,0.288,0.0,100.0
Lebanon,2014,LBN,6346993.0,72883563855.0,3.351,0.528,23.992,3.78,28.511,4.492,91.607,14433.08,1.257,64.712,98.43,4.023,11.582,88.418
Dominica,2014,DMA,70387.0,694011000.0,0.058,0.822,0.169,2.395,0.184,2.62,0.727,10325.731,1.047,33.333,100.43,13.581,30.509,69.491
Saudi Arabia,2014,SAU,28998127.0,1520484201383.0,101.296,3.493,585.109,20.177,693.59,23.918,2931.717,101100.227,1.928,80.766,96.13,2.279,17.218,82.782
Uganda,2014,UGA,36395542.0,70696115682.0,27.318,0.751,4.09,0.112,52.884,1.453,22.487,617.843,0.318,71.888,97.77,24.82,75.806,24.194
Ghana,2014,GHA,28041592.0,103048820009.0,14.968,0.534,13.257,0.473,53.069,1.893,60.527,2158.472,0.587,54.385,95.85,19.584,46.934,53.066
Qatar,2014,QAT,2218378.0,344851898869.0,23.166,10.443,91.642,41.31,115.498,52.064,517.172,233130.469,1.5,6.179,67.35,0.117,1.098,98.902
Nepal,2014,NPL,27672373.0,68540931000.0,26.236,0.948,7.588,0.274,48.658,1.758,23.47,848.153,0.342,28.168,96.67,27.462,35.436,64.564
Uzbekistan,2014,UZB,30222994.0,255536474727.0,46.589,1.542,107.496,3.557,167.214,5.533,566.169,18733.039,2.216,58.611,93.77,28.696,49.113,50.887
Senegal,2014,SEN,14152103.0,34170131826.0,9.717,0.687,8.724,0.616,34.797,2.459,31.419,2220.115,0.919,46.601,95.35,13.369,54.398,45.602
Netherlands,2014,NLD,17030085.0,746458868661.0,22.218,1.305,157.503,9.249,196.54,11.541,1016.331,59678.543,1.362,54.589,94.24,1.801,10.164,89.836
Switzerland,2014,CHE,8190238.0,492386642888.0,5.544,0.677,39.244,4.792,46.902,5.727,344.44,42054.887,0.7,38.503,100.4,0.709,25.26,74.74
Azerbaijan,2014,AZE,9631136.0,162332395164.0,12.297,1.277,34.345,3.566,52.082,5.408,157.241,16326.349,0.969,57.701,97.07,5.319,45.368,54.632
Guinea-Bissau,2014,GNB,1741126.0,2253617077.0,1.885,1.083,0.143,0.082,5.37,3.084,1.582,908.412,0.702,27.786,101.87,34.826,58.273,41.727
Lesotho,2014,LSO,2080091.0,5134648000.0,1.617,0.777,2.242,1.078,3.826,1.839,3.415,1641.573,0.665,74.977,101.75,3.961,67.36,32.64
Hong Kong,2014,HKG,7319502.0,338386398632.0,4.652,0.636,45.492,6.215,50.718,6.929,317.208,43337.344,0.937,4.857,96.3,0.066,0.0,100.0
Syria,2014,SYR,20273661.0,65379097607.0,9.96,0.491,34.869,1.72,48.8,2.407,132.915,6556.045,2.033,75.799,103.24,26.86,24.0,76.0
Saint Lucia,2014,LCA,174145.0,1635705000.0,0.059,0.339,0.487,2.798,0.501,2.875,1.828,10499.429,1.118,16.295,99.19,2.217,80.608,19.392
Cambodia,2014,KHM,15396771.0,44124784572.0,22.013,1.43,6.702,0.435,90.261,5.862,27.599,1792.547,0.625,31.683,101.84,22.194,72.182,27.818
Rwanda,2014,RWA,11364758.0,17455015690.0,4.118,0.362,0.83,0.073,8.38,0.737,4.21,370.45,0.241,81.313,94.64,24.688,82.498,17.502
Turkmenistan,2014,TKM,6075286.0,90639646545.0,25.05,4.123,62.799,10.337,97.82,16.101,283.703,46697.828,3.13,76.715,95.8,8.295,53.005,46.995
United Arab Emirates,2014,ARE,8236880.0,631858461256.0,32.003,3.885,214.53,26.045,248.748,30.199,1135.193,137818.312,1.797,5.386,97.72,0.626,15.856,84.144
Austria,2014,AUT,8547812.0,354511819035.0,9.368,1.096,64.159,7.506,76.998,9.008,394.889,46197.699,1.114,32.891,98.46,1.276,32.585,67.415
Nigeria,2014,NGA,185896917.0,1017790765613.0,231.686,1.246,123.971,0.667,372.515,2.004,494.192,2658.422,0.486,73.695,99.84,19.99,45.077,54.923
Georgia,2014,GEO,3792921.0,50830708616.0,3.482,0.918,9.058,2.388,8.964,2.363,49.582,13072.275,0.975,34.768,99.4,9.204,42.976,57.024
Mexico,2014,MEX,119784265.0,1854551091374.0,139.134,1.162,484.045,4.041,695.661,5.808,2230.574,18621.592,1.203,50.798,97.79,3.027,23.026,76.974
Sao Tome and Principe,2014,STP,196780.0,660060000.0,0.062,0.317,0.128,0.652,0.234,1.188,0.607,3083.585,0.919,38.542,100.61,13.28,32.739,67.261
Malaysia,2014,MYS,30696133.0,652563833807.0,27.189,0.886,245.053,7.983,506.073,16.487,1097.616,35757.457,1.682,24.62,94.65,8.873,27.02,72.98
Czechia,2014,CZE,10517223.0,283025537919.0,12.76,1.213,104.233,9.911,127.731,12.145,479.937,45633.422,1.696,45.532,97.9,2.393,26.9,73.1
Niger,2014,NER,19215917.0,16132130068.0,19.504,1.015,2.256,0.117,53.603,2.789,9.797,509.83,0.607,36.064,89.48,33.429,83.755,16.245
Cyprus,2014,CYP,1201806.0,24475580582.0,0.801,0.666,6.93,5.766,8.149,6.78,28.294,23543.232,1.156,11.794,95.66,1.845,32.877,67.123
Angola,2014,AGO,27160767.0,167750415635.0,53.217,1.959,26.092,0.961,201.202,7.408,103.227,3800.598,0.615,36.636,96.69,11.478,37.277,62.723
Turkey,2014,TUR,78036154.0,1628131977724.0,80.29,1.029,367.272,4.706,475.808,6.097,1454.355,18636.939,0.893,50.094,99.04,6.538,16.398,83.602
Chile,2014,CHL,17864192.0,378114271615.0,20.836,1.166,77.586,4.343,126.244,7.067,409.534,22924.852,1.083,18.0,99.15,3.947,12.687,87.313
Portugal,2014,PRT,10406203.0,252388910611.0,9.272,0.891,47.942,4.607,58.716,5.642,291.774,28038.432,1.156,39.996,94.64,1.977,38.861,61.139
United Kingdom,2014,GBR,64865914.0,2369725553442.0,46.74,0.721,438.807,6.765,530.834,8.184,2255.708,34774.93,0.952,71.227,98.65,0.738,18.364,81.636
Italy,2014,ITA,60664169.0,2010164047423.0,47.452,0.782,349.389,5.759,389.072,6.414,1816.316,29940.508,0.904,44.509,96.02,1.908,30.419,69.581
Madagascar,2014,MDG,24764356.0,31410405446.0,23.032,0.93,2.971,0.12,62.363,2.518,13.783,556.573,0.439,70.29,97.76,25.845,71.081,28.919
Mongolia,2014,MNG,2913041.0,36271699000.0,25.793,8.854,29.63,10.171,66.198,22.725,48.975,16812.264,1.35,73.002,80.7,13.341,32.006,67.994
Ireland,2014,IRL,4658236.0,236178350686.0,18.18,3.903,36.85,7.911,66.163,14.203,164.553,35325.18,0.697,64.828,95.61,1.217,37.465,62.535
China,2014,CHN,1387951970.0,17103948867278.0,1340.685,0.966,9976.027,7.188,11689.33,8.422,34729.066,25021.807,2.03,55.863,99.17,8.482,44.25,55.75
Algeria,2014,DZA,39205035.0,531843509827.0,62.756,1.601,152.435,3.888,223.066,5.69,585.613,14937.195,1.101,17.395,100.61,9.407,30.453,69.547
Peru,2014,PER,30115825.0,281488723310.0,30.058,0.998,49.388,1.64,165.699,5.502,268.829,8926.504,0.955,18.756,97.76,6.804,20.005,79.995
Jamaica,2014,JAM,2793756.0,19277035737.0,0.825,0.295,7.675,2.747,9.109,3.26,34.758,12441.397,1.803,38.587,94.93,5.972,45.134,54.866
Japan,2014,JPN,127486601.0,4634693421103.0,32.739,0.257,1260.272,9.886,1300.116,10.198,5431.795,42606.789,1.172,13.361,100.02,0.997,8.745,91.255
Thailand,2014,THA,70216362.0,971562808709.0,100.16,1.426,272.488,3.881,458.372,6.528,1357.17,19328.395,1.397,44.71,101.62,10.089,53.686,46.314
Latvia,2014,LVA,1994153.0,42137028688.0,2.439,1.223,7.172,3.597,13.434,6.736,41.015,20567.852,0.973,30.083,98.14,3.616,32.131,67.869
Libya,2014,LBY,6427260.0,93388346336.0,14.898,2.318,68.348,10.634,84.516,13.15,226.439,35231.008,2.425,8.724,100.56,3.517,11.986,88.014
Guatemala,2014,GTM,15681725.0,111858970345.0,14.731,0.939,13.425,0.856,80.899,5.159,62.559,3989.314,0.559,39.986,97.09,10.074,46.854,53.146
Tunisia,2014,TUN,11274295.0,121889250523.0,8.845,0.785,29.875,2.65,41.288,3.662,107.594,9543.288,0.883,62.828,96.76,8.572,32.248,67.752
Brazil,2014,BRA,200085126.0,3132099937531.0,512.64,2.562,556.526,2.781,2628.207,13.135,3575.635,17870.57,1.142,28.082,99.96,4.326,14.567,85.433
Egypt,2014,EGY,97528655.0,1035721838706.0,51.438,0.527,227.254,2.33,302.445,3.101,961.972,9863.477,0.929,3.732,102.59,11.338,57.317,42.683
Malawi,2014,MWI,16621534.0,20642483934.0,5.693,0.343,1.015,0.061,22.989,1.383,6.462,388.758,0.313,59.938,90.62,23.873,84.234,15.766
Laos,2014,LAO,6703170.0,35727804000.0,9.049,1.35,4.383,0.654,85.808,12.801,19.834,2958.908,0.555,10.343,84.49,17.849,67.336,32.664
France,2014,FRA,64692495.0,2437822780219.0,75.539,1.168,327.809,5.067,401.917,6.213,2797.782,43247.398,1.148,53.375,99.19,1.462,22.648,77.352
Afghanistan,2014,AFG,32792528.0,64346106000.0,15.547,0.474,8.698,0.265,30.691,0.936,26.63,812.082,0.414,58.124,104.27,22.137,75.809,24.191
Albania,2015,ALB,2898634.0,29231663899.0,3.109,1.073,4.712,1.626,10.131,3.495,24.038,8292.746,0.822,42.858,100.24,18.747,44.842,55.158
Afghanistan,2015,AFG,33831767.0,62783392000.0,14.822,0.438,9.384,0.277,30.707,0.908,30.954,914.925,0.493,58.124,96.68,20.634,75.535,24.465
Israel,2015,ISR,8052916.0,251223879854.0,7.366,0.915,62.936,7.815,72.742,9.033,275.029,34152.684,1.095,24.672,100.16,1.421,8.296,91.704
Vietnam,2015,VNM,92823254.0,555822142751.0,92.971,1.002,213.391,2.299,520.55,5.608,810.48,8731.432,1.458,38.763,99.54,14.475,67.619,32.381
Poland,2015,POL,38266314.0,936043804062.0,49.081,1.283,312.549,8.168,364.748,9.532,1103.013,28824.648,1.178,46.935,101.18,2.484,39.664,60.336
Philippines,2015,PHL,105312988.0,762678999551.0,73.544,0.698,111.046,1.054,245.603,2.332,444.452,4220.296,0.583,42.013,101.67,10.996,48.845,51.155
Japan,2015,JPN,127275868.0,4707025000790.0,31.983,0.251,1219.982,9.585,1259.684,9.897,5363.261,42138.867,1.139,13.295,99.63,1.034,8.647,91.353
Jamaica,2015,JAM,2802536.0,19444553127.0,0.813,0.29,7.966,2.843,9.109,3.25,35.92,12817.113,1.847,38.504,98.27,5.856,44.8,55.2
Ireland,2015,IRL,4702497.0,249955928768.0,18.52,3.938,38.715,8.233,69.975,14.88,173.913,36983.117,0.696,64.305,100.23,0.869,37.361,62.639
Iraq,2015,IRQ,37560535.0,436010743372.0,130.458,3.473,142.53,3.795,282.667,7.526,471.319,12548.263,1.081,21.364,98.43,4.192,30.079,69.921
Angola,2015,AGO,28157802.0,169333972139.0,55.851,1.983,27.505,0.977,211.532,7.512,108.491,3852.95,0.641,36.728,99.8,13.664,36.484,63.516
Thailand,2015,THA,70540787.0,1002011619070.0,96.053,1.362,277.099,3.928,445.985,6.322,1377.446,19526.947,1.375,44.718,99.64,8.873,53.048,46.952
Jordan,2015,JOR,9544730.0,88475445240.0,4.763,0.499,25.799,2.703,32.617,3.417,108.769,11395.704,1.229,11.898,96.91,4.392,10.112,89.888
Tanzania,2015,TZA,52020958.0,131823350494.0,51.612,0.992,12.783,0.246,182.306,3.504,48.828,938.619,0.37,43.419,100.89,26.746,68.794,31.206
Armenia,2015,ARM,2921179.0,29464863299.0,1.738,0.595,5.469,1.872,9.162,3.137,36.874,12623.133,1.251,58.894,100.33,17.223,35.507,64.493
Iran,2015,IRN,82619365.0,1331012211481.0,136.315,1.65,641.959,7.77,789.154,9.552,2762.903,33441.344,2.076,28.214,97.34,10.092,26.644,73.356
Argentina,2015,ARG,43477011.0,850356641236.0,109.966,2.529,191.809,4.412,413.0,9.499,1009.992,23230.486,1.188,44.124,103.14,5.157,8.508,91.492
Kazakhstan,2015,KAZ,18084175.0,421977118608.0,46.424,2.567,303.052,16.758,389.158,21.519,635.91,35163.887,1.507,80.105,99.99,4.711,43.889,56.111
Indonesia,2015,IDN,261799249.0,2684763880628.0,298.367,1.14,551.16,2.105,2620.779,10.011,1896.461,7243.952,0.706,27.611,99.13,13.493,46.828,53.172
Chad,2015,TCD,14647626.0,24914134960.0,47.582,3.248,2.352,0.161,97.566,6.661,4.218,287.977,0.169,39.896,100.11,33.621,77.199,22.801
Chile,2015,CHL,18047630.0,386251266445.0,19.96,1.106,81.778,4.531,127.965,7.09,414.23,22952.033,1.072,17.565,100.46,3.709,12.535,87.465
Peru,2015,PER,30457598.0,290642734598.0,30.013,0.985,49.204,1.615,140.581,4.616,281.669,9247.921,0.969,18.995,99.33,7.046,19.302,80.698
Qatar,2015,QAT,2427340.0,361242719905.0,23.375,9.63,93.31,38.441,117.412,48.371,595.414,245295.047,1.648,6.179,122.69,0.161,1.062,98.938
Kenya,2015,KEN,47088528.0,140175144054.0,41.821,0.888,15.212,0.323,91.189,1.937,78.724,1671.833,0.562,49.562,108.91,19.47,68.266,31.734
Iceland,2015,ISL,330962.0,13147880818.0,0.628,1.897,3.541,10.699,4.805,14.518,61.207,184937.594,4.655,18.673,100.27,5.25,6.272,93.728
India,2015,IND,1328024494.0,7391521519812.0,773.451,0.582,2231.817,1.681,3290.423,2.478,7892.49,5943.03,1.068,60.432,99.84,16.175,67.453,32.547
Kuwait,2015,KWT,3834465.0,219406044434.0,39.552,10.315,93.317,24.337,133.949,34.933,468.668,122225.258,2.136,8.384,92.9,0.538,0.0,100.0
Zambia,2015,ZMB,16399092.0,57423952993.0,18.317,1.117,5.522,0.337,98.024,5.977,28.403,1731.999,0.495,31.933,94.51,4.981,58.044,41.956
Tajikistan,2015,TJK,8643839.0,30973186706.0,6.646,0.769,5.307,0.614,15.469,1.79,34.281,3965.986,1.107,27.076,101.59,21.591,73.521,26.479
Australia,2015,AUS,23947997.0,1139303344945.0,161.088,6.727,400.589,16.727,637.966,26.64,1601.626,66879.32,1.406,45.314,102.38,2.377,13.122,86.878
Syria,2015,SYR,19424615.0,63295273863.0,9.5,0.489,31.115,1.602,44.281,2.28,121.299,6244.624,1.916,75.788,98.19,33.13,24.247,75.753
Trinidad and Tobago,2015,TTO,1429190.0,45435797433.0,5.854,4.096,45.534,31.86,52.643,36.834,221.636,155078.094,4.878,10.526,83.87,0.922,46.073,53.927
Kyrgyzstan,2015,KGZ,6001876.0,26426866370.0,6.461,1.076,10.265,1.71,20.599,3.432,46.616,7766.934,1.764,55.038,99.9,14.061,64.899,35.101
Hungary,2015,HUN,9839211.0,226474616785.0,9.062,0.921,46.567,4.733,58.457,5.941,251.04,25514.207,1.108,57.681,101.36,3.761,29.515,70.485
Austria,2015,AUT,8644037.0,358108266932.0,8.958,1.036,66.358,7.677,78.641,9.098,396.383,45856.262,1.107,32.943,100.17,1.144,32.442,67.558
Laos,2015,LAO,6801647.0,38423808000.0,9.334,1.372,9.185,1.35,76.586,11.26,37.288,5482.171,0.97,10.455,111.79,17.588,66.876,33.124
Hong Kong,2015,HKG,7366411.0,346466191769.0,4.684,0.636,42.404,5.756,47.652,6.469,326.451,44316.176,0.942,4.857,96.19,0.068,0.0,100.0
China,2015,CHN,1396134171.0,18301224436466.0,1341.393,0.961,9858.04,7.061,11642.968,8.339,35135.988,25166.627,1.92,55.783,100.66,8.224,42.67,57.33
Paraguay,2015,PRY,6159106.0,56087783311.0,25.57,4.152,6.045,0.982,89.516,14.534,42.121,6838.798,0.751,50.15,96.65,9.44,38.67,61.33
Honduras,2015,HND,9237306.0,40757802007.0,8.278,0.896,10.898,1.18,34.561,3.742,43.256,4682.744,1.061,30.164,100.52,12.216,45.617,54.383
United Arab Emirates,2015,ARE,8674633.0,674742705535.0,34.428,3.969,225.045,25.943,261.636,30.161,1223.079,140994.875,1.813,5.39,93.2,0.716,15.672,84.328
Latvia,2015,LVA,1977874.0,43774190659.0,2.424,1.225,7.262,3.672,15.628,7.901,42.114,21292.598,0.962,30.284,100.14,3.554,32.103,67.897
Switzerland,2015,CHE,8283940.0,500484653705.0,5.584,0.674,38.756,4.678,46.464,5.609,336.322,40599.23,0.672,38.421,100.28,0.626,24.396,75.604
Haiti,2015,HTI,10523249.0,17862468000.0,8.707,0.827,2.654,0.252,16.203,1.54,13.425,1275.714,0.752,75.036,99.8,17.22,50.567,49.433
Sweden,2015,SWE,9799483.0,429037422635.0,8.035,0.82,43.31,4.42,62.81,6.41,622.062,63479.047,1.45,7.435,101.29,1.303,13.384,86.616
United States,2015,USA,326126496.0,16937633974582.0,754.889,2.315,5368.497,16.461,6408.286,19.65,25747.426,78949.203,1.52,46.52,98.65,1.034,19.429,80.571
Lebanon,2015,LBN,6472470.0,73219558993.0,3.457,0.534,25.731,3.975,30.431,4.702,100.63,15547.409,1.374,65.005,100.5,3.285,11.375,88.625
Bahrain,2015,BHR,1369656.0,51134096686.0,24.203,17.671,32.521,23.744,56.917,41.556,203.591,148644.031,3.982,10.694,98.77,0.302,0.0,100.0
Lesotho,2015,LSO,2104614.0,5279080000.0,1.585,0.753,2.045,0.971,8.195,3.894,3.32,1577.33,0.629,73.221,99.58,3.782,65.91,34.09
Guinea-Bissau,2015,GNB,1786461.0,2372699688.0,1.963,1.099,0.154,0.086,6.296,3.524,1.635,915.173,0.689,28.086,98.88,35.158,57.843,42.157
Azerbaijan,2015,AZE,9752859.0,164036906588.0,12.299,1.261,34.683,3.556,54.336,5.571,171.826,17618.029,1.047,57.702,99.42,6.178,44.843,55.157
Central African Republic,2015,CAF,4629322.0,3105792000.0,11.577,2.501,0.194,0.042,27.81,6.007,1.14,246.222,0.367,7.894,99.82,31.527,60.018,39.982
Turkey,2015,TUR,80014222.0,1727192876718.0,82.37,1.029,387.704,4.845,504.964,6.311,1589.021,19859.234,0.92,50.09,100.02,6.877,12.783,87.217
Colombia,2015,COL,46969938.0,612750891790.0,78.506,1.671,91.027,1.938,253.915,5.406,504.402,10738.822,0.823,40.364,101.26,5.98,22.836,77.164
Cape Verde,2015,CPV,512405.0,3421236000.0,0.144,0.28,0.495,0.965,0.727,1.419,3.671,7164.889,1.073,19.603,99.54,6.408,33.095,66.905
Sri Lanka,2015,LKA,21729975.0,244914328998.0,10.647,0.49,19.179,0.883,45.277,2.084,91.3,4201.579,0.373,44.27,98.63,8.217,81.204,18.796
Guinea,2015,GIN,11767077.0,14900874140.0,17.178,1.46,2.454,0.209,79.645,6.768,12.055,1024.492,0.809,66.089,99.02,18.478,64.963,35.037
Liberia,2015,LBR,4659436.0,3857900000.0,2.354,0.505,0.699,0.15,28.222,6.057,4.862,1043.527,1.26,18.859,100.43,35.919,49.257,50.743
Bangladesh,2015,BGD,159383179.0,552104723056.0,87.026,0.546,76.946,0.483,193.624,1.215,385.102,2416.201,0.698,70.387,101.1,14.783,70.46,29.54
Guatemala,2015,GTM,15971745.0,116436247567.0,15.147,0.948,15.449,0.967,76.085,4.764,72.435,4535.166,0.622,41.657,99.75,9.967,46.559,53.441
Libya,2015,LBY,6531825.0,92601079752.0,13.384,2.049,60.866,9.318,75.44,11.55,180.196,27587.34,1.946,8.724,104.98,4.386,12.184,87.816
Greece,2015,GRC,10820902.0,242323725826.0,12.642,1.168,74.927,6.924,82.709,7.643,311.723,28807.496,1.286,48.092,99.73,3.822,22.481,77.519
Luxembourg,2015,LUX,569540.0,30976491415.0,0.575,1.01,9.334,16.389,10.334,18.145,43.034,75560.039,1.389,50.989,101.09,0.224,9.011,90.989
Lithuania,2015,LTU,2905771.0,67539660018.0,4.123,1.419,13.045,4.489,24.252,8.346,64.112,22063.779,0.949,47.979,102.01,3.437,32.772,67.228
Barbados,2015,BRB,278999.0,3448059000.0,0.165,0.592,1.335,4.784,1.479,5.3,6.816,24428.852,1.977,25.581,103.7,1.63,40.755,59.245
Ghana,2015,GHA,28696071.0,105234477793.0,15.287,0.533,14.568,0.508,53.769,1.874,72.173,2515.082,0.686,54.564,101.47,19.983,46.377,53.623
Madagascar,2015,MDG,25426703.0,32394175176.0,22.983,0.904,3.121,0.123,65.551,2.578,15.19,597.421,0.469,70.29,100.17,25.743,70.827,29.173
Spain,2015,ESP,46683683.0,1488098863146.0,45.507,0.975,270.248,5.789,319.558,6.845,1573.144,33697.949,1.057,53.189,99.8,2.723,20.755,79.245
Comoros,2015,COM,726685.0,1324576000.0,0.356,0.49,0.18,0.247,0.608,0.836,0.753,1036.657,0.569,71.467,99.84,30.599,69.627,30.373
Panama,2015,PAN,3960034.0,75784011000.0,4.0,1.01,10.652,2.69,21.264,5.37,100.956,25493.6,1.332,29.992,101.25,2.95,34.471,65.529
Romania,2015,ROU,19871018.0,384306463712.0,21.935,1.104,78.046,3.928,102.401,5.153,381.136,19180.48,0.992,60.231,100.01,4.426,46.293,53.707
Germany,2015,DEU,82077546.0,3628073946157.0,69.267,0.844,800.823,9.757,911.142,11.101,3780.86,46064.484,1.042,47.959,100.45,0.709,19.303,80.697
Belarus,2015,BLR,9487289.0,173709821418.0,18.431,1.943,58.828,6.201,100.888,10.634,266.962,28138.871,1.537,42.242,101.82,6.283,23.374,76.626
Malawi,2015,MWI,17085587.0,21251437245.0,5.889,0.345,1.05,0.061,22.225,1.301,6.182,361.836,0.291,60.522,101.64,22.995,84.166,15.834
Malaysia,2015,MYS,31232796.0,685237676618.0,28.192,0.903,235.942,7.554,439.685,14.078,1114.575,35686.035,1.627,26.084,100.59,8.287,26.561,73.439
Ukraine,2015,UKR,45784904.0,398045419167.0,63.406,1.385,223.85,4.889,323.674,7.069,1003.408,21915.693,2.521,71.653,98.95,12.059,30.841,69.159
Belgium,2015,BEL,11275332.0,441551470878.0,12.462,1.105,101.327,8.987,125.064,11.092,657.427,58306.633,1.489,43.781,102.11,0.751,13.779,86.221
Mali,2015,MLI,18593022.0,23664472662.0,22.001,1.183,3.399,0.183,57.66,3.101,15.588,838.405,0.659,34.383,100.27,30.525,74.153,25.847
Georgia,2015,GEO,3791570.0,52369351007.0,3.215,0.848,9.791,2.582,8.723,2.301,53.726,14169.743,1.026,34.798,102.78,8.542,42.62,57.38
South Korea,2015,KOR,50983909.0,1803763858886.0,29.313,0.575,634.177,12.439,671.253,13.166,3320.509,65128.559,1.841,17.815,101.56,1.899,18.361,81.639
Benin,2015,BEN,11360681.0,22279707949.0,6.213,0.547,5.318,0.468,21.051,1.853,22.768,2004.112,1.022,36.123,100.26,26.392,54.059,45.941
Gabon,2015,GAB,2040990.0,32729961516.0,14.048,6.883,5.772,2.828,30.412,14.901,18.928,9274.061,0.578,8.357,100.68,4.312,11.915,88.085
Malta,2015,MLT,444978.0,12865695938.0,0.166,0.373,1.697,3.815,1.902,4.274,29.116,65432.043,2.263,31.969,98.23,0.942,5.561,94.439
Gambia,2015,GMB,2224530.0,3514848000.0,1.62,0.728,0.583,0.262,3.352,1.507,2.313,1039.677,0.658,63.636,102.61,22.209,40.754,59.246
South Africa,2015,ZAF,56723536.0,695933197143.0,87.344,1.54,457.473,8.065,564.501,9.952,1415.416,24952.885,2.034,79.418,101.47,2.234,36.79,63.21
Congo,2015,COG,5097583.0,29493455123.0,14.514,2.847,5.637,1.106,42.994,8.434,27.783,5450.198,0.942,31.108,107.51,5.811,36.864,63.136
Pakistan,2015,PAK,217290884.0,1010825281718.0,174.168,0.802,144.896,0.667,387.85,1.785,829.312,3816.599,0.82,46.962,100.56,23.263,64.098,35.902
Costa Rica,2015,CRI,4818045.0,65438671759.0,4.56,0.946,7.353,1.526,18.322,3.803,41.158,8542.498,0.629,34.453,100.4,4.749,24.98,75.02
Canada,2015,CAN,35962236.0,1568025782105.0,127.164,3.536,563.003,15.655,879.932,24.468,4021.453,111824.336,2.565,6.468,99.0,1.87,18.753,81.247
Slovenia,2015,SVN,2059946.0,54414237086.0,2.954,1.434,13.659,6.631,22.033,10.696,74.716,36270.613,1.373,30.606,99.08,1.974,46.339,53.661
Bolivia,2015,BOL,11014707.0,67582198248.0,24.093,2.187,19.9,1.807,107.861,9.792,84.678,7687.697,1.253,35.282,100.86,10.239,31.604,68.396
Uruguay,2015,URY,3368022.0,64470831197.0,25.453,7.557,6.738,2.001,45.616,13.544,48.912,14522.445,0.759,82.663,99.8,6.131,4.92,95.08
France,2015,FRA,64916337.0,2464953810985.0,74.128,1.142,332.131,5.116,407.676,6.28,2823.427,43493.316,1.145,53.302,100.2,1.504,22.239,77.761
Mauritania,2015,MRT,3965959.0,12316128000.0,8.244,2.079,3.002,0.757,15.072,3.8,11.108,2800.819,0.902,38.527,101.31,20.63,48.332,51.668
Slovakia,2015,SVK,5420278.0,132755573802.0,5.707,1.053,34.528,6.37,73.589,13.577,182.99,33760.246,1.378,39.279,95.88,2.046,46.13,53.87
Mauritius,2015,MUS,1292283.0,24404852680.0,0.563,0.435,4.21,3.258,5.153,3.988,23.337,18058.996,0.956,43.065,99.87,3.033,60.329,39.671
Finland,2015,FIN,5479719.0,202706706722.0,7.722,1.409,44.192,8.065,83.83,15.298,328.893,60020.109,1.623,7.481,100.7,2.06,28.695,71.305
Eswatini,2015,SWZ,1142822.0,8445665268.0,1.195,1.046,0.85,0.744,1.614,1.412,5.644,4938.754,0.668,70.465,100.74,7.379,76.734,23.266
Mexico,2015,MEX,121072310.0,1916008739051.0,140.263,1.159,479.434,3.96,684.176,5.651,2205.421,18215.734,1.151,50.763,99.87,3.085,22.81,77.19
Ethiopia,2015,ETH,103867140.0,157107146471.0,99.044,0.954,12.564,0.121,224.231,2.159,55.387,533.245,0.353,32.967,101.5,36.057,80.548,19.452
Oman,2015,OMN,4184898.0,161770059399.0,28.245,6.749,67.883,16.221,97.406,23.276,337.424,80629.07,2.086,4.633,93.67,1.73,22.697,77.303
Cote d'Ivoire,2015,CIV,25246347.0,81840720288.0,11.975,0.474,9.555,0.378,113.738,4.505,48.214,1909.726,0.589,76.937,98.87,18.362,50.531,49.469
Singapore,2015,SGP,5525343.0,374587437267.0,4.718,0.854,49.4,8.941,55.433,10.033,911.619,164988.625,2.434,0.931,98.94,0.033,0.0,100.0
Sierra Leone,2015,SLE,7037660.0,9188877000.0,5.007,0.711,1.084,0.154,18.675,2.654,4.121,585.566,0.448,54.71,99.35,34.303,59.233,40.767
Moldova,2015,MDA,3287168.0,20583362405.0,2.069,0.63,4.785,1.456,5.768,1.755,37.609,11441.152,1.827,70.499,102.03,12.821,60.305,39.695
Bosnia and Herzegovina,2015,BIH,3518541.0,38199900995.0,5.817,1.653,18.46,5.247,25.801,7.333,61.485,17474.537,1.61,42.5,100.61,6.038,52.429,47.571
Yemen,2015,YEM,31159378.0,75305316956.0,11.111,0.357,14.123,0.453,29.063,0.933,52.187,1674.842,0.693,44.382,100.52,20.206,67.612,32.388
Estonia,2015,EST,1314580.0,32106015454.0,2.725,2.073,15.78,12.004,21.132,16.075,68.626,52204.055,2.137,22.843,101.64,2.806,31.52,68.48
Mongolia,2015,MNG,2976528.0,37107214000.0,25.045,8.414,23.279,7.821,59.679,20.05,46.823,15730.632,1.262,72.99,114.07,14.079,32.0,68.0
Morocco,2015,MAR,34607590.0,274689990243.0,26.133,0.755,58.499,1.69,110.011,3.179,220.859,6381.802,0.804,67.325,103.11,11.796,39.358,60.642
Uganda,2015,UGA,37531444.0,76356053069.0,28.434,0.758,4.529,0.121,54.688,1.457,22.983,612.356,0.301,71.888,99.3,23.472,75.022,24.978
Equatorial Guinea,2015,GNQ,1453925.0,28026102000.0,8.686,5.974,7.01,4.821,17.559,12.077,27.135,18663.375,0.968,3.718,105.64,1.888,31.049,68.951
Montenegro,2015,MNE,628145.0,10689584516.0,0.695,1.106,2.239,3.564,0.806,1.284,10.784,17168.646,1.009,17.204,95.51,4.964,35.182,64.818
El Salvador,2015,SLV,6183675.0,50319726389.0,3.265,0.528,6.637,1.073,9.081,1.469,33.657,5442.877,0.669,59.025,99.39,5.53,30.302,69.698
Botswana,2015,BWA,2203276.0,30185273524.0,4.425,2.008,5.418,2.459,13.025,5.912,23.443,10640.027,0.777,45.633,105.56,1.948,34.59,65.41
Russia,2015,RUS,145307612.0,3456429719677.0,394.757,2.717,1635.244,11.254,2536.79,17.458,7930.555,54577.699,2.294,13.158,100.58,3.873,25.724,74.276
Norway,2015,NOR,5189777.0,430788988142.0,8.408,1.62,45.523,8.772,62.446,12.032,549.27,105836.883,1.275,2.7,99.64,1.482,18.762,81.238
Croatia,2015,HRV,4183732.0,81731110395.0,3.928,0.939,17.794,4.253,23.475,5.611,91.02,21755.668,1.114,27.468,96.31,2.964,44.419,55.581
Seychelles,2015,SYC,107247.0,2363480000.0,0.063,0.589,0.498,4.646,0.585,5.459,4.52,42146.875,1.912,3.37,97.32,2.053,56.905,43.095
Mozambique,2015,MOZ,26547576.0,26194296097.0,20.459,0.771,6.731,0.254,70.352,2.65,52.854,1990.914,2.018,51.823,94.31,23.566,67.863,32.137
Tunisia,2015,TUN,11402270.0,123069138453.0,8.659,0.759,31.381,2.752,43.274,3.795,111.216,9753.874,0.904,63.298,101.18,9.206,32.119,67.881
Namibia,2015,NAM,2374305.0,22473214767.0,5.028,2.117,3.394,1.429,15.39,6.482,20.23,8520.548,0.9,47.14,97.78,6.65,54.49,45.51
Myanmar,2015,MMR,51089060.0,263690038660.0,72.279,1.415,21.88,0.428,232.81,4.557,96.812,1894.966,0.367,19.521,101.25,26.772,70.283,29.717
Egypt,2015,EGY,99597334.0,1079611566322.0,50.312,0.505,226.654,2.276,300.73,3.019,976.108,9800.544,0.904,3.807,99.65,11.394,57.394,42.606
Brazil,2015,BRA,201675534.0,3021043246476.0,521.174,2.584,528.174,2.619,2617.904,12.981,3535.438,17530.328,1.17,28.169,100.23,4.319,14.306,85.694
Nepal,2015,NPL,27823631.0,70404490000.0,26.095,0.938,6.905,0.248,48.977,1.76,21.089,757.939,0.3,27.964,98.1,26.519,35.049,64.951
Serbia,2015,SRB,7177257.0,93202353035.0,7.436,1.036,43.897,6.116,41.177,5.737,170.528,23759.521,1.83,39.801,99.93,5.606,39.861,60.139
Bulgaria,2015,BGR,7177515.0,114498611934.0,10.237,1.426,48.127,6.705,59.445,8.282,224.68,31303.371,1.962,46.167,99.37,4.062,26.897,73.103
Ecuador,2015,ECU,16266229.0,172538423301.0,23.793,1.463,41.298,2.539,95.883,5.895,188.046,11560.524,1.09,23.309,98.79,8.02,37.041,62.959
Senegal,2015,SEN,14593335.0,36345743124.0,9.676,0.663,9.845,0.675,30.478,2.088,36.498,2501.007,1.004,48.45,100.68,14.283,53.725,46.275
Uzbekistan,2015,UZB,30749349.0,273983640646.0,46.759,1.521,103.374,3.362,163.164,5.306,540.155,17566.381,1.971,57.985,100.21,29.221,49.34,50.66
Dominican Republic,2015,DOM,10434826.0,138638287562.0,10.617,1.018,22.986,2.203,40.526,3.884,95.441,9146.428,0.688,50.096,101.17,5.059,25.863,74.137
Cuba,2015,CUB,11275069.0,88467246000.0,13.545,1.201,29.091,2.58,39.459,3.5,127.577,11314.926,1.442,59.945,95.73,3.836,23.13,76.87
Cameroon,2015,CMR,22763418.0,65981645134.0,23.097,1.015,9.85,0.433,72.208,3.172,36.065,1584.326,0.547,20.626,97.71,17.209,47.356,52.644
North Macedonia,2015,MKD,1980366.0,25583815729.0,1.833,0.925,6.72,3.393,10.171,5.136,29.477,14884.378,1.152,50.04,96.2,9.727,40.93,59.07
Turkmenistan,2015,TKM,6215773.0,93346148579.0,25.676,4.131,63.092,10.15,100.971,16.244,322.248,51843.594,3.452,78.285,98.26,9.307,52.99,47.01
Netherlands,2015,NLD,17107429.0,761083250759.0,22.09,1.291,163.958,9.584,203.611,11.902,1026.468,60001.301,1.349,54.826,101.64,1.806,9.721,90.279
Burkina Faso,2015,BFA,18777488.0,26361085012.0,19.155,1.02,3.744,0.199,52.205,2.78,15.465,823.61,0.587,49.293,101.28,22.646,74.379,25.621
Dominica,2015,DMA,70429.0,689606000.0,0.058,0.82,0.176,2.497,0.184,2.606,0.769,10921.842,1.115,33.333,99.89,13.541,30.132,69.868
Saudi Arabia,2015,SAU,29974944.0,1591797027903.0,104.79,3.496,624.547,20.836,737.013,24.588,3056.625,101972.688,1.92,80.763,98.72,2.754,17.044,82.956
Denmark,2015,DNK,5683698.0,255401297489.0,9.9,1.742,35.111,6.177,52.983,9.322,198.975,35007.945,0.779,65.847,99.89,0.908,12.275,87.725
Djibouti,2015,DJI,1020316.0,2435148000.0,1.072,1.051,0.505,0.495,1.879,1.841,3.649,3576.172,1.498,73.46,77.91,1.059,28.993,71.007
Burundi,2015,BDI,11047581.0,7340438000.0,3.668,0.332,0.355,0.032,7.828,0.709,1.834,166.04,0.25,75.584,98.11,35.248,85.33,14.67
Democratic Republic of Congo,2015,COD,81035532.0,69567321729.0,43.665,0.539,3.274,0.04,661.011,8.157,22.704,280.168,0.326,14.314,100.25,12.456,58.656,41.344
New Zealand,2015,NZL,4614035.0,160782215776.0,36.805,7.977,35.805,7.76,89.1,19.311,252.217,54663.062,1.569,40.682,101.66,4.467,14.848,85.152
Niger,2015,NER,19939496.0,16840818422.0,20.259,1.016,2.199,0.11,59.583,2.988,10.346,518.866,0.614,36.074,104.17,32.417,83.696,16.304
Czechia,2015,CZE,10524418.0,298276052489.0,12.702,1.207,104.99,9.976,131.744,12.518,470.716,44726.094,1.578,45.253,100.26,2.259,26.963,73.037
Sao Tome and Principe,2015,STP,200308.0,687730000.0,0.063,0.314,0.136,0.677,0.389,1.94,0.629,3139.276,0.914,38.542,99.81,14.135,32.608,67.392
Nicaragua,2015,NIC,6149417.0,28748328000.0,10.29,1.673,5.408,0.879,40.271,6.549,25.178,4094.406,0.876,42.156,97.03,16.11,42.185,57.815
Rwanda,2015,RWA,11640026.0,19000488690.0,4.456,0.383,0.967,0.083,8.899,0.764,4.548,390.745,0.239,81.354,105.23,23.981,81.805,18.195
Nigeria,2015,NGA,190671883.0,1044789628210.0,230.338,1.208,110.525,0.58,362.702,1.902,468.837,2458.865,0.449,73.925,101.97,20.632,44.267,55.733
Cambodia,2015,KHM,15623253.0,47229402407.0,22.183,1.42,8.186,0.524,89.092,5.703,31.965,2045.979,0.677,31.996,98.54,20.141,69.933,30.067
Saint Lucia,2015,LCA,174919.0,1670340000.0,0.059,0.336,0.48,2.744,0.498,2.845,1.839,10514.652,1.101,16.295,100.96,2.153,79.98,20.02
Cyprus,2015,CYP,1219504.0,25312505108.0,0.823,0.675,6.952,5.701,7.483,6.136,29.184,23931.43,1.153,13.71,99.64,1.868,32.96,67.04
Togo,2015,TGO,7071500.0,10346240000.0,4.79,0.677,1.798,0.254,8.849,1.251,6.112,864.3,0.591,70.233,97.98,18.922,60.284,39.716
Zimbabwe,2015,ZWE,14399008.0,24246158745.0,12.126,0.842,12.017,0.835,31.41,2.181,45.892,3187.191,1.893,41.833,102.3,8.285,66.439,33.561
Portugal,2015,PRT,10370264.0,256911888409.0,9.298,0.897,52.233,5.037,62.828,6.059,289.522,27918.504,1.127,39.722,102.28,1.975,38.863,61.137
Algeria,2015,DZA,40019528.0,551521739825.0,62.783,1.569,160.322,4.006,231.053,5.774,617.518,15430.422,1.12,17.406,97.56,10.533,29.857,70.143
Italy,2015,ITA,60575314.0,2025809415322.0,46.66,0.77,361.244,5.964,403.895,6.668,1838.465,30350.078,0.908,43.775,101.51,1.992,30.39,69.61
United Kingdom,2015,GBR,65382107.0,2426435869267.0,46.304,0.708,422.461,6.461,518.771,7.934,2279.467,34863.777,0.939,70.839,100.47,0.634,18.176,81.824
Jamaica,2016,JAM,2809919.0,19735837824.0,0.816,0.291,8.134,2.895,9.236,3.287,37.202,13239.611,1.885,38.504,106.8,6.098,44.451,55.549
Japan,2016,JPN,127159950.0,4742508721138.0,31.677,0.249,1199.933,9.436,1239.427,9.747,5295.819,41646.914,1.117,13.204,100.35,1.125,8.546,91.454
Jordan,2016,JOR,10006369.0,90239641982.0,5.025,0.502,24.949,2.493,31.48,3.146,114.878,11480.458,1.273,12.007,103.65,4.506,9.437,90.563
Tanzania,2016,TZA,53824012.0,140875654933.0,52.508,0.976,13.529,0.251,181.781,3.377,53.57,995.273,0.38,43.659,102.07,27.444,68.242,31.758
Thailand,2016,THA,70859835.0,1036430730493.0,97.366,1.374,284.045,4.009,448.417,6.328,1405.572,19835.943,1.356,44.71,98.74,8.478,52.12,47.88
Angola,2016,AGO,29183072.0,164965166058.0,54.826,1.879,25.466,0.873,198.189,6.791,97.209,3330.99,0.589,36.756,103.52,14.671,35.701,64.299
Iraq,2016,IRQ,38469628.0,502280002568.0,161.899,4.208,153.132,3.981,324.409,8.433,504.684,13119.015,1.005,21.475,90.1,3.977,30.088,69.912
Cambodia,2016,KHM,15852802.0,50470756754.0,22.368,1.411,10.644,0.671,93.025,5.868,39.699,2504.222,0.787,32.291,99.62,18.908,67.523,32.477
South Africa,2016,ZAF,57259550.0,700558003750.0,85.799,1.498,457.05,7.982,561.788,9.811,1480.061,25848.275,2.113,79.418,100.17,2.414,36.725,63.275
Ukraine,2016,UKR,45616831.0,407666198456.0,66.397,1.456,234.106,5.132,335.635,7.358,1049.995,23017.719,2.576,71.665,97.07,11.726,30.79,69.21
Malaysia,2016,MYS,31789692.0,715730748101.0,29.069,0.914,237.294,7.464,399.247,12.559,1172.303,36876.836,1.638,26.087,104.77,8.463,26.141,73.859
Malta,2016,MLT,455276.0,13300698899.0,0.173,0.38,1.376,3.022,1.583,3.476,32.33,71012.43,2.431,32.438,98.18,1.01,5.52,94.48
Gabon,2016,GAB,2100310.0,33414337569.0,13.914,6.625,5.613,2.672,27.723,13.2,18.587,8849.8,0.556,8.357,100.52,4.973,11.455,88.545
Benin,2016,BEN,11697845.0,23134706997.0,6.438,0.55,5.311,0.454,31.745,2.714,27.762,2373.231,1.2,34.38,102.32,27.754,53.391,46.609
Georgia,2016,GEO,3792061.0,53891203471.0,3.216,0.848,10.043,2.648,9.079,2.394,56.332,14855.349,1.045,34.451,97.82,8.003,42.302,57.698
South Korea,2016,KOR,51297836.0,1856920794289.0,29.334,0.572,637.914,12.435,674.034,13.14,3438.942,67038.734,1.852,17.446,100.24,1.739,18.444,81.556
Malawi,2016,MWI,17557741.0,21733841491.0,6.108,0.348,1.172,0.067,22.25,1.267,6.76,385.015,0.311,61.116,107.74,22.193,84.1,15.9
Belarus,2016,BLR,9499066.0,169304543676.0,18.326,1.929,58.188,6.126,100.643,10.595,272.798,28718.361,1.611,42.035,102.72,6.895,23.154,76.846
Germany,2016,DEU,82760102.0,3708979940863.0,67.725,0.818,797.988,9.642,907.177,10.962,3841.451,46416.703,1.036,47.684,99.71,0.731,19.165,80.835
Canada,2016,CAN,36353345.0,1583727974022.0,122.513,3.37,553.707,15.231,846.42,23.283,3973.037,109289.445,2.509,6.475,103.6,1.862,18.698,81.302
Pakistan,2016,PAK,220138863.0,1061146810870.0,178.868,0.813,176.741,0.803,425.984,1.935,900.437,4090.315,0.849,47.73,101.53,22.328,63.84,36.16
Congo,2016,COG,5222545.0,26313174327.0,14.359,2.749,5.727,1.097,39.061,7.479,26.448,5064.269,1.005,31.114,99.54,6.764,36.748,63.252
Gambia,2016,GMB,2283775.0,3558432648.0,1.5,0.657,0.59,0.258,3.031,1.327,2.332,1020.919,0.655,63.636,97.85,21.861,40.135,59.865
Mali,2016,MLI,19191298.0,25049317347.0,23.951,1.248,4.286,0.223,59.736,3.113,19.424,1012.113,0.775,34.606,107.35,30.999,73.553,26.447
Nigeria,2016,NGA,195443698.0,1027896680223.0,221.453,1.133,116.396,0.596,364.156,1.863,473.302,2421.681,0.46,74.153,98.18,20.983,43.459,56.541
Rwanda,2016,RWA,11919183.0,20135193148.0,4.385,0.368,1.052,0.088,8.762,0.735,4.622,387.805,0.23,81.273,100.13,25.153,80.879,19.121
Armenia,2016,ARM,2918796.0,29522321034.0,1.781,0.61,5.207,1.784,9.319,3.193,36.976,12668.348,1.252,58.897,105.04,16.39,35.407,64.593
Kazakhstan,2016,KAZ,18363600.0,425774884998.0,46.547,2.535,301.739,16.431,387.385,21.095,711.327,38735.684,1.671,80.099,103.05,4.556,43.252,56.748
Argentina,2016,ARG,43900312.0,832669278245.0,111.82,2.547,190.02,4.328,414.578,9.444,1005.722,22909.215,1.208,43.432,98.57,6.265,8.414,91.586
Iran,2016,IRN,83812230.0,1413723685657.0,165.76,1.978,644.68,7.692,820.474,9.789,2920.457,34845.238,2.066,28.214,95.64,8.448,26.12,73.88
Nicaragua,2016,NIC,6232664.0,29929662026.0,10.339,1.659,5.379,0.863,40.256,6.459,25.213,4045.38,0.842,42.156,104.09,14.915,41.996,58.004
Romania,2016,ROU,19777049.0,395288226514.0,22.483,1.137,76.587,3.873,101.42,5.128,381.085,19269.059,0.964,58.767,100.89,4.292,46.447,53.553
Panama,2016,PAN,4029085.0,79454188125.0,4.049,1.005,10.334,2.565,21.243,5.272,106.607,26459.42,1.342,29.857,99.26,2.781,34.403,65.597
Comoros,2016,COM,741745.0,1356063486.0,0.362,0.488,0.205,0.277,0.639,0.861,0.884,1191.659,0.652,71.467,99.44,31.368,69.269,30.731
Bolivia,2016,BOL,11180020.0,70463901130.0,24.637,2.204,21.25,1.901,101.131,9.046,89.121,7971.473,1.265,35.155,103.31,11.172,31.255,68.745
Belgium,2016,BEL,11332707.0,447144517813.0,12.614,1.113,99.816,8.808,122.915,10.846,709.509,62607.219,1.587,44.532,100.79,0.673,13.549,86.451
Slovenia,2016,SVN,2061379.0,56151179265.0,2.894,1.404,14.468,7.019,22.963,11.14,79.858,38740.152,1.422,30.656,103.61,1.851,46.353,53.647
Czechia,2016,CZE,10531946.0,305844147713.0,12.629,1.199,106.636,10.125,130.009,12.344,464.374,44091.977,1.518,45.175,101.84,2.148,27.025,72.975
Sao Tome and Principe,2016,STP,203702.0,718608950.0,0.064,0.314,0.147,0.719,0.339,1.666,0.652,3200.858,0.907,41.667,99.58,13.051,32.478,67.522
New Zealand,2016,NZL,4714768.0,167418113760.0,37.023,7.853,34.135,7.24,88.441,18.758,255.684,54230.543,1.527,40.31,99.72,5.544,15.309,84.691
Peru,2016,PER,30866497.0,302131843581.0,30.075,0.974,52.698,1.707,147.234,4.77,298.938,9684.865,0.989,18.75,102.91,6.935,18.581,81.419
Chad,2016,TCD,15114652.0,23529405356.0,50.296,3.328,2.382,0.158,97.33,6.439,4.166,275.642,0.177,39.976,104.97,39.372,76.888,23.112
Indonesia,2016,IDN,264627429.0,2819889903036.0,300.969,1.137,547.969,2.071,1750.911,6.617,1884.228,7120.307,0.668,27.873,106.81,13.479,46.187,53.813
Democratic Republic of Congo,2016,COD,83956416.0,69841412960.0,44.622,0.531,2.659,0.032,703.107,8.375,19.421,231.32,0.278,14.412,100.82,12.29,58.271,41.729
Burundi,2016,BDI,11239459.0,7554391939.0,3.832,0.341,0.429,0.038,8.23,0.732,2.047,182.132,0.271,76.636,109.31,35.555,84.382,15.618
Madagascar,2016,MDG,26099950.0,33687674194.0,23.645,0.906,3.257,0.125,65.545,2.511,16.096,616.708,0.478,70.29,102.07,25.133,70.576,29.424
Ghana,2016,GHA,29356736.0,108784039058.0,15.051,0.513,13.914,0.474,53.214,1.813,73.76,2512.531,0.678,54.311,102.68,20.844,45.833,54.167
Barbados,2016,BRB,279604.0,3528285767.0,0.165,0.59,1.371,4.905,1.536,5.493,6.939,24818.07,1.967,23.256,101.76,1.697,40.749,59.251
Lithuania,2016,LTU,2869109.0,69240911932.0,3.672,1.28,13.102,4.566,22.933,7.993,65.726,22908.295,0.949,47.155,97.05,3.121,32.811,67.189
Luxembourg,2016,LUX,583511.0,32518554202.0,0.598,1.025,9.077,15.556,10.128,17.357,42.459,72765.094,1.306,50.749,105.67,0.214,8.464,91.536
Mauritius,2016,MUS,1291807.0,25347373765.0,0.566,0.438,4.342,3.361,5.23,4.049,24.28,18795.404,0.958,43.065,98.43,3.058,60.442,39.558
Slovakia,2016,SVK,5427262.0,135336424966.0,5.807,1.07,34.978,6.445,65.068,11.989,184.744,34039.949,1.365,39.226,100.1,2.063,46.26,53.74
Mauritania,2016,MRT,4086655.0,12416318727.0,8.299,2.031,2.624,0.642,14.99,3.668,10.39,2542.395,0.837,38.527,103.13,21.739,47.081,52.919
France,2016,FRA,65086853.0,2491956183265.0,74.133,1.139,335.496,5.155,412.226,6.333,2766.597,42506.238,1.11,53.285,100.61,1.338,21.4,78.6
Uruguay,2016,URY,3379279.0,65560386931.0,25.853,7.65,6.52,1.93,44.2,13.08,49.155,14546.091,0.75,81.507,100.3,6.679,4.841,95.159
Djibouti,2016,DJI,1037660.0,2612607480.0,1.121,1.08,0.428,0.412,1.856,1.788,3.488,3361.599,1.335,73.46,117.9,0.996,28.851,71.149
Denmark,2016,DNK,5728196.0,263691544304.0,10.133,1.769,36.917,6.445,55.011,9.604,201.601,35194.582,0.765,65.628,100.77,0.929,12.3,87.7
Burkina Faso,2016,BFA,19334854.0,27931683815.0,19.939,1.031,3.988,0.206,53.406,2.762,14.777,764.289,0.529,49.826,97.39,21.715,74.178,25.822
India,2016,IND,1343944296.0,8057465593010.0,781.626,0.582,2352.54,1.75,3365.011,2.504,8262.856,6148.213,1.025,60.399,105.22,16.364,67.135,32.865
Iceland,2016,ISL,335571.0,13976682094.0,0.65,1.938,3.494,10.411,4.776,14.233,61.442,183095.906,4.396,18.673,104.08,4.54,6.218,93.782
Kenya,2016,KEN,48139683.0,146082118752.0,44.76,0.93,16.289,0.338,87.852,1.825,83.921,1743.277,0.574,49.661,87.68,20.035,68.35,31.65
Kuwait,2016,KWT,4003976.0,225825859800.0,40.905,10.216,104.019,25.979,146.024,36.47,465.955,116373.016,2.063,8.418,116.32,0.519,0.0,100.0
Saudi Arabia,2016,SAU,30717804.0,1629412617614.0,107.74,3.507,641.174,20.873,757.19,24.65,3179.844,103517.945,1.952,80.76,105.15,2.918,16.871,83.129
Cote d'Ivoire,2016,CIV,25989404.0,87711151924.0,13.12,0.505,11.979,0.461,169.565,6.524,54.957,2114.603,0.627,75.427,103.3,17.435,50.07,49.93
Oman,2016,OMN,4390880.0,169932976616.0,29.245,6.66,66.24,15.086,96.905,22.07,338.644,77124.477,1.993,4.64,113.15,1.985,22.248,77.752
Costa Rica,2016,CRI,4867003.0,68189707920.0,4.729,0.972,7.829,1.609,17.691,3.635,43.512,8940.282,0.638,34.131,99.2,4.914,24.458,75.542
Ethiopia,2016,ETH,106718163.0,173708917362.0,101.823,0.954,14.323,0.134,216.784,2.031,63.782,597.668,0.367,33.108,99.68,34.697,80.124,19.876
Mexico,2016,MEX,122251344.0,1961906742138.0,141.776,1.16,478.828,3.917,652.94,5.341,2276.179,18618.848,1.16,50.587,102.35,3.246,22.559,77.441
Eswatini,2016,SWZ,1149516.0,8545156780.0,1.181,1.027,1.022,0.889,1.702,1.481,5.875,5110.425,0.687,70.233,98.43,5.377,76.472,23.528
Finland,2016,FIN,5495468.0,208405735062.0,7.665,1.395,47.252,8.598,88.621,16.126,334.083,60792.52,1.603,7.486,101.2,2.09,28.384,71.616
Bulgaria,2016,BGR,7127436.0,117979077002.0,10.018,1.405,45.344,6.362,56.654,7.949,213.117,29900.988,1.806,46.251,100.51,4.055,26.825,73.175
Dominica,2016,DMA,69627.0,707976572.0,0.058,0.833,0.172,2.473,0.198,2.849,0.786,11295.757,1.111,33.333,99.68,13.5,29.749,70.251
Netherlands,2016,NLD,17204693.0,777764090323.0,22.899,1.331,164.812,9.579,204.847,11.906,1044.043,60683.609,1.342,53.906,104.12,1.864,9.42,90.58
Kyrgyzstan,2016,KGZ,6108460.0,27572739134.0,6.768,1.108,9.622,1.575,20.145,3.298,47.585,7790.065,1.726,54.959,102.37,12.834,64.948,35.052
Syria,2016,SYR,19193835.0,59731474595.0,9.283,0.484,29.162,1.519,42.069,2.192,117.299,6111.273,1.964,75.784,98.57,34.167,24.846,75.154
Australia,2016,AUS,24329963.0,1169967279612.0,142.951,5.875,409.666,16.838,677.373,27.841,1606.889,66045.68,1.373,44.54,96.76,2.413,12.983,87.017
Tajikistan,2016,TJK,8865623.0,33110336724.0,6.957,0.785,6.016,0.679,16.78,1.893,37.188,4194.635,1.123,27.364,121.85,20.857,73.628,26.372
Zambia,2016,ZMB,16914428.0,59592851316.0,18.186,1.075,5.978,0.353,102.385,6.053,29.224,1727.783,0.49,31.933,94.2,6.228,57.656,42.344
Turkmenistan,2016,TKM,6360041.0,92434154525.0,24.682,3.881,62.091,9.763,97.377,15.311,348.665,54821.168,3.772,79.855,105.94,10.527,52.977,47.023
Liberia,2016,LBR,4755607.0,3859976097.0,2.316,0.487,0.647,0.136,28.545,6.002,5.59,1175.481,1.448,19.17,100.56,35.919,48.731,51.269
Guinea,2016,GIN,12073031.0,16533568057.0,18.504,1.533,2.7,0.224,86.854,7.194,13.456,1114.532,0.814,66.509,105.13,17.59,64.69,35.31
Sri Lanka,2016,LKA,21910763.0,257292293131.0,10.266,0.469,22.339,1.02,46.701,2.131,100.872,4603.753,0.392,44.432,109.18,7.262,81.025,18.975
Greece,2016,GRC,10775506.0,241143085639.0,12.355,1.147,71.36,6.622,77.253,7.169,306.993,28489.859,1.273,47.603,98.94,3.458,22.288,77.712
Spain,2016,ESP,46732768.0,1533303930046.0,45.157,0.966,259.555,5.554,310.051,6.635,1582.913,33871.598,1.032,52.577,105.71,2.815,20.638,79.362
Libya,2016,LBY,6632130.0,91220396354.0,12.939,1.951,57.379,8.652,71.604,10.797,176.376,26594.119,1.934,8.724,94.46,4.612,12.184,87.816
Guatemala,2016,GTM,16268761.0,119554400888.0,15.624,0.96,16.524,1.016,69.759,4.288,79.196,4867.983,0.662,41.935,103.16,9.661,46.339,53.661
Bangladesh,2016,BGD,160811934.0,589932630231.0,86.753,0.539,81.761,0.508,195.213,1.214,386.701,2404.679,0.656,70.632,104.77,13.465,70.125,29.875
North Macedonia,2016,MKD,1961268.0,26312536822.0,1.816,0.926,6.606,3.368,9.654,4.922,30.592,15598.139,1.163,50.159,102.32,9.173,40.618,59.382
Cameroon,2016,CMR,23454165.0,68936963106.0,22.921,0.977,9.965,0.425,71.561,3.051,35.076,1495.517,0.509,20.626,111.21,17.193,47.018,52.982
Cuba,2016,CUB,11265615.0,88635596816.0,13.725,1.218,27.772,2.465,48.563,4.311,99.426,8825.617,1.122,59.849,106.25,3.938,23.088,76.912
Dominican Republic,2016,DOM,10551430.0,147870212847.0,10.805,1.024,24.14,2.288,40.12,3.802,100.576,9531.96,0.68,51.826,104.23,5.027,25.949,74.051
Uzbekistan,2016,UZB,31284565.0,290236358613.0,48.199,1.541,109.837,3.511,171.764,5.49,520.732,16645.014,1.794,57.981,106.01,29.277,49.343,50.657
Senegal,2016,SEN,15034517.0,38655882471.0,10.183,0.677,10.013,0.666,30.017,1.997,35.216,2342.34,0.911,48.242,103.97,14.414,52.945,47.055
Ecuador,2016,ECU,16505142.0,170423090933.0,23.915,1.449,39.375,2.386,88.937,5.388,187.404,11354.271,1.1,22.21,96.52,8.072,37.009,62.991
Hong Kong,2016,HKG,7408006.0,354003396927.0,4.728,0.638,43.366,5.854,48.685,6.572,335.053,45228.492,0.946,4.762,107.51,0.076,0.0,100.0
Cape Verde,2016,CPV,512556.0,3573126874.0,0.145,0.284,0.531,1.037,0.779,1.519,3.847,7504.737,1.077,19.603,103.23,6.314,31.965,68.035
Colombia,2016,COL,47437513.0,625545111723.0,80.052,1.688,91.583,1.931,231.966,4.89,548.829,11569.512,0.877,40.35,100.22,6.606,22.796,77.204
Turkey,2016,TUR,81652087.0,1784590365590.0,85.08,1.042,405.552,4.967,526.832,6.452,1669.239,20443.309,0.935,49.801,100.94,6.266,11.898,88.102
Central African Republic,2016,CAF,4713663.0,3265229504.0,12.526,2.657,0.238,0.051,30.418,6.453,1.218,258.429,0.373,7.893,100.33,31.919,59.619,40.381
Azerbaijan,2016,AZE,9868434.0,159010796104.0,12.163,1.233,34.727,3.519,56.554,5.731,170.192,17246.135,1.07,57.736,103.52,5.605,44.243,55.757
Guinea-Bissau,2016,GNB,1831898.0,2519068025.0,1.951,1.065,0.169,0.092,5.488,2.996,1.702,929.211,0.676,28.266,99.25,36.349,57.414,42.586
Sierra Leone,2016,SLE,7205339.0,9765347713.0,5.196,0.721,1.14,0.158,18.846,2.616,4.219,585.52,0.432,54.71,97.2,32.578,58.771,41.229
Bosnia and Herzegovina,2016,BIH,3472997.0,39438504839.0,6.098,1.756,21.734,6.258,30.061,8.656,63.018,18144.992,1.598,43.145,100.1,6.166,51.975,48.025
Moldova,2016,MDA,3237798.0,21490882450.0,2.073,0.64,4.907,1.516,6.137,1.895,37.653,11629.28,1.752,70.496,104.17,12.48,60.263,39.737
Singapore,2016,SGP,5577936.0,388078809982.0,4.482,0.804,49.1,8.803,54.896,9.842,960.892,172266.609,2.476,0.931,106.78,0.032,0.0,100.0
Laos,2016,LAO,6908800.0,41128975200.0,9.883,1.431,16.407,2.375,73.154,10.588,58.773,8507.049,1.429,10.511,103.72,17.23,66.173,33.827
Austria,2016,AUT,8737920.0,365232738553.0,9.004,1.031,67.219,7.693,79.291,9.074,409.651,46881.992,1.122,32.358,101.37,1.149,32.278,67.722
Hungary,2016,HUN,9810529.0,231459349147.0,8.86,0.903,47.039,4.795,59.182,6.032,255.495,26042.918,1.104,57.879,102.47,3.868,29.527,70.473
Serbia,2016,SRB,7126083.0,96313997829.0,7.359,1.033,45.193,6.342,42.954,6.028,174.139,24436.857,1.808,39.515,103.74,5.707,39.615,60.385
Nepal,2016,NPL,27955471.0,70942615519.0,26.927,0.963,10.088,0.361,53.482,1.913,32.492,1162.287,0.458,27.731,105.23,25.518,34.71,65.29
Brazil,2016,BRA,203218108.0,2922076150345.0,524.133,2.579,491.745,2.42,2512.195,12.362,3451.454,16983.99,1.181,28.255,99.81,4.891,14.051,85.949
Egypt,2016,EGY,101644583.0,1121578599865.0,50.653,0.498,245.164,2.412,320.884,3.157,1030.261,10135.914,0.919,3.751,97.76,11.769,57.479,42.521
Myanmar,2016,MMR,51495701.0,280587266112.0,73.467,1.427,21.144,0.411,235.985,4.583,113.376,2201.666,0.404,19.547,105.18,25.629,70.187,29.813
Namibia,2016,NAM,2439219.0,22480856444.0,5.376,2.204,3.582,1.469,16.154,6.623,20.519,8412.105,0.913,47.14,98.85,6.72,53.825,46.175
Paraguay,2016,PRY,6249129.0,58481604773.0,25.36,4.058,7.187,1.15,86.512,13.844,47.862,7659.005,0.818,50.668,101.64,10.697,37.917,62.083
China,2016,CHN,1404052628.0,19545709173693.0,1299.595,0.926,9748.175,6.943,11382.781,8.107,35277.711,25125.633,1.805,55.703,100.17,7.901,41.16,58.84
Chile,2016,CHL,18267225.0,393022253885.0,20.074,1.099,84.25,4.612,129.748,7.103,433.903,23753.109,1.104,17.026,100.39,4.199,12.369,87.631
Qatar,2016,QAT,2599382.0,372311173588.0,23.474,9.031,91.378,35.154,115.646,44.49,586.515,225636.406,1.575,6.179,109.95,0.184,1.014,98.986
Tunisia,2016,TUN,11528676.0,124443824545.0,8.528,0.74,30.971,2.686,44.682,3.876,110.945,9623.396,0.892,62.452,102.06,8.525,31.938,68.062
Mozambique,2016,MOZ,27337107.0,27195969056.0,19.762,0.723,8.548,0.313,64.794,2.37,58.414,2136.813,2.148,52.248,96.78,23.627,67.618,32.382
Seychelles,2016,SYC,109836.0,2658740126.0,0.065,0.591,0.553,5.037,0.647,5.892,5.035,45840.832,1.894,3.37,107.79,1.915,56.718,43.282
Morocco,2016,MAR,35023459.0,276121131010.0,26.573,0.759,58.457,1.669,105.941,3.025,223.324,6376.418,0.809,69.18,100.9,10.322,39.034,60.966
El Salvador,2016,SLV,6200808.0,51794877474.0,3.125,0.504,6.572,1.06,8.484,1.368,34.125,5503.396,0.659,58.596,103.08,5.732,29.601,70.399
Montenegro,2016,MNE,624246.0,10988665274.0,0.701,1.122,2.015,3.228,0.503,0.805,10.211,16356.96,0.929,19.011,105.84,4.806,35.09,64.91
Equatorial Guinea,2016,GNQ,1508192.0,25203837269.0,7.586,5.03,7.538,4.998,16.571,10.987,26.796,17766.676,1.063,3.722,94.1,2.332,30.747,69.253
Uganda,2016,UGA,38799153.0,76477462940.0,29.74,0.767,4.817,0.124,56.388,1.453,23.945,617.14,0.313,71.888,102.93,22.66,74.305,25.695
Mongolia,2016,MNG,3040815.0,37322351698.0,31.074,10.219,25.629,8.428,68.574,22.551,47.328,15564.2,1.268,72.924,105.23,12.628,32.022,67.978
Estonia,2016,EST,1315850.0,33119083785.0,2.662,2.023,17.433,13.248,21.906,16.648,70.763,53777.426,2.137,23.073,99.84,2.072,31.276,68.724
Yemen,2016,YEM,32109023.0,68245442015.0,10.175,0.317,10.044,0.313,24.96,0.777,41.672,1297.834,0.611,44.294,92.0,25.091,67.049,32.951
Trinidad and Tobago,2016,TTO,1437031.0,42362516644.0,5.463,3.802,39.867,27.743,46.505,32.362,195.773,136234.078,4.621,10.526,103.55,0.992,46.072,53.928
Latvia,2016,LVA,1959863.0,44810998817.0,2.433,1.241,7.211,3.679,14.03,7.159,44.979,22950.191,1.004,31.032,101.72,3.325,32.069,67.931
United Arab Emirates,2016,ARE,9030873.0,712265114847.0,35.451,3.925,227.898,25.235,265.602,29.41,1269.522,140575.797,1.782,5.404,109.08,0.741,15.491,84.509
Honduras,2016,HND,9412380.0,42125312119.0,8.391,0.892,9.939,1.056,38.707,4.112,41.06,4362.351,0.975,30.601,103.46,12.05,45.113,54.887
Croatia,2016,HRV,4136438.0,84640158587.0,3.993,0.965,18.079,4.371,22.128,5.35,94.731,22901.484,1.119,27.625,105.2,3.06,44.271,55.729
Norway,2016,NOR,5235974.0,435806553454.0,8.323,1.59,44.708,8.539,61.784,11.8,557.634,106500.5,1.28,2.694,101.11,2.034,18.32,81.68
Russia,2016,RUS,145778668.0,3463123938280.0,403.675,2.769,1629.328,11.177,2545.686,17.463,8086.063,55468.086,2.335,13.158,101.07,3.84,25.63,74.37
Botswana,2016,BWA,2234784.0,32359220755.0,3.824,1.711,6.341,2.837,12.54,5.611,25.807,11547.974,0.798,45.633,93.47,1.976,34.305,65.695
Sweden,2016,SWE,9923281.0,437921057919.0,8.028,0.809,43.308,4.364,63.422,6.391,609.401,61411.199,1.392,7.417,99.33,1.281,13.0,87.0
Switzerland,2016,CHE,8374903.0,510838097521.0,5.63,0.672,39.225,4.684,46.936,5.604,316.245,37761.055,0.619,38.339,99.33,0.658,23.327,76.673
Haiti,2016,HTI,10671462.0,18337150574.0,8.889,0.833,2.977,0.279,16.135,1.512,13.965,1308.607,0.762,75.036,102.25,17.984,49.912,50.088
Lesotho,2016,LSO,2130424.0,5418793037.0,1.564,0.734,2.026,0.951,9.042,4.244,3.701,1737.047,0.683,77.602,98.67,4.924,64.492,35.508
Bahrain,2016,BHR,1429609.0,52953446666.0,24.357,17.038,31.635,22.129,56.183,39.299,203.139,142093.938,3.836,10.552,119.93,0.316,0.0,100.0
Lebanon,2016,LBN,6323061.0,74358860056.0,3.543,0.56,26.438,4.181,31.289,4.948,103.679,16396.982,1.394,65.591,101.07,2.727,11.164,88.836
United States,2016,USA,329179423.0,17220065720000.0,733.371,2.228,5245.362,15.935,6308.617,19.165,25727.051,78155.102,1.494,46.613,102.4,0.943,19.502,80.498
United Kingdom,2016,GBR,65893359.0,2478973016876.0,45.942,0.697,399.43,6.062,494.14,7.499,2246.922,34099.367,0.906,71.715,100.89,0.59,17.977,82.023
Albania,2016,ALB,2897868.0,30200694449.0,3.065,1.058,4.555,1.572,9.365,3.232,26.761,9234.724,0.886,43.128,101.53,19.167,44.426,55.574
Afghanistan,2016,AFG,34700613.0,64372217488.0,14.808,0.427,8.606,0.248,29.947,0.863,28.075,809.074,0.436,58.124,99.05,25.74,75.341,24.659
Italy,2016,ITA,60478103.0,2052012434345.0,45.691,0.756,358.133,5.922,402.127,6.649,1834.538,30333.92,0.894,43.325,102.47,1.849,30.403,69.597
Togo,2016,TGO,7200883.0,10960546310.0,4.817,0.669,2.293,0.318,9.372,1.301,8.653,1201.594,0.789,70.233,108.13,20.385,59.851,40.149
Niger,2016,NER,20685758.0,17807651308.0,21.258,1.028,2.142,0.104,60.557,2.927,9.659,466.943,0.542,36.627,106.35,35.263,83.61,16.39
Cyprus,2016,CYP,1237114.0,26976335005.0,0.853,0.689,7.35,5.941,8.469,6.846,31.737,25654.014,1.176,11.839,104.7,2.144,33.037,66.963
Saint Lucia,2016,LCA,175651.0,1719860632.0,0.059,0.335,0.473,2.691,0.502,2.857,1.859,10583.137,1.081,16.295,99.85,2.077,79.184,20.816
Algeria,2016,DZA,40850719.0,569170418715.0,64.474,1.578,158.308,3.875,230.961,5.654,616.996,15103.672,1.084,17.366,101.83,11.068,29.265,70.735
Ireland,2016,IRL,4753506.0,255118282428.0,19.59,4.121,40.369,8.492,73.184,15.396,181.909,38268.473,0.713,64.755,104.16,0.926,37.277,62.723
Portugal,2016,PRT,10346377.0,262100101273.0,9.476,0.916,50.311,4.863,63.139,6.103,309.867,29949.295,1.182,39.507,103.08,1.922,38.866,61.134
Zimbabwe,2016,ZWE,14600297.0,24362052665.0,11.143,0.763,10.588,0.725,26.044,1.784,41.841,2865.785,1.717,41.828,103.85,7.874,65.92,34.08
Philippines,2016,PHL,106735721.0,817202925336.0,74.746,0.7,120.216,1.126,256.073,2.399,485.422,4547.887,0.594,42.11,101.13,10.205,48.089,51.911
Vietnam,2016,VNM,94000115.0,593006635951.0,91.86,0.977,221.027,2.351,483.003,5.138,876.673,9326.302,1.478,38.841,105.9,13.818,67.152,32.848
Poland,2016,POL,38263260.0,963689941627.0,48.563,1.269,323.3,8.449,378.8,9.9,1150.245,30061.346,1.194,46.945,101.01,2.624,39.76,60.24
Israel,2016,ISR,8210006.0,262584215516.0,7.498,0.913,61.164,7.45,73.545,8.958,280.57,34174.199,1.068,25.508,101.59,1.451,8.311,91.689
Poland,2017,POL,38254964.0,1013223736654.0,48.124,1.258,336.505,8.796,392.969,10.272,1208.289,31585.154,1.193,47.232,109.64,2.985,39.854,60.146
Vietnam,2017,VNM,95176978.0,634161327073.0,91.562,0.962,227.694,2.392,465.237,4.888,950.026,9981.674,1.498,38.828,107.45,12.93,66.637,33.363
Philippines,2017,PHL,108119691.0,873843247356.0,77.878,0.72,133.576,1.235,273.37,2.528,532.517,4925.253,0.609,42.224,97.94,10.183,47.399,52.601
Togo,2017,TGO,7324379.0,11420230383.0,4.903,0.669,1.912,0.261,9.931,1.356,8.161,1114.258,0.715,70.233,114.55,20.316,59.419,40.581
Afghanistan,2017,AFG,35688941.0,65169281649.0,14.78,0.414,9.311,0.261,33.678,0.944,36.517,1023.214,0.56,58.124,100.27,26.42,75.165,24.835
Zimbabwe,2017,ZWE,14812484.0,25576014023.0,11.549,0.78,9.831,0.664,30.901,2.086,38.492,2598.589,1.505,41.822,101.98,7.248,65.299,34.701
Portugal,2017,PRT,10330838.0,271290329012.0,9.994,0.967,55.165,5.34,69.677,6.745,301.878,29221.047,1.113,40.1,102.14,1.964,38.87,61.13
Ireland,2017,IRL,4810258.0,266528546717.0,19.766,4.109,39.04,8.116,71.981,14.964,182.73,37987.566,0.686,65.162,112.25,1.12,37.096,62.904
Argentina,2017,ARG,44288898.0,856142153676.0,115.89,2.617,187.068,4.224,396.408,8.951,996.988,22511.016,1.165,42.983,102.98,5.232,8.322,91.678
Saint Lucia,2017,LCA,176352.0,1781316024.0,0.059,0.337,0.495,2.805,0.523,2.964,2.015,11427.596,1.131,16.295,97.68,1.562,78.216,21.784
Cyprus,2017,CYP,1254274.0,28523085691.0,0.871,0.694,7.469,5.955,8.889,7.087,32.596,25987.689,1.143,13.141,109.56,1.853,33.109,66.891
Niger,2017,NER,21435449.0,18698209711.0,22.244,1.038,2.243,0.105,56.175,2.621,9.39,438.044,0.502,36.785,111.01,35.817,83.496,16.504
United Kingdom,2017,GBR,66354473.0,2539548543933.0,46.574,0.702,387.367,5.838,477.853,7.202,2251.043,33924.512,0.886,72.195,102.53,0.606,17.769,82.231
Israel,2017,ISR,8361796.0,273812314306.0,7.648,0.915,58.849,7.038,70.338,8.412,285.686,34165.57,1.043,29.76,104.54,1.433,8.33,91.67
Albania,2017,ALB,2898245.0,31348975722.0,3.057,1.055,5.344,1.844,10.08,3.478,29.29,10106.212,0.934,42.857,100.97,18.079,44.02,55.98
Italy,2017,ITA,60390317.0,2086237040647.0,46.875,0.776,352.666,5.84,394.953,6.54,1847.626,30594.736,0.886,43.374,100.09,1.893,30.482,69.518
Morocco,2017,MAR,35446395.0,290087315215.0,27.116,0.765,61.104,1.724,99.028,2.794,233.801,6595.896,0.806,69.564,110.9,11.16,38.724,61.276
Guinea-Bissau,2017,GNB,1877074.0,2668676184.0,1.958,1.043,0.183,0.098,6.392,3.405,1.377,733.805,0.516,28.268,102.41,36.358,56.984,43.016
United States,2017,USA,332204657.0,17606124654726.0,749.256,2.255,5195.417,15.639,6319.225,19.022,25822.156,77729.664,1.467,46.706,105.17,0.947,19.598,80.402
Bahrain,2017,BHR,1482003.0,55226208950.0,23.776,16.043,32.917,22.211,56.888,38.386,208.111,140425.516,3.768,10.397,147.84,0.277,0.0,100.0
Liberia,2017,LBR,4848927.0,3977674130.0,2.311,0.477,0.667,0.138,29.224,6.027,4.826,995.341,1.213,19.484,99.79,35.943,48.204,51.796
Lesotho,2017,LSO,2157117.0,5197453242.0,1.65,0.765,2.286,1.06,8.799,4.079,3.974,1842.364,0.765,79.644,93.41,4.964,63.472,36.528
Haiti,2017,HTI,10817759.0,18822570039.0,8.918,0.824,3.133,0.29,15.312,1.415,13.759,1271.855,0.731,72.932,100.54,18.826,49.265,50.735
Switzerland,2017,CHE,8453630.0,517799793781.0,5.658,0.669,38.234,4.523,46.192,5.464,316.995,37498.082,0.612,38.26,98.23,0.631,22.087,77.913
Sweden,2017,SWE,10057864.0,449166531542.0,8.096,0.805,42.355,4.211,63.633,6.327,631.343,62771.066,1.406,7.393,99.14,1.321,12.763,87.237
Botswana,2017,BWA,2266749.0,33690154993.0,5.568,2.456,7.066,3.117,16.953,7.479,23.652,10434.404,0.702,45.633,91.88,1.842,34.054,65.946
Cameroon,2017,CMR,24128609.0,71378025048.0,21.236,0.88,9.582,0.397,76.429,3.168,34.567,1432.621,0.484,20.67,109.63,16.693,46.688,53.312
Russia,2017,RUS,146186798.0,3526353842599.0,416.507,2.849,1661.012,11.362,2560.467,17.515,8135.743,55653.059,2.307,13.158,103.94,3.554,25.54,74.46
Norway,2017,NOR,5276807.0,446543702505.0,8.233,1.56,44.197,8.376,61.7,11.693,560.158,106154.727,1.254,2.698,101.97,1.919,18.03,81.97
Honduras,2017,HND,9588144.0,43936103834.0,8.238,0.859,10.198,1.064,35.991,3.754,42.65,4448.154,0.971,31.173,105.01,12.67,44.612,55.388
United Arab Emirates,2017,ARE,9234330.0,717500233045.0,34.179,3.701,196.493,21.279,232.92,25.223,1211.888,131237.281,1.689,5.404,114.45,0.754,15.313,84.687
Latvia,2017,LVA,1942599.0,46295495418.0,2.436,1.254,7.215,3.714,13.92,7.166,49.301,25378.883,1.065,31.064,103.72,3.625,32.029,67.971
Lebanon,2017,LBN,6160129.0,75030320802.0,3.598,0.584,27.821,4.516,32.862,5.335,110.646,17961.676,1.475,65.818,103.81,2.793,10.948,89.052
Yemen,2017,YEM,33090923.0,64784033932.0,11.696,0.353,9.214,0.278,25.499,0.771,53.754,1624.448,0.83,44.419,90.99,26.961,66.441,33.559
Estonia,2017,EST,1317430.0,35037377711.0,2.788,2.116,18.616,14.131,23.461,17.808,78.484,59573.93,2.24,22.971,96.13,2.339,31.007,68.993
Mongolia,2017,MNG,3104371.0,39053686549.0,35.462,11.423,34.139,10.997,81.784,26.345,52.029,16759.918,1.332,72.864,110.7,11.137,32.074,67.926
Uganda,2017,UGA,40177384.0,81700865546.0,29.934,0.745,5.406,0.135,57.183,1.423,25.916,645.049,0.317,71.888,102.31,23.459,73.586,26.414
Equatorial Guinea,2017,GNQ,1562401.0,23511758900.0,6.689,4.281,6.816,4.362,16.143,10.332,37.153,23779.68,1.58,3.727,99.23,2.315,30.448,69.552
Montenegro,2017,MNE,620112.0,11487747356.0,0.71,1.146,2.103,3.392,0.532,0.858,10.545,17004.279,0.918,19.056,95.75,4.436,35.001,64.999
Tunisia,2017,TUN,11650504.0,127228891219.0,8.298,0.712,31.677,2.719,43.707,3.751,117.565,10090.97,0.924,62.712,101.75,8.986,31.712,68.288
El Salvador,2017,SLV,6213538.0,53295513328.0,3.093,0.498,5.942,0.956,7.736,1.245,33.041,5317.579,0.62,58.166,99.58,5.393,28.914,71.086
Croatia,2017,HRV,4079198.0,87528490789.0,3.989,0.978,18.713,4.587,22.6,5.54,94.783,23235.795,1.083,26.749,104.96,2.89,44.099,55.901
Brazil,2017,BRA,204703440.0,2960731613785.0,522.645,2.553,497.255,2.429,2431.265,11.877,3477.629,16988.619,1.175,28.341,102.87,4.601,13.802,86.198
Seychelles,2017,SYC,112443.0,2824383463.0,0.066,0.589,0.575,5.116,0.672,5.972,5.25,46686.66,1.859,3.37,81.34,2.132,56.503,43.497
Mozambique,2017,MOZ,28166397.0,28213368238.0,22.329,0.793,6.905,0.245,63.158,2.242,61.81,2194.465,2.191,52.58,113.14,26.075,67.373,32.627
Ecuador,2017,ECU,16759515.0,174458721084.0,23.637,1.41,39.196,2.339,84.039,5.014,195.11,11641.728,1.118,22.508,91.75,7.902,36.981,63.019
Qatar,2017,QAT,2706716.0,366733973367.0,22.74,8.401,105.657,39.035,129.239,47.748,564.071,208396.75,1.538,6.266,109.38,0.215,0.969,99.031
Chile,2017,CHL,18558868.0,398359518680.0,20.484,1.104,84.135,4.533,128.722,6.936,450.347,24265.859,1.131,16.575,96.26,4.281,12.2,87.8
China,2017,CHN,1412354730.0,20894362082435.0,1319.021,0.934,10000.014,7.08,11622.925,8.229,36649.383,25949.135,1.754,55.623,99.99,7.328,39.76,60.24
Paraguay,2017,PRY,6338658.0,61294571103.0,26.037,4.108,7.939,1.253,85.337,13.463,49.088,7744.288,0.801,51.185,112.97,10.185,37.047,62.953
Myanmar,2017,MMR,51894939.0,296721043920.0,76.12,1.467,23.633,0.455,238.191,4.59,148.843,2868.16,0.502,19.998,108.0,23.404,70.095,29.905
Egypt,2017,EGY,103696055.0,1158060486104.0,51.054,0.492,253.364,2.443,329.105,3.174,1070.745,10325.806,0.925,3.855,102.48,10.986,57.551,42.449
Serbia,2017,SRB,7073507.0,98337716405.0,7.315,1.034,45.673,6.457,44.107,6.236,181.355,25638.635,1.844,39.092,101.8,5.058,39.379,60.621
Hungary,2017,HUN,9785608.0,241347220007.0,9.031,0.923,49.424,5.051,61.189,6.253,269.293,27519.338,1.116,58.109,100.36,3.749,29.546,70.454
Trinidad and Tobago,2017,TTO,1445265.0,40368511597.0,5.557,3.845,40.297,27.882,47.079,32.574,207.067,143272.672,5.129,10.526,108.71,1.086,46.071,53.929
Austria,2017,AUT,8798779.0,373481694490.0,9.212,1.047,69.601,7.91,82.007,9.32,417.569,47457.57,1.118,32.169,101.37,1.2,32.095,67.905
Laos,2017,LAO,7018150.0,43958737408.0,9.839,1.402,19.625,2.796,70.55,10.053,69.279,9871.347,1.576,10.224,122.06,16.2,65.488,34.512
Moldova,2017,MDA,3193500.0,22393497127.0,2.126,0.666,5.09,1.594,5.83,1.826,38.101,11930.71,1.701,70.456,94.88,12.2,60.026,39.974
Bosnia and Herzegovina,2017,BIH,3428684.0,40717914490.0,6.144,1.792,22.153,6.461,29.107,8.489,65.853,19206.406,1.617,43.516,93.64,5.431,51.508,48.492
Sierra Leone,2017,SLE,7379300.0,10128155156.0,5.132,0.695,1.096,0.148,17.912,2.427,4.176,565.926,0.412,54.71,94.16,33.332,58.289,41.711
Azerbaijan,2017,AZE,9968510.0,159255674569.0,11.902,1.194,34.698,3.481,54.148,5.432,166.954,16748.137,1.048,57.796,104.85,5.607,43.567,56.433
Central African Republic,2017,CAF,4793512.0,3421678627.0,11.476,2.394,0.286,0.06,50.713,10.579,1.252,261.116,0.366,7.894,103.2,32.79,59.185,40.815
Colombia,2017,COL,48131076.0,634046295892.0,82.186,1.708,83.459,1.734,309.855,6.438,555.225,11535.692,0.876,39.195,104.93,6.39,22.775,77.225
Hong Kong,2017,HKG,7444889.0,367441685993.0,4.788,0.643,42.431,5.699,47.833,6.425,359.341,48266.77,0.978,4.857,99.7,0.065,0.0,100.0
Nepal,2017,NPL,28011258.0,77349484140.0,26.807,0.957,12.422,0.443,54.687,1.952,37.349,1333.339,0.483,27.54,108.73,23.7,34.423,65.577
Namibia,2017,NAM,2506854.0,22249978012.0,5.375,2.144,3.59,1.432,16.287,6.497,20.711,8261.7,0.931,47.141,102.95,7.676,53.186,46.814
Senegal,2017,SEN,15475001.0,41519118886.0,10.044,0.649,10.757,0.695,29.531,1.908,37.261,2407.79,0.897,48.424,114.5,14.982,52.066,47.934
Uzbekistan,2017,UZB,31819172.0,302992216928.0,49.64,1.56,108.883,3.422,172.392,5.418,537.744,16899.996,1.775,57.953,104.2,25.456,49.321,50.679
Dominican Republic,2017,DOM,10666846.0,154771313809.0,11.034,1.034,23.455,2.199,38.426,3.602,98.018,9189.017,0.633,52.386,99.42,4.838,26.073,73.927
Cuba,2017,CUB,11247824.0,90020495157.0,13.289,1.181,24.559,2.183,41.107,3.655,105.784,9404.827,1.175,60.694,105.15,3.8,23.04,76.96
North Macedonia,2017,MKD,1940877.0,26597107306.0,1.849,0.952,7.09,3.653,9.967,5.135,29.433,15164.854,1.107,50.198,101.67,7.873,40.256,59.744
Bangladesh,2017,BGD,162186146.0,630957812405.0,89.0,0.549,86.531,0.534,204.847,1.263,402.965,2484.585,0.639,70.579,122.5,12.957,69.798,30.202
Guatemala,2017,GTM,16567363.0,123236680953.0,16.055,0.969,16.993,1.026,67.783,4.091,82.014,4950.349,0.666,42.214,105.96,9.696,46.201,53.799
Libya,2017,LBY,6738771.0,120859728232.0,22.065,3.274,67.092,9.956,90.525,13.433,277.402,41165.113,2.295,8.724,95.9,3.875,12.183,87.817
Spain,2017,ESP,46868594.0,1578931492849.0,45.153,0.963,273.484,5.835,320.494,6.838,1602.043,34181.582,1.015,52.639,106.96,2.803,20.534,79.466
Greece,2017,GRC,10753532.0,243776808141.0,12.504,1.163,74.842,6.96,80.304,7.468,322.197,29962.0,1.322,46.963,96.82,3.752,22.11,77.89
Sri Lanka,2017,LKA,22087525.0,273915973018.0,9.272,0.42,22.168,1.004,49.408,2.237,106.731,4832.206,0.39,44.596,113.45,7.431,80.849,19.151
Guinea,2017,GIN,12385668.0,18265129177.0,18.703,1.51,4.847,0.391,87.752,7.085,13.342,1077.21,0.73,67.285,111.59,20.528,64.417,35.583
Lithuania,2017,LTU,2829317.0,72206131673.0,3.541,1.251,13.277,4.693,23.874,8.438,69.15,24440.611,0.958,46.859,97.51,3.549,32.899,67.101
Zambia,2017,ZMB,17441328.0,61680980857.0,17.535,1.005,7.459,0.428,103.85,5.954,34.158,1958.433,0.554,32.068,113.28,4.024,57.27,42.73
Tajikistan,2017,TJK,9085942.0,35461181351.0,7.218,0.794,6.879,0.757,16.995,1.87,37.748,4154.551,1.064,27.68,169.68,20.283,73.727,26.273
Syria,2017,SYR,19224671.0,59296820428.0,8.782,0.457,34.473,1.793,46.334,2.41,118.334,6155.312,1.996,75.805,85.73,40.636,25.46,74.54
Kyrgyzstan,2017,KGZ,6220148.0,28879683468.0,6.951,1.118,9.364,1.505,19.728,3.172,46.675,7503.813,1.616,54.954,104.34,12.515,65.002,34.998
Netherlands,2017,NLD,17315376.0,800404023156.0,22.16,1.28,162.296,9.373,200.622,11.586,1052.102,60761.145,1.314,54.024,100.6,1.968,8.878,91.122
Dominica,2017,DMA,68514.0,656048862.0,0.058,0.841,0.154,2.246,0.184,2.689,0.746,10885.662,1.137,33.333,99.6,11.744,29.359,70.641
Bulgaria,2017,BGR,7075642.0,121237951710.0,10.245,1.448,47.446,6.706,59.1,8.353,218.174,30834.584,1.8,46.329,97.29,4.043,26.61,73.39
Mauritius,2017,MUS,1290654.0,26345551590.0,0.562,0.435,4.54,3.517,5.392,4.178,26.671,20664.514,1.012,43.065,101.71,2.955,60.55,39.45
Finland,2017,FIN,5508398.0,215058877437.0,7.503,1.362,44.657,8.107,88.916,16.142,327.216,59403.098,1.522,7.469,100.28,2.068,28.044,71.956
Singapore,2017,SGP,5604087.0,405715948493.0,4.937,0.881,50.1,8.94,56.491,10.08,986.095,175960.0,2.431,0.927,139.82,0.031,0.0,100.0
Eswatini,2017,SWZ,1158198.0,8725282454.0,1.141,0.985,0.971,0.838,1.809,1.562,6.092,5259.742,0.698,70.0,99.22,8.115,76.195,23.805
Mexico,2017,MEX,123400052.0,2007719438156.0,142.684,1.156,464.407,3.763,644.26,5.221,2329.706,18879.297,1.16,49.871,105.15,3.298,22.279,77.721
Ethiopia,2017,ETH,109666482.0,190761659136.0,104.021,0.949,14.603,0.133,214.109,1.952,63.728,581.11,0.334,33.264,105.88,33.779,79.692,20.308
Costa Rica,2017,CRI,4913177.0,71025038908.0,4.886,0.994,7.987,1.626,18.001,3.664,44.914,9141.534,0.632,33.809,102.78,4.7,23.946,76.054
Oman,2017,OMN,4537397.0,170449577065.0,28.851,6.358,66.344,14.622,96.63,21.296,351.916,77558.961,2.065,4.688,111.8,1.985,21.686,78.314
Cote d'Ivoire,2017,CIV,26733376.0,93099253173.0,12.478,0.467,12.002,0.449,240.167,8.984,53.684,2008.135,0.577,77.704,107.17,16.941,49.602,50.398
Saudi Arabia,2017,SAU,30782400.0,1628276592787.0,105.973,3.443,644.487,20.937,758.852,24.652,3181.819,103364.891,1.954,80.759,111.18,2.835,16.699,83.301
Australia,2017,AUS,24731044.0,1197832839959.0,166.517,6.733,413.408,16.716,716.287,28.963,1602.028,64778.02,1.337,48.341,90.98,2.721,12.872,87.128
Kuwait,2017,KWT,4154686.0,215180426540.0,38.696,9.314,100.01,24.072,139.818,33.653,466.991,112401.039,2.17,8.496,114.24,0.525,0.0,100.0
Kenya,2017,KEN,49197757.0,151656608610.0,42.684,0.868,16.181,0.329,97.212,1.976,84.989,1727.493,0.56,48.929,78.8,20.894,68.462,31.538
Iceland,2017,ISL,343537.0,14562998209.0,0.683,1.988,3.611,10.511,4.969,14.465,64.246,187012.172,4.412,18.673,107.9,3.748,6.228,93.772
Burkina Faso,2017,BFA,19894413.0,29664279937.0,20.189,1.015,4.622,0.232,56.974,2.864,17.163,862.711,0.579,50.359,99.46,20.586,74.023,25.977
Denmark,2017,DNK,5765164.0,271132202845.0,10.186,1.767,34.665,6.013,53.512,9.282,202.984,35208.766,0.749,65.782,99.58,1.26,11.984,88.016
Djibouti,2017,DJI,1054844.0,2767106002.0,1.133,1.074,0.414,0.392,1.855,1.759,3.157,2993.303,1.141,73.46,127.85,1.294,28.682,71.318
Uruguay,2017,URY,3388444.0,66627711123.0,25.538,7.537,6.151,1.815,43.521,12.844,45.905,13547.438,0.689,81.264,103.7,5.406,4.771,95.229
Mauritania,2017,MRT,4210603.0,13137043588.0,8.372,1.988,3.581,0.851,16.741,3.976,15.744,3739.247,1.198,38.527,101.21,22.719,45.803,54.197
Slovakia,2017,SVK,5435702.0,139312659832.0,5.859,1.078,36.184,6.657,57.518,10.581,194.595,35799.367,1.397,39.081,101.19,1.848,46.387,53.613
Luxembourg,2017,LUX,596506.0,32946911821.0,0.603,1.011,9.251,15.509,10.303,17.272,44.355,74357.836,1.346,50.946,108.88,0.235,7.904,92.096
Barbados,2017,BRB,280177.0,3554020089.0,0.167,0.594,1.399,4.994,1.573,5.614,6.563,23423.18,1.847,23.256,102.71,1.804,40.741,59.259
Madagascar,2017,MDG,26788379.0,35012614968.0,23.236,0.867,3.804,0.142,64.87,2.422,14.813,552.947,0.423,70.29,101.28,24.55,70.329,29.671
Burundi,2017,BDI,11506764.0,7833860723.0,4.121,0.358,0.516,0.045,8.703,0.756,2.419,210.261,0.309,77.687,127.57,37.403,83.376,16.624
Democratic Republic of Congo,2017,COD,87083400.0,72396212035.0,46.828,0.538,2.92,0.034,730.257,8.386,20.75,238.279,0.287,14.684,101.25,12.259,57.887,42.113
Indonesia,2017,IDN,267346654.0,2962852274581.0,320.719,1.2,570.928,2.136,1725.163,6.453,2023.711,7569.616,0.683,27.76,159.79,13.157,45.546,54.454
Chad,2017,TCD,15622756.0,22969403286.0,52.173,3.34,2.341,0.15,98.426,6.3,6.416,410.664,0.279,39.976,111.6,38.43,76.539,23.461
Peru,2017,PER,31324639.0,309742529723.0,30.062,0.96,54.726,1.747,140.19,4.475,303.59,9691.741,0.98,18.945,105.63,6.78,17.807,82.193
Turkey,2017,TUR,83083667.0,1918472081554.0,88.521,1.065,430.622,5.183,556.874,6.703,1787.342,21512.551,0.932,49.328,109.93,6.196,11.968,88.032
New Zealand,2017,NZL,4812749.0,174187918857.0,36.864,7.66,35.661,7.41,91.003,18.909,259.835,53988.824,1.492,40.424,98.69,5.909,15.83,84.17
Sao Tome and Principe,2017,STP,206986.0,745271993.0,0.064,0.311,0.139,0.673,0.331,1.601,0.662,3200.026,0.889,42.708,108.25,12.748,32.348,67.652
South Korea,2017,KOR,51486268.0,1915599559593.0,29.824,0.579,654.537,12.713,691.612,13.433,3479.517,67581.461,1.816,17.195,98.91,1.715,18.529,81.471
Slovenia,2017,SVN,2062410.0,58855036945.0,2.931,1.421,14.637,7.097,23.209,11.253,80.721,39139.125,1.372,30.541,103.94,1.693,44.755,55.245
France,2017,FRA,65284775.0,2549057506683.0,73.88,1.132,338.368,5.183,427.92,6.555,2756.229,42218.559,1.081,53.247,99.19,1.435,21.353,78.647
Belgium,2017,BEL,11376583.0,454386396677.0,12.313,1.082,99.282,8.727,122.465,10.765,716.042,62940.031,1.576,43.748,102.49,0.73,13.327,86.673
Bolivia,2017,BOL,11344591.0,73419862854.0,24.541,2.163,22.182,1.955,131.516,11.593,93.717,8260.953,1.276,35.023,110.53,7.677,30.916,69.084
Ghana,2017,GHA,30008364.0,117627099029.0,17.157,0.572,12.437,0.414,53.032,1.767,73.757,2457.866,0.627,53.107,106.21,19.562,45.301,54.699
Cape Verde,2017,CPV,512899.0,3751791578.0,0.137,0.267,0.572,1.114,0.798,1.556,4.104,8000.856,1.094,19.603,81.99,5.375,30.8,69.2
Comoros,2017,COM,756672.0,1426021134.0,0.367,0.485,0.264,0.349,0.714,0.943,1.136,1501.447,0.797,71.467,99.53,31.899,68.9,31.1
Panama,2017,PAN,4098704.0,83812229677.0,4.027,0.982,9.568,2.334,20.441,4.987,114.446,27922.566,1.366,29.722,101.14,2.573,34.342,65.658
Romania,2017,ROU,19689405.0,456012361225.0,22.37,1.136,79.432,4.034,109.876,5.58,387.936,19702.773,0.851,58.145,99.27,4.439,46.635,53.365
Czechia,2017,CZE,10541343.0,321652381589.0,12.678,1.203,107.736,10.22,127.198,12.067,490.582,46538.844,1.525,45.603,101.11,2.105,27.088,72.912
Nicaragua,2017,NIC,6316235.0,31179621906.0,10.238,1.621,5.441,0.861,40.928,6.48,25.203,3990.252,0.808,42.222,117.54,14.996,41.811,58.189
Jordan,2017,JOR,10234227.0,92472176531.0,5.073,0.496,26.08,2.548,32.97,3.221,118.0,11529.927,1.276,11.343,112.54,4.442,9.124,90.876
Kazakhstan,2017,KAZ,18651931.0,442384368842.0,53.113,2.848,317.72,17.034,414.069,22.2,764.926,41010.547,1.729,80.088,107.72,4.517,42.541,57.459
Armenia,2017,ARM,2914966.0,31741802974.0,1.721,0.591,5.537,1.899,9.137,3.134,39.815,13658.813,1.254,58.872,106.9,14.994,35.288,64.712
India,2017,IND,1359657398.0,8550029645172.0,786.601,0.579,2425.722,1.784,3415.989,2.512,8571.671,6304.287,1.003,60.284,111.37,16.558,66.818,33.182
Turkmenistan,2017,TKM,6507065.0,96785037864.0,24.146,3.711,62.957,9.675,96.826,14.88,323.575,49726.68,3.343,81.424,106.35,11.118,52.967,47.033
Rwanda,2017,RWA,12202062.0,20935170126.0,4.409,0.361,1.17,0.096,8.025,0.658,4.929,403.966,0.235,81.273,102.2,26.345,79.752,20.248
Nigeria,2017,NGA,200254580.0,1036180414988.0,225.834,1.128,112.54,0.562,377.183,1.884,457.563,2284.907,0.442,74.337,100.67,20.847,42.651,57.349
Gambia,2017,GMB,2342191.0,3704517995.0,1.449,0.619,0.597,0.255,2.953,1.261,2.372,1012.601,0.64,62.648,91.54,21.002,39.528,60.472
Congo,2017,COG,5351013.0,25159867387.0,16.066,3.002,5.651,1.056,43.831,8.191,19.23,3593.713,0.764,31.117,102.55,7.31,36.646,63.354
Pakistan,2017,PAK,223273974.0,1117267177186.0,184.139,0.825,211.981,0.949,465.362,2.084,951.993,4263.787,0.852,48.001,105.09,21.963,63.565,36.435
Canada,2017,CAN,36808498.0,1631871440185.0,124.508,3.383,566.66,15.395,878.589,23.869,4026.635,109394.164,2.467,6.454,108.97,1.89,18.598,81.402
Germany,2017,DEU,83104010.0,3808389445530.0,67.433,0.811,784.595,9.441,891.569,10.728,3949.556,47525.457,1.037,47.763,98.88,0.86,19.016,80.984
Belarus,2017,BLR,9495793.0,173606575679.0,18.445,1.942,59.444,6.26,101.855,10.726,277.84,29259.266,1.6,41.845,104.92,7.566,22.979,77.021
Malawi,2017,MWI,18039714.0,22603193649.0,6.245,0.346,1.193,0.066,23.321,1.293,7.264,402.66,0.321,61.699,127.72,22.926,84.037,15.963
Algeria,2017,DZA,41689302.0,577138830559.0,64.002,1.535,165.252,3.964,237.597,5.699,623.795,14962.943,1.081,17.355,100.15,11.032,28.677,71.323
Mali,2017,MLI,19813016.0,26378184458.0,24.615,1.242,4.767,0.241,61.292,3.094,21.441,1082.177,0.813,34.74,109.73,31.401,72.935,27.065
Georgia,2017,GEO,3792860.0,56501161966.0,3.188,0.841,10.06,2.652,8.626,2.274,56.037,14774.392,0.992,34.319,99.05,6.919,42.0,58.0
Benin,2017,BEN,12039777.0,24568275710.0,6.547,0.544,5.555,0.461,45.464,3.776,29.448,2445.911,1.199,36.302,104.82,28.489,52.706,47.294
Gabon,2017,GAB,2156902.0,33572391290.0,12.941,6.0,5.501,2.55,31.199,14.465,19.956,9252.113,0.594,8.357,101.22,5.266,10.999,89.001
Malta,2017,MLT,467902.0,14746505042.0,0.175,0.373,1.537,3.285,1.744,3.728,36.796,78640.641,2.495,32.438,96.0,0.676,5.431,94.569
South Africa,2017,ZAF,57635158.0,708670169977.0,87.121,1.512,440.01,7.634,547.122,9.493,1475.142,25594.477,2.082,79.418,95.64,2.494,36.669,63.331
Malaysia,2017,MYS,32355642.0,757336192678.0,29.254,0.904,244.457,7.555,389.246,12.03,1188.491,36732.113,1.569,26.087,102.78,8.598,25.765,74.235
Ukraine,2017,UKR,45436037.0,417287091525.0,61.068,1.344,223.288,4.914,321.033,7.066,975.331,21466.02,2.337,71.619,97.62,10.178,30.737,69.263
Cambodia,2017,KHM,16073374.0,54002196805.0,22.949,1.428,12.087,0.752,92.826,5.775,41.997,2612.837,0.778,32.77,100.42,17.868,64.987,35.013
Iran,2017,IRN,85026761.0,1486668357750.0,169.524,1.994,696.407,8.19,875.417,10.296,3023.708,35561.832,2.034,28.619,96.02,8.49,25.599,74.401
Iraq,2017,IRQ,39337358.0,485207548291.0,164.036,4.17,167.472,4.257,340.57,8.658,598.461,15213.562,1.233,21.512,91.91,2.977,30.106,69.894
Angola,2017,AGO,30234836.0,164717711409.0,52.943,1.751,23.601,0.781,193.46,6.399,83.874,2774.095,0.509,36.709,107.46,14.928,34.915,65.085
Tanzania,2017,TZA,55652888.0,150417154803.0,51.846,0.932,13.513,0.243,178.552,3.208,48.224,866.516,0.321,43.898,102.53,28.753,67.701,32.299
Thailand,2017,THA,71160183.0,1079732734924.0,96.405,1.355,283.348,3.982,446.128,6.269,1432.683,20133.205,1.327,44.72,99.68,8.406,50.769,49.231
Japan,2017,JPN,127064686.0,4821960242931.0,31.599,0.249,1184.392,9.321,1228.575,9.669,5354.196,42137.562,1.11,13.108,100.89,1.128,8.45,91.55
Jamaica,2017,JAM,2815765.0,19869841700.0,0.815,0.29,7.768,2.759,9.327,3.312,32.889,11680.155,1.655,38.504,106.86,5.911,44.085,55.915
Albania,2018,ALB,2894229.0,32609000823.0,3.077,1.063,5.195,1.795,9.622,3.324,27.993,9672.062,0.858,42.85,105.5,17.916,43.623,56.377
Italy,2018,ITA,60277496.0,2105551772855.0,46.39,0.77,349.048,5.791,408.848,6.783,1859.782,30853.664,0.883,41.949,106.33,1.858,30.52,69.48
United Kingdom,2018,GBR,66752473.0,2582848171416.0,46.395,0.695,379.73,5.689,475.272,7.12,2246.424,33653.051,0.87,71.719,104.35,0.563,17.553,82.447
Portugal,2018,PRT,10325355.0,279020275961.0,10.033,0.972,51.34,4.972,73.04,7.074,304.09,29450.785,1.09,40.792,101.14,1.918,38.877,61.123
Zimbabwe,2018,ZWE,15034457.0,26786271482.0,11.831,0.787,11.209,0.746,27.25,1.813,42.892,2852.896,1.601,41.817,102.21,7.319,64.591,35.409
Poland,2018,POL,38241070.0,1073462064151.0,48.997,1.281,335.719,8.779,401.005,10.486,1222.083,31957.33,1.138,47.399,113.14,2.416,39.947,60.053
Algeria,2018,DZA,42505033.0,584064441740.0,64.052,1.507,174.461,4.104,248.318,5.842,669.62,15753.894,1.146,17.357,96.31,11.244,28.095,71.905
Vietnam,2018,VNM,96237319.0,681501440291.0,93.491,0.971,255.468,2.655,516.912,5.371,1078.912,11210.952,1.583,38.734,112.2,12.307,66.059,33.941
Belarus,2018,BLR,9480031.0,179054352755.0,18.489,1.95,62.171,6.558,103.849,10.955,307.179,32402.701,1.716,41.644,105.87,6.59,22.787,77.213
Malaysia,2018,MYS,32910963.0,794013962862.0,29.358,0.892,262.647,7.981,389.989,11.85,1210.13,36769.809,1.524,26.087,100.45,7.512,25.437,74.563
Gambia,2018,GMB,2399633.0,3947001965.0,1.274,0.531,0.649,0.27,2.819,1.175,1.932,805.15,0.49,62.648,79.25,19.872,38.935,61.065
Romania,2018,ROU,19597874.0,473122658487.0,22.643,1.155,79.874,4.076,125.696,6.414,392.051,20004.775,0.829,58.301,87.98,4.507,46.855,53.145
Congo,2018,COG,5483128.0,23950933949.0,18.813,3.431,6.545,1.194,41.646,7.595,18.475,3369.348,0.771,31.132,103.14,6.788,36.557,63.443
Pakistan,2018,PAK,226928893.0,1165406508457.0,189.753,0.836,203.5,0.897,455.021,2.005,967.48,4263.363,0.83,47.936,108.44,21.651,63.252,36.748
Mauritania,2018,MRT,4337685.0,13699199188.0,8.409,1.939,4.444,1.025,17.189,3.963,17.335,3996.467,1.265,38.527,102.92,23.656,44.869,55.131
Ukraine,2018,UKR,45208903.0,431842093109.0,62.329,1.379,231.9,5.13,329.975,7.299,1011.989,22384.719,2.343,71.331,95.82,10.14,30.684,69.316
Rwanda,2018,RWA,12488000.0,22730987759.0,4.58,0.367,1.313,0.105,8.112,0.65,4.892,391.707,0.215,79.003,103.6,24.623,78.458,21.542
Nigeria,2018,NGA,204938752.0,1056103594567.0,229.374,1.119,106.786,0.521,384.295,1.875,488.559,2383.928,0.463,74.737,103.97,21.204,41.845,58.155
Cambodia,2018,KHM,16274522.0,58035619609.0,23.242,1.428,13.938,0.856,96.588,5.935,49.37,3033.558,0.851,33.188,100.53,16.498,62.36,37.64
Iran,2018,IRN,86117999.0,1483607175221.0,162.663,1.889,664.523,7.716,876.975,10.183,3121.94,36251.887,2.104,28.915,93.37,9.631,25.197,74.803
Iraq,2018,IRQ,40265629.0,508026800522.0,167.254,4.154,186.156,4.623,361.895,8.988,622.69,15464.542,1.226,21.604,95.89,2.816,30.123,69.877
Angola,2018,AGO,31297160.0,162550037080.0,48.772,1.558,23.278,0.744,178.217,5.694,94.022,3004.172,0.578,36.719,107.07,13.34,34.127,65.873
Tanzania,2018,TZA,57437134.0,160884699826.0,52.309,0.911,14.233,0.248,178.463,3.107,56.368,981.383,0.35,44.138,119.83,27.869,67.171,32.829
Philippines,2018,PHL,109465284.0,929253628653.0,78.162,0.714,139.857,1.278,273.759,2.501,550.443,5028.468,0.592,42.301,98.19,9.65,46.791,53.209
Thailand,2018,THA,71376081.0,1125329902301.0,93.232,1.306,288.305,4.039,465.432,6.521,1478.376,20712.488,1.314,44.717,98.86,8.202,45.416,54.584
Germany,2018,DEU,83368507.0,3845758522294.0,65.036,0.78,758.771,9.101,859.214,10.306,3845.414,46125.492,1.0,47.642,98.47,0.742,18.858,81.142
Malawi,2018,MWI,18528086.0,23595927755.0,6.713,0.362,1.69,0.091,24.84,1.341,6.832,368.759,0.29,62.293,162.34,21.633,83.978,16.022
South Korea,2018,KOR,51640894.0,1971285914824.0,29.995,0.581,670.169,12.977,709.059,13.731,3562.572,68987.422,1.807,16.94,103.02,1.599,18.618,81.382
Benin,2018,BEN,12383349.0,26346543293.0,6.728,0.543,5.668,0.458,43.844,3.541,32.402,2616.541,1.23,39.56,106.79,28.065,52.005,47.995
Slovenia,2018,SVN,2069484.0,61476689663.0,2.848,1.376,14.563,7.037,22.046,10.653,82.391,39812.316,1.34,30.393,103.29,1.991,44.809,55.191
France,2018,FRA,65519537.0,2596599107835.0,73.924,1.128,323.102,4.931,399.243,6.093,2790.429,42589.262,1.075,53.178,98.61,1.531,21.329,78.671
Belgium,2018,BEL,11428608.0,462533269863.0,12.441,1.089,100.256,8.772,123.423,10.799,714.205,62492.762,1.544,44.404,105.79,0.665,13.112,86.888
Sao Tome and Principe,2018,STP,210198.0,768095622.0,0.065,0.309,0.139,0.662,0.27,1.285,0.631,2999.56,0.821,43.75,104.18,11.818,32.217,67.783
Czechia,2018,CZE,10548934.0,332009886797.0,12.542,1.189,106.322,10.079,123.044,11.664,489.024,46357.695,1.473,45.629,99.92,1.969,27.15,72.85
Nicaragua,2018,NIC,6400074.0,30002714290.0,10.474,1.637,5.178,0.809,36.714,5.737,23.765,3713.181,0.792,42.247,115.7,15.322,41.632,58.368
Jordan,2018,JOR,10462310.0,94246709824.0,5.173,0.494,25.419,2.43,32.572,3.113,113.737,10871.084,1.207,11.509,125.87,4.381,8.799,91.201
Armenia,2018,ARM,2909971.0,33400320594.0,1.633,0.561,5.822,2.001,9.2,3.162,39.066,13424.767,1.17,58.915,102.0,13.942,35.15,64.85
Kazakhstan,2018,KAZ,18932725.0,460522121041.0,52.263,2.76,329.572,17.408,415.539,21.948,789.198,41684.305,1.714,80.022,111.49,4.396,41.761,58.239
India,2018,IND,1374659067.0,9173201683791.0,800.125,0.582,2595.227,1.888,3616.201,2.631,9063.36,6593.169,0.988,60.244,117.75,16.032,66.502,33.498
Turkmenistan,2018,TKM,6655523.0,97638670425.0,23.923,3.594,61.302,9.211,102.929,15.465,365.408,54902.934,3.742,82.994,107.54,11.042,52.958,47.042
Ghana,2018,GHA,30637592.0,124919973796.0,17.282,0.564,15.19,0.496,54.136,1.767,73.626,2403.126,0.589,53.694,108.75,18.137,44.782,55.218
Cape Verde,2018,CPV,513418.0,3892648372.0,0.137,0.267,0.572,1.113,0.789,1.537,3.389,6599.902,0.87,19.603,75.69,4.523,29.603,70.397
Comoros,2018,COM,771597.0,1479483924.0,0.373,0.484,0.286,0.37,0.742,0.961,0.824,1068.264,0.557,71.467,96.51,33.72,68.593,31.407
Panama,2018,PAN,4167860.0,86820962356.0,4.114,0.987,9.121,2.188,18.609,4.465,111.64,26785.832,1.286,29.563,104.71,2.446,34.29,65.71
Bolivia,2018,BOL,11508370.0,76521114837.0,24.486,2.128,22.509,1.956,145.075,12.606,95.832,8327.178,1.252,35.263,111.36,7.45,30.587,69.413
Uruguay,2018,URY,3394538.0,66946183643.0,24.93,7.344,6.57,1.936,42.125,12.41,46.865,13806.079,0.7,81.081,104.72,5.824,4.706,95.294
Ethiopia,2018,ETH,112664157.0,206205566995.0,106.029,0.941,16.117,0.143,208.567,1.851,69.216,614.354,0.336,33.585,107.62,31.219,79.216,20.784
Slovakia,2018,SVK,5443229.0,144927513498.0,5.699,1.047,36.184,6.648,50.168,9.217,191.296,35143.781,1.32,39.289,99.72,2.009,46.512,53.488
Burundi,2018,BDI,11859444.0,8207327776.0,4.109,0.346,0.645,0.054,8.731,0.736,3.128,263.726,0.381,78.738,131.14,35.354,82.318,17.682
Indonesia,2018,IDN,269951847.0,3116158974437.0,352.425,1.306,607.378,2.25,1813.221,6.717,2131.562,7896.082,0.684,28.412,166.86,12.808,44.904,55.096
Chad,2018,TCD,16156535.0,23510339039.0,55.311,3.423,2.384,0.148,101.524,6.284,6.868,425.102,0.292,39.976,117.15,37.618,76.151,23.849
Peru,2018,PER,31897590.0,322061010919.0,30.32,0.951,56.014,1.756,138.837,4.353,318.425,9982.715,0.989,18.824,111.27,6.886,17.315,82.685
Turkey,2018,TUR,84415966.0,1975637604336.0,96.097,1.138,423.818,5.021,536.63,6.357,1787.873,21179.322,0.905,49.117,115.1,6.004,11.834,88.166
Democratic Republic of Congo,2018,COD,90047647.0,75889338637.0,45.545,0.506,3.774,0.042,630.117,6.998,25.157,279.372,0.331,14.828,102.0,12.302,57.505,42.495
New Zealand,2018,NZL,4900840.0,181445758308.0,36.891,7.527,35.687,7.282,91.423,18.654,258.445,52734.938,1.424,39.869,101.73,5.661,16.198,83.802
Dominica,2018,DMA,68195.0,677586340.0,0.058,0.847,0.165,2.418,0.188,2.75,0.725,10637.567,1.071,33.333,99.77,9.648,28.964,71.036
Saudi Arabia,2018,SAU,30365119.0,1673253984473.0,109.105,3.593,652.204,21.479,769.681,25.348,3101.678,102146.078,1.854,80.758,121.48,2.414,16.529,83.471
Kuwait,2018,KWT,4323389.0,220424403170.0,39.203,9.068,102.453,23.697,142.784,33.026,482.382,111575.0,2.188,8.418,122.71,0.446,0.0,100.0
Kenya,2018,KEN,50207109.0,160257055688.0,44.186,0.88,17.003,0.339,95.102,1.894,82.575,1644.68,0.515,49.552,84.64,20.315,68.606,31.394
Iceland,2018,ISL,352860.0,15275006901.0,0.686,1.945,3.665,10.388,5.018,14.221,66.459,188342.578,4.351,18.566,108.47,4.247,6.147,93.853
Hungary,2018,HUN,9774395.0,254289117363.0,9.073,0.928,49.366,5.051,60.998,6.241,271.203,27746.227,1.067,58.032,103.91,3.472,29.529,70.471
Australia,2018,AUS,25119700.0,1231576952488.0,168.041,6.69,414.781,16.512,681.078,27.113,1625.908,64726.418,1.32,46.658,97.18,2.472,12.773,87.227
Burkina Faso,2018,BFA,20438289.0,31623015393.0,20.401,0.998,5.226,0.256,56.296,2.754,19.286,943.597,0.61,51.196,101.23,20.997,73.917,26.083
Denmark,2018,DNK,5793824.0,276526484620.0,10.388,1.793,34.609,5.973,52.826,9.118,200.117,34539.766,0.724,65.812,101.46,0.997,11.894,88.106
Greece,2018,GRC,10730846.0,247844015413.0,12.092,1.127,71.778,6.689,87.951,8.196,324.066,30199.467,1.308,46.111,93.78,3.526,21.951,78.049
Luxembourg,2018,LUX,608109.0,33348602359.0,0.596,0.98,9.556,15.715,10.574,17.388,46.431,76353.008,1.392,51.102,113.26,0.234,7.329,92.671
Barbados,2018,BRB,280719.0,3526291932.0,0.167,0.594,1.447,5.154,1.619,5.767,7.31,26041.184,2.073,23.256,105.98,2.168,40.73,59.27
Madagascar,2018,MDG,27494930.0,36130917975.0,22.868,0.832,3.604,0.131,60.214,2.19,12.727,462.902,0.352,70.29,94.38,23.973,70.082,29.918
Mauritius,2018,MUS,1288836.0,27401224769.0,0.565,0.438,4.455,3.457,5.28,4.096,25.131,19499.125,0.917,43.065,104.25,2.526,60.653,39.347
Finland,2018,FIN,5515730.0,217509947213.0,7.426,1.346,45.736,8.292,92.312,16.736,333.841,60525.258,1.535,7.476,99.61,2.114,27.658,72.342
Singapore,2018,SGP,5634366.0,420221993120.0,4.928,0.875,50.3,8.927,56.663,10.057,993.577,176342.375,2.364,0.924,112.07,0.03,0.0,100.0
Eswatini,2018,SWZ,1168933.0,8936238936.0,1.146,0.98,1.015,0.868,1.75,1.498,6.385,5461.989,0.714,69.826,98.97,7.385,75.942,24.058
Mexico,2018,MEX,124573713.0,2051539127317.0,143.368,1.151,468.421,3.76,640.318,5.14,2284.338,18337.242,1.113,49.649,108.55,3.297,21.973,78.027
Canada,2018,CAN,37294996.0,1677189073139.0,125.972,3.378,575.091,15.42,873.207,23.414,4082.489,109464.797,2.434,6.457,112.68,1.7,18.45,81.55
Costa Rica,2018,CRI,4957813.0,72883048113.0,5.083,1.025,7.967,1.607,16.278,3.283,46.812,9442.009,0.642,33.72,105.76,4.484,23.446,76.554
Oman,2018,OMN,4597878.0,172643265345.0,29.189,6.348,70.678,15.372,101.273,22.026,376.007,81778.438,2.178,4.714,133.42,1.849,21.034,78.966
Cote d'Ivoire,2018,CIV,27464175.0,96591406762.0,11.648,0.424,10.415,0.379,146.479,5.333,53.911,1962.942,0.558,81.342,111.73,17.853,49.128,50.872
Bangladesh,2018,BGD,163523109.0,678912369102.0,89.101,0.545,86.608,0.53,208.473,1.275,430.288,2631.359,0.634,70.694,124.46,12.48,69.482,30.518
Guatemala,2018,GTM,16845688.0,127435350812.0,16.388,0.973,18.338,1.089,68.998,4.096,84.434,5012.176,0.663,42.492,108.78,9.436,46.154,53.846
Spain,2018,ESP,47092817.0,1615001473949.0,46.051,0.978,268.521,5.702,320.733,6.811,1628.672,34584.289,1.008,52.408,110.28,2.701,20.442,79.558
Libya,2018,LBY,6849058.0,130457185445.0,26.327,3.844,62.645,9.146,90.352,13.192,266.794,38953.395,2.045,8.724,108.68,3.66,12.182,87.818
Croatia,2018,HRV,4024868.0,89979865983.0,3.789,0.941,17.695,4.396,21.914,5.445,98.16,24388.486,1.091,26.517,104.29,2.951,43.907,56.093
Cuba,2018,CUB,11227116.0,91854653880.0,13.376,1.191,23.019,2.05,42.99,3.829,110.47,9839.556,1.203,60.694,106.69,3.782,22.984,77.016
North Macedonia,2018,MKD,1919730.0,27363281668.0,1.808,0.942,6.654,3.466,9.365,4.878,30.426,15849.292,1.112,50.119,101.87,8.47,39.842,60.158
Djibouti,2018,DJI,1071886.0,2924431711.0,1.137,1.061,0.472,0.44,1.924,1.795,3.107,2898.561,1.062,73.46,129.81,1.417,28.485,71.515
Zambia,2018,ZMB,17973574.0,64169815579.0,17.893,0.996,8.658,0.482,100.257,5.578,37.214,2070.469,0.58,32.068,106.75,3.341,56.889,43.111
Tajikistan,2018,TJK,9307345.0,38156222428.0,7.328,0.787,8.081,0.868,17.68,1.9,40.658,4368.406,1.066,27.773,178.94,19.772,73.766,26.234
Syria,2018,SYR,19577849.0,60171975441.0,7.033,0.359,31.771,1.623,41.529,2.121,131.406,6711.99,2.184,75.792,81.75,39.01,25.939,74.061
Netherlands,2018,NLD,17421285.0,819300805024.0,21.52,1.235,158.264,9.085,195.007,11.194,1026.139,58901.457,1.252,54.143,97.35,1.76,7.394,92.606
Bahrain,2018,BHR,1497634.0,56391482183.0,23.604,15.761,32.698,21.833,56.503,37.728,211.518,141234.797,3.751,10.411,139.56,0.275,0.0,100.0
Sri Lanka,2018,LKA,22253116.0,280243422762.0,10.204,0.459,20.137,0.905,43.627,1.961,112.369,5049.593,0.401,45.448,120.74,7.592,80.676,19.324
Guinea,2018,GIN,12704776.0,19467826772.0,18.842,1.483,3.77,0.297,69.389,5.462,15.976,1257.449,0.821,67.979,114.99,22.94,64.145,35.855
Lithuania,2018,LTU,2802485.0,75089601435.0,3.418,1.22,13.414,4.787,25.638,9.148,70.969,25323.756,0.945,47.054,95.0,2.887,32.854,67.146
Mongolia,2018,MNG,3167714.0,41646694213.0,36.596,11.553,45.319,14.307,90.733,28.643,56.915,17967.139,1.367,72.842,127.39,11.428,32.132,67.868
Moldova,2018,MDA,3153779.0,23311634910.0,2.085,0.661,5.351,1.697,6.605,2.094,40.699,12904.734,1.746,68.636,92.1,10.147,59.674,40.326
Bosnia and Herzegovina,2018,BIH,3386999.0,42277004927.0,6.412,1.893,22.079,6.519,29.802,8.799,62.607,18484.439,1.481,43.184,90.61,5.719,51.028,48.972
Trinidad and Tobago,2018,TTO,1470522.0,40016907555.0,5.562,3.782,40.307,27.41,47.103,32.031,194.039,131952.172,4.849,10.526,111.19,0.965,46.069,53.931
Laos,2018,LAO,7128043.0,46694965948.0,9.892,1.388,20.481,2.873,68.363,9.591,71.489,10029.2,1.531,10.051,102.79,15.709,64.795,35.205
Nepal,2018,NPL,28079688.0,83234791901.0,27.216,0.969,14.039,0.5,55.273,1.968,41.984,1495.165,0.504,26.973,115.59,22.335,34.19,65.81
Namibia,2018,NAM,2577327.0,22485828408.0,4.872,1.89,3.635,1.41,15.514,6.019,20.866,8095.821,0.928,47.141,96.43,7.768,52.577,47.423
Bulgaria,2018,BGR,7024745.0,124492855771.0,9.605,1.367,43.503,6.193,54.545,7.765,218.814,31149.057,1.758,46.334,91.24,3.405,26.4,73.6
Senegal,2018,SEN,15914495.0,44097044770.0,9.971,0.627,11.33,0.712,29.986,1.884,39.673,2492.887,0.9,48.605,117.86,14.988,51.1,48.9
Uzbekistan,2018,UZB,32373489.0,320808179800.0,51.675,1.596,102.33,3.161,167.956,5.188,539.008,16649.682,1.68,57.923,116.82,23.926,49.419,50.581
Dominican Republic,2018,DOM,10782048.0,165578989651.0,11.337,1.051,25.203,2.338,40.023,3.712,108.651,10077.037,0.656,53.366,104.35,4.571,26.241,73.759
China,2018,CHN,1419008954.0,22294284747546.0,1354.933,0.955,10346.79,7.292,11989.896,8.449,38409.82,27068.061,1.723,55.543,100.57,6.917,38.5,61.5
Central African Republic,2018,CAF,4878663.0,3557270233.0,11.738,2.406,0.271,0.056,70.617,14.475,1.327,272.044,0.373,8.302,102.87,31.241,58.718,41.282
Colombia,2018,COL,49024463.0,650303209362.0,85.284,1.74,90.811,1.852,306.718,6.256,571.28,11652.967,0.878,39.701,69.0,6.226,22.72,77.28
Sierra Leone,2018,SLE,7554568.0,10480967104.0,5.795,0.767,1.037,0.137,17.187,2.275,4.587,607.231,0.438,54.71,92.7,34.985,57.799,42.201
Yemen,2018,YEM,34085181.0,65271212493.0,12.603,0.37,11.504,0.338,28.341,0.831,62.903,1845.472,0.964,44.419,92.56,28.745,65.789,34.211
Estonia,2018,EST,1321972.0,36363239216.0,2.973,2.249,17.801,13.465,23.01,17.406,77.879,58911.23,2.142,23.041,95.83,2.049,30.72,69.28
Uganda,2018,UGA,41565839.0,86196050499.0,30.869,0.743,5.549,0.133,57.753,1.389,27.908,671.422,0.324,71.888,112.05,23.25,72.872,27.128
Equatorial Guinea,2018,GNQ,1616425.0,21813514918.0,5.126,3.171,7.034,4.352,13.977,8.647,26.916,16651.627,1.234,3.732,90.73,2.258,30.16,69.84
Hong Kong,2018,HKG,7471190.0,377902310676.0,4.842,0.648,42.597,5.702,48.051,6.431,363.573,48663.375,0.962,4.762,96.41,0.062,0.0,100.0
Qatar,2018,QAT,2761144.0,371263146890.0,22.561,8.171,102.621,37.166,126.028,45.643,573.353,207650.469,1.544,6.44,154.72,0.218,0.924,99.076
Chile,2018,CHL,18893185.0,414254051745.0,21.137,1.119,84.443,4.469,127.067,6.726,468.278,24785.533,1.13,16.016,101.8,3.927,12.038,87.962
Paraguay,2018,PRY,6427382.0,63258456042.0,24.81,3.86,8.504,1.323,78.359,12.191,51.83,8063.859,0.819,51.71,106.86,9.95,36.075,63.925
Myanmar,2018,MMR,52272250.0,315726037240.0,58.391,1.117,34.017,0.651,206.099,3.943,155.306,2971.108,0.492,20.027,30.06,22.076,70.006,29.994
Egypt,2018,EGY,105682092.0,1220661740193.0,50.307,0.476,241.903,2.289,316.985,2.999,1071.346,10137.438,0.878,3.881,98.94,10.83,57.542,42.458
Serbia,2018,SRB,7020014.0,102758122729.0,7.145,1.018,44.478,6.336,42.587,6.067,181.075,25794.066,1.762,39.607,108.4,5.205,39.157,60.843
Kyrgyzstan,2018,KGZ,6341733.0,29878637891.0,7.215,1.138,11.175,1.762,21.696,3.421,51.91,8185.475,1.737,54.071,106.67,11.675,65.059,34.941
Montenegro,2018,MNE,615798.0,12049855060.0,0.696,1.129,2.404,3.903,1.836,2.982,11.139,18089.064,0.924,19.093,100.64,4.027,34.915,65.085
Tunisia,2018,TUN,11765515.0,130568635947.0,8.263,0.702,31.122,2.645,42.866,3.643,119.918,10192.369,0.918,62.439,98.68,9.889,31.451,68.549
El Salvador,2018,SLV,6219803.0,55053057931.0,2.934,0.472,6.452,1.037,8.188,1.316,36.138,5810.084,0.656,57.708,98.76,5.133,28.242,71.758
Morocco,2018,MAR,35839760.0,298981397583.0,27.724,0.774,62.315,1.739,89.469,2.496,241.814,6747.087,0.809,68.398,112.99,11.306,38.43,61.57
Guinea-Bissau,2018,GNB,1922167.0,2771625236.0,2.008,1.045,0.198,0.103,7.542,3.924,0.941,489.608,0.34,28.827,98.01,32.548,56.555,43.445
United States,2018,USA,335056492.0,18124692769570.0,777.6,2.321,5361.236,16.001,6466.737,19.3,26768.988,79893.953,1.477,46.582,107.78,0.904,19.72,80.28
Liberia,2018,LBR,4944728.0,4051631897.0,2.332,0.472,0.609,0.123,26.613,5.382,2.18,440.826,0.538,19.798,99.16,35.497,47.675,52.325
Lesotho,2018,LSO,2183611.0,5068079163.0,1.536,0.703,2.165,0.992,6.701,3.069,3.868,1771.341,0.763,80.148,93.26,4.25,62.431,37.569
Honduras,2018,HND,9765209.0,45477892182.0,8.469,0.867,9.876,1.011,30.096,3.082,43.29,4433.06,0.952,31.361,106.67,11.61,44.115,55.885
United Arab Emirates,2018,ARE,9346870.0,726928170282.0,34.302,3.67,204.105,21.837,240.554,25.736,1132.725,121187.641,1.558,5.375,121.17,0.706,15.14,84.86
Latvia,2018,LVA,1927586.0,48143398790.0,2.374,1.232,7.843,4.069,15.188,7.879,43.999,22825.789,0.914,31.144,101.59,3.661,31.984,68.016
Lebanon,2018,LBN,5984120.0,73615988520.0,3.62,0.605,25.812,4.313,30.51,5.099,104.145,17403.566,1.415,65.645,114.93,3.232,10.727,89.273
Brazil,2018,BRA,206107265.0,3013541086239.0,522.116,2.533,476.601,2.312,2423.189,11.757,3486.378,16915.357,1.157,28.338,104.55,4.42,13.558,86.442
Seychelles,2018,SYC,115053.0,2983293782.0,0.067,0.58,0.597,5.191,0.691,6.003,4.232,36782.391,1.419,3.37,115.53,2.078,56.261,43.739
Mozambique,2018,MOZ,29018647.0,29185036688.0,25.877,0.892,7.01,0.242,60.675,2.091,47.17,1625.51,1.616,52.775,122.81,25.543,67.01,32.99
Ecuador,2018,ECU,17049542.0,176707497535.0,22.881,1.342,38.451,2.255,100.005,5.866,206.38,12104.737,1.168,21.936,92.27,7.645,36.957,63.043
Haiti,2018,HTI,10962373.0,19129086184.0,9.22,0.841,3.401,0.31,12.573,1.147,14.425,1315.842,0.754,72.388,96.95,18.706,48.625,51.375
Austria,2018,AUT,8841653.0,382540042762.0,9.209,1.042,66.567,7.529,79.038,8.939,408.402,46190.699,1.068,32.148,101.49,1.109,31.895,68.105
Switzerland,2018,CHE,8516341.0,532611137213.0,5.695,0.669,36.945,4.338,44.811,5.262,321.458,37746.012,0.604,38.182,99.98,0.644,20.708,79.292
Azerbaijan,2018,AZE,10039782.0,161644514845.0,11.962,1.191,34.576,3.444,53.677,5.346,176.167,17546.863,1.09,57.825,107.26,5.212,42.816,57.184
Sweden,2018,SWE,10175400.0,457925387676.0,8.039,0.79,41.856,4.113,62.154,6.108,609.195,59869.379,1.33,7.366,97.76,1.25,12.526,87.474
Botswana,2018,BWA,2299149.0,35101769105.0,4.49,1.953,7.643,3.324,15.224,6.622,23.446,10197.871,0.668,45.633,81.98,2.117,33.842,66.158
Cameroon,2018,CMR,24806377.0,74248839020.0,20.661,0.833,9.844,0.397,67.731,2.73,37.52,1512.503,0.505,20.715,114.75,16.499,46.366,53.634
Russia,2018,RUS,146430146.0,3625347362801.0,433.595,2.961,1709.91,11.677,2531.217,17.286,8432.209,57585.199,2.326,13.158,106.06,3.394,25.456,74.544
Norway,2018,NOR,5311751.0,450245217440.0,8.349,1.572,44.472,8.372,62.067,11.685,551.629,103850.727,1.225,2.701,103.32,1.811,17.755,82.245
Togo,2018,TGO,7458205.0,11989462252.0,5.07,0.68,2.034,0.273,9.893,1.326,9.888,1325.848,0.825,70.233,119.09,19.649,58.987,41.013
Afghanistan,2018,AFG,36743040.0,65996738862.0,15.192,0.413,10.192,0.277,33.581,0.914,46.493,1265.342,0.704,58.277,98.64,22.043,75.001,24.999
Ireland,2018,IRL,4872559.0,282500483309.0,17.775,3.648,38.922,7.988,69.35,14.233,186.853,38347.988,0.661,65.554,114.36,0.928,36.916,63.084
Mali,2018,MLI,20442031.0,27630093375.0,25.445,1.245,5.198,0.254,62.951,3.079,22.246,1088.259,0.805,34.912,110.96,32.498,72.3,27.7
Georgia,2018,GEO,3794881.0,59237502380.0,3.12,0.822,9.888,2.606,8.141,2.145,56.548,14901.221,0.955,34.166,104.74,7.562,41.696,58.304
Gabon,2018,GAB,2212320.0,33855404131.0,11.755,5.313,5.563,2.515,24.592,11.116,16.669,7534.455,0.492,8.357,100.71,5.436,10.546,89.454
Malta,2018,MLT,484560.0,15659758064.0,0.168,0.347,1.548,3.194,1.747,3.606,38.336,79115.156,2.448,32.438,94.83,0.622,5.276,94.724
South Africa,2018,ZAF,58613001.0,719458334697.0,86.077,1.469,453.766,7.742,560.438,9.562,1409.859,24053.697,1.96,79.418,98.07,2.261,36.623,63.377
Japan,2018,JPN,126913432.0,4852985093686.0,30.936,0.244,1138.55,8.971,1183.457,9.325,5317.67,41899.98,1.096,13.021,101.91,1.044,8.362,91.638
Jamaica,2018,JAM,2820103.0,20232863013.0,0.82,0.291,8.061,2.858,8.741,3.1,37.238,13204.306,1.84,38.504,109.11,5.901,43.703,56.297
Argentina,2018,ARG,44654876.0,833736983405.0,115.387,2.584,182.483,4.087,406.818,9.11,986.055,22081.684,1.183,42.361,108.12,4.538,8.232,91.768
Saint Lucia,2018,LCA,177032.0,1830625072.0,0.059,0.336,0.509,2.877,0.528,2.983,2.544,14370.854,1.39,16.295,101.5,1.629,77.074,22.926
Cyprus,2018,CYP,1270743.0,30134014224.0,1.234,0.971,7.324,5.764,8.528,6.711,32.462,25545.797,1.077,14.334,110.9,1.718,33.174,66.826
Niger,2018,NER,22188074.0,20008393727.0,23.292,1.05,1.803,0.081,51.624,2.327,8.472,381.827,0.423,36.785,113.52,37.578,83.355,16.645
Israel,2018,ISR,8510067.0,284956472967.0,7.817,0.919,59.986,7.049,71.058,8.35,292.212,34337.16,1.025,29.635,103.95,1.389,8.354,91.646
Albania,2019,ALB,2885011.0,33289747424.0,2.838,0.984,4.941,1.712,8.936,3.097,24.898,8630.006,0.748,42.847,98.98,18.16,43.236,56.764
Niger,2019,NER,22947765.0,21237507069.0,24.37,1.062,2.513,0.11,49.621,2.162,12.289,535.503,0.579,36.785,115.55,36.992,83.187,16.813
Cyprus,2019,CYP,1286669.0,31800247242.0,1.741,1.353,7.324,5.693,8.968,6.97,32.493,25253.969,1.022,13.564,115.62,1.748,33.232,66.768
Saint Lucia,2019,LCA,177675.0,1824037649.0,0.06,0.337,0.502,2.825,0.515,2.898,2.513,14145.36,1.378,16.295,106.22,1.73,75.752,24.248
Cambodia,2019,KHM,16481305.0,62129452776.0,23.131,1.403,18.626,1.13,101.531,6.16,59.82,3629.568,0.963,33.716,98.74,15.439,60.417,39.583
Jamaica,2019,JAM,2823275.0,20429119874.0,0.785,0.278,9.439,3.343,9.979,3.535,41.236,14605.562,2.018,38.504,109.41,6.305,43.304,56.696
Japan,2019,JPN,126699421.0,4833467877373.0,30.323,0.239,1102.063,8.698,1142.432,9.017,5205.6,41086.219,1.077,12.936,102.48,1.039,8.284,91.716
Iraq,2019,IRQ,41192172.0,537548265143.0,173.757,4.218,191.778,4.656,374.476,9.091,667.823,16212.383,1.242,21.77,107.4,3.77,30.132,69.868
Angola,2019,AGO,32375633.0,161408924528.0,49.451,1.527,22.21,0.686,172.219,5.319,97.731,3018.674,0.605,36.782,113.83,12.391,33.336,66.664
South Africa,2019,ZAF,59587880.0,721641639539.0,85.415,1.433,470.727,7.9,577.604,9.693,1471.708,24698.113,2.039,79.418,102.95,1.95,36.587,63.413
Malta,2019,MLT,504017.0,16757308198.0,0.172,0.342,1.649,3.272,1.844,3.66,39.949,79261.164,2.384,32.438,86.53,0.472,5.067,94.933
Georgia,2019,GEO,3796722.0,62188716739.0,3.086,0.813,10.517,2.77,9.264,2.44,59.714,15727.646,0.96,34.143,103.45,7.335,41.37,58.63
Mali,2019,MLI,21068405.0,28946666484.0,25.656,1.218,5.594,0.266,63.609,3.019,24.191,1148.231,0.836,35.089,119.63,32.268,71.648,28.352
Ireland,2019,IRL,4933493.0,294503693886.0,17.725,3.593,37.2,7.54,66.762,13.532,187.796,38065.551,0.638,65.67,117.87,0.954,36.726,63.274
Afghanistan,2019,AFG,37856125.0,73085701943.0,15.216,0.402,10.4,0.275,36.551,0.966,47.112,1244.489,0.645,58.277,99.5,25.774,74.856,25.144
Togo,2019,TGO,7619916.0,12579682405.0,5.254,0.689,2.364,0.31,9.856,1.293,9.398,1233.354,0.747,70.233,123.96,19.515,58.554,41.446
Israel,2019,ISR,8657466.0,296799271432.0,7.975,0.921,58.95,6.809,69.835,8.066,301.506,34826.125,1.016,29.501,103.38,1.346,8.385,91.615
Norway,2019,NOR,5347733.0,455304831150.0,7.916,1.48,42.866,8.016,60.492,11.312,515.945,96479.188,1.133,2.696,101.56,1.782,17.506,82.494
Russia,2019,RUS,146533063.0,3705035583500.0,450.487,3.074,1704.459,11.632,2521.286,17.206,8370.03,57120.422,2.259,13.158,107.94,3.53,25.378,74.622
Cameroon,2019,CMR,25506095.0,76789634582.0,21.156,0.829,9.605,0.377,65.778,2.579,36.377,1426.228,0.474,20.759,101.23,16.802,46.051,53.949
Morocco,2019,MAR,36210907.0,307624970074.0,28.321,0.782,68.743,1.898,113.186,3.126,263.841,7286.229,0.858,66.35,115.95,10.842,38.157,61.843
Azerbaijan,2019,AZE,10110483.0,165653307401.0,12.222,1.209,37.753,3.734,56.193,5.558,185.891,18385.926,1.122,57.828,112.96,5.695,41.869,58.131
Austria,2019,AUT,8880876.0,388344674039.0,9.181,1.034,67.951,7.651,80.427,9.056,427.96,48188.984,1.102,32.128,101.07,1.045,31.682,68.318
Haiti,2019,HTI,11105165.0,18799472313.0,9.05,0.815,3.119,0.281,12.405,1.117,13.367,1203.66,0.711,64.949,99.39,19.187,47.993,52.007
Mozambique,2019,MOZ,29884378.0,29860675429.0,22.871,0.765,7.097,0.237,53.61,1.794,49.31,1650.032,1.651,52.798,111.27,24.77,66.582,33.418
Egypt,2019,EGY,107553159.0,1289253465646.0,46.912,0.436,234.06,2.176,303.625,2.823,1048.579,9749.406,0.813,3.94,99.76,10.697,57.519,42.481
Seychelles,2019,SYC,117662.0,3137071789.0,0.068,0.582,0.59,5.014,0.687,5.839,3.837,32611.264,1.223,3.37,135.25,2.13,55.995,44.005
Brazil,2019,BRA,207455459.0,3050327159562.0,528.946,2.55,476.724,2.298,2468.734,11.9,3567.019,17194.145,1.169,28.335,107.03,4.205,13.32,86.68
Lebanon,2019,LBN,5794601.0,68525451094.0,3.691,0.637,25.141,4.339,30.013,5.18,105.071,18132.562,1.533,65.621,112.36,3.169,10.501,89.499
United Arab Emirates,2019,ARE,9377855.0,734982504070.0,35.241,3.758,204.058,21.76,241.486,25.751,1216.958,129769.297,1.656,5.497,135.18,0.735,14.97,85.03
Honduras,2019,HND,9943637.0,46684518271.0,8.571,0.862,10.963,1.102,32.555,3.274,47.391,4765.927,1.015,31.361,109.17,10.638,43.621,56.379
Switzerland,2019,CHE,8577525.0,538693495449.0,5.684,0.663,36.822,4.293,44.477,5.185,335.955,39166.934,0.624,38.105,97.07,0.648,19.221,80.779
Latvia,2019,LVA,1914267.0,49380620266.0,2.35,1.227,7.633,3.988,14.628,7.642,45.263,23645.102,0.917,31.498,102.15,3.853,31.934,68.066
United States,2019,USA,337790069.0,18540552700117.0,799.062,2.366,5235.912,15.5,6360.787,18.831,26578.494,78683.469,1.434,46.457,109.32,0.839,19.87,80.13
Liberia,2019,LBR,5043719.0,3959325948.0,2.462,0.488,0.932,0.185,24.691,4.895,3.623,718.299,0.915,19.965,101.47,36.437,47.145,52.855
Guinea-Bissau,2019,GNB,1967704.0,2896348420.0,2.034,1.034,0.256,0.13,7.096,3.606,1.181,600.096,0.408,29.052,98.97,31.385,56.125,43.875
Sweden,2019,SWE,10279120.0,467020665386.0,7.938,0.772,40.772,3.967,61.677,6.0,625.819,60882.551,1.34,7.378,97.48,1.257,12.291,87.709
El Salvador,2019,SLV,6222316.0,56393644127.0,2.882,0.463,7.634,1.227,8.837,1.42,40.302,6477.021,0.715,57.708,96.68,5.146,27.585,72.415
Tunisia,2019,TUN,11875084.0,132642060864.0,8.17,0.688,30.579,2.575,42.03,3.539,121.775,10254.706,0.918,62.439,98.93,9.766,31.179,68.821
Equatorial Guinea,2019,GNQ,1670184.0,20617750095.0,4.657,2.788,5.514,3.301,12.295,7.362,26.697,15984.577,1.295,3.736,98.49,2.438,29.882,70.118
Serbia,2019,SRB,6966155.0,107209329080.0,7.208,1.035,44.445,6.38,43.692,6.272,181.056,25990.816,1.689,39.561,106.57,4.765,38.951,61.049
Dominican Republic,2019,DOM,10894043.0,173944046167.0,11.422,1.048,28.471,2.613,43.189,3.964,121.401,11143.832,0.698,53.701,108.69,4.325,26.46,73.54
Myanmar,2019,MMR,52640718.0,337037542855.0,58.05,1.103,33.617,0.639,196.532,3.733,151.756,2882.869,0.45,19.886,32.46,20.842,69.922,30.078
Ecuador,2019,ECU,17340017.0,176728682555.0,23.442,1.352,40.083,2.312,97.606,5.629,211.333,12187.595,1.196,21.461,97.12,7.787,36.937,63.063
Paraguay,2019,PRY,6515059.0,63004153609.0,25.521,3.917,8.268,1.269,74.159,11.383,51.456,7898.018,0.817,52.235,105.26,9.667,35.015,64.985
Chile,2019,CHL,19197748.0,417331966568.0,21.118,1.1,91.977,4.791,132.671,6.911,473.979,24689.287,1.136,15.435,102.53,3.988,11.873,88.127
Qatar,2019,QAT,2797927.0,373817411294.0,21.746,7.772,101.43,36.252,124.036,44.331,585.209,209158.016,1.565,6.44,141.78,0.26,0.881,99.119
Zambia,2019,ZMB,18513839.0,65094496543.0,18.628,1.006,8.846,0.478,97.901,5.288,36.329,1962.268,0.558,32.068,109.31,2.861,56.51,43.49
Uganda,2019,UGA,42999636.0,92903828922.0,32.167,0.748,5.761,0.134,60.248,1.401,28.523,663.337,0.307,71.888,106.78,22.946,72.163,27.837
Botswana,2019,BWA,2332082.0,36166405883.0,3.287,1.41,7.486,3.21,12.989,5.57,22.815,9783.121,0.631,45.634,89.08,2.083,33.673,66.327
Sierra Leone,2019,SLE,7731994.0,11031662186.0,4.864,0.629,1.118,0.145,15.587,2.016,5.0,646.621,0.453,54.71,96.94,34.547,57.298,42.702
Colombia,2019,COL,49907987.0,671028388046.0,87.833,1.76,98.962,1.983,275.532,5.521,573.736,11495.876,0.855,39.977,106.81,6.411,22.54,77.46
Central African Republic,2019,CAF,4944708.0,3662931320.0,10.818,2.188,0.311,0.063,59.278,11.988,1.567,316.818,0.428,8.819,105.76,28.342,58.22,41.78
China,2019,CHN,1423520357.0,23631941251482.0,1373.722,0.965,10713.515,7.526,12322.384,8.656,40188.723,28231.928,1.701,55.463,97.14,7.006,37.29,62.71
Lesotho,2019,LSO,2209414.0,4996214053.0,1.463,0.662,2.187,0.99,6.53,2.955,4.024,1821.103,0.805,70.962,92.79,4.464,61.396,38.604
Montenegro,2019,MNE,611671.0,12539436047.0,0.697,1.139,2.477,4.049,1.821,2.977,11.317,18501.799,0.903,19.108,103.25,3.704,34.831,65.169
Nepal,2019,NPL,28414066.0,88775779267.0,27.351,0.963,12.75,0.449,54.235,1.909,36.389,1280.682,0.41,26.775,120.38,21.583,34.013,65.987
Uzbekistan,2019,UZB,32964700.0,339998944961.0,52.689,1.598,107.947,3.275,175.852,5.335,543.371,16483.426,1.598,58.007,111.19,21.842,49.408,50.592
Bulgaria,2019,BGR,6975466.0,129520075495.0,9.321,1.336,42.195,6.049,53.111,7.614,211.551,30327.924,1.633,46.398,89.46,3.202,26.284,73.716
Namibia,2019,NAM,2650499.0,22297166631.0,4.45,1.679,3.73,1.407,14.913,5.627,20.359,7681.067,0.913,47.141,94.46,7.084,51.998,48.002
Laos,2019,LAO,7237635.0,49243304815.0,10.051,1.389,18.34,2.534,58.629,8.101,73.07,10095.788,1.484,9.805,173.1,16.05,64.093,35.907
Trinidad and Tobago,2019,TTO,1484898.0,40060922958.0,5.598,3.77,40.755,27.446,47.557,32.027,195.203,131459.0,4.873,10.526,91.96,0.765,46.066,53.934
Kuwait,2019,KWT,4442201.0,219207651814.0,38.78,8.73,104.654,23.559,144.573,32.545,442.856,99692.883,2.02,8.418,115.7,0.37,0.0,100.0
Kyrgyzstan,2019,KGZ,6494036.0,31253353975.0,7.355,1.133,9.047,1.393,19.68,3.031,46.0,7083.414,1.472,54.058,109.81,10.374,65.119,34.881
Bosnia and Herzegovina,2019,BIH,3345532.0,43497123759.0,6.152,1.839,20.81,6.22,28.978,8.662,59.074,17657.438,1.358,43.281,85.67,5.45,50.535,49.465
Estonia,2019,EST,1326822.0,37723175050.0,2.841,2.141,12.288,9.261,17.148,12.924,62.761,47301.492,1.664,23.12,95.56,2.266,30.421,69.579
Moldova,2019,MDA,3112561.0,24150849841.0,1.985,0.638,5.378,1.728,6.498,2.088,41.273,13260.26,1.709,68.771,87.99,10.161,59.228,40.772
Mongolia,2019,MNG,3232118.0,43979841080.0,38.861,12.023,47.119,14.578,96.915,29.985,62.505,19338.586,1.421,72.664,132.36,11.558,32.172,67.828
Cote d'Ivoire,2019,CIV,28193014.0,104618149506.0,12.126,0.43,10.539,0.374,147.615,5.236,57.436,2037.24,0.549,81.525,118.59,15.688,48.649,51.351
Lithuania,2019,LTU,2795057.0,78562641002.0,3.318,1.187,13.647,4.883,24.655,8.821,70.597,25257.848,0.899,47.509,94.58,3.124,32.754,67.246
Guinea,2019,GIN,13034349.0,20561330331.0,19.325,1.483,4.104,0.315,86.687,6.651,18.461,1416.339,0.898,67.912,120.96,26.427,63.872,36.128
Sri Lanka,2019,LKA,22410552.0,279626891521.0,9.982,0.445,21.106,0.942,42.616,1.902,113.035,5043.847,0.404,45.447,123.02,7.256,80.505,19.495
Bahrain,2019,BHR,1485675.0,57613480945.0,24.328,16.375,37.616,25.319,62.152,41.834,231.259,155659.125,4.014,10.385,140.73,0.269,0.0,100.0
Djibouti,2019,DJI,1088710.0,3086593147.0,1.153,1.059,0.54,0.496,2.016,1.852,3.523,3235.807,1.141,73.46,128.25,1.519,28.258,71.742
Hong Kong,2019,HKG,7485817.0,371582312306.0,4.894,0.654,41.897,5.597,47.405,6.333,344.545,46026.332,0.927,4.762,210.69,0.072,0.0,100.0
Syria,2019,SYR,20353536.0,62427096792.0,6.971,0.342,33.492,1.645,43.868,2.155,118.412,5817.771,1.897,75.757,83.85,40.741,26.175,73.825
Tajikistan,2019,TJK,9529970.0,40979787244.0,7.491,0.786,8.714,0.914,18.621,1.954,44.148,4632.589,1.077,27.841,185.24,20.867,73.87,26.13
Australia,2019,AUS,25482714.0,1255505542015.0,154.257,6.053,414.925,16.283,645.71,25.339,1680.293,65938.531,1.338,47.124,97.71,2.124,12.698,87.302
North Macedonia,2019,MKD,1897643.0,28433274864.0,1.704,0.898,7.625,4.018,9.953,5.245,31.058,16366.357,1.092,50.159,100.47,8.132,39.371,60.629
Cuba,2019,CUB,11202847.0,91703236400.0,13.241,1.182,22.487,2.007,38.938,3.476,101.214,9034.704,1.104,61.667,106.71,3.567,22.927,77.073
Croatia,2019,HRV,3986338.0,93057982684.0,3.708,0.93,17.82,4.47,23.555,5.909,95.813,24035.391,1.03,26.874,100.96,2.857,43.697,56.303
Libya,2019,LBY,6951040.0,115851209708.0,28.804,4.144,73.778,10.614,104.015,14.964,228.312,32845.668,1.971,8.724,110.85,2.042,12.178,87.822
Spain,2019,ESP,47435121.0,1647042667976.0,45.547,0.96,250.674,5.285,299.701,6.318,1583.871,33390.262,0.962,52.458,113.83,2.52,20.365,79.635
Guatemala,2019,GTM,17103803.0,132535316516.0,16.741,0.979,19.259,1.126,69.737,4.077,90.923,5315.938,0.686,42.77,107.49,9.409,45.812,54.188
Bangladesh,2019,BGD,164913060.0,717214595514.0,89.562,0.543,94.808,0.575,217.989,1.322,482.562,2926.16,0.673,72.19,123.94,11.975,69.177,30.823
Oman,2019,OMN,4591248.0,170692383655.0,29.215,6.363,72.035,15.69,102.65,22.358,373.409,81330.617,2.188,4.714,107.02,1.995,20.422,79.578
Costa Rica,2019,CRI,4999549.0,74645366733.0,5.215,1.043,7.66,1.532,16.02,3.204,46.714,9343.587,0.626,33.631,111.62,4.202,22.956,77.044
Canada,2019,CAN,37782934.0,1708858221312.0,125.164,3.313,579.007,15.325,861.407,22.799,4059.989,107455.625,2.376,6.434,115.01,1.697,18.264,81.736
Mexico,2019,MEX,125762978.0,2047701179708.0,144.505,1.149,468.236,3.723,698.522,5.554,2260.167,17971.641,1.104,49.439,111.99,3.315,21.644,78.356
Eswatini,2019,SWZ,1179885.0,9177836965.0,1.174,0.995,1.099,0.932,1.823,1.545,6.899,5847.509,0.752,69.593,99.45,7.424,75.654,24.346
Singapore,2019,SGP,5669562.0,425816263950.0,5.07,0.894,49.0,8.643,55.53,9.794,974.507,171884.062,2.289,0.922,126.66,0.032,0.0,100.0
Mauritius,2019,MUS,1286269.0,28193387492.0,0.567,0.441,4.525,3.518,5.293,4.115,25.921,20152.344,0.919,43.065,108.61,2.669,60.749,39.251
Madagascar,2019,MDG,28219559.0,37724649896.0,24.212,0.858,4.147,0.147,60.553,2.146,15.555,551.201,0.412,70.29,95.33,22.956,69.695,30.305
Barbados,2019,BRB,281216.0,3535586950.0,0.168,0.596,1.392,4.95,1.551,5.514,7.094,25226.578,2.006,23.256,107.63,2.261,40.716,59.284
Luxembourg,2019,LUX,620167.0,34122291521.0,0.596,0.961,9.75,15.722,10.801,17.417,47.288,76250.828,1.386,51.111,115.4,0.215,6.741,93.259
Greece,2019,GRC,10718581.0,252514250712.0,11.791,1.1,65.736,6.133,70.149,6.545,316.887,29564.295,1.255,45.489,94.04,3.662,21.811,78.189
Hungary,2019,HUN,9770346.0,266658311342.0,9.207,0.942,49.159,5.031,56.555,5.788,274.892,28135.389,1.031,57.835,103.47,3.325,29.543,70.457
Iceland,2019,ISL,360709.0,15550746271.0,0.657,1.82,3.553,9.849,4.88,13.53,63.328,175565.688,4.072,18.566,106.83,4.318,6.023,93.977
Kenya,2019,KEN,51202829.0,168452589868.0,49.255,0.962,18.159,0.355,97.515,1.904,85.95,1678.614,0.51,49.517,104.51,20.861,68.81,31.19
Saudi Arabia,2019,SAU,30472809.0,1687180073621.0,106.725,3.502,708.335,23.245,823.834,27.035,2967.379,97377.938,1.759,80.764,139.15,2.454,16.361,83.639
Dominica,2019,DMA,67901.0,714870398.0,0.058,0.853,0.172,2.536,0.192,2.834,0.756,11136.957,1.058,33.333,101.97,10.117,28.562,71.438
Netherlands,2019,NLD,17537505.0,835323029559.0,20.925,1.193,152.727,8.709,188.466,10.746,1021.537,58248.688,1.223,53.959,99.06,1.759,6.11,93.89
Senegal,2019,SEN,16352926.0,46131678369.0,10.317,0.631,12.711,0.777,31.828,1.946,41.8,2556.102,0.906,48.798,120.85,14.896,50.056,49.944
Democratic Republic of Congo,2019,COD,92947450.0,79292965259.0,46.822,0.504,4.118,0.044,571.666,6.15,23.577,253.658,0.297,14.926,101.18,13.151,57.125,42.875
Turkey,2019,TUR,85357670.0,1991116616493.0,98.343,1.152,406.568,4.763,534.576,6.263,1849.129,21663.299,0.929,49.005,123.04,6.654,11.338,88.662
Peru,2019,PER,32449302.0,329252610797.0,30.467,0.939,58.668,1.808,143.434,4.42,326.585,10064.474,0.992,18.643,119.88,6.853,16.897,83.103
Chad,2019,TCD,16685223.0,24314153239.0,57.795,3.464,2.3,0.138,103.305,6.191,7.029,421.295,0.289,39.976,123.38,37.59,75.727,24.273
Philippines,2019,PHL,110804685.0,986114678778.0,78.126,0.705,142.601,1.287,274.814,2.48,566.121,5109.184,0.574,42.379,100.14,8.82,46.284,53.716
India,2019,IND,1389030307.0,9595463242427.0,800.179,0.576,2611.175,1.88,3613.001,2.601,9281.595,6682.068,0.967,60.22,124.44,16.756,66.186,33.814
Burundi,2019,BDI,12255339.0,8573379471.0,3.892,0.318,0.685,0.056,8.472,0.691,3.189,260.234,0.372,79.79,133.48,34.248,81.214,18.786
Sao Tome and Principe,2019,STP,213405.0,784993764.0,0.067,0.313,0.147,0.687,0.276,1.295,0.663,3108.311,0.845,43.75,105.62,11.93,32.087,67.913
Denmark,2019,DNK,5814618.0,280656364923.0,10.582,1.82,30.95,5.323,49.099,8.444,216.802,37285.684,0.772,65.649,98.98,1.241,11.79,88.21
Slovakia,2019,SVK,5450627.0,148579167627.0,5.715,1.048,33.853,6.211,42.057,7.716,184.849,33913.332,1.244,39.205,106.85,1.617,46.633,53.367
Ethiopia,2019,ETH,115737384.0,221885291686.0,113.102,0.977,17.177,0.148,230.209,1.989,79.654,688.232,0.359,33.839,115.94,33.633,78.751,21.249
Uruguay,2019,URY,3397206.0,67180494669.0,24.844,7.313,6.408,1.886,41.737,12.286,49.04,14435.28,0.73,80.718,103.75,6.503,4.652,95.348
Bolivia,2019,BOL,11671386.0,78217588630.0,25.281,2.166,22.609,1.937,127.225,10.901,95.627,8193.27,1.223,35.544,112.64,7.633,30.267,69.733
Panama,2019,PAN,4234698.0,89670319909.0,4.072,0.962,12.449,2.94,21.328,5.037,125.025,29523.986,1.394,29.428,101.7,2.455,34.247,65.753
Comoros,2019,COM,786582.0,1533170985.0,0.386,0.491,0.311,0.396,0.778,0.99,0.908,1154.261,0.592,71.467,98.41,35.62,68.271,31.729
Cape Verde,2019,CPV,514116.0,4189894317.0,0.139,0.271,0.63,1.226,0.85,1.653,3.608,7017.119,0.861,19.603,79.99,4.437,28.375,71.625
Ghana,2019,GHA,31258943.0,133049773378.0,18.786,0.601,16.415,0.525,55.423,1.773,79.992,2559.024,0.601,54.849,111.45,17.323,44.275,55.725
Burkina Faso,2019,BFA,20961956.0,33422048798.0,21.047,1.004,5.618,0.268,56.196,2.681,19.987,953.479,0.598,51.677,113.56,18.221,73.881,26.119
Nicaragua,2019,NIC,6483660.0,29133575354.0,10.694,1.649,5.208,0.803,36.235,5.589,24.726,3813.518,0.849,42.247,119.53,15.53,41.459,58.541
Kazakhstan,2019,KAZ,19209556.0,481245619523.0,53.139,2.766,296.04,15.411,386.202,20.105,798.712,41578.891,1.66,79.259,116.08,4.466,40.917,59.083
Armenia,2019,ARM,2903975.0,35949092334.0,1.62,0.558,6.284,2.164,9.219,3.175,41.378,14248.773,1.151,58.904,101.4,11.526,34.995,65.005
Indonesia,2019,IDN,272489381.0,3272568062078.0,365.884,1.343,665.049,2.441,2113.899,7.758,2253.939,8271.658,0.689,28.75,167.2,12.713,44.262,55.738
Jordan,2019,JOR,10671893.0,96062846478.0,5.296,0.496,24.57,2.302,31.511,2.953,111.552,10452.868,1.161,11.673,128.22,4.372,8.484,91.516
Czechia,2019,CZE,10554872.0,342069373423.0,12.616,1.195,100.997,9.569,116.227,11.012,477.905,45278.137,1.397,45.64,100.39,1.892,27.212,72.788
New Zealand,2019,NZL,4989410.0,187274507980.0,36.327,7.281,36.711,7.358,91.233,18.285,263.565,52824.816,1.407,39.288,101.6,5.689,16.195,83.805
Finland,2019,FIN,5521754.0,220173891564.0,7.283,1.319,42.444,7.687,90.783,16.441,326.992,59218.777,1.485,7.482,99.94,2.19,27.257,72.743
Belgium,2019,BEL,11490623.0,472897988852.0,12.316,1.072,99.799,8.685,123.012,10.705,738.369,64258.418,1.561,44.468,102.49,0.719,12.904,87.096
France,2019,FRA,65729460.0,2644453795826.0,71.514,1.088,316.321,4.812,413.097,6.285,2731.347,41554.387,1.033,52.916,97.44,1.408,21.311,78.689
Slovenia,2019,SVN,2083438.0,63598215879.0,2.847,1.367,14.053,6.745,21.796,10.462,80.002,38399.168,1.258,30.407,103.51,1.77,44.548,55.452
Benin,2019,BEN,12726760.0,28155410176.0,7.041,0.553,5.273,0.414,29.936,2.352,30.184,2371.677,1.072,41.071,117.99,26.876,51.287,48.713
South Korea,2019,KOR,51767844.0,2015521635585.0,30.135,0.582,646.102,12.481,683.064,13.195,3515.935,67917.344,1.744,16.773,105.11,1.507,18.71,81.29
Malawi,2019,MWI,19025748.0,24881432457.0,7.364,0.387,1.695,0.089,26.52,1.394,7.988,419.864,0.321,62.877,152.58,22.947,83.862,16.138
Germany,2019,DEU,83559184.0,3886392581475.0,63.043,0.754,708.649,8.481,808.001,9.67,3753.704,44922.695,0.966,47.7,98.07,0.833,18.695,81.305
Ukraine,2019,UKR,44957451.0,445656664440.0,63.107,1.404,222.188,4.942,320.207,7.122,957.663,21301.547,2.149,71.3,98.9,8.965,30.647,69.353
Thailand,2019,THA,71522264.0,1149130685920.0,89.534,1.252,281.877,3.941,480.764,6.722,1479.745,20689.293,1.288,45.019,101.49,8.129,44.073,55.927
Tanzania,2019,TZA,59174889.0,172128919031.0,54.728,0.925,16.191,0.274,183.319,3.098,60.157,1016.604,0.349,44.378,123.32,26.594,66.652,33.348
Iran,2019,IRN,87051649.0,1438754460224.0,137.175,1.576,727.269,8.354,904.402,10.389,3297.102,37875.234,2.292,28.96,91.66,11.808,24.796,75.204
Argentina,2019,ARG,44973469.0,817053926667.0,115.653,2.572,180.428,4.012,432.561,9.618,925.658,20582.312,1.133,42.606,110.4,5.319,8.143,91.857
Nigeria,2019,NGA,209485637.0,1079426893318.0,237.142,1.132,127.859,0.61,408.817,1.952,512.453,2446.243,0.475,74.905,108.44,25.735,41.039,58.961
Rwanda,2019,RWA,12776102.0,24883378782.0,4.68,0.366,1.413,0.111,9.237,0.723,5.498,430.316,0.221,77.179,101.29,23.561,77.029,22.971
Turkmenistan,2019,TKM,6803943.0,94329707021.0,24.051,3.535,62.254,9.15,106.263,15.618,350.677,51540.266,3.718,84.564,109.89,10.811,52.951,47.049
Mauritania,2019,MRT,4467714.0,14424796068.0,8.79,1.967,4.613,1.033,17.075,3.822,18.027,4034.871,1.25,38.527,105.04,19.958,43.94,56.06
Pakistan,2019,PAK,230800908.0,1172330212219.0,194.791,0.844,190.826,0.827,454.955,1.971,973.635,4218.508,0.831,47.055,112.64,20.678,62.891,37.109
Congo,2019,COG,5616656.0,24196673159.0,19.1,3.401,7.294,1.299,40.207,7.158,19.386,3451.468,0.801,31.209,104.38,7.347,36.482,63.518
Romania,2019,ROU,19501542.0,456564507688.0,22.849,1.172,76.69,3.933,106.973,5.485,383.818,19681.396,0.841,60.092,87.6,4.311,47.107,52.893
Gabon,2019,GAB,2267711.0,35180839675.0,13.38,5.9,5.607,2.473,25.507,11.248,16.468,7261.892,0.468,8.357,102.77,5.554,10.097,89.903
Gambia,2019,GMB,2456847.0,4192588256.0,1.401,0.57,0.711,0.289,3.003,1.222,1.977,804.548,0.471,62.648,75.58,20.004,38.357,61.643
Malaysia,2019,MYS,33440590.0,829053844392.0,29.156,0.872,277.673,8.303,392.269,11.73,1241.298,37119.496,1.497,26.087,97.47,7.241,25.162,74.838
Belarus,2019,BLR,9435415.0,181643469714.0,18.569,1.968,62.171,6.589,102.713,10.886,308.79,32726.744,1.7,41.322,106.41,6.795,22.545,77.455
Vietnam,2019,VNM,97173778.0,731653148132.0,93.762,0.965,339.312,3.492,569.64,5.862,1208.174,12433.123,1.651,39.524,106.83,11.785,65.376,34.624
Algeria,2019,DZA,43294551.0,589905104177.0,63.557,1.468,182.425,4.214,254.628,5.881,694.349,16037.789,1.177,17.347,96.52,11.479,27.518,72.482
Poland,2019,POL,38225884.0,1121231497071.0,48.285,1.263,317.444,8.304,388.339,10.159,1187.268,31059.262,1.059,47.444,114.35,2.37,40.037,59.963
Zimbabwe,2019,ZWE,15271377.0,25146416205.0,11.636,0.762,10.267,0.672,30.672,2.008,39.034,2556.003,1.552,41.82,106.68,22.706,63.816,36.184
Portugal,2019,PRT,10343218.0,286505655767.0,10.208,0.987,47.583,4.6,65.168,6.301,293.057,28333.217,1.023,43.125,102.85,2.0,38.885,61.115
Italy,2019,ITA,60130136.0,2115725732767.0,45.695,0.76,339.638,5.648,394.137,6.555,1839.953,30599.51,0.87,44.37,107.13,1.819,30.495,69.505
United Kingdom,2019,GBR,67110958.0,2624285076706.0,45.686,0.681,364.753,5.435,453.993,6.765,2192.985,32676.998,0.836,72.423,105.97,0.577,17.33,82.67
Albania,2020,ALB,2871950.0,32130726850.0,2.631,0.916,4.865,1.694,8.303,2.891,21.12,7353.772,0.657,42.539,94.47,18.806,42.859,57.141
Algeria,2020,DZA,44042094.0,559819958223.0,60.409,1.372,171.139,3.886,239.32,5.434,648.899,14733.604,1.159,17.335,97.06,12.834,26.946,73.054
Zimbabwe,2020,ZWE,15526887.0,23178707175.0,11.314,0.729,8.491,0.547,24.146,1.555,33.166,2136.033,1.431,41.817,105.66,20.847,62.99,37.01
Angola,2020,AGO,33451139.0,152308692850.0,47.14,1.409,16.549,0.495,158.351,4.734,77.821,2326.404,0.511,36.788,113.25,15.022,32.543,67.457
Syria,2020,SYR,21049431.0,55872251610.0,7.058,0.335,32.344,1.537,41.566,1.975,108.05,5133.145,1.934,75.769,100.25,33.883,26.587,73.413
Trinidad and Tobago,2020,TTO,1481026.0,36985045051.0,5.418,3.658,35.043,23.661,41.679,28.142,169.343,114341.891,4.579,10.526,85.34,1.062,46.062,53.938
Switzerland,2020,CHE,8640582.0,525896489462.0,5.719,0.662,34.343,3.975,41.904,4.85,309.602,35831.172,0.589,38.027,97.68,0.705,17.658,82.342
Sweden,2020,SWE,10353682.0,456885314424.0,7.964,0.769,36.622,3.537,56.409,5.448,600.279,57977.379,1.314,7.381,100.0,1.196,12.058,87.942
Sri Lanka,2020,LKA,22561808.0,269918239631.0,10.423,0.462,20.412,0.905,41.682,1.847,104.981,4653.029,0.389,45.457,121.59,8.251,80.338,19.662
Spain,2020,ESP,47679482.0,1460507935923.0,46.022,0.965,211.765,4.441,263.355,5.523,1422.96,29844.283,0.974,52.332,118.3,2.785,20.304,79.696
Belarus,2020,BLR,9350943.0,180420997693.0,18.704,2.0,59.123,6.323,99.446,10.635,286.544,30643.369,1.588,40.797,111.03,7.077,22.211,77.789
Barbados,2020,BRB,281706.0,3085224475.0,0.165,0.585,1.256,4.457,1.425,5.057,5.741,20380.818,1.861,23.256,86.01,3.091,40.699,59.301
Bangladesh,2020,BGD,166298024.0,754358367084.0,90.907,0.547,95.729,0.576,219.778,1.322,457.447,2750.767,0.606,72.444,136.86,12.0,68.883,31.117
Bahrain,2020,BHR,1483081.0,54937336615.0,24.364,16.428,37.429,25.238,61.999,41.804,228.863,154316.016,4.166,10.318,129.89,0.303,0.0,100.0
Azerbaijan,2020,AZE,10181736.0,158697520949.0,12.078,1.186,36.237,3.559,54.282,5.331,184.929,18162.768,1.165,57.838,116.12,6.739,41.707,58.293
Brazil,2020,BRA,208660845.0,2950377451264.0,535.772,2.568,447.999,2.147,2571.217,12.322,3422.429,16401.875,1.16,28.332,107.63,5.711,13.089,86.911
Botswana,2020,BWA,2365895.0,33010529929.0,4.853,2.051,6.192,2.617,14.49,6.125,21.985,9292.531,0.666,45.634,83.64,2.208,33.551,66.449
Bosnia and Herzegovina,2020,BIH,3299352.0,42185625323.0,6.115,1.853,20.832,6.314,28.885,8.755,56.882,17240.398,1.348,43.789,86.23,5.914,50.029,49.971
Bolivia,2020,BOL,11816301.0,71382934039.0,25.647,2.17,18.32,1.55,124.737,10.556,79.274,6708.879,1.111,35.565,112.74,9.124,29.956,70.044
Benin,2020,BEN,13070169.0,29239039610.0,6.886,0.527,5.541,0.424,34.615,2.648,31.732,2427.813,1.085,39.314,112.97,27.109,50.554,49.446
Belgium,2020,BEL,11540102.0,447544069854.0,12.25,1.062,91.255,7.908,114.199,9.896,663.906,57530.324,1.483,44.75,105.56,0.713,12.704,87.296
South Korea,2020,KOR,51858481.0,2001231642062.0,32.963,0.636,597.634,11.524,636.649,12.277,3389.709,65364.605,1.694,16.609,109.06,1.578,18.824,81.176
South Africa,2020,ZAF,60562374.0,675871755463.0,83.513,1.379,435.298,7.188,541.341,8.939,1399.597,23110.006,2.071,79.418,104.49,2.579,36.563,63.437
Slovenia,2020,SVN,2102421.0,60849951865.0,2.828,1.345,12.873,6.123,19.748,9.393,77.295,36764.934,1.27,30.318,104.42,1.897,44.616,55.384
Slovakia,2020,SVK,5455028.0,143565091421.0,5.783,1.06,31.176,5.715,34.839,6.387,181.125,33203.387,1.262,39.164,105.25,1.729,46.752,53.248
Singapore,2020,SGP,5620151.0,409204971045.0,4.85,0.863,46.7,8.309,53.023,9.434,913.371,162517.109,2.232,0.919,127.72,0.033,0.0,100.0
Cameroon,2020,CMR,26210566.0,77203536828.0,21.775,0.831,9.716,0.371,68.029,2.595,37.856,1444.284,0.49,20.803,94.41,17.497,45.744,54.256
Cambodia,2020,KHM,16725484.0,60205930987.0,23.069,1.379,20.991,1.255,99.048,5.922,60.6,3623.188,1.007,34.301,90.19,17.04,60.167,39.833
Burundi,2020,BDI,12617041.0,8635657446.0,3.801,0.301,0.739,0.059,8.414,0.667,3.604,285.653,0.417,80.841,117.71,30.545,80.069,19.931
Burkina Faso,2020,BFA,21478691.0,34067429050.0,18.545,0.863,5.618,0.262,52.042,2.423,20.109,936.216,0.59,52.159,92.97,17.915,73.642,26.358
Bulgaria,2020,BGR,6933656.0,124392792956.0,9.493,1.369,36.571,5.274,47.4,6.836,195.374,28177.615,1.571,46.49,88.62,3.436,26.676,73.324
Chile,2020,CHL,19370621.0,391686945225.0,20.75,1.071,80.178,4.139,124.513,6.428,442.478,22842.719,1.13,14.903,106.96,4.045,11.705,88.295
Chad,2020,TCD,17224686.0,23793345004.0,61.443,3.567,2.356,0.137,108.371,6.292,7.401,429.683,0.311,39.976,129.9,40.687,75.266,24.734
Vietnam,2020,VNM,98079196.0,752629620043.0,91.83,0.936,362.599,3.697,579.987,5.913,1228.728,12527.92,1.633,39.435,114.57,12.655,64.429,35.571
Central African Republic,2020,CAF,5026629.0,3698072848.0,11.607,2.309,0.333,0.066,48.789,9.706,1.616,321.406,0.437,8.969,106.76,29.496,57.695,42.305
Cape Verde,2020,CPV,514683.0,3381126423.0,0.144,0.281,0.52,1.011,0.749,1.455,2.689,5224.534,0.795,19.603,85.86,6.191,27.116,72.884
Canada,2020,CAN,38171903.0,1622144486274.0,110.822,2.903,524.208,13.733,795.989,20.853,3834.944,100465.109,2.364,6.371,116.06,1.84,18.049,81.951
Sierra Leone,2020,SLE,7912557.0,10814455084.0,4.935,0.624,1.187,0.15,15.652,1.978,5.248,663.206,0.485,54.71,101.25,35.129,56.787,43.213
Tunisia,2020,TUN,11974058.0,120945694784.0,8.176,0.683,28.845,2.409,40.05,3.345,112.655,9408.244,0.931,62.439,101.72,10.392,30.896,69.104
Seychelles,2020,SYC,120299.0,2871729130.0,0.07,0.582,0.597,4.965,0.698,5.802,3.595,29880.9,1.252,3.37,152.11,1.961,55.706,44.294
Serbia,2020,SRB,6907814.0,106240984752.0,7.471,1.082,45.356,6.566,46.147,6.68,178.161,25791.172,1.677,41.408,105.77,5.054,38.777,61.223
Senegal,2020,SEN,16789217.0,46743389453.0,10.944,0.652,10.82,0.644,32.688,1.947,38.546,2295.899,0.825,48.979,130.59,16.149,48.944,51.056
Saudi Arabia,2020,SAU,30991206.0,1613932868835.0,106.547,3.438,653.565,21.089,770.185,24.852,2888.253,93195.883,1.79,80.773,160.6,2.956,16.194,83.806
Costa Rica,2020,CRI,5034323.0,71455765338.0,4.935,0.98,6.754,1.342,14.319,2.844,40.794,8103.238,0.571,33.541,111.51,4.344,22.479,77.521
Congo,2020,COG,5752792.0,22696964187.0,17.627,3.064,7.677,1.335,44.926,7.809,21.418,3723.017,0.944,31.165,104.43,10.69,36.424,63.576
Comoros,2020,COM,802172.0,1594579416.0,0.391,0.488,0.37,0.461,0.839,1.046,1.071,1334.557,0.671,71.467,102.07,35.797,67.936,32.064
Colombia,2020,COL,50629997.0,622365414246.0,86.613,1.711,92.305,1.823,244.111,4.821,517.813,10227.39,0.832,39.847,107.16,7.508,22.362,77.638
China,2020,CHN,1426106093.0,24151843898871.0,1398.962,0.981,10896.521,7.641,12524.051,8.782,41493.891,29095.936,1.718,55.453,98.44,7.54,36.477,63.523
Czechia,2020,CZE,10550129.0,323245433506.0,12.274,1.163,91.661,8.688,104.534,9.908,442.568,41949.023,1.369,45.647,101.98,1.944,27.275,72.725
Cyprus,2020,CYP,1302250.0,30409793367.0,1.695,1.302,6.903,5.301,8.569,6.58,28.281,21717.27,0.93,13.815,116.44,1.825,33.282,66.718
Cuba,2020,CUB,11176349.0,81663255167.0,12.772,1.143,21.281,1.904,35.842,3.207,93.373,8354.511,1.143,61.667,82.78,2.762,22.892,77.108
Croatia,2020,HRV,3953956.0,85073361985.0,3.575,0.904,16.87,4.267,21.732,5.496,91.378,23110.643,1.074,26.894,102.04,3.129,43.472,56.528
Cote d'Ivoire,2020,CIV,28915452.0,106396657387.0,12.379,0.428,11.019,0.381,169.686,5.868,55.828,1930.748,0.525,82.626,121.01,16.933,48.164,51.836
Sao Tome and Principe,2020,STP,217450.0,809328569.0,0.068,0.312,0.143,0.657,0.308,1.418,0.636,2926.469,0.786,43.75,102.98,14.147,31.956,68.044
Saint Lucia,2020,LCA,178261.0,1361621707.0,0.059,0.334,0.487,2.734,0.512,2.871,2.396,13442.011,1.76,16.295,106.89,1.981,74.248,25.752
Rwanda,2020,RWA,13065838.0,24048043469.0,4.864,0.372,1.394,0.107,10.452,0.8,5.751,440.125,0.239,79.392,99.98,26.656,75.497,24.503
Russia,2020,RUS,146371295.0,3606716578675.0,441.386,3.016,1631.902,11.149,2380.631,16.264,8075.713,55172.793,2.239,13.158,110.91,4.006,25.307,74.693
Romania,2020,ROU,19392467.0,483499378450.0,21.745,1.121,73.946,3.813,105.114,5.42,369.489,19053.199,0.764,56.715,84.96,4.072,47.388,52.612
Dominican Republic,2020,DOM,11008298.0,162255006875.0,11.595,1.053,26.228,2.383,41.114,3.735,99.701,9056.883,0.614,52.324,102.49,4.523,26.736,73.264
Uzbekistan,2020,UZB,33586373.0,346785285756.0,51.333,1.528,108.139,3.22,174.865,5.206,539.818,16072.522,1.557,58.283,113.79,22.528,49.233,50.767
Dominica,2020,DMA,67588.0,600082697.0,0.058,0.856,0.158,2.331,0.185,2.74,0.689,10187.698,1.147,33.333,101.64,12.253,28.153,71.847
Djibouti,2020,DJI,1105193.0,3123694253.0,1.169,1.057,0.463,0.419,1.958,1.771,3.136,2837.718,1.004,73.503,129.64,1.997,28.001,71.999
Denmark,2020,DNK,5831529.0,275058379473.0,10.602,1.818,28.3,4.853,46.462,7.967,192.166,32952.969,0.699,65.5,102.43,1.338,11.761,88.239
Democratic Republic of Congo,2020,COD,95990000.0,80617953765.0,48.027,0.5,4.305,0.045,603.282,6.285,27.374,285.175,0.34,14.943,104.12,13.746,56.747,43.253
Estonia,2020,EST,1329675.0,37515273353.0,1.754,1.319,9.198,6.918,13.143,9.884,58.733,44171.176,1.566,23.041,95.58,1.932,30.118,69.882
Equatorial Guinea,2020,GNQ,1716479.0,19743252847.0,4.633,2.699,6.39,3.722,13.889,8.091,30.358,17686.465,1.538,3.74,109.8,3.152,29.615,70.385
El Salvador,2020,SLV,6234679.0,51960808936.0,2.992,0.48,6.135,0.984,6.529,1.047,33.576,5385.433,0.646,57.708,93.17,5.355,26.943,73.057
Egypt,2020,EGY,109315118.0,1307778142529.0,46.511,0.425,246.323,2.253,316.237,2.893,986.905,9028.072,0.755,3.989,110.92,11.167,57.482,42.518
Ecuador,2020,ECU,17546058.0,162965075602.0,22.87,1.303,32.473,1.851,76.739,4.374,182.862,10421.851,1.122,21.823,92.76,8.386,36.923,63.077
Qatar,2020,QAT,2803375.0,360517012801.0,21.612,7.709,101.329,36.145,123.802,44.162,513.361,183122.625,1.424,6.44,175.05,0.339,0.838,99.162
Turkey,2020,TUR,86091691.0,2029749392174.0,101.798,1.182,416.328,4.836,568.584,6.604,1821.829,21161.5,0.898,49.065,126.77,6.891,11.07,88.93
Portugal,2020,PRT,10370519.0,262724232089.0,10.36,0.999,41.738,4.025,57.793,5.573,265.248,25577.088,1.01,43.166,104.7,2.141,38.896,61.104
Poland,2020,POL,38171005.0,1098581305284.0,46.439,1.217,302.102,7.914,363.455,9.522,1139.234,29845.539,1.037,48.127,116.3,2.568,40.126,59.874
Philippines,2020,PHL,112081270.0,892256290776.0,78.516,0.701,131.457,1.173,262.877,2.345,513.758,4583.8,0.576,42.456,94.27,10.185,45.892,54.108
Peru,2020,PER,32838577.0,292988745490.0,30.426,0.927,47.237,1.438,126.964,3.866,287.882,8766.572,0.983,19.126,117.78,7.716,16.473,83.527
France,2020,FRA,65905273.0,2438594133224.0,68.697,1.042,281.515,4.272,363.796,5.52,2444.265,37087.555,1.002,52.73,98.02,1.46,21.288,78.712
Uruguay,2020,URY,3398966.0,63072414563.0,24.663,7.256,6.477,1.906,38.553,11.342,45.473,13378.593,0.721,80.353,97.07,7.207,4.6,95.4
Finland,2020,FIN,5529616.0,214988893865.0,7.145,1.292,37.72,6.821,85.664,15.492,313.95,56776.078,1.46,7.469,101.41,2.24,26.915,73.085
Ethiopia,2020,ETH,118917670.0,237860193068.0,118.374,0.995,16.735,0.141,243.9,2.051,68.735,578.009,0.289,34.093,127.05,35.558,78.374,21.626
Eswatini,2020,SWZ,1192734.0,9034694873.0,1.156,0.969,0.989,0.829,1.637,1.373,6.843,5737.607,0.757,69.477,99.95,7.629,75.335,24.665
Greece,2020,GRC,10699370.0,229777821500.0,11.023,1.03,55.577,5.194,61.884,5.784,276.956,25885.273,1.205,43.636,96.65,3.924,21.693,78.307
Ghana,2020,GHA,31887802.0,133733644694.0,19.632,0.616,19.164,0.601,54.212,1.7,94.161,2952.874,0.704,55.394,115.62,18.854,43.783,56.217
Germany,2020,DEU,83628711.0,3742721113842.0,61.045,0.73,647.177,7.739,743.816,8.894,3498.915,41838.684,0.935,47.497,98.48,0.729,18.53,81.47
Georgia,2020,GEO,3795680.0,57984758412.0,3.078,0.811,10.378,2.734,10.002,2.635,56.868,14982.388,0.981,34.219,102.35,8.317,41.001,58.999
Gambia,2020,GMB,2515744.0,4217390293.0,1.384,0.55,0.7,0.278,3.054,1.214,1.779,707.116,0.422,62.648,72.81,21.244,37.793,62.207
Gabon,2020,GAB,2322538.0,34525072669.0,13.215,5.69,5.636,2.427,26.249,11.302,15.931,6859.322,0.461,8.357,101.55,6.616,9.652,90.348
Paraguay,2020,PRY,6603741.0,62487519891.0,26.503,4.013,7.444,1.127,71.545,10.834,49.929,7560.656,0.799,52.754,111.99,10.728,33.883,66.117
Panama,2020,PAN,4293258.0,73827064971.0,4.094,0.954,6.557,1.527,17.234,4.014,85.134,19829.697,1.153,29.308,96.3,3.064,34.214,65.786
Pakistan,2020,PAK,235001745.0,1202026422230.0,202.847,0.863,215.51,0.917,482.812,2.055,959.67,4083.671,0.798,47.573,116.7,21.854,62.492,37.508
Oman,2020,OMN,4522502.0,165230251016.0,28.935,6.398,71.845,15.886,102.133,22.583,361.553,79945.422,2.188,4.714,100.71,2.469,19.982,80.018
Haiti,2020,HTI,11243846.0,18185520397.0,8.906,0.792,3.265,0.29,12.96,1.153,14.219,1264.574,0.782,64.949,99.87,20.362,47.369,52.631
United States,2020,USA,339436156.0,18027359681343.0,761.174,2.242,4689.954,13.817,5758.456,16.965,24630.395,72562.672,1.366,46.332,108.77,0.949,20.003,79.997
Guinea-Bissau,2020,GNB,2013259.0,2939793794.0,2.034,1.01,0.311,0.155,7.686,3.818,1.405,697.88,0.478,29.335,99.34,36.641,55.696,44.304
Guinea,2020,GIN,13371185.0,21528646361.0,19.68,1.472,4.43,0.331,82.603,6.178,20.79,1554.841,0.966,69.097,96.91,26.303,63.52,36.48
Guatemala,2020,GTM,17357331.0,130197392340.0,17.113,0.986,17.157,0.988,61.879,3.565,89.305,5145.093,0.686,43.038,120.56,9.926,45.452,54.548
India,2020,IND,1402617694.0,8945313249462.0,807.835,0.576,2422.732,1.727,3436.429,2.45,8792.22,6268.437,0.983,60.046,128.12,18.669,65.871,34.129
Iceland,2020,ISL,366626.0,14424580947.0,0.606,1.653,3.339,9.107,4.615,12.589,58.082,158421.688,4.027,18.566,103.33,4.601,5.863,94.137
Hungary,2020,HUN,9749459.0,254563881936.0,9.415,0.966,47.105,4.832,59.828,6.137,270.327,27727.416,1.062,53.875,100.08,3.363,29.708,70.292
Hong Kong,2020,HKG,7490240.0,347263059452.0,4.948,0.661,33.513,4.474,38.999,5.207,257.947,34437.715,0.743,3.81,244.62,0.099,0.0,100.0
Honduras,2020,HND,10119638.0,42499283305.0,8.802,0.87,9.977,0.986,33.495,3.31,42.99,4248.167,1.012,31.62,105.94,12.188,43.131,56.869
Norway,2020,NOR,5379275.0,449485260525.0,8.042,1.495,41.275,7.673,58.882,10.946,556.381,103430.57,1.238,2.707,101.54,1.844,17.297,82.703
North Macedonia,2020,MKD,1872021.0,27100243788.0,1.716,0.917,6.98,3.729,9.29,4.962,27.708,14801.113,1.022,50.04,101.78,8.569,38.841,61.159
Turkmenistan,2020,TKM,6949915.0,91559235694.0,23.892,3.438,62.905,9.051,101.056,14.541,444.261,63923.27,4.852,84.559,113.31,11.492,52.945,47.055
Nigeria,2020,NGA,213996185.0,1060059201469.0,216.406,1.011,124.899,0.584,398.501,1.862,482.795,2256.092,0.455,75.419,111.48,28.345,40.234,59.766
Niger,2020,NER,23717615.0,21991440513.0,25.584,1.079,3.04,0.128,49.732,2.097,12.398,522.743,0.564,36.787,122.56,38.376,82.992,17.008
Nicaragua,2020,NIC,6565267.0,28619004754.0,11.024,1.679,4.641,0.707,34.292,5.223,22.833,3477.782,0.798,42.305,123.81,15.907,41.295,58.705
Israel,2020,ISR,8800380.0,291287719910.0,8.162,0.927,59.285,6.737,70.125,7.968,285.135,32400.352,0.979,25.037,107.57,1.367,8.421,91.579
United Kingdom,2020,GBR,67351860.0,2334804059780.0,44.528,0.661,326.263,4.844,411.774,6.114,1982.843,29440.059,0.849,71.34,106.82,0.684,17.1,82.9
Ireland,2020,IRL,4982602.0,274762344680.0,17.725,3.557,35.053,7.035,62.909,12.626,176.583,35439.918,0.643,65.496,120.28,1.009,36.529,63.471
Iraq,2020,IRQ,42116602.0,453147782672.0,152.015,3.609,172.098,4.086,332.8,7.902,594.768,14121.946,1.313,21.776,109.62,6.089,30.132,69.868
Iran,2020,IRN,87723448.0,1446203709942.0,132.591,1.511,745.596,8.499,913.564,10.414,3421.375,39001.836,2.366,28.985,98.8,11.693,24.401,75.599
Indonesia,2020,IDN,274814861.0,3204972631957.0,351.989,1.281,623.304,2.268,1725.431,6.279,2116.31,7700.858,0.66,28.965,168.3,13.698,43.721,56.279
Kazakhstan,2020,KAZ,19482116.0,468733212615.0,52.083,2.673,281.789,14.464,370.84,19.035,735.937,37774.996,1.57,79.323,119.55,5.391,40.013,59.987
Jordan,2020,JOR,10865232.0,94554674762.0,5.426,0.499,20.622,1.898,27.494,2.53,99.424,9150.646,1.051,11.589,128.24,4.647,8.178,91.822
Japan,2020,JPN,126304533.0,4626661481209.0,29.722,0.235,1037.285,8.213,1080.603,8.556,4825.24,38203.219,1.043,12.845,103.8,1.066,8.219,91.781
Jamaica,2020,JAM,2830745.0,18402554628.0,0.771,0.272,6.866,2.425,7.466,2.637,28.916,10215.15,1.571,38.504,104.46,7.721,42.89,57.11
Italy,2020,ITA,59912763.0,1925751927111.0,44.653,0.745,302.6,5.051,351.307,5.864,1663.423,27764.078,0.864,42.332,104.73,1.928,30.481,69.519
New Zealand,2020,NZL,5069895.0,184971347287.0,35.729,7.047,34.109,6.728,91.363,18.021,239.303,47200.766,1.294,38.563,102.45,5.705,16.186,83.814
Netherlands,2020,NLD,17636732.0,802861622095.0,19.995,1.134,136.974,7.766,171.522,9.725,989.343,56095.609,1.232,53.889,101.86,1.737,5.747,94.253
Nepal,2020,NPL,28966580.0,86672124340.0,27.653,0.955,15.631,0.54,57.58,1.988,45.608,1574.515,0.526,26.501,142.46,22.18,33.895,66.105
Namibia,2020,NAM,2728760.0,20505368156.0,6.026,2.208,3.44,1.261,17.911,6.564,19.077,6990.977,0.93,47.141,84.15,9.158,51.453,48.547
Myanmar,2020,MMR,53016525.0,347785669977.0,58.284,1.099,34.588,0.652,198.818,3.75,157.114,2963.495,0.452,19.888,35.36,22.419,69.841,30.159
Latvia,2020,LVA,1901119.0,48292861660.0,2.311,1.215,6.999,3.682,14.023,7.376,41.221,21682.367,0.854,31.641,101.34,4.079,31.879,68.121
United Arab Emirates,2020,ARE,9448529.0,698549476819.0,33.741,3.571,215.266,22.783,251.212,26.587,1184.499,125363.312,1.696,5.489,138.03,0.963,14.804,85.196
Laos,2020,LAO,7346534.0,50856670244.0,10.547,1.436,18.294,2.49,57.424,7.817,66.796,9092.153,1.313,9.566,169.77,16.338,63.381,36.619
Kyrgyzstan,2020,KGZ,6664143.0,28560253227.0,7.461,1.12,8.348,1.253,19.007,2.852,42.024,6305.917,1.471,54.055,111.89,12.17,65.183,34.817
Kuwait,2020,KWT,4400146.0,199796812404.0,36.763,8.355,90.103,20.477,127.957,29.08,419.679,95378.398,2.101,8.418,115.76,0.496,0.0,100.0
Kenya,2020,KEN,52217327.0,168031463891.0,54.435,1.042,19.99,0.383,104.682,2.005,81.733,1565.243,0.486,49.389,104.0,22.703,68.794,31.206
Lithuania,2020,LTU,2795766.0,78545278418.0,3.101,1.109,13.5,4.829,24.057,8.605,70.294,25143.193,0.895,46.995,92.57,3.532,32.575,67.425
Libya,2020,LBY,7045403.0,81726075633.0,13.217,1.876,36.111,5.125,50.663,7.191,180.684,25645.621,2.211,8.724,114.91,4.327,12.172,87.828
Liberia,2020,LBR,5149470.0,3845664451.0,2.485,0.483,0.777,0.151,23.961,4.653,2.824,548.427,0.734,19.965,101.59,39.292,46.612,53.388
Lesotho,2020,LSO,2235727.0,4623560803.0,1.281,0.573,1.986,0.888,6.054,2.708,3.607,1613.199,0.78,77.385,93.89,5.308,60.367,39.633
Lebanon,2020,LBN,5702400.0,50772560784.0,3.759,0.659,23.694,4.155,28.543,5.005,99.606,17467.385,1.962,65.896,105.26,3.078,10.271,89.729
Mozambique,2020,MOZ,30783685.0,29502646219.0,21.214,0.689,6.34,0.206,48.448,1.574,45.507,1478.296,1.542,52.779,117.43,26.882,66.096,33.904
Morocco,2020,MAR,36584208.0,285515953096.0,28.679,0.784,64.542,1.764,103.542,2.83,242.404,6625.93,0.849,67.021,112.63,10.664,37.907,62.093
Uganda,2020,UGA,44457148.0,91695146192.0,33.424,0.752,5.571,0.125,60.906,1.37,27.292,613.902,0.298,71.888,98.97,23.929,71.46,28.54
Montenegro,2020,MNE,607934.0,10620037519.0,0.668,1.098,2.404,3.954,1.767,2.907,10.313,16963.93,0.971,19.178,108.61,4.184,34.751,65.249
Mongolia,2020,MNG,3290786.0,41975349786.0,35.705,10.85,42.478,12.908,88.088,26.768,62.5,18992.549,1.489,72.219,171.6,12.966,31.911,68.089
Moldova,2020,MDA,3069135.0,22146328756.0,1.983,0.646,5.113,1.666,6.549,2.134,39.901,13000.607,1.802,75.145,87.79,9.367,58.663,41.337
Malaysia,2020,MYS,33889554.0,783174020832.0,28.139,0.83,262.159,7.736,368.905,10.886,1196.895,35317.523,1.528,26.087,102.53,8.166,24.949,75.051
Ukraine,2020,UKR,44680008.0,428931213784.0,64.368,1.441,207.101,4.635,305.545,6.839,918.452,20556.209,2.141,71.3,94.32,9.31,30.616,69.384
Malawi,2020,MWI,19533885.0,25108605204.0,7.579,0.388,1.868,0.096,26.238,1.343,7.862,402.502,0.313,63.471,176.97,25.015,83.704,16.296
Madagascar,2020,MDG,28953560.0,35031864099.0,24.693,0.853,3.788,0.131,59.234,2.046,11.85,409.262,0.338,70.29,92.98,24.693,69.298,30.702
Luxembourg,2020,LUX,630597.0,33850190319.0,0.566,0.898,8.069,12.796,9.082,14.402,40.541,64289.547,1.198,51.322,120.49,0.2,6.14,93.86
Mexico,2020,MEX,126799053.0,1880176557054.0,146.363,1.154,428.937,3.383,635.45,5.011,2070.562,16329.474,1.101,51.515,114.87,3.711,21.322,78.678
Mauritius,2020,MUS,1283231.0,24077716198.0,0.566,0.441,3.8,2.961,4.586,3.574,21.876,17047.527,0.909,43.065,100.63,3.099,60.839,39.161
Mauritania,2020,MRT,4600136.0,14289417678.0,8.831,1.92,4.782,1.039,17.242,3.748,18.518,4025.454,1.296,38.527,106.43,19.152,43.016,56.984
Malta,2020,MLT,518212.0,15314071319.0,0.17,0.327,1.601,3.089,1.79,3.453,37.09,71572.867,2.422,28.469,97.82,0.786,4.816,95.184
Mali,2020,MLI,21713837.0,28586570096.0,26.822,1.235,6.33,0.292,67.676,3.117,26.535,1222.053,0.928,35.248,131.92,32.29,70.979,29.021
Afghanistan,2020,AFG,39068977.0,71417706295.0,15.25,0.39,11.119,0.285,35.765,0.915,46.912,1200.742,0.657,58.742,97.12,29.976,74.738,25.262
Togo,2020,TGO,7788058.0,12720130961.0,5.652,0.726,2.751,0.353,10.837,1.391,9.933,1275.362,0.781,70.233,117.02,19.173,58.122,41.878
Thailand,2020,THA,71641484.0,1078332670656.0,92.627,1.293,271.923,3.796,481.44,6.72,1379.634,19257.477,1.279,45.552,101.28,8.703,42.764,57.236
Tanzania,2020,TZA,60972803.0,180418650860.0,57.361,0.941,15.952,0.262,174.174,2.857,57.303,939.815,0.318,44.616,131.14,25.255,66.145,33.855
Tajikistan,2020,TJK,9749312.0,42778793597.0,7.64,0.784,9.423,0.967,19.374,1.987,46.341,4753.302,1.083,27.831,184.07,22.69,73.807,26.193
Austria,2020,AUT,8921402.0,363281092036.0,9.103,1.02,62.18,6.97,74.417,8.341,400.144,44852.156,1.101,31.54,100.87,1.071,31.459,68.541
Zambia,2020,ZMB,19059394.0,63281615083.0,18.214,0.956,9.991,0.524,96.085,5.041,38.495,2019.728,0.608,32.068,105.97,2.973,56.136,43.864
Australia,2020,AUS,25743787.0,1232259790388.0,135.224,5.253,398.547,15.481,637.903,24.779,1585.412,61584.258,1.287,46.252,90.62,2.015,12.729,87.271
Armenia,2020,ARM,2890893.0,33378378959.0,1.633,0.565,6.795,2.351,9.764,3.378,44.737,15475.302,1.34,59.438,101.88,11.35,34.826,65.174
Argentina,2020,ARG,45191960.0,735814250460.0,115.126,2.547,164.613,3.643,397.663,8.799,863.972,19117.824,1.174,43.0,112.8,6.357,8.056,91.944
Angola,2021,AGO,34532427.0,153971902307.0,45.251,1.31,19.219,0.557,157.436,4.559,87.366,2529.961,0.567,36.831,122.72,16.562,31.748,68.252
Zimbabwe,2021,ZWE,15797220.0,25140088767.0,11.84,0.75,10.223,0.647,27.907,1.767,36.871,2334.019,1.467,41.809,116.02,21.486,62.131,37.869
Argentina,2021,ARG,45312282.0,812324184006.0,112.747,2.488,190.197,4.197,437.433,9.654,948.187,20925.615,1.167,43.11,111.03,7.291,7.971,92.029
Albania,2021,ALB,2849641.0,34866976278.0,2.584,0.907,5.137,1.803,8.336,2.925,25.493,8945.902,0.731,41.472,91.79,17.793,42.492,57.508
Armenia,2021,ARM,2870339.0,35275596129.0,1.678,0.585,7.351,2.561,10.408,3.626,45.858,15976.376,1.3,59.397,105.3,11.344,34.643,65.357
Algeria,2021,DZA,44761099.0,578853830170.0,65.382,1.461,182.036,4.067,256.166,5.723,707.627,15808.98,1.222,17.331,97.32,11.235,26.38,73.62
Mali,2021,MLI,22388637.0,29459890071.0,28.355,1.267,7.393,0.33,63.085,2.818,31.056,1387.148,1.054,35.434,125.88,32.038,70.295,29.705
Malta,2021,MLT,524383.0,17122043843.0,0.17,0.324,1.611,3.073,1.802,3.436,35.434,67572.727,2.069,27.344,95.55,0.882,4.485,95.515
Mauritania,2021,MRT,4734874.0,14638845766.0,8.903,1.88,4.5,0.95,17.045,3.6,17.576,3711.977,1.201,38.527,107.69,19.149,42.098,57.902
Mauritius,2021,MUS,1279628.0,24920195118.0,0.566,0.443,3.968,3.101,4.76,3.72,21.587,16870.012,0.866,43.065,103.38,3.241,60.923,39.077
Uganda,2021,UGA,45910931.0,97200521048.0,35.128,0.765,6.232,0.136,63.01,1.372,30.122,656.094,0.31,71.888,99.68,23.842,70.764,29.236
Mexico,2021,MEX,127648151.0,1973141022977.0,146.594,1.148,446.838,3.501,630.706,4.941,2198.545,17223.479,1.114,51.506,117.46,3.783,21.068,78.932
Lithuania,2021,LTU,2794490.0,83242845981.0,2.997,1.072,13.778,4.93,23.869,8.542,70.149,25102.789,0.843,46.922,91.37,3.396,31.809,68.191
Luxembourg,2021,LUX,640276.0,35577396523.0,0.56,0.875,8.41,13.134,9.397,14.676,43.215,67493.578,1.215,51.584,120.06,0.195,5.414,94.586
Madagascar,2021,MDG,29691087.0,37042695870.0,24.545,0.827,4.246,0.143,59.019,1.988,15.657,527.316,0.423,70.29,94.44,22.522,68.886,31.114
Belgium,2021,BEL,11570843.0,474995824355.0,12.3,1.063,94.928,8.204,118.134,10.21,738.285,63805.598,1.554,44.785,105.47,0.655,12.569,87.431
Benin,2021,BEN,13413423.0,31331235336.0,7.137,0.532,5.806,0.433,40.789,3.041,24.651,1837.799,0.787,41.002,130.7,28.529,49.804,50.196
Bolivia,2021,BOL,11937369.0,75741579784.0,26.124,2.188,21.767,1.823,136.508,11.435,94.914,7951.008,1.253,35.683,116.99,8.81,29.655,70.345
Bosnia and Herzegovina,2021,BIH,3244912.0,45303796505.0,5.662,1.745,21.268,6.554,28.094,8.658,65.298,20123.344,1.441,44.199,71.66,5.019,49.51,50.49
Botswana,2021,BWA,2401448.0,36918974292.0,9.315,3.879,6.683,2.783,23.811,9.915,23.198,9660.034,0.628,45.634,90.5,1.789,33.482,66.518
Azerbaijan,2021,AZE,10234372.0,167584576527.0,12.506,1.222,38.3,3.742,56.195,5.491,197.549,19302.547,1.179,57.842,118.46,5.726,41.634,58.366
Bahrain,2021,BHR,1501762.0,56404169544.0,23.999,15.98,36.265,24.148,60.473,40.268,239.125,159229.719,4.239,10.253,128.38,0.269,0.0,100.0
Bangladesh,2021,BGD,167658855.0,807308397444.0,92.285,0.55,98.53,0.588,223.934,1.336,492.47,2937.336,0.61,72.352,146.31,11.633,68.601,31.399
Malawi,2021,MWI,20047264.0,26255309111.0,7.657,0.382,1.682,0.084,23.246,1.16,7.85,391.595,0.299,64.171,175.45,25.533,83.512,16.488
Ukraine,2021,UKR,44298642.0,443313281092.0,62.012,1.4,210.636,4.755,307.162,6.934,934.935,21105.271,2.109,71.3,90.72,10.886,30.597,69.403
Malaysia,2021,MYS,34282404.0,807389756202.0,27.914,0.814,273.332,7.973,386.138,11.263,1251.334,36500.762,1.55,26.087,100.39,9.566,24.491,75.509
Moldova,2021,MDA,3023780.0,25234640526.0,1.998,0.661,5.76,1.905,7.49,2.477,43.855,14503.401,1.738,75.068,75.83,10.587,58.188,41.812
Mongolia,2021,MNG,3339676.0,42662390805.0,34.901,10.45,35.972,10.771,81.53,24.413,60.842,18217.949,1.426,72.179,124.81,13.163,30.785,69.215
Montenegro,2021,MNE,603854.0,12005261164.0,0.635,1.051,2.411,3.993,1.551,2.568,11.122,18418.84,0.926,19.001,104.19,3.771,34.673,65.327
Morocco,2021,MAR,36954443.0,308157391278.0,29.259,0.792,70.275,1.902,107.683,2.914,268.88,7275.982,0.873,67.035,112.1,11.978,37.683,62.317
Mozambique,2021,MOZ,31707798.0,30189464161.0,23.234,0.733,7.722,0.244,52.084,1.643,52.496,1655.612,1.739,52.774,132.86,26.895,65.55,34.45
Burundi,2021,BDI,12965487.0,8956206318.0,4.309,0.332,0.772,0.06,8.969,0.692,3.534,272.584,0.395,81.893,130.35,33.163,78.889,21.111
Cambodia,2021,KHM,16974309.0,62027758832.0,24.198,1.426,20.775,1.224,86.611,5.102,64.146,3779.001,1.034,34.7,94.16,16.904,59.891,40.109
Singapore,2021,SGP,5546291.0,445551993008.0,5.113,0.922,50.1,9.033,56.702,10.223,912.046,164442.578,2.047,0.919,139.53,0.031,0.0,100.0
Slovakia,2021,SVK,5442766.0,147892579134.0,5.974,1.098,35.251,6.477,35.216,6.47,195.223,35868.371,1.32,38.602,91.65,1.871,46.81,53.19
Slovenia,2021,SVN,2113495.0,65846342756.0,2.673,1.265,13.076,6.187,19.679,9.311,76.582,36234.727,1.163,30.341,105.74,1.511,44.695,55.305
South Africa,2021,ZAF,61502602.0,709077881289.0,81.623,1.327,439.464,7.145,545.7,8.873,1405.65,22855.135,1.982,79.418,104.22,2.458,36.55,63.45
South Korea,2021,KOR,51848401.0,2084182684453.0,36.495,0.704,616.075,11.882,657.427,12.68,3573.318,68918.578,1.714,16.424,108.55,1.665,18.838,81.162
Latvia,2021,LVA,1885593.0,50255494980.0,2.33,1.236,7.218,3.828,13.724,7.278,43.077,22845.332,0.857,31.657,102.53,4.207,31.819,68.181
Lebanon,2021,LBN,5718129.0,50772615264.0,3.811,0.666,19.474,3.406,24.362,4.261,82.701,14462.999,1.629,66.629,118.15,1.4,10.035,89.965
Lesotho,2021,LSO,2261549.0,4709220668.0,1.341,0.593,3.096,1.369,7.228,3.196,3.971,1755.905,0.843,73.432,92.6,5.956,59.345,40.655
Liberia,2021,LBR,5259327.0,4037436536.0,2.471,0.47,0.783,0.149,22.81,4.337,2.675,508.531,0.662,19.965,103.2,37.418,46.078,53.922
Libya,2021,LBY,7135179.0,104883157614.0,28.265,3.961,56.312,7.892,85.97,12.049,220.426,30892.902,2.102,8.724,118.22,1.929,12.163,87.837
Kenya,2021,KEN,53219167.0,180662393951.0,50.344,0.946,20.59,0.387,95.747,1.799,87.007,1634.881,0.482,49.401,103.55,21.477,68.712,31.288
Kuwait,2021,KWT,4360748.0,202410138854.0,36.777,8.434,87.869,20.15,125.848,28.859,469.135,107581.398,2.318,8.418,116.09,0.473,0.0,100.0
Kyrgyzstan,2021,KGZ,6820483.0,29628978769.0,7.588,1.113,10.338,1.516,21.005,3.08,43.49,6376.375,1.468,54.046,112.81,12.412,65.248,34.752
Cameroon,2021,CMR,26915765.0,80020685294.0,21.678,0.805,9.734,0.362,65.718,2.442,35.881,1333.103,0.448,20.848,105.76,16.959,45.445,54.555
Canada,2021,CAN,38454058.0,1703443269914.0,114.91,2.988,537.479,13.977,821.735,21.369,3861.98,100431.008,2.267,6.485,118.15,1.598,17.822,82.178
Cape Verde,2021,CPV,516655.0,3611420923.0,0.15,0.29,0.59,1.142,0.825,1.598,2.987,5781.915,0.827,19.603,84.62,5.971,25.839,74.161
Central African Republic,2021,CAF,5112103.0,3734422040.0,11.596,2.268,0.366,0.072,42.749,8.362,1.756,343.485,0.47,9.005,108.29,35.755,57.145,42.855
Vietnam,2021,VNM,98935101.0,771912038182.0,94.744,0.958,314.197,3.176,528.79,5.345,1223.385,12365.529,1.585,39.435,131.19,12.603,63.346,36.654
Chad,2021,TCD,17828274.0,23531147275.0,63.877,3.583,2.67,0.15,111.908,6.277,8.247,462.586,0.35,39.976,136.0,37.442,74.769,25.231
Brazil,2021,BRA,209550291.0,3097565215045.0,545.361,2.603,496.562,2.37,2774.466,13.24,3581.199,17089.926,1.156,28.33,108.55,6.559,12.864,87.136
Bulgaria,2021,BGR,6877222.0,133889804025.0,9.499,1.381,42.365,6.16,52.34,7.611,221.882,32263.266,1.657,46.49,91.34,4.329,26.653,73.347
Burkina Faso,2021,BFA,21995249.0,36419784717.0,21.816,0.992,6.329,0.288,57.648,2.621,22.951,1043.45,0.63,52.671,95.11,17.29,73.189,26.811
Laos,2021,LAO,7453192.0,52626361275.0,10.481,1.406,21.837,2.93,67.783,9.095,69.892,9377.449,1.328,9.577,181.18,16.068,62.661,37.339
United Arab Emirates,2021,ARE,9789055.0,725904671328.0,33.916,3.465,212.173,21.675,248.391,25.374,1240.606,126734.023,1.709,5.513,137.98,0.89,14.643,85.357
Myanmar,2021,MMR,53387103.0,285399881185.0,59.538,1.115,29.285,0.549,192.775,3.611,147.305,2759.185,0.516,19.888,35.48,22.785,69.763,30.237
Namibia,2021,NAM,2810552.0,21049990407.0,6.601,2.349,3.608,1.284,19.184,6.826,19.108,6798.687,0.908,47.143,84.32,9.563,50.943,49.057
Nepal,2021,NPL,29475016.0,90865461899.0,27.789,0.943,15.486,0.525,57.379,1.947,48.149,1633.55,0.53,26.32,142.15,22.021,33.856,66.144
Netherlands,2021,NLD,17730565.0,841906706612.0,19.835,1.119,139.886,7.89,174.048,9.816,1015.026,57247.258,1.206,53.816,103.83,1.655,5.371,94.629
New Zealand,2021,NZL,5107694.0,196312458906.0,35.701,6.99,34.597,6.773,89.263,17.476,235.85,46175.445,1.201,38.643,102.49,5.768,16.17,83.83
Comoros,2021,COM,818178.0,1639163875.0,0.387,0.474,0.498,0.609,0.962,1.175,1.609,1966.552,0.982,71.467,96.24,35.241,67.588,32.412
Congo,2021,COG,5892187.0,23037421913.0,16.042,2.723,7.393,1.255,41.404,7.027,21.813,3701.997,0.947,31.252,105.77,9.097,36.382,63.618
Costa Rica,2021,CRI,5059991.0,77015741091.0,5.285,1.044,7.665,1.515,14.042,2.775,45.411,8974.451,0.59,33.343,113.15,4.367,22.013,77.987
Saudi Arabia,2021,SAU,31328374.0,1677226744197.0,106.548,3.401,695.394,22.197,812.104,25.922,2982.346,95196.312,1.778,80.773,161.31,2.448,16.028,83.972
Senegal,2021,SEN,17220866.0,49579310412.0,10.922,0.634,12.319,0.715,32.138,1.866,44.549,2586.945,0.899,49.4,132.73,15.551,47.774,52.226
Serbia,2021,SRB,6835429.0,114262090563.0,7.234,1.058,43.886,6.42,43.459,6.358,186.387,27267.758,1.631,41.444,106.33,5.156,38.636,61.364
Seychelles,2021,SYC,123000.0,2944095268.0,0.071,0.581,0.612,4.975,0.715,5.814,3.406,27693.805,1.157,3.37,191.65,2.445,55.397,44.603
Tunisia,2021,TUN,12048625.0,126273349199.0,8.503,0.706,31.527,2.617,43.324,3.596,123.118,10218.422,0.975,62.439,104.96,10.09,30.6,69.4
Sierra Leone,2021,SLE,8094603.0,11258356071.0,5.583,0.69,1.484,0.183,16.882,2.086,6.472,799.513,0.575,54.71,106.48,33.644,56.265,43.735
Italy,2021,ITA,59729353.0,2060299944789.0,44.086,0.738,335.93,5.624,398.232,6.667,1785.142,29887.174,0.866,41.942,107.33,1.833,30.519,69.481
Jamaica,2021,JAM,2837680.0,19249256856.0,0.775,0.273,7.313,2.577,7.793,2.746,31.807,11208.746,1.652,38.504,106.92,7.383,42.459,57.541
Japan,2021,JPN,125679342.0,4725883595048.0,29.54,0.235,1058.502,8.422,1105.302,8.795,5029.708,40020.164,1.064,12.782,104.09,1.01,8.126,91.874
Jordan,2021,JOR,11066356.0,96661338596.0,5.58,0.504,21.19,1.915,28.781,2.601,105.1,9497.252,1.087,11.521,133.64,4.787,7.882,92.118
Kazakhstan,2021,KAZ,19743607.0,487951301251.0,54.107,2.74,244.904,12.404,333.08,16.87,822.205,41644.129,1.685,79.366,123.89,5.03,38.97,61.03
Indonesia,2021,IDN,276758056.0,3323654666991.0,351.41,1.27,632.946,2.287,1763.947,6.374,2196.681,7937.188,0.661,28.956,171.35,13.28,43.124,56.876
Iran,2021,IRN,88455490.0,1525523070071.0,146.319,1.654,779.525,8.813,958.626,10.837,3375.397,38159.27,2.213,29.009,102.36,10.634,24.007,75.993
Iraq,2021,IRQ,43071208.0,487935979007.0,151.58,3.519,193.115,4.484,352.961,8.195,618.433,14358.384,1.267,21.844,123.89,3.279,30.132,69.868
Cote d'Ivoire,2021,CIV,29639737.0,113844428305.0,12.45,0.42,13.666,0.461,106.605,3.597,66.362,2238.969,0.583,84.393,117.98,16.181,47.682,52.318
Croatia,2021,HRV,3924607.0,96194363488.0,3.489,0.889,17.403,4.434,21.445,5.464,98.312,25050.172,1.022,26.376,102.42,3.36,43.232,56.768
Cuba,2021,CUB,11122169.0,82687389665.0,12.502,1.124,22.549,2.027,35.894,3.227,92.463,8313.423,1.118,61.667,78.64,0.882,22.901,77.099
Cyprus,2021,CYP,1317311.0,32428676744.0,1.871,1.42,6.951,5.276,8.718,6.618,29.842,22653.711,0.92,13.161,125.98,1.503,33.328,66.672
Czechia,2021,CZE,10530683.0,334729441747.0,12.581,1.195,96.629,9.176,109.205,10.37,466.406,44290.191,1.393,45.731,104.08,1.759,27.319,72.681
Chile,2021,CHL,19456323.0,437659188270.0,19.602,1.008,83.63,4.298,119.015,6.117,476.857,24509.102,1.09,14.563,105.72,3.506,11.534,88.466
China,2021,CHN,1426437269.0,26180600167672.0,1450.486,1.017,11284.401,7.911,12958.471,9.085,43847.18,30738.947,1.675,55.443,108.08,7.089,35.279,64.721
Colombia,2021,COL,51188174.0,690925195330.0,88.907,1.737,103.734,2.027,250.341,4.891,565.815,11053.629,0.819,38.769,109.69,7.772,22.166,77.834
Ireland,2021,IRL,5028428.0,287639621097.0,17.97,3.574,37.474,7.452,66.257,13.177,179.882,35772.973,0.625,62.955,121.26,1.033,36.323,63.677
United Kingdom,2021,GBR,67668788.0,2512190098029.0,44.922,0.664,342.366,5.059,425.768,6.292,1990.967,29422.24,0.793,71.158,106.53,0.698,17.011,82.989
Israel,2021,ISR,8942925.0,316373426613.0,8.399,0.939,58.95,6.592,69.967,7.824,292.044,32656.467,0.923,24.908,105.12,1.326,8.465,91.535
Nicaragua,2021,NIC,6644745.0,31580275032.0,11.145,1.677,5.133,0.772,34.8,5.237,25.168,3787.695,0.797,42.305,129.99,15.73,41.141,58.859
Niger,2021,NER,24502145.0,22299096291.0,26.809,1.094,2.588,0.106,48.749,1.99,11.251,459.195,0.505,36.787,119.28,36.481,82.77,17.23
Nigeria,2021,NGA,218529286.0,1098721596994.0,210.478,0.963,147.777,0.676,405.614,1.856,521.987,2388.635,0.475,75.666,111.54,29.388,39.43,60.57
Turkmenistan,2021,TKM,7092042.0,95789282239.0,23.806,3.357,91.694,12.929,128.081,18.06,444.797,62717.742,4.643,84.554,113.87,11.808,52.942,47.058
North Macedonia,2021,MKD,1851109.0,28165634846.0,1.619,0.874,6.518,3.521,8.567,4.628,28.998,15665.124,1.03,49.96,90.66,7.147,38.316,61.684
Honduras,2021,HND,10289881.0,47826185166.0,8.715,0.847,11.06,1.075,29.988,2.914,49.658,4825.902,1.038,31.96,114.8,10.893,42.645,57.355
Dominica,2021,DMA,67222.0,637252112.0,0.058,0.865,0.161,2.398,0.187,2.789,0.698,10379.506,1.095,33.333,102.28,14.015,27.739,72.261
Uzbekistan,2021,UZB,34243696.0,372457828275.0,52.65,1.538,123.162,3.597,192.345,5.617,575.917,16818.205,1.546,58.301,117.76,22.155,49.073,50.927
Romania,2021,ROU,19248159.0,505119539256.0,21.998,1.143,77.501,4.026,103.508,5.378,390.003,20261.834,0.772,56.845,86.34,4.616,47.768,52.232
Russia,2021,RUS,145836172.0,3809571453737.0,462.564,3.172,1674.524,11.482,2488.215,17.062,8331.266,57127.566,2.187,13.158,111.81,3.672,25.248,74.752
Rwanda,2021,RWA,13355260.0,26663035281.0,4.81,0.36,1.699,0.127,9.955,0.745,6.519,488.136,0.245,81.251,93.91,24.071,73.895,26.105
Saint Lucia,2021,LCA,178540.0,1515672504.0,0.06,0.334,0.506,2.832,0.528,2.955,2.49,13946.938,1.643,16.295,89.65,1.714,72.556,27.444
Sao Tome and Principe,2021,STP,221975.0,824700110.0,0.067,0.301,0.143,0.644,0.274,1.232,0.659,2968.911,0.799,44.792,107.87,15.266,31.826,68.174
Hong Kong,2021,HKG,7484604.0,369654417943.0,4.995,0.667,33.637,4.494,39.151,5.231,243.686,32558.352,0.659,3.81,175.19,0.076,0.0,100.0
Hungary,2021,HUN,9707848.0,272892486007.0,9.489,0.977,48.326,4.978,60.163,6.197,283.958,29250.391,1.041,55.267,104.86,3.458,29.794,70.206
Iceland,2021,ISL,372647.0,15049658393.0,0.602,1.615,3.491,9.367,4.769,12.798,60.645,162740.016,4.03,18.566,103.47,4.192,5.789,94.211
India,2021,IND,1414203896.0,9801621018003.0,821.053,0.581,2675.778,1.892,3697.615,2.615,9544.969,6749.358,0.974,60.051,135.29,17.373,65.557,34.443
Greece,2021,GRC,10579561.0,249158215293.0,10.904,1.031,57.528,5.438,63.444,5.997,302.536,28596.289,1.214,44.313,97.28,3.532,21.612,78.388
Guatemala,2021,GTM,17598652.0,140588440273.0,17.485,0.994,19.984,1.136,62.869,3.572,103.399,5875.368,0.735,43.038,118.58,9.173,45.095,54.905
Guinea,2021,GIN,13710515.0,22615336825.0,19.65,1.433,4.068,0.297,74.309,5.42,20.97,1529.503,0.927,70.553,102.32,27.072,63.15,36.85
Dominican Republic,2021,DOM,11123480.0,182166940060.0,11.846,1.065,29.363,2.64,44.412,3.993,118.863,10685.73,0.652,52.411,106.86,4.216,27.076,72.924
Ecuador,2021,ECU,17682454.0,169866634253.0,22.541,1.275,38.185,2.159,79.062,4.471,212.597,12023.042,1.252,22.024,94.55,8.08,36.913,63.087
Egypt,2021,EGY,110957005.0,1400985648780.0,47.178,0.425,266.839,2.405,337.687,3.043,1061.291,9564.884,0.758,4.049,122.85,11.437,57.431,42.569
El Salvador,2021,SLV,6255780.0,57771997522.0,3.081,0.493,6.977,1.115,7.705,1.232,39.181,6263.183,0.678,57.708,94.69,4.812,26.316,73.684
Equatorial Guinea,2021,GNQ,1758796.0,19556604569.0,4.021,2.286,7.088,4.03,13.557,7.708,35.011,19906.076,1.79,3.74,99.23,2.826,29.357,70.643
Estonia,2021,EST,1331750.0,40521483538.0,1.785,1.34,10.391,7.802,14.398,10.812,61.444,46137.703,1.516,23.088,95.03,1.944,29.822,70.178
Democratic Republic of Congo,2021,COD,99148930.0,85639643645.0,48.913,0.493,4.292,0.043,748.098,7.545,30.742,310.064,0.359,14.945,107.2,11.316,56.371,43.629
Denmark,2021,DNK,5856774.0,288414406840.0,10.62,1.813,29.604,5.055,48.119,8.216,191.85,32756.869,0.665,65.45,106.32,1.081,11.738,88.262
Djibouti,2021,DJI,1121251.0,3274020536.0,1.176,1.049,0.558,0.497,2.056,1.833,3.585,3197.363,1.095,73.503,130.09,3.007,27.712,72.288
Guinea-Bissau,2021,GNB,2058841.0,3127940606.0,2.009,0.976,0.341,0.166,6.744,3.276,1.52,738.194,0.486,29.849,100.11,40.041,55.267,44.733
United States,2021,USA,340161438.0,19099378164000.0,789.44,2.321,5020.111,14.758,6131.129,18.024,25956.828,76307.383,1.359,46.208,110.06,0.96,19.993,80.007
Haiti,2021,HTI,11374592.0,17851170361.0,8.875,0.78,3.507,0.308,13.305,1.17,15.041,1322.325,0.843,65.131,100.99,20.685,46.754,53.246
Norway,2021,NOR,5408082.0,467007972731.0,8.205,1.517,41.058,7.592,59.637,11.027,569.2,105249.945,1.219,2.704,103.99,1.599,17.139,82.861
Oman,2021,OMN,4500429.0,170025212745.0,29.6,6.577,75.041,16.674,106.103,23.576,398.343,88512.25,2.343,4.737,106.69,2.392,19.876,80.124
Pakistan,2021,PAK,239477805.0,1278204948031.0,209.771,0.876,243.552,1.017,518.171,2.164,1066.011,4451.399,0.834,46.718,120.9,22.663,62.067,37.933
Panama,2021,PAN,4345410.0,85518149482.0,4.13,0.95,10.145,2.335,19.522,4.493,92.745,21343.16,1.085,29.406,101.11,2.803,34.191,65.809
Turkey,2021,TUR,86686254.0,2260196231771.0,105.223,1.214,457.377,5.276,630.849,7.277,1950.923,22505.564,0.863,49.49,131.85,5.705,10.824,89.176
Paraguay,2021,PRY,6684184.0,64997640183.0,25.991,3.888,8.187,1.225,70.505,10.548,54.57,8164.098,0.84,53.271,113.41,11.279,32.694,67.306
Finland,2021,FIN,5541069.0,221538476826.0,7.258,1.31,37.82,6.825,89.874,16.22,320.577,57854.73,1.447,7.462,99.87,2.159,26.629,73.371
Uruguay,2021,URY,3396693.0,65848852721.0,25.736,7.577,7.829,2.305,42.036,12.376,50.217,14784.176,0.763,80.391,105.97,7.734,4.55,95.45
France,2021,FRA,66083547.0,2604822841790.0,67.554,1.022,307.272,4.65,387.602,5.865,2597.561,39307.219,0.997,52.742,96.97,1.463,21.264,78.736
Peru,2021,PER,33155883.0,332691638600.0,30.928,0.933,59.962,1.808,140.232,4.229,327.493,9877.367,0.984,19.608,120.16,7.123,16.052,83.948
Philippines,2021,PHL,113100947.0,943141651518.0,79.761,0.705,140.27,1.24,269.067,2.379,545.557,4823.633,0.578,42.536,86.51,10.069,45.55,54.45
Poland,2021,POL,38040303.0,1173809548862.0,47.204,1.241,330.694,8.693,393.791,10.352,1224.758,32196.334,1.043,47.369,113.64,2.246,40.19,59.81
Portugal,2021,PRT,10390957.0,277181288542.0,10.506,1.011,40.3,3.878,56.022,5.391,266.49,25646.334,0.961,43.254,106.75,2.162,38.905,61.095
Qatar,2021,QAT,2814988.0,366245595916.0,21.682,7.703,104.386,37.082,126.93,45.091,543.069,192920.656,1.483,6.44,184.84,0.298,0.797,99.203
Gabon,2021,GAB,2376729.0,35037430976.0,12.358,5.2,5.545,2.333,24.728,10.404,15.603,6564.767,0.445,8.357,102.67,6.77,9.212,90.788
Gambia,2021,GMB,2576015.0,4439051582.0,1.197,0.465,0.725,0.282,2.821,1.095,2.04,792.09,0.46,62.648,73.24,23.579,37.245,62.755
Georgia,2021,GEO,3788450.0,64053441556.0,3.161,0.834,10.75,2.838,10.759,2.84,61.911,16341.953,0.967,34.248,104.5,7.227,40.571,59.429
Germany,2021,DEU,83697080.0,3841041747482.0,60.245,0.72,677.998,8.101,774.763,9.257,3598.492,42994.242,0.937,47.486,97.06,0.754,18.367,81.633
Ghana,2021,GHA,32518662.0,140896419821.0,17.524,0.539,20.556,0.632,49.068,1.509,103.083,3169.96,0.732,55.393,116.02,19.657,43.305,56.695
Eswatini,2021,SWZ,1206598.0,9746927305.0,1.177,0.975,0.989,0.82,1.739,1.441,6.66,5519.331,0.683,69.477,100.3,7.17,74.984,25.016
Ethiopia,2021,ETH,122138588.0,251849804145.0,114.622,0.938,17.906,0.147,231.147,1.892,77.741,636.5,0.309,34.355,112.51,37.579,77.893,22.107
Australia,2021,AUS,25956417.0,1296705194119.0,140.75,5.423,388.472,14.966,625.994,24.117,1589.323,61230.445,1.226,47.259,87.88,2.305,12.765,87.235
Zambia,2021,ZMB,19603610.0,66191936884.0,18.617,0.95,9.35,0.477,94.405,4.816,41.292,2106.333,0.624,32.068,110.04,3.001,55.765,44.235
Austria,2021,AUT,8967053.0,379835198584.0,9.323,1.04,65.751,7.333,78.633,8.769,406.335,45314.195,1.07,31.538,100.31,1.215,31.226,68.774
Syria,2021,SYR,21628837.0,54251957890.0,6.581,0.304,32.508,1.503,40.059,1.852,116.807,5400.516,2.153,74.993,99.41,40.128,26.987,73.013
Tajikistan,2021,TJK,9966912.0,46800009054.0,7.684,0.771,9.384,0.942,19.376,1.944,46.508,4666.238,0.994,27.789,185.05,22.449,73.801,26.199
Tanzania,2021,TZA,62830410.0,189343959556.0,58.562,0.932,17.678,0.281,165.011,2.626,66.316,1055.48,0.35,44.616,136.97,24.788,65.65,34.35
Thailand,2021,THA,71727338.0,1095187026392.0,93.565,1.304,267.142,3.724,444.667,6.199,1386.818,19334.578,1.266,45.998,102.75,8.693,41.491,58.509
Togo,2021,TGO,7936185.0,13482266787.0,5.731,0.722,2.62,0.33,10.842,1.366,11.603,1462.003,0.861,70.233,125.79,20.551,57.689,42.311
Afghanistan,2021,AFG,40000410.0,56638852656.0,15.433,0.386,9.869,0.247,33.333,0.833,47.569,1189.22,0.84,58.742,96.07,33.598,74.652,25.348
Barbados,2021,BRB,282157.0,3061072053.0,0.163,0.577,1.19,4.218,1.359,4.818,5.49,19455.912,1.793,23.256,89.16,1.981,40.678,59.322
Belarus,2021,BLR,9251368.0,184521985376.0,18.611,2.012,60.861,6.579,100.735,10.889,312.725,33803.074,1.695,40.276,110.96,6.707,21.869,78.131
Spain,2021,ESP,47735670.0,1541121952313.0,45.944,0.962,228.806,4.793,293.887,6.157,1531.899,32091.293,0.994,52.485,119.84,2.768,20.215,79.785
Sri Lanka,2021,LKA,22700377.0,278898406287.0,10.71,0.472,20.823,0.917,41.39,1.823,108.849,4795.043,0.39,45.457,128.88,8.79,80.173,19.827
Sweden,2021,SWE,10416134.0,481492421258.0,7.942,0.762,38.568,3.703,59.835,5.744,633.68,60836.348,1.316,7.373,99.69,1.159,11.826,88.174
Switzerland,2021,CHE,8707019.0,548098275898.0,5.842,0.671,35.902,4.123,43.869,5.038,290.088,33316.562,0.529,37.95,98.35,0.628,15.799,84.201
Trinidad and Tobago,2021,TTO,1487715.0,36605213818.0,5.297,3.56,36.389,24.46,42.929,28.856,173.124,116369.273,4.729,10.526,82.81,0.908,46.058,53.942
Algeria,2022,DZA,45477391.0,595820067103.0,67.576,1.486,192.779,4.239,269.216,5.92,734.248,16145.337,1.232,17.351,98.11,10.647,25.82,74.18
Trinidad and Tobago,2022,TTO,1495923.0,37513383973.0,5.311,3.551,37.493,25.063,44.066,29.458,173.056,115685.422,4.613,10.526,90.87,0.763,46.053,53.947
Switzerland,2022,CHE,8792180.0,559384947989.0,5.879,0.669,32.951,3.748,40.751,4.635,297.485,33835.207,0.532,37.871,97.4,0.616,15.079,84.921
Sweden,2022,SWE,10487335.0,494214521158.0,7.94,0.757,36.342,3.465,57.26,5.46,621.681,59279.207,1.258,7.354,99.81,1.239,11.596,88.404
Sri Lanka,2022,LKA,22834965.0,254748598293.0,10.682,0.468,18.377,0.805,39.831,1.744,97.407,4265.696,0.382,45.457,125.14,8.448,80.012,19.988
Spain,2022,ESP,47828386.0,1625139888517.0,44.986,0.941,234.223,4.897,291.098,6.086,1592.166,33289.133,0.98,53.357,118.7,2.37,20.045,79.955
Belarus,2022,BLR,9173240.0,175773799265.0,18.519,2.019,57.121,6.227,96.007,10.466,303.514,33086.91,1.727,39.874,109.93,8.042,21.527,78.473
Barbados,2022,BRB,282324.0,3408005977.0,0.162,0.575,1.315,4.658,1.489,5.275,5.932,21012.291,1.741,23.256,100.84,1.449,40.646,59.354
Bangladesh,2022,BGD,169384891.0,858143907016.0,93.141,0.55,102.147,0.603,228.957,1.352,512.174,3023.729,0.597,72.371,153.13,11.218,68.326,31.674
Togo,2022,TGO,8068616.0,14265660408.0,5.998,0.743,2.739,0.339,11.653,1.444,11.785,1460.611,0.826,70.233,142.92,21.22,57.267,42.733
Thailand,2022,THA,71735321.0,1124143758569.0,94.947,1.324,272.573,3.8,459.034,6.399,1387.88,19347.238,1.235,45.998,103.25,8.719,40.258,59.742
Tanzania,2022,TZA,64711822.0,198220407805.0,58.696,0.907,19.702,0.304,171.718,2.654,75.404,1165.232,0.38,44.616,145.47,24.257,65.177,34.823
Tajikistan,2022,TJK,10182228.0,50544013546.0,7.876,0.773,10.521,1.033,20.79,2.042,49.125,4824.579,0.972,28.073,185.93,22.935,73.804,26.196
Syria,2022,SYR,22462170.0,52353139385.0,6.335,0.282,31.423,1.399,38.639,1.72,108.886,4847.527,2.08,74.095,98.92,43.06,27.388,72.612
Zambia,2022,ZMB,20152935.0,68469600029.0,20.421,1.013,10.939,0.543,98.47,4.886,40.04,1986.802,0.585,32.068,109.06,3.094,55.401,44.599
Australia,2022,AUS,26200987.0,1344251444393.0,139.423,5.321,384.078,14.659,609.02,23.244,1660.79,63386.535,1.235,47.259,87.48,2.672,12.666,87.334
Ethiopia,2022,ETH,125384285.0,269977225159.0,116.431,0.929,16.96,0.135,233.825,1.865,81.665,651.318,0.302,34.078,116.06,37.642,77.263,22.737
Eswatini,2022,SWZ,1218921.0,9594910875.0,1.17,0.96,1.028,0.844,1.656,1.358,6.247,5125.024,0.651,69.477,100.16,7.571,74.603,25.397
Estonia,2022,EST,1350093.0,39999856613.0,1.774,1.314,11.966,8.863,16.096,11.922,63.306,46890.336,1.583,23.075,94.58,2.446,29.511,70.489
Ghana,2022,GHA,33149152.0,145431875240.0,19.25,0.581,20.745,0.626,51.166,1.544,101.488,3061.546,0.698,55.393,119.16,19.514,42.749,57.251
Germany,2022,DEU,84086227.0,3909612753939.0,58.913,0.701,667.843,7.942,759.795,9.036,3455.45,41094.125,0.884,47.501,93.35,0.995,18.213,81.787
Georgia,2022,GEO,3794782.0,70528605169.0,3.193,0.841,12.0,3.162,12.346,3.253,68.613,18080.918,0.973,34.306,105.66,6.632,39.99,60.01
Gambia,2022,GMB,2636472.0,4656793663.0,1.28,0.486,0.808,0.306,3.024,1.147,2.1,796.343,0.451,62.648,73.35,22.86,36.713,63.287
Gabon,2022,GAB,2430750.0,36035291983.0,13.002,5.349,5.783,2.379,26.967,11.094,16.637,6844.557,0.462,8.357,104.13,6.506,8.776,91.224
Paraguay,2022,PRY,6760460.0,65127634644.0,25.081,3.71,7.533,1.114,67.266,9.95,52.276,7732.66,0.803,54.107,113.45,10.897,31.36,68.64
Qatar,2022,QAT,2892466.0,381778107010.0,22.005,7.608,109.594,37.89,132.49,45.805,565.004,195336.344,1.48,6.44,140.1,0.257,0.756,99.244
Portugal,2022,PRT,10417074.0,295712910456.0,10.552,1.013,40.722,3.909,58.127,5.58,262.58,25206.664,0.888,42.789,104.85,1.905,38.874,61.126
Poland,2022,POL,38385734.0,1231021338216.0,46.473,1.211,314.892,8.203,376.121,9.798,1186.868,30919.512,0.964,46.313,113.33,2.806,40.168,59.832
Philippines,2022,PHL,113964343.0,1014811024029.0,78.523,0.689,150.963,1.325,282.396,2.478,570.979,5010.157,0.563,42.393,90.42,9.552,45.21,54.79
Peru,2022,PER,33475436.0,341677633395.0,31.211,0.932,64.785,1.935,144.244,4.309,338.069,10099.025,0.989,19.051,123.1,7.174,15.634,84.366
France,2022,FRA,66277412.0,2671568767031.0,65.721,0.992,295.304,4.456,369.803,5.58,2306.192,34796.047,0.863,52.674,93.18,1.72,21.241,78.759
Uruguay,2022,URY,3390913.0,69066228178.0,25.163,7.421,7.501,2.212,40.204,11.856,50.215,14808.726,0.727,80.874,109.58,6.918,4.502,95.498
Finland,2022,FIN,5569300.0,226154847456.0,6.434,1.155,36.337,6.525,90.037,16.167,320.232,57499.422,1.416,7.455,97.85,2.241,26.303,73.697
Turkey,2022,TUR,87058469.0,2385996374127.0,106.863,1.227,443.603,5.095,611.291,7.022,1969.05,22617.557,0.825,50.025,137.31,6.694,10.962,89.038
Panama,2022,PAN,4400775.0,94762119668.0,4.164,0.946,11.707,2.66,20.565,4.673,102.472,23285.066,1.081,29.406,106.53,2.604,34.179,65.821
Pakistan,2022,PAK,243700667.0,1318834969356.0,213.51,0.876,211.97,0.87,489.885,2.01,979.101,4017.639,0.742,46.631,125.3,22.327,61.626,38.374
Oman,2022,OMN,4730229.0,177355008173.0,31.962,6.757,77.994,16.488,111.458,23.563,424.561,89754.836,2.394,4.737,186.57,2.108,19.988,80.012
Norway,2022,NOR,5456796.0,482328451592.0,8.234,1.509,40.833,7.483,59.696,10.94,533.568,97780.367,1.106,2.704,102.79,1.634,17.044,82.956
Haiti,2022,HTI,11503603.0,17550916862.0,8.975,0.78,2.87,0.25,12.236,1.064,12.293,1068.592,0.7,65.131,102.16,20.275,46.148,53.852
Guinea-Bissau,2022,GNB,2105535.0,3259313986.0,2.074,0.985,0.344,0.164,7.572,3.596,1.545,733.946,0.474,29.624,100.94,39.576,54.837,45.163
Denmark,2022,DNK,5902901.0,299429011832.0,10.226,1.732,29.094,4.929,46.789,7.926,194.229,32903.926,0.649,65.6,102.21,1.002,11.612,88.388
Democratic Republic of Congo,2022,COD,102396974.0,91314988450.0,50.459,0.493,5.892,0.058,771.658,7.536,32.119,313.667,0.352,15.304,105.71,10.337,55.997,44.003
Equatorial Guinea,2022,GNQ,1803549.0,20191378731.0,3.753,2.081,7.497,4.157,14.087,7.811,36.921,20471.131,1.829,3.74,86.55,2.49,29.109,70.891
El Salvador,2022,SLV,6280316.0,59270934820.0,3.091,0.492,7.913,1.26,8.763,1.395,43.162,6872.584,0.728,57.708,98.89,4.559,25.853,74.147
Egypt,2022,EGY,112618252.0,1460427350416.0,49.239,0.437,249.899,2.219,323.034,2.868,1110.143,9857.579,0.76,4.077,119.36,10.946,57.367,42.633
Ecuador,2022,ECU,17823900.0,175028884708.0,22.277,1.25,42.066,2.36,80.527,4.518,222.718,12495.487,1.272,21.533,93.93,7.393,36.91,63.09
Dominican Republic,2022,DOM,11230734.0,191182362267.0,11.92,1.061,31.225,2.78,46.466,4.137,132.782,11823.134,0.695,54.694,111.38,4.154,27.58,72.42
Guinea,2022,GIN,14055136.0,23678257190.0,20.619,1.467,4.052,0.288,76.836,5.467,21.539,1532.448,0.91,71.949,108.73,28.382,62.762,37.238
Guatemala,2022,GTM,17847877.0,146224632616.0,17.809,0.998,18.913,1.06,63.09,3.535,95.883,5372.242,0.656,43.038,120.25,9.082,44.742,55.258
Greece,2022,GRC,10412481.0,263892672733.0,10.601,1.018,57.609,5.533,62.344,5.987,314.334,30188.217,1.191,41.676,100.09,3.785,21.45,78.55
India,2022,IND,1425423209.0,10476248645535.0,835.674,0.586,2831.132,1.986,3869.995,2.715,10059.478,7057.187,0.96,60.056,132.52,16.546,65.244,34.756
United Kingdom,2022,GBR,68179315.0,2615230634906.0,44.674,0.655,311.118,4.563,392.132,5.751,2009.944,29480.258,0.769,71.982,105.24,0.681,16.925,83.075
Iceland,2022,ISL,380368.0,16019540441.0,0.595,1.565,3.598,9.458,4.882,12.835,63.724,167531.625,3.978,18.566,101.26,4.088,5.821,94.179
Hungary,2022,HUN,9684308.0,285385229433.0,9.355,0.966,45.267,4.674,54.129,5.589,267.047,27575.229,0.936,55.621,99.63,3.143,29.841,70.159
Hong Kong,2022,HKG,7465913.0,356690492875.0,5.042,0.675,30.764,4.121,36.275,4.859,217.409,29120.252,0.61,3.81,149.97,0.053,0.0,100.0
Honduras,2022,HND,10463880.0,49738252980.0,8.809,0.842,11.742,1.122,32.391,3.096,51.869,4956.987,1.043,31.96,117.36,12.473,42.164,57.836
Sao Tome and Principe,2022,STP,226313.0,825238400.0,0.068,0.302,0.136,0.599,0.29,1.281,0.582,2571.202,0.705,44.792,108.04,13.932,31.628,68.372
Tunisia,2022,TUN,12119338.0,129457959410.0,8.299,0.685,30.785,2.54,42.202,3.482,123.45,10186.194,0.954,62.439,104.46,10.822,30.293,69.707
Saint Lucia,2022,LCA,178794.0,1749086152.0,0.06,0.336,0.518,2.898,0.546,3.056,2.534,14172.194,1.449,16.295,117.62,1.518,70.902,29.098
Rwanda,2022,RWA,13651025.0,28466253314.0,4.719,0.346,1.957,0.143,9.901,0.725,6.8,498.153,0.239,80.037,87.15,24.887,72.219,27.781
Russia,2022,RUS,145579889.0,3731440829579.0,464.216,3.189,1675.461,11.509,2600.79,17.865,8626.76,59257.91,2.312,13.158,116.88,3.42,25.146,74.854
Romania,2022,ROU,19166776.0,504741667296.0,21.975,1.147,73.186,3.818,96.861,5.054,360.166,18791.148,0.714,55.103,83.59,3.818,47.837,52.163
Uzbekistan,2022,UZB,34938953.0,393572464308.0,52.963,1.516,119.105,3.409,187.851,5.377,592.522,16958.777,1.505,58.479,121.61,20.974,49.015,50.985
Dominica,2022,DMA,66847.0,675098029.0,0.058,0.87,0.165,2.466,0.194,2.904,0.72,10770.691,1.066,33.333,102.31,12.944,27.317,72.683
Djibouti,2022,DJI,1137101.0,3395681646.0,1.195,1.051,0.55,0.484,2.07,1.821,3.406,2995.47,1.003,73.503,130.77,2.631,27.389,72.611
North Macedonia,2022,MKD,1840236.0,28770256385.0,1.609,0.874,7.352,3.995,9.18,4.988,30.734,16701.213,1.068,49.841,93.24,7.28,38.047,61.953
Nigeria,2022,NGA,223150906.0,1134448580250.0,202.906,0.909,131.441,0.589,383.888,1.72,527.352,2363.209,0.465,75.966,112.91,28.552,38.627,61.373
Niger,2022,NER,25311978.0,24776754234.0,27.946,1.104,3.201,0.126,50.744,2.005,13.527,534.418,0.546,36.788,115.39,41.351,82.523,17.477
Nicaragua,2022,NIC,6730662.0,32764782125.0,11.291,1.678,5.131,0.762,36.7,5.453,25.711,3819.998,0.785,42.305,125.96,16.803,41.005,58.995
New Zealand,2022,NZL,5131731.0,200602760076.0,35.275,6.874,31.966,6.229,84.071,16.383,232.71,45347.203,1.16,37.017,99.0,4.569,16.145,83.855
Ireland,2022,IRL,5110015.0,308390920561.0,17.738,3.471,36.676,7.177,64.07,12.538,186.452,36487.48,0.605,63.115,123.24,1.173,36.108,63.892
Iraq,2022,IRQ,44070556.0,527639326800.0,164.97,3.743,217.644,4.939,391.084,8.874,680.004,15429.901,1.289,21.778,112.05,2.059,30.132,69.868
China,2022,CHN,1425179562.0,26966016991166.0,1513.475,1.062,11711.808,8.218,13446.92,9.435,44516.492,31235.707,1.651,55.433,109.5,7.148,34.782,65.218
Chile,2022,CHL,19553033.0,448338105532.0,19.111,0.977,85.744,4.385,117.52,6.01,503.505,25750.754,1.123,14.32,103.4,3.235,11.36,88.64
Czechia,2022,CZE,10673216.0,342966849621.0,12.718,1.192,95.04,8.905,106.471,9.976,448.738,42043.363,1.308,45.748,102.33,2.076,27.303,72.697
Cyprus,2022,CYP,1331376.0,34255009922.0,2.052,1.541,7.071,5.311,8.979,6.744,31.674,23790.744,0.925,13.316,121.57,1.186,33.331,66.669
Cuba,2022,CUB,11059822.0,84154971449.0,12.194,1.103,23.259,2.103,37.367,3.379,93.064,8414.643,1.106,61.667,87.4,0.801,22.894,77.106
Croatia,2022,HRV,3907031.0,102284645672.0,3.365,0.861,17.585,4.501,21.561,5.518,93.167,23846.066,0.911,25.876,97.79,3.393,43.002,56.998
Cote d'Ivoire,2022,CIV,30395004.0,121471995793.0,12.673,0.417,14.504,0.477,131.443,4.324,78.412,2579.768,0.646,84.157,116.93,16.584,47.151,52.849
Costa Rica,2022,CRI,5081764.0,80345898158.0,5.412,1.065,8.01,1.576,13.886,2.732,46.83,9215.243,0.583,33.144,113.36,4.14,21.559,78.441
Iran,2022,IRN,89524247.0,1572209055082.0,151.459,1.692,767.178,8.57,957.931,10.7,3490.12,38985.188,2.22,29.009,99.85,10.695,23.666,76.334
Indonesia,2022,IDN,278830527.0,3500093638879.0,386.071,1.385,758.021,2.719,1812.192,6.499,2749.242,9859.904,0.785,29.007,189.99,12.4,42.507,57.493
Kazakhstan,2022,KAZ,20034612.0,503634062609.0,54.521,2.721,274.346,13.694,361.984,18.068,819.283,40893.367,1.627,79.366,124.81,5.247,38.556,61.444
Jordan,2022,JOR,11256269.0,99281825499.0,5.681,0.505,22.428,1.992,30.021,2.667,114.477,10170.104,1.153,11.746,130.28,4.818,7.595,92.405
Japan,2022,JPN,124997585.0,4774494846664.0,29.664,0.237,1029.645,8.237,1077.863,8.623,4996.771,39974.945,1.047,12.716,104.84,0.922,8.022,91.978
Jamaica,2022,JAM,2839150.0,20019224153.0,0.765,0.27,7.908,2.785,8.407,2.961,33.428,11773.948,1.67,38.504,114.88,6.8,42.012,57.988
Italy,2022,ITA,59619106.0,2136009300257.0,42.624,0.715,340.115,5.705,398.012,6.676,1755.465,29444.67,0.822,43.963,102.34,1.89,30.516,69.484
Israel,2022,ISR,9103143.0,336722563455.0,8.583,0.943,62.267,6.84,73.431,8.067,307.838,33816.672,0.914,24.704,109.45,1.162,8.502,91.498
Seychelles,2022,SYC,125533.0,3053368129.0,0.073,0.58,0.629,5.01,0.735,5.855,3.606,28729.107,1.181,3.37,189.71,2.436,55.089,44.911
Serbia,2022,SRB,6791215.0,116834638171.0,7.08,1.042,44.462,6.547,44.793,6.596,178.316,26256.807,1.526,41.253,107.02,5.338,38.099,61.901
Senegal,2022,SEN,17651099.0,51913993763.0,10.932,0.619,14.133,0.801,34.157,1.935,46.8,2651.39,0.901,49.4,144.34,16.333,46.556,53.444
Saudi Arabia,2022,SAU,32175351.0,1823886192336.0,117.03,3.637,666.994,20.73,795.183,24.714,3150.054,97902.695,1.727,80.773,164.71,2.215,15.865,84.135
Congo,2022,COG,6035104.0,23679011891.0,16.127,2.672,8.728,1.446,43.319,7.178,23.519,3897.074,0.993,31.19,106.56,8.042,36.358,63.642
Comoros,2022,COM,834191.0,1682076951.0,0.395,0.474,0.532,0.637,1.005,1.205,1.725,2068.179,1.026,71.467,99.79,35.164,67.225,32.775
Colombia,2022,COL,51737944.0,742716953392.0,89.58,1.731,89.437,1.729,237.231,4.585,627.227,12123.15,0.845,37.641,110.33,8.832,21.954,78.046
Netherlands,2022,NLD,17904421.0,879609110665.0,19.755,1.103,127.503,7.121,161.079,8.997,954.098,53288.391,1.085,53.579,101.16,1.642,5.014,94.986
Turkmenistan,2022,TKM,7230197.0,97502944727.0,23.888,3.304,102.063,14.116,139.304,19.267,471.771,65250.055,4.839,84.554,113.98,10.934,52.941,47.059
Nepal,2022,NPL,29715435.0,95965910597.0,27.656,0.931,17.609,0.593,58.562,1.971,54.094,1820.385,0.564,26.121,144.45,20.914,33.701,66.299
Namibia,2022,NAM,2889668.0,21858730428.0,5.606,1.94,3.414,1.181,17.36,6.008,17.98,6222.074,0.823,47.143,91.27,8.759,50.471,49.529
Myanmar,2022,MMR,53756791.0,291025085135.0,58.693,1.092,31.639,0.589,192.112,3.574,134.017,2493.025,0.46,19.888,35.52,22.334,69.689,30.311
Mozambique,2022,MOZ,32656242.0,31441725629.0,25.724,0.788,9.296,0.285,61.351,1.879,56.217,1721.49,1.788,52.773,153.35,25.639,64.946,35.054
United Arab Emirates,2022,ARE,10242085.0,779701520404.0,37.375,3.649,207.103,20.221,246.914,24.108,1352.948,132096.891,1.735,5.513,132.1,0.741,14.485,85.515
Laos,2022,LAO,7559008.0,54953902901.0,10.955,1.449,22.549,2.983,64.981,8.597,64.628,8549.83,1.176,9.791,183.17,14.869,61.932,38.068
Kyrgyzstan,2022,KGZ,6955792.0,31703003147.0,7.737,1.112,11.513,1.655,22.283,3.203,52.798,7590.504,1.665,55.253,118.48,10.997,65.3,34.7
Burkina Faso,2022,BFA,22509038.0,37320442404.0,21.694,0.964,6.542,0.291,57.944,2.574,22.776,1011.84,0.61,53.35,96.49,20.63,72.721,27.279
Bulgaria,2022,BGR,6825862.0,138390156500.0,9.388,1.375,46.932,6.876,56.641,8.298,229.39,33606.043,1.658,46.26,89.23,3.711,26.52,73.48
Brazil,2022,BRA,210306411.0,3187412907763.0,566.221,2.692,480.058,2.283,2875.004,13.671,3731.718,17744.193,1.171,28.327,112.15,5.767,12.65,87.35
Chad,2022,TCD,18455319.0,24118013870.0,67.356,3.65,2.8,0.152,116.667,6.322,8.269,448.069,0.343,39.976,145.44,35.228,74.236,25.764
Central African Republic,2022,CAF,5098038.0,3752056621.0,12.018,2.357,0.377,0.074,52.552,10.308,1.79,351.046,0.477,9.042,109.89,36.217,56.725,43.275
Cape Verde,2022,CPV,519750.0,4251154554.0,0.151,0.291,0.598,1.15,0.837,1.61,3.059,5886.29,0.72,19.603,88.65,4.954,24.966,75.034
Cameroon,2022,CMR,27632770.0,82727797383.0,21.464,0.777,9.792,0.354,67.212,2.432,36.181,1309.364,0.437,20.892,110.47,16.546,45.154,54.846
Kuwait,2022,KWT,4589514.0,218961227193.0,40.002,8.716,115.849,25.242,157.041,34.217,468.641,102111.328,2.14,8.418,146.03,0.402,0.0,100.0
Kenya,2022,KEN,54252458.0,190362153076.0,51.79,0.955,20.544,0.379,96.825,1.785,87.344,1609.946,0.459,49.483,103.71,21.036,68.569,31.431
Libya,2022,LBY,7223804.0,91444480945.0,25.77,3.567,58.974,8.164,86.226,11.936,225.654,31237.596,2.468,8.724,120.54,1.686,12.151,87.849
Ukraine,2022,UKR,41048768.0,309166674673.0,54.067,1.317,143.04,3.485,225.846,5.502,618.781,15074.283,2.001,71.3,81.22,8.573,30.577,69.423
Liberia,2022,LBR,5373297.0,4231561135.0,2.553,0.475,0.864,0.161,24.004,4.467,3.113,579.381,0.736,19.965,104.05,36.203,45.541,54.459
Lesotho,2022,LSO,2286112.0,4761723180.0,1.386,0.606,2.551,1.116,6.56,2.869,4.82,2108.48,1.012,74.947,93.82,5.951,58.33,41.67
Lebanon,2022,LBN,5744492.0,48741710654.0,3.867,0.673,15.361,2.674,20.299,3.534,66.41,11560.575,1.362,66.128,123.11,1.19,9.794,90.206
Latvia,2022,LVA,1881059.0,51248480035.0,2.302,1.224,6.608,3.513,13.66,7.262,38.513,20474.271,0.752,31.657,102.02,5.114,31.743,68.257
South Korea,2022,KOR,51782515.0,2137558645699.0,37.113,0.717,606.877,11.72,651.583,12.583,3619.57,69899.453,1.693,16.23,109.28,1.448,18.838,81.162
South Africa,2022,ZAF,62378417.0,723559323969.0,81.235,1.302,428.782,6.874,533.329,8.55,1346.169,21580.689,1.86,79.418,103.24,2.606,36.523,63.477
Slovenia,2022,SVN,2115231.0,69385349463.0,2.531,1.196,12.728,6.017,18.801,8.889,70.602,33377.797,1.018,30.329,101.54,1.625,44.662,55.338
Slovakia,2022,SVK,5473195.0,150360426456.0,5.783,1.057,31.589,5.772,27.779,5.076,179.893,32867.98,1.196,38.457,88.18,1.93,46.81,53.19
Singapore,2022,SGP,5649888.0,461801118473.0,5.33,0.943,48.934,8.661,55.715,9.861,895.63,158521.719,1.939,0.919,139.04,0.026,0.0,100.0
Sierra Leone,2022,SLE,8276809.0,11681270534.0,5.162,0.624,1.444,0.174,16.078,1.943,6.348,766.949,0.543,54.71,101.8,33.757,55.733,44.267
Cambodia,2022,KHM,17201721.0,65136593996.0,23.218,1.35,20.865,1.213,89.891,5.226,63.084,3667.321,0.968,34.812,95.81,16.544,59.625,40.375
Vietnam,2022,VNM,99680656.0,833803909046.0,94.227,0.945,322.653,3.237,539.141,5.409,1293.495,12976.387,1.551,39.291,135.42,11.88,62.452,37.548
Burundi,2022,BDI,13321102.0,9177077459.0,4.433,0.333,0.878,0.066,9.28,0.697,4.091,307.098,0.446,82.808,132.11,34.684,77.68,22.32
Morocco,2022,MAR,37329068.0,311654947615.0,29.439,0.789,69.779,1.869,103.258,2.766,266.764,7146.277,0.856,65.809,104.6,9.796,37.488,62.512
Montenegro,2022,MNE,614649.0,12774399882.0,0.63,1.026,2.495,4.06,1.466,2.386,11.346,18458.855,0.888,18.885,107.95,3.997,34.599,65.401
Mongolia,2022,MNG,3386015.0,44809463232.0,33.188,9.801,40.443,11.944,84.561,24.974,52.86,15611.406,1.18,71.91,159.36,13.028,30.216,69.784
Moldova,2022,MDA,3039986.0,23827554273.0,2.02,0.664,5.173,1.702,6.558,2.157,38.37,12621.712,1.61,74.97,76.21,8.114,57.595,42.405
Mexico,2022,MEX,128613116.0,2033437602787.0,148.504,1.155,453.799,3.528,631.024,4.906,2296.863,17858.697,1.13,50.87,120.13,3.898,20.8,79.2
Malaysia,2022,MYS,34695494.0,877584198429.0,28.344,0.817,281.884,8.125,383.867,11.064,1355.509,39068.727,1.545,26.087,99.69,8.962,24.026,75.974
Malawi,2022,MWI,20568731.0,26465351444.0,7.924,0.385,1.801,0.088,25.2,1.225,8.075,392.592,0.305,64.171,190.08,27.598,83.285,16.715
Madagascar,2022,MDG,30437261.0,38602188321.0,24.761,0.813,4.21,0.138,60.497,1.988,16.568,544.343,0.429,70.29,94.4,21.544,68.46,31.54
Bahrain,2022,BHR,1533460.0,58769760175.0,23.97,15.631,37.827,24.668,62.006,40.436,236.926,154504.281,4.031,10.253,134.41,0.246,0.0,100.0
Azerbaijan,2022,AZE,10295307.0,175370552026.0,12.463,1.211,41.175,3.999,58.804,5.712,210.286,20425.451,1.199,57.84,121.33,4.612,41.562,58.438
Austria,2022,AUT,9064678.0,398815419150.0,9.215,1.017,61.454,6.78,74.005,8.164,381.823,42122.105,0.957,31.477,100.45,1.346,31.002,68.998
Botswana,2022,BWA,2439895.0,39293967463.0,7.692,3.153,7.396,3.031,21.384,8.764,29.284,12002.065,0.745,45.634,90.32,1.58,33.411,66.589
Bosnia and Herzegovina,2022,BIH,3204802.0,47069138435.0,5.878,1.834,20.743,6.472,28.014,8.741,90.629,28279.162,1.925,21.816,83.81,4.826,48.978,51.022
Bolivia,2022,BOL,12077156.0,78165311428.0,26.717,2.212,23.488,1.945,144.386,11.955,103.508,8570.585,1.324,35.831,120.45,8.66,29.365,70.635
Benin,2022,BEN,13759507.0,33290362034.0,7.336,0.533,6.092,0.443,40.322,2.93,25.344,1841.917,0.761,43.062,140.91,26.897,49.037,50.963
Belgium,2022,BEL,11641814.0,489678394377.0,12.029,1.033,88.915,7.638,111.423,9.571,694.453,59651.605,1.418,44.566,102.29,0.671,12.511,87.489
Luxembourg,2022,LUX,653315.0,36128358732.0,0.555,0.849,7.274,11.135,8.205,12.559,38.822,59423.344,1.075,51.471,120.17,0.242,5.239,94.761
Lithuania,2022,LTU,2816923.0,84814257826.0,2.85,1.012,12.895,4.578,22.646,8.039,65.066,23098.156,0.767,46.503,91.24,3.928,31.713,68.287
Uganda,2022,UGA,47312718.0,101995416951.0,35.428,0.749,6.128,0.13,62.92,1.33,31.378,663.202,0.308,71.888,99.02,24.012,70.075,29.925
Mauritius,2022,MUS,1276134.0,26988574640.0,0.568,0.445,4.317,3.383,5.096,3.993,21.504,16850.51,0.797,43.065,119.39,3.555,61.0,39.0
Mauritania,2022,MRT,4875644.0,15674544913.0,8.89,1.823,5.267,1.08,17.965,3.685,20.279,4159.303,1.294,38.527,109.19,21.23,41.188,58.812
Malta,2022,MLT,528194.0,18295132993.0,0.167,0.316,1.774,3.359,1.961,3.713,37.953,71854.422,2.074,27.344,96.32,0.839,4.4,95.6
Mali,2022,MLI,23072641.0,30551085997.0,27.572,1.195,7.02,0.304,62.847,2.724,29.284,1269.189,0.959,35.466,127.27,32.718,69.598,30.402
Afghanistan,2022,AFG,40578847.0,53303471617.0,16.076,0.396,10.17,0.251,36.65,0.903,45.106,1111.573,0.846,58.742,95.4,33.701,74.606,25.394
Albania,2022,ALB,2827614.0,36171005594.0,2.431,0.86,4.498,1.591,7.418,2.623,25.869,9148.74,0.715,41.445,83.74,16.984,42.136,57.864
Armenia,2022,ARM,2880880.0,39721734780.0,1.628,0.565,7.699,2.672,10.645,3.695,49.535,17194.473,1.247,58.613,100.02,10.147,34.438,65.562
Argentina,2022,ARG,45407904.0,854914363923.0,115.333,2.54,183.768,4.047,432.106,9.516,1001.241,22049.938,1.171,43.428,113.91,6.542,7.887,92.113
Zimbabwe,2022,ZWE,16069061.0,25901585881.0,12.643,0.787,12.232,0.761,29.917,1.862,57.51,3578.944,2.22,41.798,119.62,17.061,61.294,38.706
Angola,2022,AGO,35635028.0,158346237030.0,45.564,1.279,21.089,0.592,161.249,4.525,97.616,2739.316,0.616,36.947,130.74,18.989,30.949,69.051
