actual_appliances_energy,predicted_appliances_energy,absolute_error
40,50.82630919708289,10.826309197082892
90,111.33541692984736,21.335416929847355
50,43.67680478618219,6.323195213817812
50,67.79748226316359,17.797482263163587
70,72.48738370746383,2.4873837074638345
120,159.0260148375997,39.02601483759969
120,98.29967133986266,21.700328660137345
70,91.71487667357387,21.71487667357387
50,52.858054733712585,2.858054733712585
70,99.3871266832896,29.387126683289594
110,158.26665591373404,48.26665591373404
70,73.40614161547373,3.4061416154737287
100,152.52603494222402,52.526034942224015
110,99.27771811560251,10.72228188439749
120,189.8687731962115,69.86877319621149
50,43.35014717087328,6.649852829126722
50,55.5102560140329,5.5102560140328976
50,52.1118791448816,2.1118791448815983
30,38.21917815234432,8.21917815234432
140,150.39586309424251,10.395863094242515
60,78.50643377906782,18.50643377906782
60,57.96792484760998,2.0320751523900213
20,32.545477357609705,12.545477357609705
40,44.59909262838026,4.599092628380262
340,190.30903147691257,149.69096852308743
70,81.31163057437809,11.311630574378086
100,172.4265649851462,72.4265649851462
60,62.54534793819109,2.5453479381910924
60,56.94806300514687,3.051936994853129
130,156.37066169113595,26.37066169113595
60,65.27167912174892,5.271679121748917
50,68.4677612655618,18.467761265561805
50,56.86712398721806,6.867123987218058
80,71.48717901866871,8.512820981331288
40,47.73787646560673,7.737876465606732
350,120.63572510196494,229.36427489803506
100,146.4293715270024,46.42937152700239
140,155.88934945773184,15.88934945773184
50,56.896807295163576,6.896807295163576
70,67.6623711592952,2.337628840704795
50,52.95724795070771,2.9572479507077105
120,137.39089132626052,17.390891326260515
60,57.28480426383651,2.715195736163487
50,50.06061406015713,0.060614060157128336
50,42.862694637566875,7.137305362433125
60,50.35117638018993,9.648823619810067
20,48.26456122197229,28.264561221972293
70,70.43153025685048,0.4315302568504791
40,48.997448616198625,8.997448616198625
60,55.684742582835966,4.315257417164034
60,65.21831111438412,5.218311114384122
330,151.26340230858483,178.73659769141517
70,76.49314196925899,6.493141969258986
50,56.67961437403637,6.679614374036369
30,52.37805871562792,22.378058715627922
270,288.8848232714138,18.88482327141378
50,48.12921751693833,1.8707824830616673
240,291.9647395620587,51.964739562058696
50,53.71384729014825,3.7138472901482515
40,59.531743422927676,19.531743422927676
20,45.71071272444413,25.71071272444413
40,44.30670620331116,4.306706203311158
60,48.5682612311861,11.4317387688139
20,31.70357077503817,11.70357077503817
60,74.91553540318152,14.915535403181522
60,57.39902927244214,2.6009707275578577
40,86.26474850976705,46.264748509767045
100,98.30198468874518,1.6980153112548209
40,48.89921717317011,8.899217173170108
60,101.9209883538893,41.9209883538893
90,116.460781917243,26.460781917242997
50,42.03912790317047,7.960872096829533
70,88.05093228088604,18.050932280886045
50,48.973604535423945,1.026395464576055
70,62.96595752336728,7.03404247663272
60,57.95063484221094,2.0493651577890617
390,275.81059337358545,114.18940662641455
60,59.10472186171933,0.8952781382806734
90,93.8340554121804,3.8340554121804047
80,43.25158973661179,36.74841026338821
40,44.000840675195846,4.000840675195846
150,136.51435973269096,13.485640267309037
60,52.05399081772071,7.94600918227929
40,58.006281453192244,18.006281453192244
50,54.46491851116212,4.464918511162118
120,140.3532539460466,20.353253946046607
60,47.26543707337855,12.73456292662145
170,91.94939220547063,78.05060779452937
120,186.61416738982982,66.61416738982982
120,104.53783595671287,15.462164043287132
50,58.05144173000859,8.051441730008591
100,113.37888173802813,13.378881738028127
30,33.95719894175698,3.957198941756978
110,106.10835201510773,3.8916479848922734
90,122.19009749417778,32.19009749417778
60,97.55646822463888,37.55646822463888
50,68.95283608395151,18.95283608395151
40,45.57011757661227,5.570117576612269
40,42.814822954035414,2.8148229540354137
110,152.70011772729157,42.70011772729157
90,76.10623130541622,13.893768694583784
60,92.57571063227685,32.57571063227685
440,382.6918608352432,57.308139164756824
80,89.4247824587296,9.424782458729595
60,83.96560990511362,23.965609905113624
100,114.14906205374415,14.149062053744146
60,52.22386401164991,7.776135988350092
60,59.522240902799,0.47775909720100174
130,128.10899802382917,1.891001976170827
60,47.84672588085427,12.153274119145728
60,52.794731983702576,7.205268016297424
70,84.05451343447933,14.054513434479333
90,76.29776084919804,13.702239150801958
90,82.4257595780041,7.574240421995896
50,49.119378693745055,0.8806213062549446
110,100.45165277642417,9.548347223575831
50,49.450041080633106,0.5499589193668939
280,220.84494625933928,59.15505374066072
40,48.95490180437379,8.95490180437379
300,266.07577534580923,33.924224654190766
40,43.6717402531375,3.6717402531375
50,64.99406514490096,14.994065144900958
80,57.72992176881135,22.27007823118865
40,36.134782055673746,3.865217944326254
40,44.638764786669036,4.638764786669036
100,120.57236283727984,20.57236283727984
70,64.68018554780389,5.319814452196113
70,50.66422087336407,19.335779126635927
50,49.15068031368478,0.8493196863152193
80,158.72080145637517,78.72080145637517
50,39.4017766955267,10.5982233044733
40,64.48532398682849,24.48532398682849
80,103.66545547576486,23.66545547576486
50,42.65679673456886,7.343203265431143
70,76.86293482522636,6.862934825226361
120,152.35457704435555,32.35457704435555
70,75.21281746603869,5.212817466038686
40,53.20972661440474,13.209726614404737
90,96.69990173630232,6.699901736302323
390,282.04047082052745,107.95952917947255
60,53.49869644728793,6.5013035527120735
100,90.49712208716785,9.502877912832147
130,126.42992363609387,3.570076363906125
50,57.50392872382202,7.503928723822021
70,115.8826131885996,45.882613188599606
70,71.04948438111231,1.0494843811123076
40,54.21997400012685,14.219974000126847
80,71.64539401567941,8.354605984320585
110,142.29235341961393,32.29235341961393
80,112.89060309180553,32.89060309180553
90,99.15784582190082,9.157845821900821
250,289.70729521401637,39.70729521401637
100,75.1482324943731,24.851767505626896
70,200.2298295334933,130.2298295334933
70,68.34929286515562,1.6507071348443816
120,123.0186245698571,3.0186245698570957
40,43.413761894745896,3.413761894745896
60,45.35576449959169,14.644235500408307
110,101.07944876956977,8.920551230430235
110,135.6195267359728,25.619526735972812
50,44.64489917467436,5.355100825325643
80,94.02848454185134,14.028484541851341
50,59.45346513344643,9.453465133446429
40,45.74128771044506,5.741287710445057
90,153.07870794841705,63.07870794841705
40,68.21145724293075,28.21145724293075
100,82.3968554766891,17.603144523310903
100,112.76165654255372,12.761656542553723
80,144.61735312572216,64.61735312572216
330,336.37490960923384,6.374909609233839
50,53.52342869486449,3.523428694864492
40,45.02993550865189,5.029935508651889
50,59.725444774874724,9.725444774874724
40,51.2706747608739,11.270674760873902
60,60.184072985287415,0.18407298528741478
50,47.294496356025306,2.7055036439746942
50,53.38172976282549,3.3817297628254934
130,119.99710680643138,10.002893193568624
40,45.460182510143696,5.460182510143696
40,45.93392059284976,5.933920592849759
390,126.92284538630584,263.0771546136942
120,91.29772195543828,28.702278044561723
50,43.13215686585407,6.867843134145929
50,65.1090987904482,15.1090987904482
50,59.796983289458716,9.796983289458716
110,214.62882497790312,104.62882497790312
50,66.00418238629098,16.004182386290978
50,56.77017398253998,6.77017398253998
90,93.07742134971856,3.0774213497185627
40,41.641453109095245,1.641453109095245
210,147.4450271686525,62.5549728313475
50,121.87316298570362,71.87316298570362
300,171.3541581950871,128.6458418049129
40,41.83641844793337,1.8364184479333687
80,89.2647253476881,9.264725347688099
120,143.23832239635237,23.238322396352373
110,122.39375007272018,12.39375007272018
100,101.77422097320803,1.7742209732080312
50,65.48950226629368,15.489502266293684
50,66.28253123163573,16.28253123163573
60,72.75110050122693,12.75110050122693
50,39.58179319234005,10.41820680765995
60,52.10445552156784,7.895544478432157
180,127.91218572212956,52.087814277870436
50,52.65210258565437,2.6521025856543687
100,160.3841603375158,60.384160337515794
30,129.09869212120273,99.09869212120273
90,95.13470058634904,5.134700586349041
280,269.50537813838787,10.494621861612131
130,123.60949007550218,6.39050992449782
80,93.6882149666466,13.688214966646598
50,62.68014425975664,12.680144259756638
20,58.63023901033832,38.63023901033832
50,45.22279877085627,4.777201229143728
40,48.36152692063893,8.36152692063893
50,51.62723076009368,1.6272307600936813
140,234.5947858775486,94.59478587754859
240,366.8897150544744,126.88971505447438
50,52.27251541036633,2.2725154103663314
90,107.00135042596594,17.00135042596594
320,232.86284069260955,87.13715930739045
400,241.42211222678728,158.57788777321272
230,230.7088840437196,0.7088840437195927
90,82.49819098703502,7.5018090129649835
80,128.90044380362733,48.900443803627326
40,42.83849420766861,2.83849420766861
40,45.20291987478948,5.20291987478948
70,64.447707262694,5.552292737306004
60,60.57386679292927,0.5738667929292731
40,46.75021883952083,6.7502188395208265
40,43.663843793390484,3.663843793390484
210,217.50737182110794,7.507371821107938
60,66.97963505363086,6.979635053630858
60,66.23255341133829,6.232553411338287
180,254.3186620212482,74.3186620212482
120,125.93002881392879,5.930028813928786
40,49.36015545535448,9.36015545535448
120,239.74712870337868,119.74712870337868
80,87.00802352630056,7.008023526300562
70,157.9918745806701,87.9918745806701
120,122.14559204326707,2.1455920432670723
50,54.85373398546797,4.853733985467969
50,81.25876815834934,31.25876815834934
20,44.20253783835395,24.202537838353948
100,88.48474722636696,11.515252773633037
40,53.75624903658579,13.756249036585793
60,82.05213712964937,22.052137129649367
50,38.60057892742254,11.39942107257746
30,35.57397746272727,5.573977462727271
70,96.57025451690073,26.570254516900732
70,79.86274217597564,9.86274217597564
440,147.046819635422,292.953180364578
60,55.08503764638252,4.914962353617483
50,42.40553347977197,7.594466520228032
90,139.1889713043988,49.18897130439879
60,57.511008776451995,2.4889912235480054
50,54.6957179581788,4.695717958178797
40,44.195924166383726,4.195924166383726
90,117.25160266179617,27.25160266179617
50,51.33742509609464,1.3374250960946412
180,105.95925040436931,74.04074959563069
90,117.11648799359305,27.116487993593054
90,124.09684567289226,34.09684567289226
60,55.45482519145057,4.545174808549433
130,128.5295328104789,1.470467189521088
370,370.10123327108624,0.1012332710862438
50,68.99191516209962,18.991915162099616
50,68.40478831436327,18.404788314363273
100,218.17026651993515,118.17026651993515
50,51.939118507181284,1.9391185071812842
70,181.85779782789817,111.85779782789817
50,53.73095193972571,3.7309519397257134
70,104.08319404361075,34.083194043610746
80,216.6034728059998,136.6034728059998
60,65.3946372842221,5.3946372842220995
90,104.58279726266677,14.582797262666773
60,57.195338279568695,2.804661720431305
90,103.2660363683933,13.266036368393301
50,54.96754633385471,4.967546333854713
30,37.78148819974101,7.781488199741013
110,93.32563201323569,16.67436798676431
60,59.41260517069763,0.5873948293023687
60,104.76330177001623,44.76330177001623
60,60.75891848593461,0.7589184859346076
50,116.93492772567156,66.93492772567156
90,124.33606742139615,34.33606742139615
50,62.78063951068187,12.780639510681873
80,58.384898026414476,21.615101973585524
80,79.34308759505286,0.6569124049471355
80,68.2937875111299,11.706212488870094
230,294.5157351778279,64.51573517782788
50,68.86814436594906,18.868144365949064
110,151.52569586373258,41.52569586373258
60,59.46624255107636,0.5337574489236374
310,187.3507829765128,122.64921702348721
140,119.2620371287508,20.737962871249195
300,192.64316197275403,107.35683802724597
70,74.70554703825518,4.705547038255176
50,50.512450115414545,0.5124501154145449
140,187.22185323743508,47.221853237435084
40,39.52418208578654,0.475817914213458
50,53.20283088599675,3.2028308859967467
50,52.21781742104103,2.2178174210410333
50,52.23891182880508,2.2389118288050796
50,45.02018696006923,4.979813039930768
60,62.19048879951298,2.190488799512977
50,60.57131574343316,10.57131574343316
50,42.812473185406226,7.187526814593774
80,84.41882701123589,4.418827011235891
50,49.80253287205452,0.1974671279454796
50,59.33634890832539,9.336348908325391
50,53.36262337837142,3.362623378371417
40,68.46871048265864,28.468710482658636
100,111.69318662919206,11.693186629192056
80,79.26495371995209,0.7350462800479107
400,183.6878454682752,216.3121545317248
50,43.948995902563496,6.051004097436504
70,70.67287158683784,0.672871586837843
110,108.81603411966836,1.183965880331641
280,143.17374662077566,136.82625337922434
50,51.99901503567096,1.9990150356709577
60,66.44156333349166,6.441563333491658
80,82.30252921824642,2.30252921824642
70,182.0621629705901,112.0621629705901
100,109.66446525971688,9.664465259716877
60,49.98283792322963,10.017162076770369
90,128.80126450183445,38.80126450183445
50,48.01484657343617,1.9851534265638335
60,71.42664383797855,11.426643837978546
110,100.20793226880838,9.792067731191622
50,48.34506928657292,1.6549307134270776
90,105.74204247126497,15.742042471264966
60,66.51997877169424,6.519978771694241
60,56.71116633982344,3.2888336601765573
60,158.32889918658705,98.32889918658705
50,126.52339454376504,76.52339454376504
40,43.42983055116494,3.4298305511649403
90,85.5113952020202,4.488604797979804
60,56.060133501200355,3.9398664987996455
420,348.0502104262338,71.94978957376622
40,58.742794549754834,18.742794549754834
90,101.81744514658814,11.817445146588142
70,154.48996617506273,84.48996617506273
50,52.17923780214802,2.179237802148023
100,146.31784782181214,46.31784782181214
220,254.08798940710713,34.08798940710713
110,114.15892379560856,4.158923795608558
110,110.10750085429476,0.10750085429475575
30,134.07486707408708,104.07486707408708
140,145.1677317847743,5.167731784774304
470,557.8679770679771,87.86797706797711
50,51.66616660713152,1.6661666071315224
620,426.45918911335593,193.54081088664407
40,48.988370464923605,8.988370464923605
120,127.56733086238668,7.567330862386683
30,40.44512362637362,10.445123626373622
30,77.79062354427195,47.79062354427195
90,95.92029523626,5.920295236260003
350,158.6325948077256,191.3674051922744
150,121.10304982656497,28.89695017343503
30,39.047901223450125,9.047901223450125
50,51.91350716168697,1.9135071616869723
50,77.87215007215008,27.872150072150077
70,89.40026383063658,19.400263830636575
50,88.0157206132583,38.015720613258296
60,98.71543878463434,38.715438784634344
110,116.40730092015323,6.407300920153233
70,62.157436188623315,7.842563811376685
90,95.49823053800787,5.498230538007874
30,49.49527020900107,19.49527020900107
40,50.13830461393742,10.138304613937422
50,60.18799808580915,10.187998085809149
80,107.3710606596466,27.371060659646602
80,73.38596267002546,6.614037329974536
40,67.45589061349014,27.45589061349014
100,113.49694637452919,13.496946374529188
40,45.662475233846195,5.6624752338461946
70,60.82590867227962,9.174091327720383
50,56.5698477047383,6.569847704738301
40,42.4107071028186,2.4107071028185985
70,63.831080179948984,6.168919820051016
290,303.8973379635685,13.897337963568475
250,208.58410753190162,41.41589246809838
390,169.5822215033867,220.4177784966133
30,41.26842041092354,11.26842041092354
70,89.2803555134727,19.2803555134727
60,65.35120853505035,5.351208535050347
120,163.7824699068644,43.78246990686441
50,44.44231549023332,5.5576845097666805
60,52.08655902222044,7.913440977779558
60,59.80729167228723,0.19270832771277213
60,76.6558916430164,16.655891643016403
70,169.7582285222759,99.75822852227591
230,162.51392926624882,67.48607073375118
160,197.57163855625188,37.571638556251884
90,188.54303798053795,98.54303798053795
90,100.39066676266582,10.390666762665816
50,78.5042642926383,28.504264292638297
330,119.30444927401392,210.6955507259861
80,53.59975263194425,26.40024736805575
400,257.84908849931736,142.15091150068264
60,55.375644289294804,4.624355710705196
100,87.80796703296704,12.192032967032958
80,82.98307065460865,2.983070654608653
40,43.16867680330919,3.1686768033091894
70,103.76473852309486,33.76473852309486
90,96.66829755740464,6.668297557404642
80,105.2640481640554,25.264048164055396
70,86.52604137043704,16.526041370437042
120,127.25081850769617,7.250818507696167
80,59.22875662028456,20.771243379715443
70,60.485649782208995,9.514350217791005
70,160.9406494519434,90.94064945194339
430,171.57153433015975,258.42846566984025
50,57.65633406206087,7.656334062060871
60,69.30470591102893,9.304705911028933
60,86.94904272056033,26.94904272056033
20,45.29076940198058,25.290769401980583
50,74.65742142864674,24.657421428646742
90,72.35115195064795,17.648848049352054
90,112.30261136712754,22.30261136712754
80,108.02356622027408,28.023566220274077
50,53.36138033840735,3.3613803384073506
180,242.36024015929056,62.360240159290555
50,42.060020549917304,7.939979450082696
50,43.720508906484206,6.279491093515794
50,55.481222473406206,5.481222473406206
650,323.03971262516086,326.96028737483914
90,96.99007097398281,6.99007097398281
90,140.89233869742904,50.89233869742904
20,36.81429201327464,16.81429201327464
50,46.018190714011176,3.981809285988824
80,116.25423652327005,36.25423652327005
30,54.30618227114516,24.30618227114516
60,55.5306935127622,4.469306487237802
210,102.77741326873598,107.22258673126402
60,50.02308206255874,9.976917937441257
30,34.30736249355316,4.307362493553157
60,71.12829774811925,11.128297748119252
70,67.78953341896174,2.2104665810382613
100,164.7746911600926,64.7746911600926
110,102.47229178733991,7.527708212660087
100,112.01571305937631,12.01571305937631
140,168.68824855699856,28.68824855699856
130,97.00495095556448,32.99504904443552
270,331.1299603174604,61.129960317460416
50,68.4930005556958,18.4930005556958
190,150.81549866981334,39.18450133018666
60,52.66071008576207,7.339289914237931
40,43.50472316759752,3.5047231675975183
110,127.79060713377915,17.790607133779147
60,60.12752760856822,0.1275276085682222
70,71.85165890219187,1.851658902191872
560,108.36380919202956,451.6361908079704
40,59.744251969061416,19.744251969061416
60,54.925268162841924,5.074731837158076
100,99.66450069664693,0.33549930335307465
110,122.88241087188284,12.88241087188284
70,78.48272826889472,8.482728268894718
50,70.43358211743093,20.43358211743093
90,69.55612680315843,20.443873196841565
50,49.42903445400306,0.5709655459969412
40,42.03601101101102,2.03601101101102
60,49.25670998992502,10.743290010074979
90,102.61666891337985,12.616668913379854
50,55.08275250662728,5.08275250662728
100,86.2258423035452,13.774157696454793
90,72.9090056239998,17.090994376000197
60,58.39943433516862,1.6005656648313789
80,98.88865496604531,18.88865496604531
60,57.75885947041363,2.2411405295863673
40,48.64628754581587,8.646287545815873
60,49.98806224454424,10.011937755455762
60,72.5580253167804,12.558025316780402
30,45.15254819553991,15.152548195539907
40,45.74195013259159,5.74195013259159
60,65.66510465297229,5.665104652972289
60,91.209965514397,31.209965514397
110,132.08706650987207,22.087066509872074
50,117.67218365062541,67.67218365062541
20,31.416093826904838,11.416093826904838
60,57.192245273382575,2.807754726617425
70,69.15326598388037,0.8467340161196262
60,54.174028320111375,5.8259716798886245
80,113.00869535476762,33.008695354767625
50,42.96116101774131,7.038838982258689
20,44.3581200791444,24.3581200791444
70,194.82663115351508,124.82663115351508
60,64.24367419737203,4.24367419737203
120,68.426855864916,51.57314413508399
140,147.3281676192958,7.328167619295812
40,87.72228646634609,47.72228646634609
80,86.04344228548969,6.043442285489689
100,101.84031312279177,1.8403131227917697
20,38.54874381300214,18.54874381300214
50,48.0641725760202,1.9358274239798021
50,54.14950888193313,4.14950888193313
40,49.558395283785664,9.558395283785664
110,103.67099009082708,6.329009909172925
50,43.23791375231034,6.762086247689659
40,52.012155637449105,12.012155637449105
50,60.001455049359265,10.001455049359265
90,175.38397603213784,85.38397603213784
60,53.670390811800104,6.329609188199896
60,57.697982374775755,2.302017625224245
240,156.86779175502164,83.13220824497836
120,128.65069337770956,8.650693377709558
70,51.855712663211754,18.144287336788246
50,47.39473078458023,2.605269215419767
110,111.33582257587126,1.335822575871262
70,71.74453160345273,1.744531603452728
40,51.954022837357996,11.954022837357996
40,51.723251149603016,11.723251149603016
90,184.69188479623608,94.69188479623608
50,42.28942149037824,7.710578509621762
30,42.427350250551555,12.427350250551555
40,60.35410175605815,20.35410175605815
50,44.568423991434166,5.431576008565834
50,73.5635253534868,23.563525353486796
90,98.34328025196899,8.343280251968991
60,89.67189452339461,29.671894523394613
400,132.59941661180997,267.40058338819006
70,70.16405312334221,0.16405312334221378
90,97.211538799537,7.211538799536996
30,35.20012917315361,5.200129173153613
50,54.12768806474593,4.127688064745932
70,86.95640707549651,16.956407075496514
70,57.98501232563733,12.014987674362672
410,196.22561635430915,213.77438364569085
110,143.11262482688787,33.11262482688787
30,56.04954251598337,26.04954251598337
80,96.95396237538776,16.95396237538776
140,162.06855366855365,22.068553668553648
120,103.03458807167276,16.965411928327242
40,58.91872408829497,18.918724088294972
140,194.6707791354524,54.67077913545239
70,85.6353992642533,15.635399264253294
70,54.720940358316376,15.279059641683624
420,223.7463370371459,196.2536629628541
120,185.528888087171,65.528888087171
270,208.66088497312057,61.339115026879426
90,88.0080509033858,1.9919490966142064
40,48.011524174127764,8.011524174127764
50,48.283709798940066,1.716290201059934
100,146.02367634895052,46.02367634895052
60,53.05407119799838,6.945928802001617
90,98.95457351290682,8.95457351290682
40,56.65195945953928,16.651959459539277
50,52.04490497266703,2.0449049726670268
60,71.93584310585781,11.935843105857813
110,116.21928218960721,6.219282189607213
50,46.17721028795222,3.822789712047779
50,50.914233229949495,0.9142332299494953
50,49.81901233133373,0.18098766866626903
50,50.91765079886462,0.9176507988646208
30,54.44253504202156,24.44253504202156
30,56.575593001445746,26.575593001445746
50,61.7741883116883,11.774188311688299
20,51.93910543581596,31.93910543581596
40,58.16286900342043,18.162869003420433
50,84.60785787861909,34.607857878619086
260,238.9413008162475,21.05869918375251
50,54.21000112432,4.2100011243200015
190,293.5950729687642,103.59507296876421
50,58.74211924089747,8.742119240897473
50,52.02748366602535,2.027483666025347
50,55.32441302461259,5.324413024612589
50,51.06606255393824,1.066062553938238
80,104.40653138067913,24.406531380679127
90,102.22159349359411,12.221593493594114
50,55.96610497785697,5.966104977856972
60,56.66606897703,3.333931022969999
70,65.42988934552385,4.570110654476153
260,219.12827784685243,40.87172215314757
50,53.502277232633055,3.5022772326330553
260,124.5988103754728,135.4011896245272
270,204.69834198616098,65.30165801383902
50,42.28692452071672,7.713075479283283
60,53.52405705390295,6.4759429460970495
50,53.053273914016856,3.053273914016856
20,44.36594191979692,24.365941919796917
120,105.23910578413754,14.760894215862464
50,54.16301515692416,4.1630151569241605
40,43.83565468362843,3.8356546836284267
70,85.37575944719423,15.375759447194227
120,106.52507983202507,13.474920167974929
50,98.57814521593365,48.578145215933645
110,112.77008506434949,2.7700850643494874
60,118.21206728762046,58.21206728762046
70,88.69052716919973,18.690527169199726
60,46.5332535276758,13.466746472324203
50,48.92114449248253,1.078855507517467
120,115.38145332427119,4.618546675728808
130,122.71203353418873,7.287966465811266
70,119.20364972996795,49.20364972996795
250,172.4241324783508,77.5758675216492
20,45.5269381155606,25.526938115560597
50,52.8563899119765,2.8563899119764997
40,42.31109084413328,2.3110908441332825
370,302.3339086061293,67.66609139387072
50,47.36012769540128,2.6398723045987182
50,88.80513052808395,38.80513052808395
90,104.95704398891725,14.957043988917249
30,52.57907676325944,22.579076763259437
50,45.148460408121956,4.851539591878044
240,200.25961229325833,39.74038770674167
240,144.88283622541456,95.11716377458544
130,125.31428624752104,4.685713752478961
150,156.53685966810966,6.536859668109656
40,44.69361753785889,4.693617537858891
120,144.29196251403755,24.29196251403755
270,210.46237449230003,59.53762550769997
50,45.127576514915106,4.872423485084894
80,92.19251647115048,12.192516471150483
50,50.795915295592415,0.7959152955924154
50,56.93683301950516,6.936833019505158
570,238.6443327818115,331.3556672181885
100,110.56081021497788,10.560810214977877
60,59.25960090953874,0.7403990904612598
60,51.9406124910619,8.059387508938102
50,56.46310313271302,6.463103132713023
60,53.933008764309164,6.0669912356908355
60,53.27150580107113,6.728494198928871
390,308.3251408313908,81.6748591686092
490,142.45783444583503,347.54216555416497
290,150.61180504086175,139.38819495913825
60,57.150316340608924,2.8496836593910757
440,176.96791562641084,263.03208437358916
40,52.72973404473994,12.729734044739942
190,164.42507374161787,25.574926258382135
110,122.85072866648267,12.850728666482667
120,124.21977945002708,4.219779450027076
360,143.5488595496427,216.4511404503573
60,53.850485339951064,6.149514660048936
50,66.9996545714882,16.999654571488193
110,105.17712138148197,4.822878618518033
80,86.11016153033029,6.110161530330288
70,92.05175901525575,22.051759015255755
140,140.48069070937487,0.48069070937486913
50,60.72729741019216,10.727297410192158
40,40.57220018578208,0.57220018578208
70,76.15943838999071,6.1594383899907115
40,37.340358571383675,2.6596414286163252
80,165.53183586744532,85.53183586744532
50,49.40386474087343,0.5961352591265694
20,66.54661572189586,46.54661572189586
50,51.85729614225384,1.857296142253837
50,72.18281897794616,22.182818977946155
120,111.63540336308569,8.364596636914314
50,55.8226913957428,5.822691395742801
40,44.0598654310602,4.059865431060203
70,64.76650810164409,5.233491898355908
50,58.55495630912297,8.554956309122971
50,43.99455363597852,6.005446364021481
60,79.63457682953393,19.634576829533927
70,69.17060052393018,0.829399476069824
70,69.8051320103778,0.1948679896221961
50,43.64353023542983,6.356469764570171
270,227.4755828665464,42.524417133453596
90,124.76057203004598,34.76057203004598
170,138.46626182905064,31.533738170949363
100,119.59095076570019,19.590950765700185
50,49.26408162756105,0.7359183724389524
30,34.448714743670884,4.448714743670884
60,51.502527719591995,8.497472280408005
120,209.67733214497918,89.67733214497918
40,44.43587063364861,4.435870633648612
40,46.798581657458776,6.798581657458776
60,53.04578443605147,6.95421556394853
60,67.44669598231611,7.446695982316115
260,111.00344421983694,148.99655578016308
60,57.42646103896103,2.5735389610389703
60,60.62564927344273,0.6256492734427326
30,48.3023410635426,18.3023410635426
130,135.51465794486492,5.514657944864922
40,47.63718164551497,7.637181645514971
20,32.2451825951826,12.245182595182598
70,68.76594549327822,1.234054506721776
500,157.2191773340291,342.7808226659709
130,187.0537421837497,57.053742183749705
60,51.81357959373208,8.18642040626792
50,45.555826700528655,4.444173299471345
110,148.30664965675123,38.30664965675123
80,97.9845296922146,17.984529692214593
130,124.67682586041991,5.32317413958009
110,106.49453903093257,3.5054609690674283
50,55.39687352130772,5.396873521307718
60,64.71271721435468,4.712717214354683
90,192.8713259256406,102.8713259256406
50,46.083231532734594,3.916768467265406
40,42.61297463971678,2.612974639716782
40,47.672697883386476,7.672697883386476
40,44.51757321906736,4.5175732190673585
50,54.03385074323897,4.033850743238972
70,69.7707654066312,0.22923459336880114
70,60.166450205783455,9.833549794216545
590,357.0597222222223,232.94027777777768
50,47.405538200833455,2.5944617991665453
70,57.088327725417976,12.911672274582024
40,43.60468089956035,3.60468089956035
160,153.73140477098178,6.268595229018217
60,59.14665299086789,0.8533470091321078
180,214.62095185399227,34.62095185399227
50,66.77370465182466,16.77370465182466
70,102.9785169058451,32.9785169058451
50,82.38414694371657,32.38414694371657
70,45.776979812959006,24.223020187040994
50,43.12117374706697,6.878826252933031
70,228.37314068601063,158.37314068601063
120,243.7217124560262,123.72171245602621
120,102.72961742817834,17.270382571821656
220,206.199902900227,13.800097099773012
420,182.2280933931023,237.7719066068977
110,161.9320312765463,51.9320312765463
60,156.95366339010346,96.95366339010346
60,57.03770559550643,2.9622944044935693
40,90.29786601130144,50.29786601130144
50,52.87562990474412,2.875629904744123
30,46.54264491426432,16.542644914264322
50,79.88757349011827,29.88757349011827
140,141.11946128800255,1.1194612880025545
40,49.32191658421911,9.32191658421911
30,61.819835277926025,31.819835277926025
80,173.45910068140495,93.45910068140495
50,51.4919738252471,1.4919738252471006
110,98.71684738348355,11.283152616516446
100,104.12323232323232,4.123232323232315
120,56.87819853403963,63.12180146596037
80,85.60812558563781,5.608125585637808
40,54.903456430235984,14.903456430235984
30,56.2404657571842,26.240465757184197
50,44.383591202474804,5.616408797525196
60,48.855954967223774,11.144045032776226
100,163.2031850828813,63.203185082881305
50,59.51693675912049,9.51693675912049
80,58.374863785419784,21.625136214580216
80,76.10094855028491,3.8990514497150883
190,212.4238230358793,22.42382303587931
70,90.16063463765951,20.160634637659513
80,158.08484903523018,78.08484903523018
70,73.40054518041057,3.4005451804105746
60,60.83341344113405,0.8334134411340486
230,229.1136608766543,0.8863391233456923
60,62.30827429393362,2.3082742939336214
740,259.5170535241558,480.4829464758442
50,42.961223551275154,7.038776448724846
80,83.39264419692351,3.392644196923513
40,63.6473717497909,23.6473717497909
50,54.11015469668042,4.110154696680418
90,150.12394179894176,60.12394179894176
120,119.5035383099345,0.49646169006550167
40,49.823590395223164,9.823590395223164
90,116.0151161938559,26.015116193855903
40,45.071193690250695,5.071193690250695
50,51.78195768902107,1.7819576890210698
50,47.341963059232604,2.6580369407673956
30,48.81624575111782,18.81624575111782
70,62.70361346389572,7.296386536104279
40,37.23643606569303,2.7635639343069727
40,52.80174105744538,12.801741057445383
50,68.34801097087664,18.348010970876643
50,41.74137998448559,8.25862001551441
60,57.685597914630186,2.3144020853698137
50,56.271477619460214,6.271477619460214
130,129.89649721053016,0.10350278946984304
60,52.743094179951775,7.256905820048225
50,63.64354507078932,13.643545070789322
60,41.241716800874194,18.758283199125806
50,62.833756454255166,12.833756454255166
120,105.66830127932978,14.331698720670218
50,42.85499125918865,7.145008740811349
30,30.421755996411566,0.4217559964115658
60,124.90994670321057,64.90994670321057
60,74.95775626537561,14.957756265375608
270,252.6133360756349,17.38666392436511
50,57.37982919215186,7.37982919215186
50,52.75097078195179,2.750970781951793
190,135.32270396585574,54.67729603414426
100,86.73034189873701,13.26965810126299
50,56.641213877442404,6.641213877442404
60,48.50921846199365,11.490781538006352
40,45.03455228265701,5.03455228265701
40,92.2859061645866,52.285906164586606
90,116.19091853294746,26.190918532947464
110,89.12879755579915,20.871202444200847
110,97.44040508823497,12.559594911765032
100,85.02073237801703,14.97926762198297
50,55.59495349972318,5.594953499723182
80,179.1802084234885,99.1802084234885
100,101.9885729684152,1.9885729684151983
130,86.39173171753932,43.608268282460685
70,77.72138018370464,7.721380183704639
30,50.28269909863276,20.28269909863276
30,35.52012537924785,5.520125379247851
20,57.539190823290355,37.539190823290355
50,61.599544600350285,11.599544600350285
50,50.15887650282716,0.15887650282716237
40,45.229414421175115,5.229414421175115
70,66.78083989883304,3.2191601011669633
410,326.6706619769119,83.3293380230881
60,63.898522431400266,3.8985224314002664
50,68.61305785301855,18.613057853018546
50,58.92069919176515,8.920699191765152
50,57.06338550599206,7.063385505992059
160,122.36662640885723,37.63337359114277
50,69.2046008007433,19.204600800743293
430,401.52222222222224,28.47777777777776
50,53.15650573019732,3.156505730197317
100,215.9018424036281,115.90184240362811
60,57.037524586171095,2.962475413828905
50,43.94948853351066,6.05051146648934
200,223.8541103321921,23.854110332192107
50,52.00131249855742,2.001312498557418
70,77.8295277434304,7.829527743430404
100,101.61031458422806,1.610314584228064
50,67.79798439192177,17.797984391921773
110,294.52836327146446,184.52836327146446
50,46.935799993346556,3.0642000066534436
50,45.443671313411116,4.556328686588884
100,122.34254285119496,22.342542851194963
40,57.087722444745516,17.087722444745516
50,52.90624916960405,2.9062491696040524
230,367.9756475764583,137.9756475764583
110,119.28789878085726,9.287898780857262
90,102.60872637488367,12.608726374883673
120,224.11393440827013,104.11393440827013
50,60.89464599286805,10.89464599286805
50,63.24464975845411,13.24464975845411
80,204.52755022749866,124.52755022749866
50,53.25988296718784,3.259882967187842
60,58.982374280775666,1.017625719224334
60,58.72938831395743,1.270611686042571
60,52.2963670147382,7.703632985261798
40,61.81838051695367,21.818380516953667
90,126.69627851743772,36.69627851743772
50,57.49976131358843,7.499761313588429
90,106.93794591557862,16.937945915578624
40,43.43942483236967,3.4394248323696672
190,180.79072159695798,9.20927840304202
100,111.5489610539743,11.548961053974296
90,90.29471797269454,0.29471797269454214
70,67.06981593511226,2.93018406488774
40,41.15332261440081,1.1533226144008069
40,43.82975484243377,3.829754842433772
50,64.95691223728821,14.956912237288208
40,41.594922004848506,1.594922004848506
70,71.87556438320374,1.8755643832037379
50,43.882535970636134,6.117464029363866
60,52.191134949973375,7.8088650500266255
280,369.59180827886706,89.59180827886706
50,72.45096420422642,22.450964204226423
140,436.8700319657264,296.8700319657264
60,56.857869940913325,3.142130059086675
50,52.84510224893803,2.8451022489380335
80,67.57946347044386,12.420536529556145
50,63.58079910524077,13.580799105240771
40,58.08637566137566,18.086375661375662
120,171.5769845894846,51.576984589484596
40,41.94073716316363,1.9407371631636323
30,39.12225307587868,9.122253075878682
40,53.81329063602595,13.813290636025947
50,47.761166804637796,2.2388331953622043
310,121.76457740251901,188.23542259748098
60,76.61025190396496,16.610251903964965
50,43.01031817543513,6.989681824564869
80,115.4836871817108,35.483687181710806
80,75.44722222222222,4.552777777777777
60,75.1509686554752,15.150968655475197
370,272.6663426189638,97.33365738103618
90,96.60674149618812,6.606741496188121
30,33.21327921849743,3.2132792184974335
120,129.1875246737606,9.187524673760606
50,65.28961826362367,15.289618263623666
60,52.00358766673258,7.996412333267422
50,59.03932461895594,9.039324618955938
50,53.99739821638267,3.9973982163826705
120,117.07407279585877,2.9259272041412316
50,61.94537814007496,11.945378140074958
110,104.85558715711876,5.144412842881238
120,101.2115304809408,18.788469519059205
100,199.90367606774663,99.90367606774663
20,29.703042932654963,9.703042932654963
70,91.4231845726926,21.423184572692605
60,53.10850209063241,6.891497909367587
20,37.75190054273367,17.751900542733672
50,43.441246977734636,6.558753022265364
310,91.53776455026458,218.46223544973543
70,79.17303147165913,9.17303147165913
50,54.197350591526394,4.197350591526394
70,61.49935346346192,8.500646536538078
50,47.083506540536284,2.916493459463716
50,56.714374852664385,6.714374852664385
120,118.02976791726789,1.9702320827321103
70,65.34772643116992,4.652273568830083
100,117.60759361585245,17.60759361585245
40,60.15386095256075,20.15386095256075
50,68.42647379030478,18.426473790304783
50,49.47909289019038,0.5209071098096203
40,68.85974098371379,28.85974098371379
40,43.155162705761136,3.1551627057611356
40,50.21728246096,10.21728246096
90,122.56352601986254,32.563526019862536
70,146.755565462579,76.755565462579
60,60.335237424157455,0.33523742415745517
70,85.99538268714043,15.995382687140435
60,53.25059395795442,6.749406042045578
50,44.825153901897764,5.174846098102236
60,67.86031904322003,7.860319043220031
40,57.32905157926027,17.329051579260273
60,53.90164168166786,6.098358318332139
160,214.96253200204816,54.962532002048164
50,52.61645602093329,2.616456020933292
310,196.8823927190253,113.11760728097471
50,65.64422005515763,15.644220055157632
80,122.20441924200979,42.20441924200979
150,195.86620530970984,45.86620530970984
750,368.6965516144934,381.3034483855066
50,40.97152392831147,9.02847607168853
40,46.266788274298825,6.2667882742988255
390,143.45316358024692,246.54683641975308
60,53.154899147347805,6.845100852652195
160,82.83033046381429,77.16966953618571
100,165.47021505119628,65.47021505119628
60,53.65898210537272,6.341017894627278
50,51.51634453384976,1.516344533849761
50,69.71204642898631,19.712046428986312
50,54.00938048334147,4.009380483341467
110,124.69280497211513,14.692804972115127
50,51.797787761292405,1.7977877612924047
110,97.79168331668326,12.208316683316738
40,61.39777744017653,21.397777440176533
50,46.120985076603986,3.8790149233960136
50,52.08722383089348,2.0872238308934783
40,41.90381497090588,1.9038149709058771
40,44.94075169828819,4.940751698288189
60,59.50548181617058,0.49451818382942037
50,55.298915052896504,5.298915052896504
50,55.28873733858308,5.288737338583083
50,55.69905406225132,5.699054062251321
50,54.93628043320164,4.936280433201638
40,54.167707150918204,14.167707150918204
70,53.255563751031524,16.744436248968476
70,134.6875378338933,64.68753783389329
60,45.68855203452252,14.311447965477477
40,36.07484504361357,3.9251549563864288
60,80.29982087844635,20.299820878446354
70,79.58336060011689,9.58336060011689
130,152.12773675655333,22.127736756553332
90,85.63646000226345,4.363539997736552
20,53.14837212838893,33.14837212838893
60,191.48550109451315,131.48550109451315
80,72.43605744532027,7.563942554679727
70,108.77177555082373,38.77177555082373
90,112.49946820524858,22.499468205248576
80,129.40296013970035,49.402960139700355
40,40.83022310147218,0.8302231014721784
70,54.476175604840215,15.523824395159785
50,51.913008423432416,1.9130084234324158
110,118.19357973395414,8.193579733954138
50,65.47102939357973,15.471029393579727
30,52.07582247235586,22.07582247235586
60,65.88556356563359,5.885563565633589
200,86.68516968275686,113.31483031724314
80,85.11578530108198,5.115785301081985
90,108.71212900790883,18.71212900790883
30,38.07602024847543,8.07602024847543
110,102.26244095022774,7.737559049772258
90,115.66030129448427,25.66030129448427
50,54.177432407584895,4.177432407584895
70,87.75051348551617,17.750513485516166
270,252.92102150387456,17.078978496125444
70,187.96596938313104,117.96596938313104
20,44.64362445167227,24.643624451672267
230,245.31589617700263,15.315896177002628
60,84.48574909290163,24.485749092901628
50,53.53032773820093,3.5303277382009313
80,77.52773884881071,2.4722611511892865
70,104.5889677913141,34.588967791314104
80,57.813783370792756,22.186216629207244
50,104.24907455607273,54.24907455607273
270,240.28089244309075,29.71910755690925
70,63.43673786896179,6.563262131038208
50,55.41285973862689,5.412859738626892
60,68.3224019859417,8.322401985941696
60,58.14705715459421,1.8529428454057921
50,63.039334850246185,13.039334850246185
60,54.15937171556032,5.840628284439681
60,55.60420674208276,4.395793257917241
70,71.7604251796901,1.7604251796901025
60,53.74876429756075,6.251235702439253
50,75.08846156898795,25.088461568987952
20,34.89020112098361,14.890201120983612
100,89.75739596052094,10.242604039479062
690,340.99682507383375,349.00317492616625
120,175.73267213451044,55.73267213451044
130,121.62752106410186,8.372478935898144
50,45.54743130417377,4.45256869582623
50,52.77171143954504,2.7717114395450366
300,128.12107042657723,171.87892957342277
100,147.4730504452715,47.4730504452715
100,157.18522739391875,57.18522739391875
260,244.1039182171469,15.896081782853088
70,60.68490148539638,9.31509851460362
70,74.174924817191,4.174924817190998
60,56.90276274470401,3.097237255295987
50,47.03332723275328,2.9666727672467204
60,69.72137273614841,9.72137273614841
110,122.15694119014678,12.156941190146782
70,114.5499955865948,44.549995586594804
120,124.04004563105777,4.040045631057765
50,63.86049524626574,13.860495246265742
210,160.06437264346468,49.93562735653532
130,129.80265401326673,0.19734598673326786
50,65.31818118211635,15.318181182116348
80,162.8903777939819,82.89037779398191
50,54.58316276221714,4.5831627622171425
120,143.55144300144295,23.551443001442948
50,57.63988773434802,7.639887734348022
70,67.42936547902585,2.570634520974153
60,78.14584134077411,18.145841340774112
50,50.832380849049734,0.8323808490497342
140,101.45655437889613,38.54344562110387
50,58.53986871174205,8.539868711742052
90,110.02043896886168,20.020438968861683
20,33.76591805389599,13.765918053895987
60,59.56776639038636,0.43223360961363966
560,204.89644014355343,355.10355985644657
50,56.00978208397718,6.0097820839771785
50,47.92664635665815,2.0733536433418465
60,56.36551887861505,3.634481121384951
40,39.16981491752188,0.830185082478117
60,62.07612829151283,2.0761282915128305
50,59.75983975399478,9.759839753994783
40,46.558000229114874,6.5580002291148745
60,51.8038409656357,8.1961590343643
50,47.80453573442507,2.195464265574927
70,68.50958930942716,1.490410690572844
60,57.1418995450631,2.8581004549369027
120,126.08168054783495,6.081680547834949
330,167.36051968984503,162.63948031015497
60,63.77798747947453,3.7779874794745325
40,42.13513597812767,2.1351359781276713
60,55.57097568751686,4.429024312483143
210,157.43701487126592,52.562985128734084
60,54.57086829500624,5.4291317049937575
120,220.8939921296713,100.89399212967129
60,42.58966912850568,17.410330871494317
110,124.22953635170148,14.229536351701483
300,302.6108353489093,2.6108353489092906
20,37.08249955142849,17.08249955142849
50,81.419865782251,31.419865782250994
60,68.78443540194726,8.784435401947263
110,101.02360998313023,8.976390016869772
120,204.21119537760987,84.21119537760987
50,56.36254736959013,6.362547369590132
90,131.92238278174156,41.92238278174156
50,53.10874126562617,3.108741265626172
50,50.71425425125726,0.7142542512572589
60,82.30340463555714,22.303404635557143
30,38.12030938255909,8.120309382559093
70,80.35812384782972,10.358123847829717
120,124.85008583115588,4.85008583115588
120,183.66006474214757,63.66006474214757
280,299.90296032614145,19.902960326141454
80,154.05104898449446,74.05104898449446
60,54.191305313326474,5.808694686673526
50,47.22735158025593,2.7726484197440726
170,105.37766027651098,64.62233972348902
140,123.57163781829959,16.428362181700408
30,45.45463433296358,15.454634332963579
70,60.428150753867236,9.571849246132764
50,94.56365926569258,44.56365926569258
340,315.12330814146145,24.87669185853855
60,61.38519214432667,1.3851921443266733
190,180.9677545737966,9.032245426203389
70,65.48150557859294,4.5184944214070555
150,135.38793232256913,14.612067677430872
60,79.4448079948449,19.444807994844894
60,55.82101298673073,4.178987013269271
110,94.14718302463449,15.852816975365513
70,70.57399410594489,0.573994105944891
50,54.41388426711368,4.41388426711368
100,93.76026846865918,6.239731531340823
210,170.22940779649954,39.770592203500456
100,121.86570894816445,21.865708948164453
60,53.40880845450878,6.59119154549122
30,59.12750916689403,29.12750916689403
60,48.557080421715575,11.442919578284425
90,95.47879890954833,5.478798909548331
80,121.31841735695728,41.31841735695728
50,56.70505466159908,6.705054661599078
60,53.03452794810731,6.965472051892689
50,104.68057162636069,54.68057162636069
20,40.257359400049495,20.257359400049495
100,115.88890171224502,15.888901712245016
100,135.1568751375495,35.15687513754949
20,38.22157466118229,18.221574661182288
60,66.33002718502252,6.330027185022516
50,59.59185793832048,9.59185793832048
370,71.56111942665285,298.43888057334715
110,119.16384072085748,9.163840720857479
50,62.822047755883986,12.822047755883986
90,94.34080594663119,4.340805946631193
40,40.06584611376278,0.06584611376278104
430,96.8284150936246,333.1715849063754
60,50.34535865528073,9.654641344719273
50,56.227516824214334,6.227516824214334
60,53.96247856248726,6.037521437512737
60,53.076097716272784,6.923902283727216
40,102.06240251115719,62.06240251115719
60,225.4785601257806,165.4785601257806
50,65.50068645519227,15.500686455192266
50,44.173675974548544,5.826324025451456
20,44.325084865089316,24.325084865089316
50,51.96622709257353,1.9662270925735328
90,90.21242180447508,0.21242180447508474
60,62.70873186646724,2.7087318664672395
90,82.95195392441407,7.04804607558593
40,48.434453564886844,8.434453564886844
50,55.45309202806492,5.453092028064923
80,103.9089314308507,23.9089314308507
50,36.180552673234345,13.819447326765655
40,45.72652208382988,5.726522083829877
70,78.44642866321766,8.44642866321766
50,57.58231875362601,7.582318753626012
50,54.84655143748558,4.84655143748558
50,62.73450481944464,12.734504819444638
70,99.09492234960075,29.09492234960075
60,57.565621445927476,2.4343785540725236
50,53.507235513717994,3.507235513717994
50,53.574189183166226,3.574189183166226
60,75.11301338763028,15.113013387630275
100,159.3786520159068,59.378652015906795
50,47.35748678115778,2.6425132188422182
60,44.72284304480925,15.277156955190748
50,52.87997181779094,2.8799718177909384
50,70.63878384629147,20.638783846291474
50,51.464993239764844,1.4649932397648442
110,91.54156495730516,18.458435042694845
50,41.70016758040467,8.299832419595333
100,79.14135416759247,20.858645832407532
90,99.88016973524562,9.880169735245616
100,90.60293525698518,9.397064743014823
50,109.8294027060156,59.8294027060156
50,47.08467200676148,2.9153279932385203
50,70.99431654932786,20.994316549327863
360,193.77700556718418,166.22299443281582
50,61.85655469069089,11.856554690690892
50,54.10577278188431,4.105772781884312
290,295.0061159147366,5.006115914736597
90,88.46600676566212,1.5339932343378848
50,56.83418779815703,6.834187798157032
50,44.86351848524521,5.1364815147547915
50,82.47006445430002,32.470064454300015
80,74.39327109791346,5.6067289020865445
90,156.3258353253919,66.32583532539189
60,84.29842735905284,24.298427359052837
50,47.28951667330635,2.710483326693648
60,50.79295828973314,9.207041710266857
140,107.83556123948195,32.16443876051805
280,298.9931880268698,18.993188026869802
50,53.793652659069295,3.793652659069295
70,84.02720255368213,14.02720255368213
240,239.74405237820005,0.25594762179994746
60,50.39175489793349,9.608245102066512
20,38.62463611823594,18.62463611823594
20,43.331058383751525,23.331058383751525
60,55.69127089949697,4.3087291005030295
80,78.12238819974004,1.877611800259956
100,94.99819154348555,5.001808456514453
50,47.111547052398706,2.8884529476012943
130,152.84686786203804,22.84686786203804
50,67.43625277955583,17.43625277955583
580,312.15098732969676,267.84901267030324
20,41.335976639823045,21.335976639823045
90,149.52549787027888,59.52549787027888
100,107.38272861912218,7.382728619122176
90,87.27686077683252,2.723139223167479
50,56.594466216402914,6.594466216402914
50,84.37962217701342,34.37962217701342
40,44.60465665097244,4.604656650972437
50,49.82933716149458,0.17066283850542163
600,244.95008691419835,355.0499130858017
50,50.399826993509045,0.3998269935090448
30,38.299962001847874,8.299962001847874
30,31.5215100764626,1.5215100764626008
50,75.06132104709647,25.06132104709647
170,329.713586790917,159.71358679091702
220,205.63385714216966,14.36614285783034
60,48.545259270896885,11.454740729103115
110,127.8278791434893,17.827879143489298
80,94.19772079772079,14.197720797720791
50,49.09161125496929,0.9083887450307131
60,256.8524721687765,196.8524721687765
60,47.50530529891161,12.494694701088392
50,68.01367838930206,18.013678389302058
580,313.56485059655796,266.43514940344204
380,378.94930165320795,1.0506983467920463
60,56.64728998342476,3.3527100165752373
70,79.76316142749907,9.763161427499071
70,103.36884656190485,33.368846561904846
20,40.572315111795334,20.572315111795334
590,543.6613053613054,46.33869463869462
60,71.34896331703253,11.348963317032528
70,155.28426671348308,85.28426671348308
60,80.91841406271847,20.91841406271847
30,129.67394464645523,99.67394464645523
40,62.573733058208866,22.573733058208866
50,51.56433477847984,1.5643347784798394
350,264.70445731400326,85.29554268599674
110,145.14567950067794,35.14567950067794
50,45.470120881444025,4.529879118555975
230,147.78642597429297,82.21357402570703
300,315.90439298331444,15.904392983314438
50,47.396097883597896,2.6039021164021037
100,106.10003260319986,6.100032603199864
100,120.66393146173134,20.663931461731337
40,38.98390857453922,1.016091425460779
60,50.77929765158538,9.220702348414619
90,70.83340027891637,19.166599721083628
210,185.5408210872999,24.45917891270011
140,140.00625266558848,0.006252665588476702
120,148.54211554150277,28.542115541502767
60,47.94311810281514,12.056881897184859
70,69.15729255129003,0.842707448709973
50,78.92789447285396,28.927894472853964
50,64.7768618271095,14.7768618271095
50,67.27884837309179,17.27884837309179
230,236.83285716792543,6.832857167925425
60,92.11996758789017,32.11996758789017
80,81.09978799149104,1.0997879914910413
130,92.69334757220376,37.30665242779624
70,84.07522937412048,14.075229374120482
50,53.14612536525812,3.146125365258122
100,102.9129588583946,2.912958858394603
370,247.11838624338623,122.88161375661377
240,386.2268458393458,146.2268458393458
50,59.346645505485036,9.346645505485036
90,88.37078638050916,1.6292136194908409
80,120.15487842306464,40.154878423064645
40,40.56380885652814,0.5638088565281407
30,45.97710653337848,15.977106533378482
50,62.90348826105136,12.903488261051358
70,96.32647175785372,26.326471757853724
50,58.85818553228109,8.858185532281091
80,96.28526742976668,16.285267429766677
80,84.20084491059625,4.2008449105962455
30,73.44524853635707,43.44524853635707
30,51.97890090063934,21.97890090063934
50,59.42927119768728,9.429271197687278
50,71.93444638769564,21.934446387695644
60,57.714467613375305,2.285532386624695
100,142.69420370540658,42.69420370540658
100,116.7824702106911,16.782470210691102
70,92.81668848228445,22.816688482284448
440,337.58765431968305,102.41234568031695
50,73.73219861224744,23.732198612247444
30,42.77704882611472,12.777048826114722
50,77.37435674712587,27.374356747125873
150,151.8192208514994,1.8192208514994093
80,70.12715642456276,9.872843575437244
320,185.9086047563913,134.0913952436087
60,78.96921228290793,18.969212282907932
70,79.47747911810413,9.477479118104128
50,53.25489024649322,3.2548902464932183
300,393.4524981962481,93.45249819624809
80,120.64688088116829,40.646880881168286
50,59.49954028838435,9.499540288384352
30,45.03290459613845,15.03290459613845
80,89.32789783395475,9.32789783395475
70,157.76989583203144,87.76989583203144
90,102.22035842646973,12.22035842646973
110,158.17835149634527,48.17835149634527
200,302.36909312685873,102.36909312685873
80,80.10095791272362,0.1009579127236151
50,53.83506254448066,3.8350625444806568
110,106.17363710213937,3.8263628978606334
60,43.40251144774154,16.59748855225846
50,46.919341810415595,3.0806581895844047
40,60.60014456001123,20.60014456001123
70,61.93532017289071,8.064679827109288
40,34.264284276742245,5.735715723257755
70,94.56221311363238,24.56221311363238
20,64.31533069823205,44.315330698232046
470,335.5323462652453,134.46765373475472
60,189.82327759059822,129.82327759059822
40,39.39825776755924,0.6017422324407633
50,53.3421851188822,3.342185118882199
40,74.56317080518723,34.56317080518723
50,45.962662668873854,4.037337331126146
20,51.740626840164964,31.740626840164964
100,119.75929696659827,19.75929696659827
20,38.41371992637273,18.41371992637273
90,120.63257168458784,30.632571684587845
50,54.7624452871313,4.7624452871313
60,54.94830366568019,5.051696334319807
50,51.063628734647565,1.0636287346475655
50,63.08609483639879,13.086094836398793
100,125.58137302724302,25.581373027243018
80,51.249097128344296,28.750902871655704
40,69.36468839785258,29.364688397852575
50,51.564915644825504,1.5649156448255042
110,119.83850665964155,9.838506659641553
140,100.97750215877714,39.02249784122286
50,40.50025813307063,9.49974186692937
40,38.72564516814829,1.27435483185171
120,61.64061242929583,58.35938757070417
80,104.80585507371755,24.805855073717552
100,123.18352849173408,23.18352849173408
60,51.93152391919524,8.068476080804757
50,103.79289628861248,53.79289628861248
40,57.28890431330067,17.28890431330067
60,62.99625845054853,2.996258450548531
70,89.00532530294426,19.005325302944257
50,55.108389852832005,5.108389852832005
50,56.51446078431373,6.5144607843137265
110,112.12476877321788,2.1247687732178804
40,48.889992165167705,8.889992165167705
70,53.70794070671522,16.29205929328478
560,391.20451066391473,168.79548933608527
100,84.5897938086153,15.410206191384702
180,212.4078767906741,32.407876790674095
60,51.24336586139667,8.756634138603332
680,222.13822102869923,457.86177897130074
120,230.9241758786772,110.9241758786772
280,299.154365079365,19.154365079364993
70,56.66723769302122,13.332762306978779
30,37.159279079480164,7.159279079480164
20,46.5756961832458,26.575696183245803
50,73.30546288856796,23.30546288856796
80,81.75528679526845,1.7552867952684466
60,62.784843727378345,2.7848437273783446
270,253.12403929187658,16.875960708123415
120,188.17131452157867,68.17131452157867
590,419.91463572608524,170.08536427391476
100,114.83526523050435,14.835265230504348
120,178.8642548669251,58.86425486692511
70,78.1375426814587,8.137542681458697
450,407.4002423238373,42.59975767616271
70,72.60736633811231,2.607366338112314
20,44.95748851809493,24.957488518094927
60,82.84754610051733,22.847546100517334
110,143.2883359480743,33.28833594807429
220,223.3738149359311,3.373814935931108
60,50.86684479866689,9.13315520133311
120,234.50611383815428,114.50611383815428
110,182.5159843202656,72.5159843202656
50,50.16373187192426,0.16373187192426286
60,55.54114890027806,4.45885109972194
100,118.26255402757928,18.262554027579284
40,45.00224077229708,5.002240772297078
70,132.83780667418776,62.83780667418776
90,132.72196753021592,42.72196753021592
140,129.9715452140452,10.028454785954807
160,120.95671296296295,39.04328703703705
40,52.75210658893523,12.752106588935227
70,97.55539317253275,27.555393172532746
30,42.11779693329071,12.117796933290713
50,70.11896175522361,20.11896175522361
50,50.58075286002561,0.580752860025612
40,47.415932803925536,7.415932803925536
30,48.311418193589965,18.311418193589965
30,54.21737240010946,24.21737240010946
40,46.11019227794,6.110192277940001
40,44.177200679282784,4.177200679282784
50,47.91641443570309,2.0835855642969108
50,46.83568874734713,3.1643112526528725
180,163.45648550301212,16.543514496987882
50,40.99092712832471,9.009072871675293
50,50.78911012140338,0.7891101214033824
50,52.28627563774913,2.286275637749128
100,224.19391350201445,124.19391350201445
360,171.2073453162084,188.7926546837916
110,105.04916680233406,4.950833197665943
70,116.12707272746196,46.127072727461965
130,105.72631979466487,24.273680205335125
70,117.20141402977947,47.20141402977947
60,111.1084907493562,51.10849074935621
40,50.283924732701266,10.283924732701266
40,72.07178173411367,32.07178173411367
40,48.02636516386518,8.02636516386518
20,46.69937721577604,26.69937721577604
80,93.5063864175402,13.506386417540199
80,62.66180792311228,17.338192076887722
70,123.36665273167985,53.36665273167985
50,49.08137086837462,0.9186291316253801
60,55.74730023516788,4.252699764832123
310,293.6263833992095,16.373616600790513
100,144.0087526076433,44.00875260764329
80,85.12018985199684,5.120189851996841
30,48.51213015782084,18.51213015782084
280,284.736330693046,4.736330693046
100,106.48620156160864,6.486201561608638
40,58.00487643094155,18.00487643094155
130,109.34415216000531,20.655847839994692
50,45.60527553986801,4.3947244601319895
100,92.05377271413205,7.946227285867948
80,57.61223917253158,22.38776082746842
90,108.55246420246418,18.55246420246418
90,101.25969423329339,11.259694233293388
50,67.6055825323221,17.605582532322103
60,52.58867554304911,7.4113244569508865
90,89.30248928060539,0.6975107193946144
50,49.94546738717403,0.054532612825973104
60,80.27341692981294,20.27341692981294
60,44.941056144379985,15.058943855620015
90,95.20095509050533,5.200955090505332
60,86.3464755471608,26.346475547160793
40,38.85565075356742,1.1443492464325828
110,101.14148878044986,8.858511219550138
420,230.83141771082944,189.16858228917056
50,50.201542666546125,0.20154266654612485
110,103.5551802984994,6.444819701500606
230,235.52360428051006,5.523604280510057
100,177.98533358703813,77.98533358703813
40,72.8472962970887,32.847296297088704
410,148.31070156695154,261.68929843304846
50,47.54135204641155,2.4586479535884465
60,92.42388807722342,32.423888077223424
120,137.50192511192506,17.50192511192506
110,84.2800529159058,25.7199470840942
20,48.10050153727429,28.10050153727429
40,65.42356659328522,25.423566593285216
90,166.76411045682764,76.76411045682764
100,116.545037678736,16.545037678735994
60,57.08655157367761,2.9134484263223897
40,57.07290062566251,17.072900625662513
40,63.34684278949202,23.346842789492023
80,106.26906384559837,26.269063845598367
50,56.273534068270926,6.273534068270926
100,112.96136333677389,12.961363336773886
50,74.10424232770862,24.10424232770862
50,50.08201200903199,0.0820120090319918
30,39.860951888548875,9.860951888548875
70,78.60632542653356,8.606325426533559
30,32.56333721499312,2.563337214993119
60,45.36046536932106,14.639534630678938
60,67.95699215035302,7.956992150353017
50,37.39787019085909,12.602129809140912
340,141.03738333024776,198.96261666975224
80,126.40703457835679,46.407034578356786
70,90.71515577619809,20.71515577619809
100,92.36563639446027,7.634363605539733
50,58.36625417575025,8.36625417575025
130,153.6566358271337,23.656635827133698
100,119.77010695083179,19.77010695083179
50,61.10338438158361,11.10338438158361
70,57.85076015255353,12.149239847446466
90,103.89177893155171,13.891778931551713
50,50.94798680351199,0.9479868035119878
30,54.28984827334873,24.28984827334873
60,77.47345199604221,17.473451996042215
50,46.48834214385148,3.511657856148517
140,308.78036173571,168.78036173571002
90,108.46133909715535,18.461339097155346
130,214.76060524605836,84.76060524605836
40,40.73241877888618,0.7324187788861778
110,122.98091392259646,12.980913922596457
390,365.93821539594336,24.06178460405664
50,42.08480769651091,7.915192303489093
50,40.95050139886466,9.04949860113534
50,56.12622427903486,6.126224279034858
70,62.93347881317944,7.066521186820559
80,66.50468193663274,13.495318063367264
50,47.56490973227019,2.4350902677298123
310,308.76192879718576,1.2380712028142398
30,63.437954395960084,33.437954395960084
470,297.6774211800447,172.3225788199553
50,48.59227074247475,1.4077292575252471
260,112.28980317582723,147.71019682417278
50,53.725695384432655,3.7256953844326546
30,39.249785753599774,9.249785753599774
50,49.11660516534388,0.8833948346561229
80,130.6901861732698,50.69018617326981
50,73.40264858989563,23.402648589895634
70,76.95045129137046,6.950451291370456
80,72.57153181055622,7.428468189443777
60,57.41830659472874,2.5816934052712597
90,91.26441837146854,1.2644183714685369
100,117.94560709640132,17.945607096401318
70,88.23943024500245,18.239430245002453
40,57.01170290809386,17.01170290809386
90,62.61509504758833,27.384904952411667
80,211.65258703714593,131.65258703714593
50,51.47161565609196,1.4716156560919629
40,46.881122130703645,6.881122130703645
50,54.39171453554477,4.3917145355447715
60,64.42443341623546,4.424433416235459
70,119.97412795244212,49.97412795244212
50,52.55583167295652,2.555831672956522
70,58.810522711473645,11.189477288526355
50,48.06515147498153,1.9348485250184666
40,48.503876624892534,8.503876624892534
80,114.85475835579906,34.85475835579906
20,34.92163679218414,14.921636792184138
120,115.08350643500907,4.91649356499093
40,55.53589010363673,15.535890103636731
100,95.63989386896505,4.360106131034954
40,46.075695300663185,6.075695300663185
240,139.47309644557043,100.52690355442957
70,228.47581964703377,158.47581964703377
80,104.12241130493881,24.122411304938808
110,116.8537965149696,6.853796514969602
60,67.59466379293426,7.594663792934256
90,127.08482214992088,37.08482214992088
130,124.20479497354494,5.795205026455065
60,65.64573461795543,5.645734617955426
50,298.4097932623118,248.40979326231178
80,100.5253774961561,20.525377496156096
80,65.32502992953178,14.67497007046822
100,196.95508232042263,96.95508232042263
50,53.143658322975604,3.143658322975604
60,64.07840802594093,4.078408025940931
40,51.305299413253536,11.305299413253536
690,346.19140249530733,343.80859750469267
120,139.5554911035535,19.555491103553493
70,125.7962865750287,55.7962865750287
30,44.275920001933876,14.275920001933876
50,82.33215119464603,32.33215119464603
40,55.03809075663953,15.038090756639527
70,76.75298373012582,6.75298373012582
50,56.305780063696,6.305780063695998
70,165.73753640514283,95.73753640514283
50,53.687347562892725,3.6873475628927253
40,49.799522412685256,9.799522412685256
60,63.75775259525263,3.757752595252633
70,83.62403464590965,13.624034645909646
50,51.059489219263924,1.0594892192639236
90,150.45446625513486,60.45446625513486
260,227.27779878926853,32.72220121073147
50,52.808707366844146,2.8087073668441462
80,79.35947746393444,0.6405225360655606
20,40.79598436572126,20.79598436572126
50,58.130488415905084,8.130488415905084
40,46.94208553545037,6.942085535450367
30,39.26930840879647,9.26930840879647
60,56.358762048934764,3.6412379510652357
50,62.31437413349178,12.314374133491782
100,93.66224581116302,6.337754188836982
90,145.8114614756164,55.8114614756164
70,59.71711680342114,10.282883196578858
40,43.81318894756414,3.813188947564143
130,143.26597994535825,13.265979945358254
50,39.65401541456229,10.345984585437712
60,66.12015416978078,6.1201541697807755
60,63.81953074302042,3.8195307430204224
170,214.37938886291658,44.379388862916585
50,75.12145920144864,25.121459201448644
60,57.30121461091062,2.6987853890893803
50,51.44081075057587,1.4408107505758707
60,58.12028164117908,1.8797183588209165
50,53.950257494549064,3.9502574945490636
50,65.46822455425313,15.468224554253126
110,85.08659812000163,24.913401879998375
100,128.8079841025469,28.807984102546897
40,52.89079024528777,12.890790245287768
40,46.14466410535536,6.144664105355361
60,74.34485004291817,14.344850042918168
60,67.68528808970896,7.685288089708962
60,149.42157747047,89.42157747047
60,85.24528960105181,25.24528960105181
90,135.7067425736399,45.7067425736399
40,124.07631030073776,84.07631030073776
80,80.86574729306928,0.8657472930692762
380,137.40297674146683,242.59702325853317
50,77.42879294966907,27.428792949669074
110,106.05017692547725,3.9498230745227545
60,51.077266694991145,8.922733305008855
70,97.32031116213511,27.320311162135113
30,51.7062052667617,21.7062052667617
80,118.82418402076046,38.824184020760455
60,58.24799484039693,1.7520051596030726
60,63.374274773700535,3.3742747737005345
250,252.4409125004953,2.440912500495301
50,52.50129786161668,2.5012978616166777
50,45.44360216688315,4.556397833116847
80,115.95153597905657,35.95153597905657
60,52.64309244265145,7.356907557348549
50,63.81884564384519,13.818845643845187
60,177.99336906839898,117.99336906839898
70,68.73595449586198,1.264045504138025
100,139.85298978573343,39.85298978573343
60,53.70770973845652,6.292290261543478
50,64.12009713518222,14.12009713518222
60,89.85878647305782,29.85878647305782
70,87.21131498265395,17.211314982653946
60,57.84000185116685,2.1599981488331466
40,49.14189308448272,9.141893084482717
60,70.93114257919162,10.931142579191615
60,75.3347005980206,15.334700598020603
60,70.35236357726266,10.352363577262665
80,60.58690054035796,19.41309945964204
40,51.83967938225421,11.83967938225421
50,53.044633431664124,3.044633431664124
60,50.45551509178021,9.544484908219793
50,52.424453732520746,2.424453732520746
40,45.35759163792901,5.357591637929012
50,53.30139580778283,3.301395807782832
30,54.097051241967854,24.097051241967854
60,87.30852111531985,27.30852111531985
130,312.4598985570883,182.4598985570883
50,47.8301382330448,2.1698617669552007
80,132.20789141838725,52.20789141838725
60,56.79844317484032,3.2015568251596775
110,97.48421324859804,12.515786751401961
60,45.1951407839272,14.8048592160728
70,66.724235948133,3.275764051867
250,262.7482745838916,12.7482745838916
100,113.32996494118325,13.329964941183249
70,62.955906392995374,7.044093607004626
40,45.25615268919639,5.256152689196391
70,72.26454586595544,2.2645458659554407
40,43.60602798181484,3.60602798181484
70,138.23708555409874,68.23708555409874
50,85.04265956976897,35.04265956976897
70,154.61592229586884,84.61592229586884
120,128.1016829321493,8.101682932149288
40,54.385375680464385,14.385375680464385
50,48.038016994323264,1.9619830056767356
40,70.34792513100994,30.347925131009944
350,147.08988633835017,202.91011366164983
110,138.93968929641866,28.939689296418663
110,170.32595494801538,60.32595494801538
40,48.08557633141591,8.085576331415908
230,128.98063629518185,101.01936370481815
30,78.26411573730756,48.26411573730756
40,50.5118248263541,10.5118248263541
80,66.64338130317132,13.356618696828676
60,60.533922091171185,0.5339220911711848
40,44.44758505485178,4.447585054851778
50,52.67792154745835,2.6779215474583467
50,55.34900624537066,5.34900624537066
50,52.64058820084991,2.640588200849912
50,43.94764318569949,6.052356814300509
50,49.47397667272072,0.5260233272792831
50,65.76730614113363,15.76730614113363
40,47.48692923770555,7.486929237705553
60,157.0006640268708,97.0006640268708
60,49.34738924063692,10.652610759363078
90,119.38827144014876,29.388271440148756
60,54.101263311884004,5.898736688115996
90,124.02987428576834,34.029874285768344
100,235.29054260393667,135.29054260393667
70,67.74668083929794,2.2533191607020626
30,39.644004378660604,9.644004378660604
50,159.75710856481732,109.75710856481732
60,56.367331816135874,3.6326681838641264
170,119.36037216739923,50.639627832600766
430,365.8640834111421,64.13591658885792
90,214.53547971129393,124.53547971129393
30,40.24541927798348,10.24541927798348
330,105.15725297549535,224.84274702450466
50,51.12767228095877,1.1276722809587696
40,56.001260589915105,16.001260589915105
290,377.11190476190484,87.11190476190484
50,139.43241709096978,89.43241709096978
40,58.59812778320679,18.59812778320679
40,45.338726434435216,5.338726434435216
50,64.58683866324962,14.586838663249623
60,50.14416714500374,9.855832854996258
100,117.34407176078543,17.344071760785425
50,46.78326465125372,3.2167353487462833
30,47.931552615185325,17.931552615185325
50,44.313347711248774,5.686652288751226
80,76.37232300769152,3.62767699230848
60,67.81084921342273,7.810849213422728
60,49.89013072029841,10.109869279701591
70,77.67722266422643,7.677222664226434
100,90.40231270745382,9.597687292546183
50,57.87782834742292,7.87782834742292
100,110.41466130364958,10.41466130364958
430,285.4480242437309,144.5519757562691
70,109.3727773207185,39.3727773207185
340,175.20440607821118,164.79559392178882
50,63.49518149533368,13.495181495333682
80,94.3755570337646,14.375557033764593
50,46.062862801766826,3.9371371982331738
60,59.4799062049062,0.5200937950937998
90,104.3486545544144,14.348654554414395
50,82.91756529901235,32.91756529901235
80,100.84976705132996,20.849767051329962
70,75.39725948774142,5.397259487741422
90,230.713181073383,140.713181073383
60,79.18060725141603,19.180607251416035
40,59.33649459697634,19.336494596976337
110,123.85123796064924,13.851237960649243
50,51.22347690327313,1.2234769032731307
100,156.02624174071542,56.02624174071542
50,73.41700475263228,23.41700475263228
60,114.89325464485314,54.893254644853144
90,97.9887584970703,7.988758497070293
50,56.0899651483727,6.089965148372698
40,45.66218134686913,5.662181346869133
60,46.37677262938528,13.623227370614721
60,59.69762397958425,0.30237602041574974
50,72.20886384101505,22.208863841015045
60,92.88547801738576,32.885478017385765
30,54.92848121890507,24.92848121890507
50,57.587566496764005,7.587566496764005
80,73.00954814033022,6.990451859669776
140,137.44878341549753,2.5512165845024697
50,62.56518529436686,12.565185294366863
120,96.48896307934659,23.51103692065341
110,130.06992713874126,20.069927138741264
100,100.51485094665462,0.5148509466546187
50,48.29660392784931,1.7033960721506887
80,132.07106481481478,52.071064814814775
80,108.61545609858918,28.615456098589178
50,50.98511363293771,0.9851136329377113
50,44.651351866019354,5.348648133980646
190,130.44563873852897,59.55436126147103
60,54.49897698999918,5.5010230100008215
100,224.84771807449053,124.84771807449053
110,100.56721008215654,9.432789917843465
50,156.94174963647734,106.94174963647734
50,46.95759608678964,3.0424039132103573
50,62.73957065670561,12.73957065670561
50,57.685035789614645,7.685035789614645
40,46.8062688376481,6.806268837648098
60,51.40034826166608,8.599651738333918
60,52.23252462497958,7.7674753750204175
60,101.75085945857826,41.75085945857826
370,156.930218768301,213.069781231699
40,90.23462000962,50.23462000962
70,60.57853460756689,9.421465392433113
20,61.582647586524324,41.582647586524324
80,102.46675410089033,22.466754100890327
90,106.59727526918655,16.597275269186554
60,69.18975407701167,9.18975407701167
50,48.209274629653166,1.7907253703468342
90,94.25262706733376,4.252627067333762
50,58.03319682858991,8.033196828589908
120,114.15984790662725,5.840152093372751
770,296.67026428711995,473.32973571288005
270,236.19924485634303,33.80075514365697
110,139.67715938401986,29.67715938401986
50,42.66548591680248,7.334514083197519
60,53.25361617243818,6.7463838275618215
60,52.910446125943864,7.089553874056136
60,92.0885288287273,32.088528828727306
100,108.92118570976498,8.921185709764984
60,43.18650019431276,16.813499805687243
60,62.461377072507844,2.461377072507844
50,68.34070791511508,18.340707915115075
60,72.28389550264554,12.283895502645535
40,50.560373990718645,10.560373990718645
60,73.57854103801924,13.578541038019239
540,244.62557013052597,295.37442986947406
50,56.11027045063249,6.110270450632491
50,50.912715336593685,0.9127153365936849
260,268.553251661499,8.553251661499019
40,42.683918988707006,2.6839189887070063
120,178.39878638472243,58.39878638472243
60,110.76351861518347,50.76351861518347
50,59.411917944204646,9.411917944204646
80,65.83373055839091,14.166269441609089
70,87.63983708457815,17.639837084578147
40,68.23824777701981,28.238247777019808
60,59.54858381685243,0.4514161831475718
90,84.75259404034074,5.247405959659261
100,122.83232635541746,22.832326355417464
60,65.59359475778938,5.593594757789376
210,253.3221773881479,43.32217738814791
100,103.5965179282082,3.5965179282082005
80,130.02403416647635,50.024034166476355
70,69.20212182453561,0.7978781754643904
40,50.036047415395366,10.036047415395366
230,115.86148242568815,114.13851757431185
30,69.2905238095981,39.2905238095981
50,50.5494055743306,0.5494055743305992
60,47.95164375396284,12.048356246037159
40,41.155109894061944,1.155109894061944
60,58.03573643564048,1.9642635643595199
60,68.50651975978197,8.506519759781966
70,93.22554520754446,23.225545207544457
300,405.27851085103407,105.27851085103407
50,52.20687880920506,2.206878809205058
110,236.85267412109195,126.85267412109195
90,98.07488084867363,8.07488084867363
40,45.024794536278016,5.024794536278016
60,94.01362940459312,34.01362940459312
130,122.578957609127,7.421042390872998
50,56.8216884302382,6.821688430238197
50,49.36198882400972,0.6380111759902789
80,117.91262034544859,37.91262034544859
80,86.62761385672744,6.627613856727436
120,146.17320226070223,26.173202260702226
40,44.496228224465845,4.496228224465845
90,111.21010687414567,21.210106874145666
80,95.5059224159581,15.505922415958096
60,68.41624198200422,8.416241982004223
60,76.36485074620887,16.364850746208873
40,73.74350373288634,33.74350373288634
420,119.75385632885634,300.24614367114367
70,67.85783614080184,2.1421638591981633
60,44.255732071271495,15.744267928728505
50,42.94699791022119,7.053002089778808
250,134.56814745574877,115.43185254425123
60,82.98189437768346,22.98189437768346
30,37.54741224277142,7.547412242771422
60,82.62109517456109,22.62109517456109
60,158.55075192291585,98.55075192291585
80,86.62401247791416,6.624012477914164
50,47.856422911641026,2.143577088358974
50,41.41965857171256,8.58034142828744
30,42.326663485464266,12.326663485464266
40,51.9246737162415,11.9246737162415
50,49.48058072811909,0.5194192718809134
20,45.67103018476159,25.67103018476159
270,323.1040764608916,53.10407646089158
60,55.32478730035444,4.675212699645563
90,133.38718188831416,43.38718188831416
90,89.82184457289648,0.17815542710351906
50,53.85283992635852,3.85283992635852
30,43.123092265839176,13.123092265839176
60,68.85193712129393,8.851937121293929
70,52.47539213550907,17.52460786449093
130,134.6327442331571,4.632744233157098
60,87.68098515343242,27.680985153432417
50,51.3224069913194,1.3224069913193972
60,57.23333073607676,2.766669263923241
70,118.84947056669351,48.84947056669351
120,121.26512746512752,1.2651274651275202
30,34.778977370493735,4.778977370493735
100,119.15860252215386,19.158602522153856
40,52.78318970577752,12.783189705777517
80,181.3557095783191,101.35570957831911
50,47.231759240511636,2.7682407594883642
60,48.410231957409366,11.589768042590634
50,54.72328350016762,4.723283500167618
30,60.65055218870516,30.650552188705163
70,128.93689754649586,58.93689754649586
90,95.83205818056884,5.832058180568836
50,86.61095267253741,36.61095267253741
50,56.35270838178689,6.35270838178689
720,236.1645097929995,483.8354902070005
50,42.94403049479846,7.0559695052015385
80,96.57920230330086,16.57920230330086
50,54.3909704663102,4.3909704663102005
50,46.781695973549205,3.218304026450795
80,81.70471944396485,1.7047194439648479
60,59.09415045909215,0.9058495409078517
50,44.99900297765141,5.000997022348592
160,143.8946729196729,16.1053270803271
60,66.33925361737865,6.339253617378645
40,43.05331524631092,3.053315246310923
60,48.14488807030021,11.855111929699788
90,94.34201240516356,4.342012405163558
50,50.253091656094995,0.25309165609499473
60,54.7976533079374,5.202346692062598
60,56.482221946834926,3.517778053165074
60,83.08095448100971,23.080954481009712
90,97.77640032179877,7.776400321798775
60,102.77596085299413,42.77596085299413
70,92.01608851886029,22.016088518860286
50,57.0449413132737,7.0449413132737035
190,102.13627136752137,87.86372863247863
110,108.70242632499773,1.297573675002269
60,53.679996632011985,6.320003367988015
70,111.48460316462761,41.484603164627615
80,82.82883866576854,2.8288386657685436
50,52.09600460197451,2.0960046019745135
70,124.82019876134706,54.82019876134706
440,253.6408209265509,186.3591790734491
100,110.08069089164373,10.080690891643727
50,69.36829734224621,19.36829734224621
50,50.34560203561377,0.3456020356137728
110,107.49104669386537,2.5089533061346287
80,81.96381325468353,1.9638132546835294
110,101.40691544071365,8.593084559286353
50,49.226654751652944,0.7733452483470558
60,52.06848695657102,7.9315130434289784
50,43.750818273186795,6.249181726813205
50,55.678062432614446,5.678062432614446
70,96.68940591331766,26.689405913317657
40,56.14904701779701,16.14904701779701
60,64.17079023605132,4.170790236051317
80,101.3723168642579,21.372316864257897
40,50.58302739870268,10.583027398702683
60,60.230353098130195,0.23035309813019467
80,83.85061638147502,3.850616381475021
60,164.82438006828306,104.82438006828306
50,59.46350898742072,9.463508987420717
50,51.42263198792731,1.4226319879273106
50,44.443328269333044,5.556671730666956
60,56.50328049094034,3.496719509059659
60,114.31770940891435,54.317709408914354
100,111.82694433826117,11.826944338261171
30,45.35217557752085,15.352175577520853
20,32.48989955337882,12.48989955337882
50,59.31376958931648,9.313769589316479
70,100.29678767475279,30.296787674752792
100,121.71489540676096,21.71489540676096
50,48.370070597810425,1.6299294021895747
100,105.87425436703212,5.874254367032123
320,76.77509566279173,243.22490433720827
130,412.31000896905584,282.31000896905584
50,51.622818169451826,1.6228181694518256
50,42.87291900043932,7.1270809995606825
60,54.896072071799004,5.103927928200996
150,150.8810782216587,0.8810782216586972
70,125.92520554590895,55.92520554590895
90,118.61384519917402,28.613845199174023
80,153.30560171669347,73.30560171669347
80,124.62402105771538,44.62402105771538
130,112.94533623485238,17.054663765147623
40,47.95595866755239,7.9559586675523875
70,106.9168803486054,36.9168803486054
50,49.275346718942345,0.7246532810576554
40,39.8658691264395,0.13413087356050113
140,131.68033770262772,8.319662297372275
50,46.86766491633197,3.132335083668032
610,362.99124189036837,247.00875810963163
50,58.77986836809529,8.779868368095293
50,66.54151733807402,16.541517338074016
50,96.20604579725516,46.20604579725516
100,101.50383841280758,1.503838412807582
100,215.63881997663844,115.63881997663844
60,77.07750447055065,17.07750447055065
50,56.79123273751356,6.79123273751356
230,168.35130196421977,61.64869803578023
50,71.4891190729908,21.489119072990803
90,112.9963958277706,22.9963958277706
50,116.57406614134013,66.57406614134013
70,62.41674721351444,7.583252786485559
40,58.992214768156245,18.992214768156245
50,52.11372915489995,2.11372915489995
50,51.77537708146096,1.7753770814609595
130,135.30617022907018,5.306170229070176
140,162.41469953675997,22.41469953675997
50,34.94538378837271,15.054616211627291
20,44.435827212420584,24.435827212420584
140,132.5223033515975,7.477696648402514
50,49.27822261278463,0.7217773872153685
130,126.03547158919952,3.964528410800483
60,53.77210477410204,6.22789522589796
40,42.660944972095166,2.660944972095166
50,53.19312790301286,3.193127903012858
190,143.2466366108432,46.75336338915679
40,44.24453483422833,4.244534834228332
40,46.15599354365282,6.155993543652819
70,75.57279310702638,5.572793107026385
50,54.49870277146447,4.4987027714644725
60,140.22478885527565,80.22478885527565
50,79.83202329111961,29.83202329111961
80,66.06745312255565,13.932546877444352
50,59.012932839528574,9.012932839528574
50,42.9463210893128,7.0536789106872035
50,59.12925605754049,9.129256057540488
50,50.96253069845962,0.9625306984596165
130,128.5119034427601,1.4880965572399134
90,87.42041772531901,2.5795822746809876
90,114.12883266832222,24.128832668322218
40,51.99810557310559,11.99810557310559
50,53.81534838390628,3.815348383906283
50,47.753434917136914,2.2465650828630856
50,74.26579031924545,24.265790319245454
50,49.98057014653673,0.019429853463272195
30,51.50928405740395,21.509284057403953
40,49.06058233010246,9.060582330102463
60,57.810602492851935,2.1893975071480654
50,85.39018201016067,35.39018201016067
300,342.185735712424,42.18573571242399
50,46.80220469486995,3.1977953051300503
620,331.00066210424325,288.99933789575675
70,67.05588390794505,2.944116092054955
60,57.90154099190166,2.098459008098338
80,96.76526443765607,16.76526443765607
270,217.5867534212248,52.41324657877519
120,173.09705548906106,53.09705548906106
50,56.21648893589391,6.2164889358939135
70,57.089962711905294,12.910037288094706
50,47.6553149641498,2.3446850358501976
120,103.15407172883538,16.845928271164624
130,151.64384072887523,21.643840728875233
50,53.25360230039283,3.253602300392828
60,64.52398220788909,4.523982207889091
80,186.3707340855117,106.37073408551171
70,71.18019047477353,1.180190474773525
80,98.37193130682878,18.371931306828785
40,50.49294424725258,10.49294424725258
50,64.65556884635834,14.655568846358335
100,79.34756301151955,20.652436988480446
100,102.0020381558763,2.0020381558763063
70,72.24161538763333,2.241615387633331
60,58.05277371703572,1.9472262829642801
50,49.237110286617046,0.762889713382954
40,79.00569706709524,39.00569706709524
80,95.81517319786921,15.815173197869214
70,232.05134351387093,162.05134351387093
50,39.50637256046437,10.49362743953563
60,66.11139122567224,6.111391225672236
140,147.71142645109364,7.711426451093644
40,46.14512221825584,6.1451222182558425
70,72.36147393055539,2.361473930555391
110,109.71679533622738,0.2832046637726222
50,39.179508757209845,10.820491242790155
50,55.027502731546065,5.027502731546065
30,42.409916760552704,12.409916760552704
80,74.23420700924682,5.765792990753184
60,123.51899838099857,63.51899838099857
40,50.83254154795819,10.832541547958193
30,41.81545262324253,11.815452623242528
110,128.29634467680043,18.29634467680043
90,92.95342140930094,2.953421409300944
280,156.18808353767608,123.81191646232392
50,47.76360204897028,2.2363979510297227
50,57.13674259113896,7.136742591138962
90,74.20124906995439,15.798750930045614
60,108.82648144840483,48.826481448404834
80,90.7634084970313,10.763408497031307
100,109.71831588621416,9.718315886214157
40,101.44215466304657,61.442154663046566
40,44.67018039295113,4.670180392951131
80,123.92995524140939,43.92995524140939
50,69.2302828252702,19.230282825270194
260,298.54270923520926,38.54270923520926
220,205.72814155013333,14.27185844986667
90,93.86657751518625,3.8665775151862505
60,70.01991734111299,10.019917341112986
60,54.82617937770312,5.17382062229688
70,97.23067067736187,27.23067067736187
70,105.03402713370879,35.03402713370879
60,70.8285107134245,10.828510713424507
100,239.49573535649708,139.49573535649708
80,77.77262744994003,2.227372550059968
70,72.18784472937861,2.187844729378611
60,51.53099477682811,8.46900522317189
60,82.11507688740322,22.11507688740322
50,55.02207011064904,5.0220701106490395
50,36.072467663915035,13.927532336084965
270,280.5513857291805,10.551385729180481
40,98.6684222638027,58.6684222638027
60,91.81866760326828,31.81866760326828
180,142.79410472748134,37.20589527251866
40,36.56129414780388,3.4387058521961222
300,250.25690884346383,49.74309115653617
50,47.11065952209021,2.8893404779097906
60,87.35797129865897,27.357971298658967
70,60.31027864376492,9.689721356235083
70,72.17807265570421,2.178072655704213
60,83.20108953437861,23.20108953437861
50,58.595386602568446,8.595386602568446
50,52.85611655939974,2.8561165593997373
60,68.52156012208744,8.521560122087436
270,199.25861535916047,70.74138464083953
60,49.02064750662836,10.979352493371643
540,179.12547651794776,360.87452348205227
90,109.5117456835396,19.5117456835396
50,52.27824876518646,2.2782487651864614
60,53.416595295057476,6.583404704942524
60,56.45875087532285,3.541249124677151
70,81.57761484667871,11.577614846678713
50,62.14401883421912,12.144018834219118
40,70.93283689577785,30.932836895777854
50,51.921279048425895,1.9212790484258946
140,134.71673976470387,5.283260235296126
60,65.12122181436108,5.121221814361078
590,313.05963735304033,276.94036264695967
80,80.99414362071113,0.994143620711128
60,53.66796836631256,6.332031633687443
50,56.105474234043854,6.105474234043854
60,74.16736322051521,14.167363220515213
190,168.79370405309402,21.206295946905982
30,30.142042108218572,0.14204210821857188
60,75.26639819536375,15.266398195363749
60,82.1070855996721,22.107085599672104
390,177.20772932527868,212.79227067472132
50,50.04533792322964,0.04533792322963848
60,66.18656886665279,6.186568866652792
40,36.814707942520435,3.1852920574795647
110,168.34673582405944,58.34673582405944
60,58.59340868611279,1.406591313887212
50,79.3713870491247,29.371387049124706
50,65.88134021117052,15.881340211170524
320,144.99731877977575,175.00268122022425
40,49.93768652529855,9.937686525298552
40,40.5624001397513,0.562400139751297
90,109.18699521372615,19.18699521372615
120,156.9908265573843,36.99082655738431
80,83.39798326879395,3.3979832687939506
70,80.45795104196901,10.457951041969011
80,267.4696201612392,187.46962016123922
40,104.37088464769835,64.37088464769835
100,141.96476475470828,41.964764754708284
460,188.34612381311814,271.65387618688186
20,34.497515369965626,14.497515369965626
40,46.37471499899199,6.3747149989919905
50,71.93228813717563,21.932288137175632
140,138.79979338128194,1.200206618718056
50,51.06064996940043,1.0606499694004299
60,55.82595159745485,4.1740484025451465
140,114.78691250709689,25.213087492903114
120,165.95016480815957,45.95016480815957
70,65.94769763881692,4.052302361183081
430,258.11658484809385,171.88341515190615
70,100.65969252537107,30.65969252537107
140,169.18174854471297,29.181748544712974
430,102.66476854353651,327.3352314564635
90,87.08297099958456,2.9170290004154396
40,43.495940155888825,3.4959401558888246
50,42.76520204107341,7.234797958926592
50,50.88905901155959,0.8890590115595884
70,81.5954559459142,11.595455945914196
120,131.96188863224648,11.961888632246485
50,69.80868016279584,19.808680162795838
290,279.25583541099957,10.744164589000434
40,39.31161616161617,0.6883838383838281
50,137.1544254603696,87.1544254603696
80,124.33141741213495,44.331417412134954
70,166.85541231043194,96.85541231043194
60,52.36137532241744,7.638624677582563
70,163.3777178360274,93.37771783602739
80,80.15326253436986,0.15326253436985837
80,107.51197768281102,27.511977682811022
90,206.32545590051285,116.32545590051285
40,51.55662104984698,11.556621049846981
50,44.145439215769336,5.854560784230664
50,47.72872191055356,2.27127808944644
120,112.48793498168496,7.512065018315042
90,62.071104469749244,27.928895530250756
50,40.08697523745317,9.913024762546833
100,138.15341899914736,38.15341899914736
110,138.009722144986,28.009722144986
50,44.82717072335807,5.172829276641927
60,50.85448255184203,9.145517448157968
80,79.21209374057172,0.7879062594282829
210,207.91990995115992,2.080090048840077
310,149.82077667122473,160.17922332877527
60,54.06015012146046,5.93984987853954
50,40.70781694432355,9.292183055676453
50,45.820620632105616,4.179379367894384
30,60.1178272892109,30.1178272892109
50,148.8367014501459,98.83670145014591
200,81.32039537044251,118.67960462955749
50,60.847439393395256,10.847439393395256
70,53.03609401727796,16.96390598272204
20,54.7544074098135,34.7544074098135
120,114.07561161841012,5.924388381589878
110,158.8884537332154,48.888453733215414
370,241.94223997083546,128.05776002916454
80,82.33284678969997,2.332846789699971
50,53.77295989042779,3.772959890427792
20,43.96359156691189,23.963591566911887
360,143.8870163088097,216.1129836911903
50,45.408310794581524,4.591689205418476
60,58.598635697282205,1.4013643027177949
50,60.65516767652007,10.655167676520072
100,115.83839243452346,15.838392434523456
60,54.90982794149218,5.090172058507818
50,45.72646816632888,4.273531833671122
120,180.3571225078358,60.35712250783581
40,47.043669120903125,7.043669120903125
50,56.323758591990185,6.323758591990185
70,63.63319667975589,6.366803320244109
80,128.86904820020126,48.86904820020126
80,113.38517174085797,33.38517174085797
40,44.67652773152772,4.67652773152772
40,44.273930819776076,4.273930819776076
100,276.54918947146984,176.54918947146984
280,131.6377732851549,148.3622267148451
60,61.50397203528582,1.5039720352858197
110,105.45096053981118,4.549039460188823
70,59.058656712249984,10.941343287750016
90,107.89064413787365,17.89064413787365
390,353.66010183343167,36.33989816656833
90,90.0640381699463,0.06403816994630063
40,46.94157288488618,6.9415728848861775
50,64.57879512916277,14.57879512916277
80,91.10571304598287,11.105713045982867
180,289.85416666666646,109.85416666666646
50,45.622657739301964,4.377342260698036
50,80.19236945351109,30.19236945351109
50,59.87214417560094,9.872144175600937
100,122.18199533794508,22.181995337945082
260,136.01468527147026,123.98531472852974
120,114.05783650364992,5.9421634963500765
310,272.423748017492,37.57625198250798
240,137.661147995523,102.33885200447699
50,69.51195641339704,19.511956413397044
50,56.676461878412475,6.676461878412475
100,100.47448596905687,0.4744859690568717
40,47.03133440476019,7.031334404760187
60,70.04465819617181,10.04465819617181
60,61.05781716050356,1.0578171605035607
80,83.5984895371764,3.5984895371764054
70,93.1411614426663,23.141161442666302
360,401.98502564973154,41.98502564973154
60,104.3842970406179,44.384297040617895
50,53.305011328357715,3.3050113283577147
60,53.69173078459128,6.308269215408721
60,56.279068167866846,3.7209318321331537
120,86.09431208756868,33.90568791243132
220,158.14788376714336,61.852116232856645
70,72.11560488575951,2.1156048857595096
50,52.032625661676335,2.0326256616763345
30,40.32520528125696,10.325205281256963
100,96.29096317728481,3.7090368227151913
50,51.38918792509612,1.3891879250961168
370,177.50139584453308,192.49860415546692
40,47.026981870011134,7.026981870011134
50,51.63404057567546,1.6340405756754635
40,53.18946761218501,13.189467612185013
50,50.872525048367535,0.8725250483675353
30,84.97558228369222,54.97558228369222
70,170.68404781446105,100.68404781446105
40,41.25210643929514,1.2521064392951402
60,49.87742336492338,10.12257663507662
50,44.71274911094881,5.287250889051187
50,38.298915253481454,11.701084746518546
90,107.71320277025892,17.713202770258917
20,31.113753132832066,11.113753132832066
430,297.84824961935186,132.15175038064814
50,66.40078685404775,16.40078685404775
40,42.35822484625717,2.3582248462571727
280,306.51602416287074,26.516024162870735
70,88.11886051331508,18.118860513315084
100,105.24309256506794,5.24309256506794
40,44.350294453030536,4.350294453030536
230,314.80468718314216,84.80468718314216
70,64.273616570731,5.726383429269006
60,53.02161385023265,6.978386149767353
60,144.11869100757465,84.11869100757465
60,71.81152134666127,11.811521346661266
50,51.01962714409107,1.0196271440910678
40,44.259971565425644,4.259971565425644
60,120.29108259126448,60.291082591264484
50,50.01777278727471,0.017772787274708435
50,60.75424382022531,10.754243820225312
80,126.4188446141312,46.4188446141312
90,80.86602182539681,9.133978174603186
30,44.143386243386246,14.143386243386246
40,52.16484515297049,12.164845152970493
110,137.1334204100691,27.133420410069107
70,89.19662170266892,19.19662170266892
40,49.78386537989847,9.783865379898472
120,122.46747473313603,2.4674747331360294
40,70.92858332956969,30.92858332956969
80,89.065264045283,9.065264045283001
70,311.2488095238095,241.24880952380948
190,234.50626957048328,44.50626957048328
120,148.07836026165464,28.078360261654637
30,67.83830329992858,37.83830329992858
70,96.98205853067246,26.98205853067246
350,183.33144709733617,166.66855290266383
50,47.905115938993774,2.0948840610062263
40,34.25078815304716,5.749211846952839
20,35.484741425417205,15.484741425417205
30,45.24048569428801,15.240485694288012
40,65.50841414769313,25.50841414769313
140,137.59712970869728,2.402870291302719
360,133.37534146350353,226.62465853649647
290,255.7214457722174,34.27855422778259
100,116.44606018100399,16.446060181003986
60,54.42397259751622,5.576027402483781
110,103.08230607035009,6.917693929649914
40,73.84470095404748,33.84470095404748
50,48.845359279825765,1.1546407201742355
70,76.37074433736873,6.370744337368734
70,163.69712274610677,93.69712274610677
100,92.55201412345063,7.447985876549367
320,124.85687859603303,195.14312140396697
90,66.97276498200087,23.027235017999132
320,321.4399739933858,1.43997399338582
40,48.2987874136987,8.298787413698697
280,256.7950972766343,23.204902723365706
40,59.20218143102115,19.202181431021152
50,53.95228186646719,3.952281866467189
20,35.33272714117735,15.332727141177351
50,54.61046882051864,4.610468820518641
50,43.90954345194451,6.090456548055492
150,163.60267857142856,13.602678571428555
50,47.91831044820602,2.0816895517939784
20,42.12108737767737,22.12108737767737
50,39.00182507390286,10.998174926097143
50,61.180158222573226,11.180158222573226
50,51.21719406596724,1.2171940659672416
70,62.38117675453202,7.618823245467979
50,62.61492755462595,12.61492755462595
240,314.50559352596963,74.50559352596963
60,60.63793754296577,0.6379375429657728
50,51.30777742272871,1.3077774227287122
50,52.86577566875208,2.865775668752079
40,48.06456765450333,8.064567654503328
40,42.4715608273002,2.471560827300202
70,67.53496594293264,2.4650340570673563
120,122.53060168913187,2.5306016891318706
60,43.22187242122759,16.778127578772413
80,101.66086844919262,21.66086844919262
50,52.96455367367371,2.964553673673713
50,42.98761814592777,7.012381854072231
440,153.95786463804774,286.04213536195226
50,117.91388311329936,67.91388311329936
60,75.8877280647277,15.887728064727696
120,86.35704587890618,33.64295412109382
300,434.66872608664204,134.66872608664204
350,313.2396825396826,36.760317460317424
40,43.41272467320262,3.412724673202618
60,48.92889445964442,11.071105540355582
210,111.90092166539839,98.09907833460161
270,268.0236375552552,1.9763624447447796
70,63.2312355913421,6.768764408657901
50,85.917671673553,35.917671673553
60,64.20705749916219,4.20705749916219
250,193.30231770184523,56.697682298154774
50,57.181847803433286,7.1818478034332855
70,64.65007905848137,5.349920941518633
50,85.97294478241642,35.97294478241642
80,76.08985147625,3.9101485237499958
30,47.856774208891956,17.856774208891956
30,77.73160053840512,47.73160053840512
100,96.79011438092878,3.2098856190712155
80,168.80442654371927,88.80442654371927
130,184.42458450917871,54.424584509178715
150,226.90235814022586,76.90235814022586
140,127.9843573354275,12.015642664572496
60,51.56395030356523,8.436049696434772
120,90.71102604441676,29.288973955583245
60,52.48408335203332,7.515916647966677
50,53.6453156499303,3.6453156499303034
60,101.7655438207846,41.7655438207846
50,58.943853036447976,8.943853036447976
170,118.63506415342253,51.36493584657747
80,225.49407409272195,145.49407409272195
130,141.77144219914766,11.771442199147657
110,106.18481302538765,3.8151869746123452
80,76.51400737098831,3.4859926290116903
50,96.25254815458146,46.25254815458146
40,46.79674454635439,6.79674454635439
70,142.67075573343666,72.67075573343666
50,65.27848923071038,15.278489230710377
80,102.70795329371411,22.707953293714112
260,298.6975398444148,38.69753984441479
630,190.13139901994862,439.8686009800514
50,50.139879157787256,0.1398791577872558
80,93.43345562697542,13.433455626975416
20,44.08301896709604,24.083018967096038
50,53.82834471461858,3.8283447146185807
70,86.38355159536898,16.383551595368985
50,57.931155155841424,7.931155155841424
30,38.519416824738656,8.519416824738656
50,53.74016201290777,3.740162012907767
30,58.46582594122466,28.465825941224658
50,133.6431021444068,83.64310214440681
60,78.14138987596925,18.141389875969253
100,124.51021712264377,24.510217122643766
100,103.7689337739443,3.7689337739442976
50,43.585886802477404,6.414113197522596
70,50.85712781000133,19.14287218999867
310,402.905804781262,92.90580478126202
500,176.17639769924517,323.8236023007548
50,61.17064766767805,11.170647667678047
60,59.4381525326663,0.5618474673336991
60,63.5381796723515,3.5381796723514967
70,119.09549262344704,49.09549262344704
70,85.7032884238934,15.703288423893397
50,44.5447483889659,5.4552516110341
40,54.64234082658488,14.642340826584878
30,57.292589175580694,27.292589175580694
60,84.67283213449127,24.672832134491273
110,136.39592331359572,26.395923313595716
50,44.661136013506685,5.338863986493315
50,45.43358188342156,4.56641811657844
60,117.04533871777991,57.04533871777991
70,76.69782181206209,6.697821812062088
100,101.5239514081168,1.523951408116801
240,208.63668849888683,31.363311501113174
50,38.22721016713441,11.772789832865591
50,40.21961641939174,9.780383580608259
60,71.08636542308523,11.086365423085226
50,52.51625144524214,2.5162514452421405
80,115.08567981755105,35.08567981755105
340,322.94996512108577,17.050034878914232
80,85.53416723817465,5.534167238174646
60,71.69067097018349,11.69067097018349
40,43.39484055975668,3.3948405597566804
90,147.31322225324416,57.31322225324416
50,65.88563867331479,15.885638673314787
30,40.44032857496615,10.440328574966152
80,154.97351740116443,74.97351740116443
50,55.92957981748222,5.929579817482221
30,42.202109593837534,12.202109593837534
50,68.94913384814471,18.94913384814471
50,61.801262249471726,11.801262249471726
50,44.69691087848937,5.303089121510631
40,47.66230377328962,7.662303773289622
50,50.08727522413376,0.08727522413376221
90,90.04999497239702,0.04999497239701611
70,122.70855934331325,52.708559343313254
90,86.16790645542795,3.8320935445720465
100,254.4886413418336,154.4886413418336
50,37.33912109472616,12.66087890527384
70,70.47763387729425,0.47763387729425233
50,48.34574851334511,1.6542514866548927
30,62.79000570333911,32.79000570333911
100,116.04079304204336,16.04079304204336
70,96.9249079341158,26.924907934115794
100,92.74265070012824,7.257349299871763
80,92.63744181445799,12.637441814457986
60,66.86351888113722,6.8635188811372245
600,258.39636975511587,341.60363024488413
70,66.70527843706726,3.294721562932736
50,53.16055544206169,3.1605554420616926
50,65.26028473325881,15.260284733258814
80,93.98030634322438,13.980306343224385
50,52.90150044644232,2.90150044644232
60,74.24626903151508,14.246269031515084
90,74.80095340549852,15.199046594501482
30,52.79428066823826,22.794280668238258
290,254.3543644320521,35.64563556794789
60,66.29680775896807,6.296807758968072
560,139.85128428907188,420.1487157109281
80,87.134097526063,7.134097526063002
60,56.14542573085764,3.8545742691423612
60,58.33859220513134,1.6614077948686585
40,54.88553890737747,14.885538907377473
30,44.69793649938841,14.697936499388412
60,63.62057272233214,3.620572722332142
50,75.90137192418959,25.90137192418959
40,66.80566180466364,26.805661804663643
130,122.07783804964033,7.922161950359666
70,64.69669668172958,5.303303318270423
110,143.11255017332607,33.11255017332607
260,206.51694048584574,53.48305951415426
50,60.30333205087041,10.30333205087041
60,61.22728499441734,1.2272849944173387
70,103.8859428799831,33.885942879983105
70,56.01686674459287,13.983133255407132
50,45.510099900462684,4.489900099537316
50,51.83047358398122,1.8304735839812167
110,113.11322825692086,3.1132282569208627
80,105.38455581157196,25.384555811571957
30,47.35913462462659,17.35913462462659
40,57.20161224297416,17.201612242974157
50,64.09202370103344,14.09202370103344
480,319.6438605240076,160.3561394759924
40,45.572109406718276,5.572109406718276
60,54.69756708521373,5.302432914786273
240,268.5713684463684,28.57136844636841
130,116.93739154905997,13.062608450940033
80,77.50534859121603,2.494651408783966
40,52.75107596883383,12.751075968833831
150,148.80073216435036,1.1992678356496356
60,77.28835438158889,17.28835438158889
110,118.86792525198035,8.867925251980353
60,58.80993533862529,1.1900646613747128
50,63.01145277436482,13.01145277436482
70,65.81023045796037,4.1897695420396275
60,61.18779828966392,1.1877982896639168
400,319.6469804120516,80.35301958794838
60,82.59197338204304,22.591973382043037
50,60.191050634838156,10.191050634838156
70,53.83924406282635,16.160755937173647
70,53.328831972814456,16.671168027185544
60,57.85971385118109,2.140286148818909
130,163.1530521593022,33.153052159302206
60,60.88910920306195,0.889109203061949
50,62.010161554942286,12.010161554942286
230,192.45135327110265,37.54864672889735
30,38.62639736177564,8.626397361775638
40,37.489144843426615,2.5108551565733848
30,46.497058525882615,16.497058525882615
120,122.1075887587346,2.107588758734593
50,64.14684615884443,14.146846158844426
80,128.4727828370069,48.47278283700689
90,121.01760426392782,31.017604263927822
80,79.70841173875624,0.2915882612437599
60,51.267545041549425,8.732454958450575
100,489.7559004659236,389.7559004659236
310,326.0828896103896,16.0828896103896
50,45.99917829192602,4.000821708073978
50,55.83446541105013,5.834465411050132
40,39.0732080582887,0.9267919417113006
50,48.47360477082555,1.5263952291744474
120,121.35210104320842,1.352101043208421
140,113.76814652799249,26.231853472007515
60,50.03199349997285,9.968006500027151
50,46.79475510796143,3.2052448920385714
70,64.79272214068087,5.2072778593191344
40,38.58656450535773,1.4134354946422718
40,48.75902609341983,8.759026093419827
50,80.80331382839917,30.80331382839917
60,60.0725863454522,0.07258634545220133
30,46.05673902733046,16.056739027330458
50,51.806992684572386,1.8069926845723856
80,77.97218455984519,2.0278154401548107
60,58.53710669765656,1.4628933023434385
180,136.0484531485716,43.95154685142839
70,59.7807840502502,10.219215949749803
410,241.8595096391679,168.1404903608321
40,50.10300429488818,10.10300429488818
110,107.28518923091367,2.714810769086327
80,270.1631698586453,190.1631698586453
50,65.40728985767018,15.407289857670179
60,52.5648605624106,7.435139437589399
100,176.3920196139765,76.39201961397649
40,81.67780521324399,41.677805213243985
390,165.70492406898657,224.29507593101343
100,100.52651337551939,0.5265133755193858
60,109.28513962548574,49.28513962548574
20,38.63463523719255,18.634635237192548
390,341.5002252067668,48.4997747932332
60,50.020083749839145,9.979916250160855
50,43.91695036492573,6.083049635074268
60,73.44258513332046,13.442585133320463
50,106.69886339042418,56.69886339042418
60,61.021440519233984,1.021440519233984
50,44.96090871622461,5.039091283775392
60,65.27902070499746,5.279020704997464
40,51.49871238136618,11.498712381366182
40,67.22968911322991,27.22968911322991
50,53.345392111619795,3.3453921116197947
480,374.780922518449,105.21907748155098
50,44.27630132598974,5.723698674010258
30,50.29223010424621,20.292230104246208
80,69.3493768988694,10.650623101130606
100,152.41410061426765,52.41410061426765
50,53.542495803729445,3.5424958037294445
200,98.79591325637396,101.20408674362604
40,48.57917438093461,8.57917438093461
30,60.141813751041944,30.141813751041944
60,63.55198112073111,3.5519811207311065
90,129.52197031190153,39.521970311901526
300,220.36634034307735,79.63365965692265
60,63.72771786905808,3.7277178690580826
130,183.70518389735707,53.705183897357074
50,95.28668068843474,45.28668068843474
50,52.342731059637885,2.3427310596378845
60,52.02079730218236,7.979202697817641
20,47.35577730537308,27.35577730537308
50,69.069909166865,19.069909166865003
330,223.51284783432465,106.48715216567535
60,132.2045634920635,72.2045634920635
70,72.92823510529118,2.9282351052911793
50,96.74679992137759,46.74679992137759
70,78.53691103235542,8.53691103235542
460,355.5892195767194,104.41078042328058
80,92.55145519275762,12.551455192757615
370,123.9612133348771,246.0387866651229
120,153.95052033626024,33.95052033626024
350,131.39976368618403,218.60023631381597
370,173.9655753968254,196.0344246031746
60,58.738611783097085,1.2613882169029154
100,129.5039359171933,29.503935917193303
60,58.65662736386423,1.3433726361357685
60,62.856067251461994,2.856067251461994
40,59.989604800592836,19.989604800592836
70,84.85408183714574,14.854081837145742
280,293.5791666666667,13.579166666666708
90,141.20056216931215,51.20056216931215
70,90.17007587600115,20.17007587600115
50,47.28363685927289,2.716363140727111
60,52.285133290312835,7.714866709687165
60,53.161436461502866,6.838563538497134
150,165.11717294651916,15.117172946519162
110,99.32981089715784,10.670189102842158
90,76.87996488888108,13.120035111118924
260,149.95400496208677,110.04599503791323
260,242.29915186924262,17.70084813075738
30,133.46529780963914,103.46529780963914
50,54.46938992820151,4.469389928201508
60,61.09856902356902,1.09856902356902
250,197.20910569108148,52.790894308918524
90,91.30705680647142,1.3070568064714223
60,50.908274591934955,9.091725408065045
60,54.84287412181913,5.157125878180871
110,102.34606158971006,7.653938410289939
240,80.0385042340712,159.96149576592882
490,177.82425717948576,312.17574282051424
60,68.49922417531322,8.499224175313216
60,78.17297215419866,18.17297215419866
70,61.9114245452955,8.088575454704497
50,54.124890788380654,4.124890788380654
50,51.9262485211959,1.9262485211959017
530,322.78679954945693,207.21320045054307
50,63.57524501196341,13.57524501196341
40,61.30183528373376,21.30183528373376
140,108.65813858629168,31.341861413708315
30,53.771523558844805,23.771523558844805
120,142.59979648379615,22.599796483796155
300,308.065318671145,8.065318671145008
70,76.09483211661852,6.0948321166185195
90,219.88893742000434,129.88893742000434
40,51.90756787949745,11.90756787949745
60,56.80945086743225,3.190549132567753
90,210.22079230434994,120.22079230434994
30,60.70487766520624,30.70487766520624
110,153.62320440458276,43.623204404582765
40,245.7120088232881,205.7120088232881
340,273.6013452938702,66.39865470612978
190,123.78851917890161,66.21148082109839
50,48.86709497142572,1.132905028574278
70,61.63759783415704,8.362402165842958
60,64.67169190511582,4.671691905115821
70,77.38716542172423,7.387165421724234
50,56.23148736219836,6.231487362198358
70,61.73490205632761,8.265097943672387
80,70.73953072646503,9.260469273534966
100,104.91724684702876,4.917246847028764
130,89.68976170434505,40.310238295654955
140,241.04057405238302,101.04057405238302
60,54.360967062092485,5.6390329379075155
50,68.20766334039659,18.207663340396593
60,65.37354349864434,5.373543498644338
50,51.21638222143772,1.2163822214377191
110,118.18824695582859,8.188246955828589
30,47.3123849824898,17.312384982489803
70,71.51908886477233,1.5190888647723284
60,46.16205889186664,13.837941108133357
60,49.367830801680526,10.632169198319474
30,62.96778908276288,32.96778908276288
140,146.57872390128935,6.578723901289351
20,45.71748296975117,25.717482969751167
20,55.353259433996556,35.353259433996556
60,119.26149458838714,59.26149458838714
90,98.80254468204267,8.802544682042665
80,80.82435515873017,0.824355158730171
410,242.1096140480674,167.8903859519326
80,86.67841804431951,6.678418044319514
50,48.40055594497767,1.5994440550223317
140,132.86871838088186,7.131281619118141
80,155.7408156687932,75.7408156687932
60,73.33359318171618,13.333593181716182
50,66.30596234421066,16.305962344210656
40,43.873311733696816,3.8733117336968164
60,53.80075013006586,6.1992498699341425
50,52.00962555962556,2.0096255596255617
110,110.94894962725311,0.9489496272531142
110,128.0845058678187,18.084505867818706
100,90.50884076460697,9.491159235393027
320,302.9557015673879,17.044298432612095
80,98.32303995962306,18.32303995962306
100,108.00031297925649,8.000312979256492
50,59.131946414299634,9.131946414299634
110,133.07436047672783,23.074360476727833
50,56.505187739254744,6.505187739254744
50,65.48462571625605,15.484625716256048
70,74.16870098258325,4.168700982583246
610,389.6511778370588,220.3488221629412
30,51.595689425860996,21.595689425860996
60,51.86435494066959,8.135645059330407
340,343.3703014897877,3.370301489787721
170,136.78631231047697,33.21368768952303
90,86.32357158951588,3.676428410484121
50,44.26635878754563,5.733641212454373
50,55.4699611864869,5.469961186486898
60,55.23075985124417,4.769240148755827
20,42.64678072809007,22.64678072809007
60,64.48460038961615,4.484600389616148
260,115.56577154026289,144.4342284597371
330,115.26638866676443,214.73361133323556
20,41.38215254605049,21.38215254605049
100,100.49453811983845,0.4945381198384524
60,59.473989890128856,0.5260101098711445
150,117.7810343097242,32.218965690275795
50,57.15040827187738,7.150408271877382
60,80.08735739389812,20.087357393898117
40,41.11287336761053,1.1128733676105327
50,64.89763255917163,14.897632559171626
40,59.87306928633731,19.873069286337312
50,40.62280355047029,9.377196449529713
70,70.24778845932101,0.2477884593210149
670,378.70389371840685,291.29610628159315
150,104.73004144542496,45.26995855457504
60,52.13418842376768,7.865811576232318
60,52.113013481141145,7.886986518858855
130,194.8314693489572,64.8314693489572
210,195.15325345950347,14.846746540496525
30,35.58267373838848,5.582673738388479
50,57.48766743220218,7.48766743220218
70,57.75688959934395,12.24311040065605
60,85.03577288081866,25.035772880818655
80,125.0669957502185,45.066995750218496
120,181.00154135755307,61.001541357553066
80,71.93887085137087,8.061129148629135
60,49.263727240990164,10.736272759009836
50,63.21254849624019,13.212548496240188
110,106.74383353658213,3.2561664634178697
100,136.40174486461248,36.40174486461248
60,47.417542685255036,12.582457314744964
40,57.32219263520254,17.32219263520254
90,131.76643784197094,41.76643784197094
80,85.87119172167846,5.871191721678457
170,245.6886486961016,75.68864869610161
150,68.76981256191958,81.23018743808042
70,82.45771263418688,12.457712634186876
80,80.39103006759757,0.3910300675975691
90,94.6743541512606,4.6743541512606015
100,139.82731683306102,39.82731683306102
150,150.83922615516568,0.8392261551656759
540,147.23624383998595,392.76375616001405
380,120.96488095238095,259.03511904761905
150,151.5549194600149,1.5549194600149008
50,53.979484241331626,3.979484241331626
50,55.00695872351018,5.006958723510181
50,45.71489554915049,4.285104450849509
70,54.09229610254459,15.907703897455413
40,43.444519778427704,3.444519778427704
50,47.46843061997726,2.531569380022738
60,53.85626545165903,6.143734548340973
430,497.6511904761906,67.6511904761906
80,95.70554085070874,15.705540850708744
50,48.079758318216975,1.9202416817830255
50,53.02782060002102,3.0278206000210233
60,52.822242907913235,7.177757092086765
50,43.57216265216264,6.427837347837361
60,49.88737735343395,10.112622646566052
320,258.1163882969354,61.88361170306462
50,52.36274197400801,2.36274197400801
60,66.75314570505161,6.753145705051608
50,54.85384156682026,4.8538415668202575
40,51.764353294883364,11.764353294883364
70,159.8303012710475,89.83030127104749
40,70.76492288145866,30.76492288145866
60,67.90475010170005,7.904750101700046
80,115.67428429765484,35.674284297654836
110,104.54563840843873,5.454361591561266
110,112.33297466422464,2.3329746642246363
50,50.49051726151912,0.49051726151912334
80,81.49340795324825,1.4934079532482514
160,97.63582574887883,62.36417425112117
240,221.25305543780394,18.746944562196063
50,38.49416258201787,11.505837417982129
50,64.75897010829559,14.758970108295586
60,53.740211769942995,6.259788230057005
60,59.60952449539922,0.3904755046007793
40,46.56743915221805,6.56743915221805
210,138.55529939357942,71.44470060642058
60,78.0728452818005,18.072845281800497
70,72.2468233041644,2.246823304164394
220,185.26816816623588,34.73183183376412
110,119.12922695497873,9.129226954978733
350,322.7689594005271,27.23104059947292
50,45.01297242625928,4.987027573740718
50,56.19270611033249,6.192706110332487
550,412.0741563991565,137.9258436008435
140,125.42355029044299,14.57644970955701
70,56.08295577310696,13.91704422689304
50,54.329456538731804,4.3294565387318045
70,80.76245635763233,10.762456357632331
60,66.39558987997506,6.395589879975063
270,415.403147995573,145.40314799557302
40,37.670109360883345,2.3298906391166554
270,261.49972327062443,8.500276729375571
50,61.477793416560885,11.477793416560885
150,107.72162864445998,42.27837135554002
60,151.8394195260789,91.8394195260789
60,58.15481039023984,1.8451896097601619
60,69.14219008174494,9.142190081744943
60,75.59340336298297,15.593403362982968
50,53.8678038726101,3.8678038726100965
50,51.04907914181523,1.049079141815227
50,59.581770863472926,9.581770863472926
400,172.73480225884092,227.26519774115908
260,131.26524408017443,128.73475591982557
40,46.89468022257004,6.894680222570038
320,119.2819020895319,200.7180979104681
70,70.74394400947746,0.7439440094774596
40,48.494662896953955,8.494662896953955
50,57.21594145093311,7.215941450933109
90,104.48918838327364,14.489188383273643
50,64.72143319676495,14.721433196764949
40,45.64106849482367,5.641068494823671
60,86.96442951673473,26.964429516734725
70,69.74807162359244,0.2519283764075624
140,204.21440365190364,64.21440365190364
60,53.38077993943615,6.619220060563848
40,33.92814430507086,6.071855694929141
130,118.23859879518378,11.761401204816224
40,37.349524181488924,2.650475818511076
40,46.3287997406215,6.328799740621498
50,53.77815988995039,3.7781598899503877
100,124.78097916064979,24.780979160649792
40,43.88041118923142,3.880411189231417
50,53.57219152447696,3.5721915244769633
60,82.12497977701945,22.124979777019448
180,175.05727519501863,4.942724804981367
50,54.512872608671195,4.512872608671195
50,45.49531936600637,4.50468063399363
60,47.10008888378922,12.899911116210781
100,110.17419165578877,10.174191655788775
590,439.1683362301252,150.8316637698748
90,106.58372508557068,16.583725085570677
50,52.57494216456043,2.574942164560433
50,42.58164284320874,7.418357156791259
90,88.15004308544056,1.8499569145594421
40,63.84875572510125,23.84875572510125
40,44.9458765793519,4.9458765793519035
50,56.46468182023891,6.4646818202389085
60,53.576882078792366,6.423117921207634
130,132.79057187974175,2.790571879741748
40,47.70470213286253,7.704702132862529
50,52.124477380741126,2.1244773807411264
40,45.15766195300775,5.1576619530077465
130,141.47320258193912,11.47320258193912
50,67.92153870452454,17.921538704524536
70,107.35997612012878,37.35997612012878
30,45.21893905011472,15.21893905011472
170,95.4028707320469,74.5971292679531
70,63.81622792628916,6.183772073710841
60,78.54883483683628,18.548834836836278
110,133.93235979078375,23.93235979078375
350,380.0831114581324,30.083111458132407
80,82.31854105035667,2.3185410503566715
60,53.39684916979542,6.6031508302045765
50,42.919202592906736,7.080797407093264
50,55.888200240586784,5.888200240586784
90,89.33226614545141,0.6677338545485867
50,51.724034562964,1.7240345629640004
50,48.07213766338444,1.9278623366155614
50,50.82592965581174,0.8259296558117413
70,84.83392533977076,14.833925339770758
50,59.98736913139103,9.987369131391027
40,48.17519812891293,8.175198128912932
110,128.4382497193075,18.438249719307493
70,66.52819279086228,3.4718072091377223
140,139.12587023916407,0.8741297608359275
100,110.18433569144335,10.184335691443351
200,233.46710045775288,33.46710045775288
70,71.61606577495225,1.6160657749522471
40,63.08275765815495,23.082757658154947
80,76.06581548988316,3.934184510116836
70,70.6093958952529,0.6093958952529022
130,124.65455745192416,5.345442548075837
450,345.639823194235,104.36017680576498
290,157.03521241589715,132.96478758410285
100,251.4588808077502,151.4588808077502
110,95.38827167615986,14.61172832384014
380,93.79594614616525,286.20405385383475
140,118.72756991657472,21.272430083425277
50,58.23552648161144,8.235526481611437
60,57.10267184266863,2.8973281573313727
70,83.0926048494463,13.092604849446303
70,73.5664035425914,3.5664035425914022
90,110.23878362110062,20.238783621100623
60,81.08190809393442,21.081908093934416
90,108.90257425777253,18.902574257772528
130,139.24067460317457,9.240674603174568
160,177.43583929088146,17.43583929088146
40,49.41884988627919,9.41884988627919
170,73.46120578465622,96.53879421534378
60,78.73998332374738,18.73998332374738
50,44.198632169522824,5.801367830477176
70,53.72743584339803,16.272564156601973
350,281.860338081425,68.13966191857497
550,240.16228956228952,309.8377104377105
70,86.41840392627476,16.418403926274763
50,46.174575291656204,3.825424708343796
80,84.90959949792332,4.909599497923324
110,137.28466552118135,27.284665521181353
50,63.67767906239986,13.67767906239986
60,56.308868651128726,3.6911313488712736
40,48.84898910903584,8.848989109035841
30,36.70316517444025,6.703165174440251
50,61.84446057011715,11.84446057011715
30,38.20808937107859,8.208089371078593
90,98.08414692033111,8.084146920331108
70,58.72106443793191,11.278935562068092
60,63.0544275877855,3.054427587785497
50,49.31041626439152,0.6895837356084797
320,178.46941056664892,141.53058943335108
190,132.44128885536674,57.558711144633264
60,96.80223209569364,36.80223209569364
50,52.78984190011889,2.789841900118887
120,139.8249038106238,19.824903810623795
290,270.50279532882445,19.497204671175552
60,53.222693165096274,6.777306834903726
50,52.247373959631936,2.247373959631936
90,73.70296366772612,16.297036332273876
80,106.67002081527242,26.670020815272423
60,65.08851445847827,5.088514458478272
60,58.22352587661513,1.7764741233848724
100,99.93506537506424,0.06493462493575919
110,111.02772187860155,1.0277218786015538
60,53.26070236725221,6.7392976327477925
110,188.66592228816438,78.66592228816438
70,94.20413448056057,24.20413448056057
110,124.78964321661388,14.789643216613882
80,92.63770242364899,12.637702423648989
50,55.572682975454974,5.572682975454974
110,119.4247619448756,9.424761944875598
900,536.2420115770348,363.75798842296524
40,49.852663513868485,9.852663513868485
60,49.29429457340898,10.705705426591017
50,54.6906657482841,4.690665748284097
40,60.47526920366133,20.475269203661327
20,39.62272122057104,19.622721220571037
110,125.6509643966792,15.6509643966792
50,53.324867751034326,3.3248677510343256
190,160.95187460765277,29.04812539234723
90,112.57410131979414,22.57410131979414
60,54.55437224308601,5.445627756913993
100,74.87516121290493,25.124838787095072
360,184.6707036497668,175.3292963502332
50,50.07169402795067,0.07169402795067015
150,143.30210956330174,6.697890436698259
120,133.89889359065384,13.898893590653842
40,43.126606630422835,3.1266066304228346
100,94.43898852203802,5.5610114779619835
100,98.27138172915046,1.7286182708495375
190,255.62059467709622,65.62059467709622
60,61.76411462120412,1.764114621204122
50,88.31064434476451,38.31064434476451
70,74.2271434785619,4.227143478561899
310,98.21195796136108,211.78804203863893
70,69.40688279585339,0.5931172041466084
60,58.302758853879126,1.6972411461208736
50,48.30877410802031,1.6912258919796912
50,49.6697426851344,0.33025731486559806
150,232.37175216241016,82.37175216241016
100,246.07876984126975,146.07876984126975
90,105.26829128905901,15.268291289059007
50,54.297446671408686,4.297446671408686
70,74.43332989612527,4.433329896125272
110,114.81873324995932,4.8187332499593225
50,72.36712914220217,22.367129142202174
50,49.02309276131828,0.9769072386817186
60,52.62372812111961,7.376271878880388
80,112.82056482460897,32.820564824608965
40,45.99387136153662,5.99387136153662
40,43.226697280227356,3.2266972802273557
80,82.02627290292132,2.0262729029213205
50,66.02015644277341,16.020156442773413
60,109.23242318238775,49.23242318238775
50,47.49446392484513,2.505536075154872
40,42.9664811663314,2.9664811663313984
50,69.38850309158491,19.38850309158491
50,44.66781218115302,5.3321878188469825
50,42.89628859735135,7.103711402648649
100,215.2014761174422,115.20147611744221
70,79.62207423014108,9.62207423014108
60,64.27926867906231,4.279268679062312
40,54.92650006634899,14.926500066348993
100,116.90775821400824,16.90775821400824
120,103.74756837770948,16.252431622290516
40,52.383565583797576,12.383565583797576
90,104.5212079084362,14.521207908436196
20,36.34636781561292,16.346367815612922
60,57.00742023821549,2.992579761784512
220,262.8167422044724,42.816742204472405
70,71.91456425226848,1.9145642522684767
50,50.617888509813795,0.6178885098137954
460,185.4310841044306,274.5689158955694
290,133.18608903512626,156.81391096487374
110,103.2423210277377,6.757678972262298
340,232.30413747131328,107.69586252868672
50,58.917476473045355,8.917476473045355
80,101.97869065698504,21.978690656985037
50,64.76006701128163,14.760067011281635
30,52.8082221617947,22.808222161794703
60,59.2520972033453,0.7479027966546994
50,46.66405863864015,3.3359413613598505
140,225.0264656938044,85.0264656938044
410,145.17495730105736,264.82504269894264
40,44.49709429329104,4.497094293291042
60,71.14120359245877,11.141203592458766
50,60.86880026260171,10.86880026260171
30,55.565452690328975,25.565452690328975
60,45.46815267807981,14.53184732192019
60,54.011393035677266,5.988606964322734
50,68.0434078192764,18.043407819276396
40,45.41873226838015,5.418732268380147
30,56.26088413529533,26.260884135295328
50,71.05773188976156,21.057731889761556
100,232.15408151789728,132.15408151789728
30,64.85591767702701,34.85591767702701
120,127.65067240361627,7.650672403616269
110,230.4966997435278,120.49669974352781
60,86.33646735050887,26.33646735050887
100,151.37239314392545,51.37239314392545
120,133.25771193776234,13.257711937762338
60,102.66872712764724,42.668727127647244
50,52.15020185051483,2.150201850514833
90,178.42807740819458,88.42807740819458
40,51.75382499521283,11.753824995212831
60,60.02483497842825,0.02483497842825244
50,67.61227888738253,17.61227888738253
80,85.89761507483861,5.897615074838612
80,113.1698021885522,33.1698021885522
50,54.49049528242618,4.490495282426181
200,203.45863643737803,3.4586364373780327
670,505.8478427967926,164.15215720320742
50,53.16688417131508,3.1668841713150826
40,34.920504990863186,5.079495009136814
50,47.88787929804455,2.1121207019554475
50,52.754232934311354,2.7542329343113536
120,123.26051221526649,3.2605122152664876
20,41.56965591659232,21.569655916592318
30,88.46351832273955,58.463518322739546
60,70.78753170627019,10.787531706270187
70,52.40283145756266,17.597168542437338
40,56.98005589557314,16.980055895573138
60,68.86161343005135,8.86161343005135
60,52.76328032586654,7.236719674133461
60,55.3910028184956,4.6089971815043995
50,95.30948004429858,45.30948004429858
100,117.08558620061629,17.08558620061629
60,59.76884340696573,0.23115659303427094
50,61.741298754320056,11.741298754320056
360,442.5653898946866,82.56538989468658
370,197.12716359587796,172.87283640412204
80,77.41618617514737,2.5838138248526263
130,128.13022804457816,1.8697719554218395
20,39.45583823602832,19.45583823602832
70,69.11465903141378,0.8853409685862204
300,195.52620982862513,104.47379017137487
100,104.63962728177198,4.639627281771979
60,128.295232607805,68.29523260780499
40,44.49144728196452,4.491447281964518
100,148.88458509329035,48.884585093290355
50,45.41654830666788,4.5834516933321225
100,102.97409882972492,2.974098829724923
70,75.9312967723811,5.931296772381103
60,57.514140224995,2.4858597750049967
460,236.8010851361491,223.1989148638509
100,102.31151689216964,2.311516892169635
50,49.41005636580784,0.58994363419216
230,136.9828514735463,93.0171485264537
20,50.22567044864949,30.22567044864949
340,217.72925709692848,122.27074290307152
120,141.13263119739173,21.13263119739173
40,48.8093798198976,8.8093798198976
110,132.614601349358,22.614601349357997
70,57.27512859547126,12.724871404528741
50,42.00337534964566,7.996624650354342
50,66.33032051835346,16.33032051835346
60,60.34543699396741,0.3454369939674109
60,51.07841192555659,8.921588074443413
100,153.22411296538846,53.22411296538846
110,105.2775368251584,4.722463174841593
60,60.77249977612809,0.7724997761280932
330,445.9417289137878,115.94172891378781
50,60.46807092335002,10.46807092335002
80,71.32840607731163,8.671593922688373
290,199.29997279132766,90.70002720867234
50,48.24440539722411,1.7555946027758935
20,45.886672498731556,25.886672498731556
70,84.86770520495335,14.867705204953353
50,50.478063367434856,0.47806336743485645
70,72.89462098160479,2.8946209816047883
70,62.07743084338825,7.92256915661175
50,57.91302589355884,7.913025893558839
290,233.6874737440581,56.31252625594189
110,118.2117749894833,8.211774989483303
100,89.06243562182604,10.93756437817396
50,52.59888390148402,2.5988839014840224
120,104.00891631581503,15.991083684184972
70,85.11190119566324,15.111901195663236
40,102.13601286803555,62.13601286803555
50,47.836985378762584,2.1630146212374157
50,54.28176520112115,4.2817652011211536
50,46.62647802416984,3.3735219758301582
60,58.16688948095734,1.8331105190426626
40,66.91012242567082,26.91012242567082
50,45.21038969211587,4.789610307884132
120,101.18334461303826,18.81665538696174
220,120.99975261477253,99.00024738522747
40,43.13356344516091,3.1335634451609096
70,145.92661234311814,75.92661234311814
30,39.80924426469701,9.809244264697007
60,109.08760634681423,49.087606346814226
50,43.632640326569536,6.367359673430464
40,39.07328637988004,0.926713620119962
80,82.28003720624261,2.2800372062426106
60,52.48533399640562,7.514666003594378
110,211.96369312396672,101.96369312396672
70,80.73941779095536,10.739417790955358
90,146.00427221739724,56.004272217397244
50,46.78342204040117,3.2165779595988298
40,61.77110342578715,21.771103425787153
50,52.382175774170996,2.382175774170996
90,122.64122394171339,32.64122394171339
50,47.022132897028605,2.977867102971395
50,53.22813124031559,3.228131240315591
710,240.86990894424864,469.13009105575134
80,91.4676847281259,11.467684728125903
100,116.47047556563867,16.470475565638665
40,64.36911297355287,24.369112973552873
140,189.82642628944893,49.82642628944893
50,68.13864159616364,18.138641596163637
50,40.84085591156489,9.159144088435113
430,293.6135390600983,136.38646093990172
50,58.24017873047243,8.24017873047243
40,42.01180133362796,2.0118013336279574
70,103.58936287911807,33.58936287911807
60,58.36359523549476,1.6364047645052366
90,239.74904414691002,149.74904414691002
500,293.6324120636029,206.36758793639711
60,71.76062516800765,11.76062516800765
70,68.16990142480559,1.8300985751944125
700,453.2581570777989,246.7418429222011
50,44.36468397970428,5.635316020295718
30,48.60878307918443,18.608783079184427
50,51.95191796343589,1.9519179634358892
60,51.238108793434485,8.761891206565515
70,145.0844561583359,75.08445615833591
60,63.642866586510614,3.642866586510614
90,107.31901922884832,17.31901922884832
50,46.06595177294386,3.934048227056138
80,90.24644004786451,10.24644004786451
60,48.17269119449032,11.82730880550968
110,115.3148556808594,5.314855680859395
70,61.49358930948143,8.506410690518571
260,256.46684861899615,3.5331513810038473
60,42.98010314324343,17.019896856756567
290,127.43487237960912,162.56512762039088
50,49.13070128582965,0.8692987141703483
90,180.5936860432547,90.5936860432547
60,69.85905141735093,9.859051417350926
100,127.69773750687078,27.69773750687078
140,126.51999984886746,13.480000151132543
80,126.01792220186839,46.01792220186839
40,44.390379450631556,4.390379450631556
70,63.20581795748985,6.794182042510151
60,49.964853617785614,10.035146382214386
60,49.29196066993424,10.708039330065759
50,148.72532699100879,98.72532699100879
510,139.3533726021373,370.6466273978627
120,161.8458864910741,41.84588649107411
60,106.24692842775085,46.246928427750845
50,78.61154029856613,28.611540298566126
70,101.46074363890897,31.460743638908966
120,143.99207290647234,23.992072906472345
110,118.6835359650191,8.683535965019104
20,55.105413339343926,35.105413339343926
50,42.8079502188589,7.192049781141101
50,55.01642627886007,5.016426278860067
60,54.85460449384653,5.14539550615347
40,53.819693474177775,13.819693474177775
70,67.42316926427898,2.5768307357210176
20,36.438995109029065,16.438995109029065
30,76.21484227871939,46.21484227871939
40,41.8389344193509,1.838934419350899
110,98.206153757195,11.793846242805003
100,101.6766697842704,1.676669784270402
290,288.0407660298134,1.959233970186574
50,50.51021349391556,0.5102134939155576
110,139.62287213578324,29.62287213578324
60,56.081472546021054,3.918527453978946
100,103.32067771611294,3.3206777161129395
50,54.19826130745817,4.198261307458168
300,256.5776967825174,43.42230321748258
140,121.47632486981242,18.523675130187584
60,87.82043675431437,27.820436754314372
50,75.20966705619341,25.20966705619341
40,36.62324953272533,3.376750467274668
70,79.76906927678087,9.769069276780868
30,45.33542683799606,15.33542683799606
80,63.10866565522486,16.89133434477514
40,43.3147159087729,3.3147159087728966
60,73.75828660562992,13.75828660562992
80,94.25980247313952,14.259802473139516
70,57.502292932983465,12.497707067016535
130,188.0796944158761,58.079694415876105
40,56.09753487253489,16.097534872534887
20,33.36631580122163,13.366315801221631
60,52.669075201627024,7.330924798372976
70,58.465924843549516,11.534075156450484
50,54.34835363364635,4.348353633646347
290,316.05546127523496,26.05546127523496
50,51.79022541107643,1.7902254110764275
50,85.18038941248551,35.18038941248551
50,52.23785185949986,2.2378518594998624
400,134.19993714264447,265.80006285735556
80,71.43930689256118,8.560693107438823
50,54.2060705912874,4.2060705912874
60,51.82465701327844,8.17534298672156
350,253.9641059827033,96.0358940172967
40,57.80907066478969,17.809070664789687
230,195.8565819546798,34.1434180453202
110,109.1048946518159,0.8951053481841029
220,91.10918032220495,128.89081967779504
20,39.644725413475406,19.644725413475406
70,71.08355231724796,1.083552317247964
60,59.16017714193367,0.8398228580663272
50,55.5383643320733,5.5383643320733
70,89.4880058388923,19.488005838892306
90,101.31022362140783,11.310223621407829
120,112.0616363211951,7.938363678804905
60,112.42749524585338,52.42749524585338
50,45.60949376396525,4.390506236034753
50,37.54236045757785,12.45763954242215
50,54.4817119454774,4.4817119454774
50,51.566211808863436,1.5662118088634358
40,41.48878554963651,1.4887855496365106
90,173.47566263030805,83.47566263030805
50,82.61737524962221,32.617375249622214
40,42.3279526029526,2.3279526029525996
60,69.33635566334252,9.336355663342516
190,108.44602639979273,81.55397360020727
60,68.87374453349652,8.87374453349652
180,147.53294258377113,32.46705741622887
60,61.96658002944768,1.9665800294476767
60,49.54467896860282,10.455321031397183
50,60.10188806762051,10.101888067620507
80,77.68297073669487,2.3170292633051304
130,98.44938499076208,31.550615009237916
100,94.77641546910824,5.223584530891756
370,255.62565312442254,114.37434687557746
40,47.845219107202254,7.845219107202254
50,48.23485419242469,1.7651458075753084
40,46.11907077534049,6.119070775340489
70,80.28506647277919,10.285066472779192
70,77.36486438254117,7.364864382541171
50,51.88317696804906,1.8831769680490567
60,55.48924911109129,4.51075088890871
50,47.48984140920724,2.510158590792763
60,60.7544381760727,0.7544381760727035
50,50.180733964796595,0.18073396479659465
80,61.719727364637116,18.280272635362884
50,66.71461640719488,16.71461640719488
20,32.06462376983045,12.064623769830447
50,65.59620841752626,15.596208417526256
60,62.15334315374535,2.1533431537453467
50,89.6323728158762,39.632372815876195
50,43.8220809886353,6.1779190113647005
50,57.24473721029319,7.244737210293188
70,90.4123026265299,20.412302626529893
50,48.792440666930254,1.2075593330697458
130,133.2809788860639,3.280978886063906
800,255.60228359903894,544.397716400961
130,96.17047828540332,33.82952171459668
50,50.88209267754762,0.8820926775476181
70,98.45023826691603,28.45023826691603
470,302.6781204906204,167.32187950937958
60,45.97091726738033,14.02908273261967
450,142.0467095026089,307.9532904973911
740,405.3548480353424,334.6451519646576
20,35.158945012199716,15.158945012199716
50,73.1857370699476,23.185737069947606
50,41.80035483266423,8.199645167335767
50,83.63535536089098,33.63535536089098
80,153.35005688245448,73.35005688245448
50,42.34902783779169,7.650972162208312
70,67.69203089967066,2.3079691003293448
110,118.21333210038982,8.21333210038982
140,144.43142711193192,4.431427111931924
290,156.06705853687552,133.93294146312448
60,55.587451450353555,4.412548549646445
90,199.7905605009264,109.7905605009264
60,84.11646360414797,24.116463604147967
70,119.71927468821279,49.71927468821279
50,47.60156992965644,2.398430070343558
60,53.18829775620109,6.811702243798912
210,493.12490631387675,283.12490631387675
90,131.82800710601708,41.82800710601708
70,88.92396008292734,18.923960082927337
40,51.0775595914188,11.077559591418797
100,125.61209554334555,25.612095543345546
60,104.8471784285861,44.847178428586105
50,81.93696506745282,31.936965067452817
60,50.60308566413817,9.39691433586183
80,71.62727437037802,8.372725629621982
60,64.22872674398782,4.228726743987821
100,100.8069017196605,0.8069017196605017
50,42.76100678234118,7.238993217658823
80,91.28158075574714,11.281580755747143
60,60.6494763685548,0.6494763685548008
70,77.16584699463961,7.165846994639608
240,137.6551367019004,102.3448632980996
140,112.34325642397461,27.65674357602539
70,150.32511986411765,80.32511986411765
20,34.7949851865096,14.7949851865096
20,36.01538169657918,16.015381696579183
170,216.9905275542902,46.990527554290196
60,57.845703641035456,2.154296358964544
40,42.118214448179216,2.1182144481792164
40,43.770654475314466,3.7706544753144655
40,41.00370217109347,1.0037021710934724
100,140.69593832325845,40.695938323258446
240,244.6910138200579,4.69101382005789
80,86.29459754959024,6.294597549590236
20,51.95241517167408,31.952415171674083
50,57.48479778319367,7.48479778319367
120,111.10417690485092,8.895823095149083
110,261.20406730414084,151.20406730414084
70,65.65455917576988,4.345440824230124
110,125.02354104677842,15.02354104677842
70,71.19517170528866,1.195171705288658
70,56.07047788812495,13.929522111875052
50,48.27775909994964,1.722240900050359
40,45.613272031805245,5.613272031805245
90,85.61295718170717,4.3870428182928265
70,83.75580547406769,13.755805474067685
80,81.45186263126395,1.4518626312639498
60,55.02590636483132,4.974093635168678
50,72.09478230576967,22.09478230576967
50,41.062091511629475,8.937908488370525
40,50.75921721007693,10.759217210076933
40,41.507443212697915,1.5074432126979147
50,174.285577909277,124.28557790927701
100,121.49999625529796,21.499996255297958
30,64.40607314180758,34.40607314180758
40,52.23557426621284,12.235574266212843
90,107.25432378940954,17.25432378940954
40,40.83704375350071,0.8370437535007085
50,50.68363239240271,0.683632392402707
120,158.47178704108012,38.47178704108012
80,70.33086338879576,9.669136611204237
40,43.36101656184233,3.3610165618423267
130,227.81008771929825,97.81008771929825
70,66.7253440148739,3.2746559851261026
40,40.867685786435786,0.8676857864357856
70,82.88831275645613,12.88831275645613
50,49.52570687057706,0.47429312942293933
120,124.57612526376812,4.57612526376812
310,177.51543711784717,132.48456288215283
150,136.15090688774808,13.849093112251921
20,29.89426406926407,9.894264069264072
70,80.7406361698173,10.740636169817293
80,100.19497381953147,20.19497381953147
60,64.60533007610395,4.605330076103954
40,52.75274576973777,12.752745769737771
90,78.79077390131289,11.209226098687111
60,78.3030189245532,18.3030189245532
40,178.6676927955593,138.6676927955593
60,66.90849715467967,6.908497154679665
50,69.0190715719578,19.019071571957795
80,67.88344893294213,12.11655106705787
40,60.8035799718474,20.803579971847398
60,51.12438296719006,8.875617032809942
60,54.852924591707165,5.147075408292835
50,47.02918921875887,2.970810781241127
260,226.57169531422184,33.42830468577816
80,64.54364208735959,15.456357912640414
90,99.03983264639383,9.039832646393833
100,87.59300612546254,12.406993874537463
60,138.8000856869961,78.80008568699611
90,176.8141770892029,86.8141770892029
80,92.55232556317898,12.552325563178982
220,187.61092835779002,32.389071642209984
60,95.90017760498034,35.90017760498034
100,100.30696345659577,0.30696345659576707
60,56.96475323867902,3.035246761320977
220,208.8711477671122,11.128852232887795
70,97.19312507072202,27.19312507072202
110,174.28891289639932,64.28891289639932
100,103.72796439248101,3.727964392481013
190,186.06495479328402,3.9350452067159836
120,119.50395899064372,0.4960410093562757
60,55.148784959332396,4.851215040667604
50,43.76180309272296,6.238196907277043
80,74.30257381017654,5.69742618982346
30,73.34936555547937,43.349365555479366
90,60.57249804655516,29.42750195344484
40,41.55866473950264,1.558664739502639
130,155.7007845580655,25.700784558065493
90,83.48839309222704,6.511606907772958
80,101.63882865382365,21.63882865382365
820,372.0624987255589,447.9375012744411
60,56.656930450225694,3.343069549774306
50,250.71994556801158,200.71994556801158
60,90.2016773577485,30.201677357748494
50,93.90810371013701,43.90810371013701
100,86.75263104119914,13.247368958800863
60,108.02643698685755,48.02643698685755
50,61.77754707558735,11.77754707558735
40,44.21991840737529,4.219918407375289
50,55.704982452509235,5.704982452509235
130,133.2103070769723,3.210307076972299
40,154.25763153892646,114.25763153892646
60,53.00309824915713,6.9969017508428735
50,60.10219056615463,10.102190566154633
90,91.08648297951396,1.08648297951396
190,159.32764797345777,30.672352026542228
50,68.9031617960741,18.9031617960741
120,274.76713396525093,154.76713396525093
120,89.91321940507764,30.08678059492236
260,126.42524123540555,133.57475876459443
20,52.83610118288489,32.83610118288489
50,40.7076149240623,9.292385075937702
30,40.167392810751906,10.167392810751906
40,66.30467033972467,26.304670339724666
90,80.11152979038586,9.888470209614141
50,49.0463877587382,0.9536122412618013
160,124.99618938332115,35.00381061667885
70,79.23007190054045,9.230071900540452
50,44.5414822016123,5.458517798387703
170,129.3862010913735,40.61379890862651
70,129.2436664021227,59.2436664021227
40,37.37346186570464,2.626538134295359
50,42.86982705263185,7.130172947368152
90,92.63567290584112,2.635672905841119
50,52.606175212286196,2.606175212286196
490,320.30162631112086,169.69837368887914
260,237.32274813797616,22.677251862023837
50,47.899084750637904,2.100915249362096
310,355.04424817179046,45.04424817179046
90,99.53540713013624,9.535407130136235
80,212.67126480611944,132.67126480611944
20,36.64570605449758,16.64570605449758
240,256.63302772433207,16.633027724332067
110,105.46871659617386,4.531283403826137
110,111.86457370062693,1.8645737006269343
50,38.41714386512181,11.582856134878192
60,57.731809396991736,2.2681906030082644
60,55.83639093448432,4.163609065515679
90,93.30283477937252,3.3028347793725175
50,58.598111191270256,8.598111191270256
100,84.8722499030861,15.1277500969139
410,89.99771198517712,320.00228801482285
50,33.78683263667171,16.21316736332829
490,319.51028170172907,170.48971829827093
130,135.52069186247468,5.520691862474678
50,50.14397578635115,0.14397578635114883
60,50.07053577675437,9.929464223245631
30,55.82447458175078,25.824474581750778
50,43.4870655212799,6.512934478720098
50,58.099930526352665,8.099930526352665
110,102.31928701172122,7.680712988278785
30,45.22037703618797,15.220377036187969
40,82.5373966351453,42.5373966351453
50,54.30965060695136,4.309650606951358
50,57.434101973267914,7.434101973267914
70,88.17143820107705,18.171438201077052
50,93.09320999782955,43.09320999782955
90,91.24362977463008,1.2436297746300795
40,61.73767988661843,21.73767988661843
20,32.52915077064383,12.529150770643831
50,67.87086674223046,17.87086674223046
50,59.0253284199556,9.0253284199556
240,217.51974021597854,22.480259784021456
40,45.318066513103,5.318066513102998
20,55.9296528975862,35.9296528975862
270,145.34540152569573,124.65459847430427
60,55.90406298513865,4.095937014861349
300,238.9771224702878,61.02287752971219
70,68.01182737730551,1.988172622694492
50,48.30941684345681,1.690583156543191
60,64.30886120103511,4.308861201035114
80,71.37651137994472,8.623488620055284
50,44.9183954944122,5.081604505587798
50,50.345080977831735,0.34508097783173497
50,48.02168392184832,1.9783160781516784
50,60.42389139715917,10.423891397159167
60,45.03815703029286,14.961842969707142
40,43.70537669753669,3.7053766975366926
60,59.35583225133188,0.6441677486681172
120,219.99487062501768,99.99487062501768
50,48.62951202629015,1.3704879737098494
440,335.8004509379508,104.19954906204919
80,59.1021662931237,20.8978337068763
210,185.88718010875078,24.112819891249217
60,70.49058966231954,10.490589662319536
30,38.21949904488721,8.219499044887208
20,30.23588983041382,10.235889830413821
100,131.26265502979652,31.26265502979652
70,169.8500901875902,99.85009018759021
80,86.92984012809656,6.929840128096558
40,66.40666405353906,26.40666405353906
200,141.25448698617797,58.745513013822034
30,58.040534157785,28.040534157784997
40,85.08752392671856,45.08752392671856
100,144.70263451249582,44.70263451249582
100,68.69652273392043,31.303477266079568
90,96.11410247281961,6.11410247281961
210,323.42294289363247,113.42294289363247
70,71.23749347513014,1.2374934751301367
50,53.01940722439341,3.0194072243934116
60,52.07195094344986,7.928049056550137
60,57.67157049949901,2.328429500500988
680,366.95104638009053,313.04895361990947
280,141.89174155557512,138.10825844442488
30,37.085806459998416,7.085806459998416
40,44.20244521699788,4.20244521699788
40,46.45094375834244,6.45094375834244
50,58.731312655282416,8.731312655282416
80,62.36283400035402,17.63716599964598
30,57.4549641722743,27.454964172274302
30,41.19371349448256,11.193713494482559
80,111.85159082997014,31.851590829970135
100,255.7333848062507,155.7333848062507
30,53.026166824427,23.026166824427
40,39.25062218554866,0.7493778144513428
50,56.689883492235374,6.689883492235374
300,290.53616843021007,9.463831569789932
90,81.41227228328239,8.587727716717609
270,300.876914983165,30.876914983165022
80,104.30948349223512,24.309483492235117
370,139.1641340316485,230.8358659683515
80,77.7002811396762,2.299718860323793
350,180.2299180372307,169.7700819627693
50,81.6094372168046,31.609437216804594
40,53.267696310978295,13.267696310978295
50,47.93718730460042,2.062812695399579
120,151.82089861271098,31.820898612710977
600,317.70243591369734,282.29756408630266
50,51.397937119854674,1.3979371198546744
60,52.81453721258516,7.185462787414842
70,64.30317680266931,5.696823197330687
40,49.5295165876435,9.5295165876435
60,88.38196898513533,28.38196898513533
180,121.82474053724057,58.17525946275943
70,55.67101615867553,14.328983841324472
70,67.16083658072634,2.8391634192736603
50,51.410062343806125,1.4100623438061248
60,65.72979007612406,5.729790076124061
60,57.76884732441621,2.231152675583793
120,195.0705942485956,75.0705942485956
50,63.63116128071775,13.631161280717748
60,58.276652931567924,1.7233470684320764
50,56.95954337185401,6.959543371854011
90,167.05739866454266,77.05739866454266
130,118.56578070622183,11.43421929377817
80,69.32710011967905,10.672899880320955
80,89.18879273827942,9.188792738279417
60,60.49771371597877,0.4977137159787688
50,64.96047038460672,14.960470384606722
60,91.81006517979368,31.810065179793682
50,53.00597961618026,3.0059796161802623
60,66.05877770494686,6.058777704946863
50,70.16930960676129,20.16930960676129
90,114.9058727166621,24.905872716662103
110,142.34482776373403,32.34482776373403
290,327.9844243315104,37.98442433151041
40,42.67376485507419,2.6737648550741895
250,134.39311034421655,115.60688965578345
20,32.46060828080507,12.460608280805069
620,292.3688746438746,327.6311253561254
50,56.17323643029163,6.173236430291631
110,120.2418983306068,10.241898330606801
60,50.56344557496133,9.436554425038672
80,64.5322087111638,15.467791288836196
70,87.28458827002828,17.28458827002828
130,121.54142632431606,8.458573675683937
40,45.830356892497825,5.830356892497825
70,106.4319129725922,36.4319129725922
50,55.15869303326034,5.158693033260342
90,74.83780926377071,15.162190736229292
70,100.84059060857847,30.840590608578466
90,93.11630416207193,3.116304162071927
50,65.86854351190418,15.868543511904178
80,235.09852922948465,155.09852922948465
60,64.1576933925212,4.157693392521196
100,91.40902381990468,8.590976180095325
60,71.60213860369345,11.602138603693447
410,293.27483848451465,116.72516151548535
50,45.791906266078904,4.208093733921096
60,46.489349197039054,13.510650802960946
30,47.95181480798328,17.951814807983283
140,131.8991917761936,8.10080822380641
50,63.926533393793456,13.926533393793456
200,126.2655228309667,73.7344771690333
90,59.136897651191454,30.863102348808546
40,105.20453859555546,65.20453859555546
80,82.33629144603637,2.3362914460363697
40,43.99403418315178,3.9940341831517827
50,54.241875775830664,4.241875775830664
40,45.92402416911839,5.92402416911839
60,53.27817047898361,6.721829521016389
90,91.38634461692469,1.3863446169246885
120,157.1628840113275,37.16288401132749
110,126.2841209007183,16.284120900718307
90,150.5839542680524,60.583954268052395
250,221.6062025534852,28.39379744651481
70,186.6741122346783,116.67411223467829
50,74.25679076198733,24.256790761987332
50,45.36761600029197,4.632383999708033
60,55.59774471384117,4.402255286158827
90,88.95782009858098,1.0421799014190185
60,67.23323043597291,7.233230435972914
40,38.68935400390355,1.3106459960964472
80,69.81595663712577,10.184043362874235
100,133.77911122782447,33.77911122782447
70,93.80224799996473,23.802247999964735
90,92.94643468559626,2.946434685596259
130,140.26965991610365,10.269659916103649
50,63.4335658719801,13.4335658719801
60,52.68754873253308,7.312451267466919
40,49.32282486032487,9.322824860324872
50,68.3702308653563,18.370230865356305
110,110.06384527690425,0.0638452769042459
60,67.20407218485173,7.204072184851725
20,34.09061369998871,14.090613699988708
160,197.18546482265626,37.18546482265626
60,43.681427961729554,16.318572038270446
70,83.01355238041432,13.013552380414325
50,58.36921174482029,8.36921174482029
30,68.02155350059144,38.02155350059144
60,76.17564794307974,16.17564794307974
180,76.60386897450181,103.39613102549819
40,48.268077890341004,8.268077890341004
70,105.63640794481185,35.63640794481185
60,63.90854397580404,3.9085439758040366
140,104.81371454258236,35.18628545741764
90,111.39029601934016,21.390296019340155
70,69.62105428451805,0.37894571548194733
60,70.83060785911319,10.830607859113186
190,158.05204425204425,31.947955747955746
50,71.9408147319783,21.940814731978307
80,105.3240848246422,25.3240848246422
90,169.02099867724868,79.02099867724868
100,163.66925439564096,63.66925439564096
40,77.35922241420106,37.35922241420106
50,66.80749443041375,16.807494430413755
60,58.769005185334926,1.230994814665074
70,64.2049885634592,5.795011436540804
120,129.96360179014803,9.963601790148033
350,209.84775169293462,140.15224830706538
40,56.045948158300895,16.045948158300895
80,92.12121057153458,12.121210571534576
50,45.078243488224075,4.921756511775925
70,101.06686690396258,31.066866903962577
50,49.33379671243346,0.6662032875665389
50,50.26853230037809,0.26853230037809084
150,282.8453830318352,132.84538303183518
40,36.399894102211036,3.600105897788964
50,56.280106299338435,6.280106299338435
50,50.30798461230436,0.3079846123043595
40,56.6329944277662,16.6329944277662
60,47.85992563105834,12.140074368941661
100,108.73835935447323,8.738359354473232
50,51.958922280958774,1.9589222809587739
340,345.8982210387065,5.898221038706481
30,47.621575325852525,17.621575325852525
90,96.96103388345895,6.961033883458953
210,189.58054764285515,20.41945235714485
50,42.22806793142014,7.771932068579858
310,199.3081392675622,110.69186073243779
80,106.95329534311708,26.953295343117077
160,132.79232846647432,27.207671533525684
60,44.48219896436044,15.517801035639557
70,74.95212661997815,4.952126619978145
80,222.20303030303026,142.20303030303026
80,151.9972542242703,71.9972542242703
180,77.21375590640295,102.78624409359705
100,111.01656497269481,11.016564972694809
90,76.00573038073038,13.994269619269616
100,203.42415202036773,103.42415202036773
100,111.71805496230685,11.718054962306852
70,194.34266357431636,124.34266357431636
90,130.57211011733574,40.57211011733574
70,78.37581034379099,8.375810343790988
60,83.54214315173972,23.542143151739722
140,118.77905663859575,21.220943361404252
100,100.1770608291112,0.17706082911119836
130,127.98473934550762,2.01526065449238
40,57.31566995412923,17.315669954129227
70,76.14536744129973,6.145367441299726
60,55.308149136229616,4.691850863770384
60,85.3555500106531,25.355550010653104
130,106.33144540442247,23.668554595577532
190,176.5895133805017,13.4104866194983
60,59.74184553872054,0.2581544612794602
100,187.66288767804264,87.66288767804264
60,128.96884380242784,68.96884380242784
40,83.59204540267427,43.59204540267427
50,41.262511426482014,8.737488573517986
30,39.97068901965075,9.970689019650749
40,86.73029486917105,46.73029486917105
80,94.29366142018627,14.293661420186268
100,56.248349213422735,43.751650786577265
330,469.27480697054426,139.27480697054426
60,62.120122244547105,2.1201222445471046
50,51.87342311551708,1.8734231155170775
40,43.694525511253445,3.6945255112534454
100,96.99395599061633,3.0060440093836718
60,71.15749090782272,11.15749090782272
90,111.8591284152381,21.859128415238104
80,115.45203656473913,35.45203656473913
50,49.434508688990924,0.565491311009076
100,115.0743167157181,15.074316715718098
60,66.96043324954613,6.960433249546128
60,57.79024816031533,2.209751839684671
150,224.7480429292929,74.7480429292929
60,65.39083563688672,5.39083563688672
50,75.65000826256782,25.650008262567823
60,48.96170286876347,11.038297131236533
60,72.68816657428397,12.688166574283969
380,309.84273515262424,70.15726484737576
30,80.60307720253135,50.60307720253135
80,94.41458587708588,14.414585877085884
70,59.99693735477615,10.00306264522385
100,113.97504235378784,13.975042353787842
130,114.35913148911638,15.640868510883621
50,59.44992737961113,9.449927379611132
30,63.41708268022132,33.41708268022132
50,55.91052378057889,5.910523780578892
10,40.16144423396629,30.161444233966293
100,101.75712743348453,1.757127433484527
40,51.01498678580166,11.01498678580166
50,62.11708556531464,12.117085565314639
50,62.02716121861775,12.02716121861775
50,51.17351453719825,1.1735145371982512
50,52.3343978675019,2.334397867501899
60,70.77757868579732,10.777578685797323
130,184.82695159636145,54.826951596361454
110,348.8276142824279,238.82761428242787
310,323.7396430437645,13.739643043764488
50,49.275872616000775,0.7241273839992246
30,40.801946745499706,10.801946745499706
80,59.129922668693844,20.870077331306156
50,41.80759961850125,8.19240038149875
50,42.65373019372024,7.346269806279757
90,285.2977458330719,195.29774583307187
30,59.802399171562236,29.802399171562236
60,52.12635055101659,7.873649448983407
60,88.31964785400754,28.319647854007542
40,50.36763261564956,10.367632615649562
50,52.89716066009349,2.8971606600934905
30,56.07142009462627,26.07142009462627
20,44.403288472467906,24.403288472467906
40,135.5489897650489,95.5489897650489
40,41.53260125581936,1.5326012558193582
50,48.98431661797345,1.0156833820265518
120,109.02453748931697,10.97546251068303
40,58.11406560422311,18.114065604223107
60,74.23256829157953,14.232568291579526
720,276.68722941379775,443.31277058620225
330,110.95317843308571,219.04682156691428
40,52.958962640312116,12.958962640312116
80,86.19755011884676,6.197550118846763
60,47.81486981032733,12.18513018967267
220,201.13783154515372,18.862168454846284
60,45.218332176375874,14.781667823624126
110,104.8835175542552,5.1164824457447935
60,129.5558922029351,69.5558922029351
700,365.41134674871745,334.58865325128255
140,154.0902165722083,14.090216572208305
50,54.93763328900238,4.9376332890023775
110,131.86554773001254,21.865547730012537
50,50.652495207829475,0.6524952078294746
70,61.08986414056739,8.910135859432607
150,125.14371392252104,24.856286077478956
50,85.36865195851851,35.36865195851851
110,117.35413445532303,7.354134455323035
40,42.263099685477535,2.2630996854775347
40,47.226633926252234,7.226633926252234
110,110.1642008894384,0.16420088943840483
60,42.330260114735914,17.669739885264086
60,63.90328949874712,3.903289498747121
100,161.06813973063973,61.06813973063973
100,110.40998314988242,10.409983149882422
70,79.44969424638543,9.449694246385434
50,46.917381097620954,3.0826189023790462
50,59.9542160213417,9.9542160213417
50,54.98729346610876,4.98729346610876
410,359.9485658590922,50.051434140907816
60,44.97212392463295,15.027876075367047
80,88.03596681096681,8.035966810966812
60,57.92955208561194,2.070447914388062
100,121.6633390182693,21.663339018269298
700,370.2945365734948,329.7054634265052
60,52.572041648226936,7.427958351773064
60,56.786205464261435,3.2137945357385647
60,62.22001573922336,2.2200157392233635
150,146.02282313065868,3.9771768693413208
30,42.0368150140657,12.036815014065702
60,51.47908517969181,8.520914820308192
110,122.34483222469729,12.344832224697285
60,69.87153537797164,9.87153537797164
60,46.23382588472537,13.76617411527463
70,68.4898832747286,1.510116725271402
60,72.77623450842462,12.776234508424622
40,41.072212907513084,1.0722129075130837
100,278.18460908036866,178.18460908036866
40,57.87107861561346,17.871078615613463
70,53.95543830668641,16.04456169331359
40,86.06335962087816,46.06335962087816
70,50.31804810854135,19.681951891458652
90,85.83426046942914,4.16573953057086
60,51.79946356807007,8.200536431929933
70,122.81721771072863,52.81721771072863
70,73.58148445005114,3.5814844500511356
60,76.2898497665185,16.2898497665185
70,78.60933823874952,8.609338238749515
50,56.59755868417294,6.597558684172938
250,180.18072107657144,69.81927892342856
60,39.99788907992082,20.002110920079183
40,46.11798101028863,6.117981010288631
50,32.635411648966226,17.364588351033774
100,122.1721218845485,22.172121884548503
90,97.98700381459774,7.987003814597742
50,53.90001679986253,3.9000167998625273
60,61.104259464902036,1.1042594649020359
40,63.68230383340194,23.68230383340194
100,97.98153617226005,2.01846382773995
50,55.51339006005609,5.513390060056089
60,57.09194243217419,2.908057567825807
60,188.82437370014495,128.82437370014495
70,99.7066849935881,29.706684993588098
60,83.57438467317827,23.574384673178272
40,79.59764405121805,39.597644051218055
100,109.03556952306954,9.03556952306954
40,35.789255416181966,4.210744583818034
60,50.78930523011067,9.21069476988933
120,141.55971852221853,21.55971852221853
620,292.84417989417983,327.15582010582017
60,57.67659410852617,2.3234058914738327
40,60.92836809450246,20.92836809450246
80,51.688011073268584,28.311988926731416
50,64.57794567234129,14.577945672341286
50,52.75311929982463,2.7531192998246325
60,53.86074141739057,6.139258582609429
60,67.98999537048314,7.989995370483143
240,275.3289538021607,35.3289538021607
40,43.3848888711548,3.3848888711548
40,39.44988435837752,0.550115641622483
270,144.74875044617409,125.25124955382591
60,57.03115868826857,2.968841311731431
60,64.50741620264382,4.5074162026438245
60,54.64730101893225,5.352698981067753
120,174.32297758807442,54.32297758807442
80,77.36401522278284,2.6359847772171605
70,72.37036916678774,2.3703691667877393
50,50.429846217740774,0.42984621774077425
50,46.29264653012202,3.7073534698779795
90,85.66081632318826,4.339183676811743
50,58.56368252652662,8.56368252652662
30,42.765390593892555,12.765390593892555
130,113.14745792314245,16.852542076857546
60,53.36030590791097,6.63969409208903
50,62.46777409209298,12.46777409209298
390,86.51868019998003,303.48131980001995
40,38.464195244197185,1.5358047558028147
50,52.334244560288084,2.3342445602880844
60,92.56216530889243,32.56216530889243
100,133.5203664165185,33.5203664165185
50,55.4723578645941,5.472357864594102
50,59.032835074949716,9.032835074949716
50,46.08157925180099,3.9184207481990114
110,114.31530545072215,4.31530545072215
50,43.63597642936943,6.364023570630572
40,45.45848398302211,5.458483983022113
130,234.73339592437247,104.73339592437247
60,71.69781384523965,11.69781384523965
60,52.25080363166212,7.749196368337877
40,50.24139886075182,10.241398860751822
60,52.07743003089144,7.922569969108558
50,88.26256830909965,38.26256830909965
100,133.3375797258985,33.33757972589851
20,37.36629961677753,17.366299616777532
70,64.01381585719733,5.986184142802671
80,101.41693517529464,21.41693517529464
130,173.8396374458875,43.83963744588749
60,53.94762766324737,6.052372336752633
80,110.35242324966161,30.352423249661612
50,53.112219469984396,3.112219469984396
340,203.69829855639497,136.30170144360503
410,121.45231207803248,288.5476879219675
80,97.92634734093063,17.926347340930633
60,79.78327342461365,19.783273424613654
50,43.0021704099589,6.9978295900411
30,39.13709694717758,9.137096947177582
40,46.64364028133311,6.643640281333113
40,61.900412759296366,21.900412759296366
50,49.364109516561065,0.635890483438935
90,103.52045632366372,13.520456323663723
100,129.40061136844093,29.400611368440934
100,91.3720821275425,8.627917872457502
120,105.29848966504741,14.701510334952587
60,53.30187262996484,6.698127370035159
50,81.13286065766216,31.132860657662164
30,58.63413917359132,28.634139173591322
100,100.206122644271,0.20612264427100513
80,48.40532287194487,31.59467712805513
50,62.68212820168106,12.68212820168106
30,48.649354504734696,18.649354504734696
50,50.77274567209346,0.7727456720934569
420,225.08295524475696,194.91704475524304
50,54.046367841246905,4.046367841246905
60,52.471496439257656,7.528503560742344
30,43.45242614288667,13.452426142886672
70,81.85809533870197,11.858095338701972
50,41.91907241898514,8.080927581014862
80,60.12005493750653,19.87994506249347
50,56.61294784852791,6.612947848527909
40,36.890114002571984,3.109885997428016
20,55.41345896649219,35.41345896649219
40,54.44315449622547,14.443154496225468
480,298.4578324356089,181.5421675643911
80,77.0125317903847,2.987468209615301
80,148.50553350970023,68.50553350970023
30,40.60439094323576,10.604390943235757
50,49.10914399442505,0.8908560055749533
90,87.73413176199797,2.265868238002028
280,278.4276611808136,1.5723388191864274
360,293.1409724479807,66.85902755201931
60,60.902053745474795,0.9020537454747952
60,66.24095828531509,6.240958285315088
60,61.36161979266872,1.3616197926687192
50,51.81487405797809,1.8148740579780878
60,68.48526989172424,8.485269891724244
60,79.53218144973013,19.532181449730132
70,65.30795819059269,4.692041809407314
70,73.9327434168672,3.932743416867197
50,54.08953688998047,4.089536889980472
290,230.9808855384429,59.01911446155711
50,52.62739067282834,2.6273906728283407
40,45.141278270611664,5.141278270611664
90,104.59285170903156,14.592851709031564
60,86.60227617757701,26.60227617757701
90,124.41499029174203,34.41499029174203
120,153.54272321260078,33.54272321260078
50,95.5162980710366,45.5162980710366
40,47.9985943238879,7.9985943238879
80,119.07936762311762,39.07936762311762
50,52.99532543056015,2.9953254305601504
50,61.13604007661575,11.13604007661575
50,114.60239788122358,64.60239788122358
400,235.0404605692649,164.9595394307351
130,129.7673656193835,0.23263438061650277
110,115.70992942091343,5.709929420913426
40,47.0553876276548,7.055387627654802
50,62.003216228216225,12.003216228216225
100,103.94045361234626,3.9404536123462606
60,47.96815412247863,12.03184587752137
80,75.68893215060237,4.311067849397631
70,83.22652891787047,13.226528917870468
40,31.7858296495741,8.2141703504259
70,149.7422349698365,79.74223496983649
50,53.06130835407581,3.0613083540758126
70,69.2706731951657,0.7293268048343009
90,108.73954877995759,18.739548779957587
80,95.38769090815043,15.387690908150432
630,295.2551914452936,334.7448085547064
170,247.33920456564368,77.33920456564368
60,55.867345607855306,4.132654392144694
100,140.09291980525393,40.09291980525393
30,70.25807532693732,40.258075326937316
40,46.68647918873882,6.686479188738822
440,156.3617697607028,283.6382302392972
80,96.98686167387196,16.986861673871957
60,138.18831769349012,78.18831769349012
320,350.69748942577905,30.697489425779054
50,46.536900599840905,3.463099400159095
20,38.784171465592195,18.784171465592195
340,145.20558782105323,194.79441217894677
90,106.2458930676093,16.245893067609302
60,62.049967525801804,2.0499675258018044
140,75.79871855678552,64.20128144321448
60,63.10789368718377,3.1078936871837683
50,54.944538748006345,4.9445387480063445
20,34.57605531834983,14.57605531834983
60,66.62567506561808,6.625675065618083
90,98.03071421138944,8.030714211389437
80,99.45908663704492,19.45908663704492
40,49.348183599045186,9.348183599045186
60,64.72331950456949,4.7233195045694885
60,71.08873688826958,11.08873688826958
70,70.3393931157822,0.339393115782201
50,49.5378182219723,0.46218177802769844
80,117.77170446600799,37.77170446600799
100,101.00506366280705,1.0050636628070464
60,55.99202415693561,4.0079758430643935
70,72.10789440769925,2.1078944076992485
50,63.893280567414436,13.893280567414436
