user_id,day_type,transport_mode,distance_km,electricity_kwh,renewable_usage_pct,food_type,screen_time_hours,waste_generated_kg,eco_actions,carbon_footprint_kg,carbon_impact_level,unfccc_opportunity,cbd_opportunity,unccd_opportunity
1,Weekend,EV,1.55,6.12,0,Non-Veg,2.4,0.7,1,11.03,High,0.44377500000000003,0.676,0.496
1,Weekend,Walk,10.04,4.5,0,Mixed,4.1,0.54,1,7.44,Medium,0.4905,0.09720000000000001,0.1512
1,Weekday,Walk,15.27,2.81,0,Mixed,4.0,0.51,1,6.01,Medium,0.49390833333333334,0.0918,0.14279999999999998
1,Weekend,Walk,0.5,10.16,0,Mixed,6.3,0.73,0,12.7,High,0.5787833333333334,0.13140000000000002,0.2044
1,Weekend,Walk,3.6,5.02,50,Mixed,5.1,0.64,0,6.33,Medium,0.32906666666666673,0.11520000000000001,0.17919999999999997
1,Weekday,EV,7.77,5.14,50,Veg,4.2,0.73,1,4.89,Low,0.38559166666666667,0.13140000000000002,0.2044
1,Weekend,Bike,6.87,7.14,75,Mixed,2.6,0.45,0,5.5,Low,0.39767499999999995,0.081,0.126
2,Weekend,Bus,0.5,4.76,25,Non-Veg,3.0,0.66,1,8.86,Medium,0.3307833333333333,0.6688000000000001,0.4848
2,Weekday,Walk,14.33,8.78,50,Non-Veg,7.4,0.8,0,10.06,Medium,0.6010583333333333,0.6940000000000001,0.524
2,Weekday,Car,9.51,7.78,0,Mixed,2.4,1.03,1,12.72,High,0.6041416666666668,0.1854,0.2884
2,Weekend,Car,9.25,9.62,75,Mixed,5.3,0.91,3,7.31,Medium,0.5183583333333334,0.1638,0.2548
2,Weekday,Bike,9.42,2.47,0,Mixed,2.8,1.0,0,6.73,Medium,0.40831666666666666,0.18,0.27999999999999997
2,Weekend,EV,0.5,9.06,25,Non-Veg,8.4,0.73,1,11.57,High,0.48845000000000005,0.6814,0.5044
2,Weekday,Walk,6.02,6.8,0,Mixed,8.5,0.75,4,8.38,Medium,0.5245833333333334,0.135,0.20999999999999996
3,Weekend,Bike,11.49,7.73,75,Mixed,4.2,0.81,2,5.26,Low,0.47705833333333336,0.1458,0.22679999999999997
3,Weekend,Bike,4.53,7.42,25,Mixed,3.6,0.82,0,9.05,Medium,0.4786916666666667,0.1476,0.22959999999999997
3,Weekday,Bike,13.81,7.11,0,Veg,5.6,0.68,2,7.85,Medium,0.6333250000000001,0.12240000000000002,0.19039999999999999
3,Weekend,Bus,11.62,3.96,0,Mixed,2.3,0.86,2,7.91,Medium,0.49045,0.1548,0.2408
3,Weekday,Walk,13.91,6.95,0,Veg,3.0,0.93,0,8.82,Medium,0.6287083333333334,0.16740000000000002,0.2604
3,Weekend,Car,5.97,9.47,0,Veg,7.1,1.02,1,11.84,High,0.6218583333333334,0.1836,0.28559999999999997
3,Weekday,Bike,14.35,11.36,0,Veg,7.8,0.67,0,12.11,High,0.7959083333333334,0.12060000000000001,0.1876
4,Weekend,Bus,3.73,3.54,50,Mixed,3.2,0.75,1,5.75,Low,0.27642500000000003,0.135,0.20999999999999996
4,Weekday,Bike,8.87,5.75,75,Non-Veg,8.1,0.9,2,6.96,Medium,0.3717083333333333,0.7120000000000001,0.552
4,Weekday,Bus,7.08,5.74,75,Veg,8.3,0.7,1,4.18,Low,0.3489666666666667,0.126,0.19599999999999998
4,Weekday,Bike,17.2,4.77,75,Non-Veg,8.2,0.86,0,7.51,Medium,0.4399,0.7048000000000001,0.5408
4,Weekday,Bus,16.87,6.85,0,Mixed,3.1,0.6,2,10.38,Medium,0.6620416666666666,0.10800000000000001,0.16799999999999998
4,Weekday,Walk,14.94,4.61,0,Veg,4.3,0.89,3,5.65,Low,0.5557833333333333,0.1602,0.2492
4,Weekday,Bike,17.07,3.86,0,Mixed,8.8,0.58,2,6.57,Medium,0.5549083333333333,0.1044,0.1624
5,Weekend,Car,16.94,7.23,25,Non-Veg,3.4,0.63,0,14.26,High,0.6268500000000001,0.6634000000000001,0.47639999999999993
5,Weekend,Walk,9.91,5.13,75,Mixed,8.7,0.92,2,4.86,Low,0.361975,0.16560000000000002,0.2576
5,Weekday,EV,11.5,8.39,100,Veg,8.7,0.73,2,2.54,Low,0.45138333333333336,0.13140000000000002,0.2044
5,Weekday,Car,15.11,7.45,75,Mixed,6.9,0.57,1,8.49,Medium,0.5120416666666667,0.1026,0.1596
5,Weekend,Car,6.23,5.0,75,Non-Veg,7.2,1.04,1,8.68,Medium,0.3112083333333333,0.7372000000000001,0.5912
5,Weekend,Car,10.22,7.99,75,Non-Veg,8.4,0.93,1,9.99,Medium,0.4707166666666667,0.7174,0.5604
5,Weekend,Bike,8.28,9.11,50,Non-Veg,7.6,0.76,1,9.75,Medium,0.5375333333333333,0.6868000000000001,0.5127999999999999
6,Weekday,Bus,15.04,6.21,25,Veg,4.0,0.63,1,7.37,Medium,0.5657000000000001,0.11340000000000001,0.17639999999999997
6,Weekend,Bus,2.43,5.68,25,Veg,7.4,0.84,0,6.7,Medium,0.3886416666666667,0.1512,0.2352
6,Weekday,Bike,6.92,6.36,25,Mixed,6.5,0.6,3,6.94,Medium,0.46970000000000006,0.10800000000000001,0.16799999999999998
6,Weekday,Bus,9.35,7.82,25,Non-Veg,2.5,0.83,1,11.66,High,0.5536083333333334,0.6994,0.5324
6,Weekend,Bike,9.46,5.43,25,Veg,7.0,0.6,1,5.66,Low,0.46735000000000004,0.10800000000000001,0.16799999999999998
6,Weekend,Walk,14.49,8.14,25,Mixed,3.7,0.99,0,9.69,Medium,0.6295916666666668,0.1782,0.2772
6,Weekday,Bike,9.17,5.85,0,Non-Veg,5.4,1.11,1,11.23,High,0.5291250000000001,0.7498,0.6108
7,Weekend,Car,12.53,3.19,50,Veg,2.3,0.96,2,6.29,Medium,0.37359166666666666,0.1728,0.2688
7,Weekday,Bus,6.26,5.4,25,Mixed,8.6,0.68,1,7.74,Medium,0.4262500000000001,0.12240000000000002,0.19039999999999999
7,Weekday,Walk,9.54,9.56,25,Non-Veg,8.6,0.76,1,11.89,High,0.6197833333333335,0.6868000000000001,0.5127999999999999
7,Weekend,Car,5.57,4.89,0,Mixed,7.9,0.71,0,9.53,Medium,0.448925,0.1278,0.19879999999999998
7,Weekday,Walk,9.64,7.29,0,Mixed,6.9,0.85,2,9.7,Medium,0.5878,0.153,0.238
7,Weekend,Car,7.23,6.75,75,Non-Veg,8.9,0.53,1,8.64,Medium,0.387875,0.6454000000000001,0.4484
7,Weekday,EV,9.32,7.85,75,Non-Veg,8.0,0.98,1,8.26,Medium,0.4543333333333333,0.7264,0.5744
8,Weekday,Car,10.24,9.8,0,Veg,8.3,0.87,1,12.83,High,0.6873333333333334,0.15660000000000002,0.24359999999999998
8,Weekday,Bus,13.3,7.21,100,Non-Veg,6.0,0.71,0,7.41,Medium,0.4306166666666667,0.6778000000000001,0.49879999999999997
8,Weekday,Walk,20.37,9.62,50,Non-Veg,7.5,0.63,1,9.8,Medium,0.7073583333333333,0.6634000000000001,0.47639999999999993
8,Weekend,Bus,3.2,7.43,25,Mixed,5.1,0.81,0,9.3,Medium,0.46243333333333336,0.1458,0.22679999999999997
8,Weekday,Walk,15.22,8.19,50,Non-Veg,2.7,0.76,0,9.77,Medium,0.59055,0.6868000000000001,0.5127999999999999
8,Weekend,Walk,4.27,7.82,75,Mixed,6.9,1.1,3,5.22,Low,0.39010833333333333,0.198,0.308
8,Weekend,Car,4.09,3.78,75,Veg,2.8,1.18,1,4.65,Low,0.23972500000000002,0.2124,0.33039999999999997
9,Weekday,Car,13.29,4.4,50,Non-Veg,6.1,0.67,0,10.89,Medium,0.4274583333333334,0.6706000000000001,0.4876
9,Weekday,Bike,13.61,5.27,100,Non-Veg,2.1,0.78,1,6.03,Medium,0.36335833333333334,0.6904000000000001,0.5184
9,Weekday,EV,12.28,7.66,100,Non-Veg,2.5,0.78,2,6.13,Medium,0.4343666666666667,0.6904000000000001,0.5184
9,Weekend,Bus,6.22,9.76,25,Veg,8.3,0.53,0,9.14,Medium,0.5856166666666667,0.09540000000000001,0.1484
9,Weekday,Bus,11.56,7.64,50,Veg,3.9,0.66,1,6.45,Medium,0.5246333333333334,0.11880000000000002,0.1848
9,Weekend,Walk,0.58,2.44,75,Veg,6.8,0.76,0,3.41,Low,0.14671666666666666,0.1368,0.21279999999999996
9,Weekday,Car,6.72,9.18,75,Non-Veg,8.1,0.92,1,9.5,Medium,0.47059999999999996,0.7156,0.5576
10,Weekend,Car,4.12,6.95,75,Mixed,7.9,0.72,1,6.26,Medium,0.35633333333333334,0.1296,0.2016
10,Weekday,Walk,11.57,6.24,75,Mixed,7.7,1.04,2,5.23,Low,0.423425,0.1872,0.2912
10,Weekday,Walk,13.25,4.42,100,Mixed,6.2,0.71,0,4.35,Low,0.32769166666666666,0.1278,0.19879999999999998
10,Weekend,EV,10.24,9.11,25,Veg,2.8,0.79,3,7.76,Medium,0.6120333333333334,0.14220000000000002,0.22119999999999998
10,Weekday,Bike,20.19,8.19,25,Mixed,2.9,0.77,0,9.46,Medium,0.702675,0.1386,0.21559999999999996
10,Weekday,Walk,14.58,8.8,50,Mixed,3.5,0.95,1,7.85,Medium,0.6049166666666667,0.17099999999999999,0.26599999999999996
10,Weekend,Bike,0.5,5.85,25,Veg,7.5,0.88,1,6.26,Medium,0.37075,0.1584,0.2464
11,Weekend,Car,5.94,8.74,0,Veg,5.2,0.85,1,11.03,High,0.5947166666666668,0.153,0.238
11,Weekday,Walk,13.61,7.08,0,Veg,2.9,0.84,0,8.81,Medium,0.6297250000000001,0.1512,0.2352
11,Weekday,Walk,13.47,5.61,0,Mixed,4.4,0.84,1,8.71,Medium,0.5740750000000001,0.1512,0.2352
11,Weekday,EV,15.82,6.35,0,Non-Veg,2.6,0.69,0,12.17,High,0.6305833333333333,0.6742,0.49319999999999997
11,Weekday,Car,6.26,6.96,25,Veg,5.5,0.83,2,7.79,Medium,0.48345000000000005,0.1494,0.2324
11,Weekend,Bus,6.17,7.1,75,Veg,7.2,0.81,0,4.92,Low,0.38745833333333335,0.1458,0.22679999999999997
11,Weekday,EV,9.81,5.09,25,Mixed,6.3,0.73,1,7.5,Medium,0.4592583333333334,0.13140000000000002,0.2044
12,Weekday,EV,3.23,6.15,25,Mixed,5.7,0.66,0,8.2,Medium,0.41587500000000005,0.11880000000000002,0.1848
12,Weekend,Bike,12.1,2.0,0,Non-Veg,3.9,0.56,1,7.41,Medium,0.4245833333333333,0.6508,0.4568
12,Weekend,Walk,5.81,3.72,75,Non-Veg,6.2,0.53,2,6.09,Medium,0.259025,0.6454000000000001,0.4484
12,Weekend,Bus,6.31,3.56,25,Mixed,7.2,0.39,0,6.66,Medium,0.35940833333333333,0.07020000000000001,0.10919999999999999
12,Weekend,Bike,5.24,7.62,25,Veg,4.5,0.33,2,6.29,Medium,0.49490000000000006,0.05940000000000001,0.0924
12,Weekday,EV,9.4,4.23,0,Veg,4.0,0.61,2,5.77,Low,0.4726,0.10980000000000001,0.1708
12,Weekday,EV,8.68,5.81,75,Veg,7.7,0.58,0,4.23,Low,0.3715333333333333,0.1044,0.1624
13,Weekday,Bike,14.11,5.19,25,Mixed,6.0,0.75,0,7.59,Medium,0.516675,0.135,0.20999999999999996
13,Weekday,Bus,8.95,3.44,25,Veg,3.7,0.2,0,5.07,Low,0.38800833333333334,0.036000000000000004,0.055999999999999994
13,Weekend,EV,0.5,6.25,25,Veg,3.1,1.12,0,7.21,Medium,0.38541666666666674,0.20160000000000006,0.3136
13,Weekend,Bus,0.5,3.27,0,Mixed,8.9,0.48,1,6.4,Medium,0.32615000000000005,0.0864,0.1344
13,Weekend,Bus,9.34,2.78,50,Mixed,6.2,0.1,2,4.71,Low,0.3186833333333333,0.018000000000000002,0.027999999999999997
13,Weekday,Walk,8.81,5.12,0,Non-Veg,2.5,0.58,3,9.19,Medium,0.49785833333333335,0.6544000000000001,0.4624
13,Weekday,Bike,9.62,5.87,0,Non-Veg,3.1,0.67,1,10.72,Medium,0.5354833333333333,0.6706000000000001,0.4876
14,Weekend,EV,10.14,9.52,25,Non-Veg,4.6,0.78,1,12.29,High,0.6258166666666667,0.6904000000000001,0.5184
14,Weekend,Walk,6.07,10.38,0,Non-Veg,8.3,1.02,2,14.44,High,0.6564750000000001,0.7336,0.5855999999999999
14,Weekday,Car,3.16,7.66,0,Mixed,3.0,0.97,2,10.81,Medium,0.5203666666666666,0.1746,0.27159999999999995
14,Weekday,Walk,12.73,7.8,0,Non-Veg,4.2,1.02,0,13.13,High,0.645125,0.7336,0.5855999999999999
14,Weekday,Bus,8.58,10.08,75,Non-Veg,4.4,0.94,1,8.98,Medium,0.52685,0.7192000000000001,0.5631999999999999
14,Weekday,Bike,17.15,6.56,0,Non-Veg,3.6,1.05,2,11.34,High,0.6549083333333334,0.7390000000000001,0.594
14,Weekday,Bike,15.89,5.97,0,Mixed,8.4,0.61,1,8.72,Medium,0.6175250000000001,0.10980000000000001,0.1708
15,Weekday,Walk,12.72,10.62,50,Non-Veg,2.1,1.04,2,10.3,Medium,0.6484,0.7372000000000001,0.5912
15,Weekday,Bike,14.36,9.25,25,Non-Veg,7.2,0.95,3,11.13,High,0.6686666666666666,0.7210000000000001,0.566
15,Weekend,Car,6.22,7.83,25,Mixed,4.8,0.65,1,10.01,Medium,0.51485,0.11700000000000002,0.182
15,Weekend,Bus,4.29,4.04,25,Veg,8.4,0.35,1,4.85,Low,0.3517583333333334,0.063,0.09799999999999999
15,Weekday,Bike,10.66,8.87,0,Mixed,5.2,0.63,1,11.13,High,0.6584833333333333,0.11340000000000001,0.17639999999999997
15,Weekend,Walk,4.91,5.45,25,Mixed,6.4,0.82,0,7.84,Medium,0.4112083333333334,0.1476,0.22959999999999997
15,Weekend,EV,1.93,6.79,100,Non-Veg,3.0,0.52,2,5.41,Low,0.2730916666666667,0.6436000000000001,0.4456
16,Weekday,Walk,11.34,3.03,75,Mixed,3.4,0.65,0,4.91,Low,0.30285,0.11700000000000002,0.182
16,Weekend,Car,5.87,3.46,25,Non-Veg,2.5,0.47,1,9.02,Medium,0.3502416666666667,0.6346,0.4316
16,Weekday,Car,18.02,6.68,0,Veg,3.3,0.1,3,10.19,Medium,0.6701833333333334,0.018000000000000002,0.027999999999999997
16,Weekday,Bus,7.56,7.6,0,Non-Veg,3.1,0.71,0,13.18,High,0.5731666666666666,0.6778000000000001,0.49879999999999997
16,Weekday,Walk,17.09,3.17,50,Non-Veg,2.1,0.37,0,7.25,Medium,0.42985833333333334,0.6166,0.40359999999999996
16,Weekend,Bus,3.9,5.32,50,Non-Veg,3.7,0.47,3,7.36,Medium,0.34381666666666666,0.6346,0.4316
16,Weekday,Bus,10.5,2.5,0,Veg,8.3,0.64,0,5.66,Low,0.42291666666666666,0.11520000000000001,0.17919999999999997
17,Weekday,Walk,13.3,2.26,25,Mixed,8.2,0.42,0,5.39,Low,0.3991166666666667,0.0756,0.1176
17,Weekday,Walk,16.2,6.88,0,Non-Veg,6.4,0.18,1,10.95,Medium,0.6547666666666667,0.5824,0.3504
17,Weekday,Car,4.99,3.53,75,Non-Veg,7.3,0.72,2,7.33,Medium,0.24180833333333335,0.6796,0.5016
17,Weekend,Car,5.88,5.06,50,Non-Veg,3.8,0.18,0,9.03,Medium,0.3590333333333333,0.5824,0.3504
17,Weekend,Bike,0.85,4.69,0,Mixed,2.1,0.2,2,6.79,Medium,0.38259166666666666,0.036000000000000004,0.055999999999999994
17,Weekday,Walk,14.21,4.97,50,Non-Veg,6.7,0.72,0,8.4,Medium,0.45985833333333337,0.6796,0.5016
17,Weekend,Bus,5.37,5.96,25,Veg,5.6,0.46,1,6.24,Medium,0.43565833333333337,0.08280000000000001,0.1288
18,Weekday,EV,12.79,3.94,50,Veg,4.1,0.38,1,4.19,Low,0.4043416666666667,0.0684,0.10639999999999998
18,Weekday,Walk,13.97,5.93,50,Non-Veg,3.5,0.54,1,8.18,Medium,0.4920583333333334,0.6472,0.4512
18,Weekend,Bus,6.49,7.67,0,Non-Veg,2.5,0.51,2,12.12,High,0.5623583333333334,0.6418,0.44279999999999997
18,Weekday,Bike,5.77,4.88,75,Mixed,7.6,0.44,1,4.62,Low,0.3010583333333333,0.0792,0.1232
18,Weekday,EV,15.72,3.23,25,Mixed,8.1,0.61,3,5.64,Low,0.46493333333333337,0.10980000000000001,0.1708
18,Weekend,EV,4.19,6.74,25,Non-Veg,3.5,0.82,0,10.79,Medium,0.4495083333333334,0.6976,0.5296
18,Weekday,Walk,12.54,3.66,75,Mixed,8.8,0.86,4,3.69,Low,0.34095000000000003,0.1548,0.2408
19,Weekday,Walk,12.38,6.35,0,Non-Veg,2.8,0.88,1,11.37,High,0.5875833333333333,0.7084,0.5464
19,Weekday,Car,10.09,6.85,25,Non-Veg,7.5,0.75,1,12.33,High,0.5272916666666667,0.685,0.51
19,Weekend,Car,7.07,8.79,0,Non-Veg,2.2,0.85,3,14.01,High,0.6106750000000001,0.7030000000000001,0.538
19,Weekday,Car,16.26,6.25,25,Mixed,6.4,1.12,3,10.9,Medium,0.5824166666666667,0.20160000000000006,0.3136
19,Weekend,Car,12.32,6.24,0,Non-Veg,2.8,0.57,0,13.89,High,0.5828,0.6526000000000001,0.4596
19,Weekday,Walk,8.33,3.7,50,Mixed,3.5,0.6,2,4.93,Low,0.3397916666666667,0.10800000000000001,0.16799999999999998
19,Weekday,Walk,15.94,6.8,75,Veg,5.3,0.61,1,3.73,Low,0.4985833333333333,0.10980000000000001,0.1708
20,Weekday,EV,13.53,9.69,25,Mixed,3.6,1.21,0,11.46,High,0.674425,0.2178,0.3388
20,Weekend,EV,3.51,6.59,50,Non-Veg,4.5,1.17,1,9.35,Medium,0.38550833333333334,0.7606,0.6275999999999999
20,Weekend,Walk,3.72,6.6,0,Non-Veg,5.8,1.01,2,11.33,High,0.4885,0.7318,0.5828
20,Weekend,Bus,4.55,8.64,0,Non-Veg,8.2,0.99,1,13.75,High,0.573675,0.7282000000000001,0.5771999999999999
20,Weekend,EV,10.33,4.45,0,Veg,7.1,0.63,1,6.42,Medium,0.4922916666666667,0.11340000000000001,0.17639999999999997
20,Weekday,EV,14.78,5.68,0,Veg,8.0,0.19,2,6.68,Medium,0.5930166666666667,0.0342,0.05319999999999999
20,Weekend,Walk,2.52,8.82,0,Mixed,8.2,1.26,4,10.64,Medium,0.5549000000000002,0.22680000000000003,0.35279999999999995
21,Weekend,Bike,10.27,9.32,50,Mixed,7.3,0.81,1,7.89,Medium,0.5701083333333333,0.1458,0.22679999999999997
21,Weekend,EV,6.59,7.88,75,Non-Veg,5.6,0.76,0,8.29,Medium,0.42130833333333334,0.6868000000000001,0.5127999999999999
21,Weekday,Bus,15.27,4.53,100,Non-Veg,6.4,0.99,2,7.11,Medium,0.35697500000000004,0.7282000000000001,0.5771999999999999
21,Weekday,Walk,6.6,7.66,100,Mixed,4.4,1.16,2,4.09,Low,0.3633666666666666,0.2088,0.3248
21,Weekday,Bus,12.7,7.95,0,Non-Veg,4.1,0.77,1,13.56,High,0.65025,0.6886000000000001,0.5156
21,Weekday,EV,12.7,6.35,75,Mixed,8.8,0.87,2,5.55,Low,0.4415833333333333,0.15660000000000002,0.24359999999999998
21,Weekday,EV,18.26,7.09,50,Non-Veg,5.1,0.55,0,9.8,Medium,0.5882166666666667,0.649,0.45399999999999996
22,Weekday,EV,3.2,5.22,0,Non-Veg,6.8,0.97,1,10.67,Medium,0.4314,0.7246,0.5715999999999999
22,Weekday,Bus,14.6,6.88,25,Non-Veg,6.5,0.52,3,10.32,Medium,0.5847666666666667,0.6436000000000001,0.4456
22,Weekend,Car,3.23,4.81,75,Mixed,5.3,1.11,1,6.1,Medium,0.26674166666666665,0.19980000000000003,0.3108
22,Weekend,EV,7.37,7.88,50,Veg,7.9,0.95,0,6.67,Medium,0.48105833333333337,0.17099999999999999,0.26599999999999996
22,Weekend,Car,11.32,9.31,25,Veg,2.8,0.92,0,11.21,High,0.6328666666666667,0.16560000000000002,0.2576
22,Weekday,EV,9.29,10.3,0,Non-Veg,5.4,0.85,0,15.34,High,0.6937916666666667,0.7030000000000001,0.538
22,Weekend,Bike,3.28,5.92,25,Mixed,2.1,1.02,0,8.37,Medium,0.4080666666666667,0.1836,0.28559999999999997
23,Weekday,EV,21.89,4.72,0,Mixed,6.9,0.73,0,9.12,Medium,0.6466916666666667,0.13140000000000002,0.2044
23,Weekend,Bus,7.92,3.87,0,Non-Veg,8.9,0.65,0,10.08,Medium,0.44090000000000007,0.667,0.482
23,Weekend,Walk,15.61,5.57,50,Non-Veg,5.9,0.48,1,7.96,Medium,0.49935833333333335,0.6364000000000001,0.4344
23,Weekend,Car,6.15,5.29,0,Mixed,6.0,0.51,2,8.94,Medium,0.4708416666666667,0.0918,0.14279999999999998
23,Weekday,Bike,17.6,7.28,0,Non-Veg,8.6,0.67,4,10.67,Medium,0.6869333333333334,0.6706000000000001,0.4876
23,Weekend,Bike,3.41,5.82,75,Veg,5.2,0.84,2,3.41,Low,0.30602500000000005,0.1512,0.2352
23,Weekday,Walk,9.39,4.74,75,Mixed,3.5,0.76,2,4.58,Low,0.341175,0.1368,0.21279999999999996
24,Weekday,Car,9.71,6.86,0,Veg,6.8,0.82,0,10.64,Medium,0.5729083333333334,0.1476,0.22959999999999997
24,Weekday,Bike,16.36,6.59,50,Veg,7.2,0.42,2,4.4,Low,0.5461333333333334,0.0756,0.1176
24,Weekend,Walk,2.39,7.19,25,Veg,7.1,1.0,3,6.43,Medium,0.44350833333333334,0.18,0.27999999999999997
24,Weekday,EV,14.61,3.95,75,Non-Veg,3.5,1.09,1,7.8,Medium,0.3774583333333333,0.7462000000000001,0.6052
24,Weekday,Bike,17.52,7.68,0,Mixed,3.7,0.84,1,10.41,Medium,0.7006000000000001,0.1512,0.2352
24,Weekday,Walk,11.9,8.9,0,Mixed,8.1,0.95,1,11.53,High,0.6750833333333334,0.17099999999999999,0.26599999999999996
24,Weekday,Car,0.61,6.14,100,Non-Veg,3.8,0.57,1,5.91,Low,0.23275833333333334,0.6526000000000001,0.4596
25,Weekend,Car,0.5,6.49,0,Non-Veg,3.2,0.4,2,10.61,Medium,0.4442166666666667,0.6220000000000001,0.412
25,Weekday,EV,13.02,9.69,0,Non-Veg,3.2,0.98,0,15.14,High,0.7180500000000001,0.7264,0.5744
25,Weekday,Walk,15.39,9.19,25,Non-Veg,7.9,0.89,1,11.81,High,0.6793416666666667,0.7102,0.5492
25,Weekend,Bike,11.19,6.4,0,Non-Veg,5.7,0.7,1,11.19,High,0.5745416666666667,0.676,0.496
25,Weekday,Car,11.48,5.12,75,Non-Veg,4.2,0.7,0,9.8,Medium,0.38123333333333337,0.676,0.496
25,Weekday,EV,12.04,8.63,25,Mixed,5.6,0.88,2,9.55,Medium,0.6169333333333334,0.1584,0.2464
25,Weekend,Bus,2.25,8.14,50,Veg,8.8,0.87,2,5.76,Low,0.4265916666666667,0.15660000000000002,0.24359999999999998
26,Weekday,EV,9.4,6.64,50,Non-Veg,8.1,1.18,1,9.62,Medium,0.46096666666666664,0.7624000000000001,0.6304
26,Weekday,EV,12.79,7.5,50,Veg,3.5,0.56,1,5.86,Low,0.534875,0.10080000000000003,0.1568
26,Weekend,Car,12.52,8.5,50,Non-Veg,6.0,0.73,2,11.69,High,0.5681666666666667,0.6814,0.5044
26,Weekend,Bus,10.76,4.48,75,Mixed,7.3,0.72,1,5.75,Low,0.3487666666666667,0.1296,0.2016
26,Weekday,Bus,17.5,6.38,0,Veg,4.6,0.78,1,9.17,Medium,0.6526833333333333,0.14040000000000002,0.21839999999999998
26,Weekday,Bike,8.03,2.82,0,Veg,4.6,1.11,1,5.24,Low,0.403775,0.19980000000000003,0.3108
26,Weekday,Walk,16.04,8.46,25,Non-Veg,5.4,0.72,0,11.56,High,0.6607000000000001,0.6796,0.5016
27,Weekday,Bus,6.44,2.47,25,Non-Veg,5.7,0.91,3,7.42,Medium,0.3210666666666667,0.7138,0.5548
27,Weekend,Car,8.26,6.79,0,Mixed,8.5,0.69,0,11.63,High,0.5522166666666667,0.1242,0.19319999999999998
27,Weekday,EV,11.24,6.42,0,Non-Veg,5.4,0.46,1,11.37,High,0.5759000000000001,0.6328,0.42879999999999996
27,Weekend,Walk,2.06,2.0,50,Non-Veg,7.0,0.71,0,7.18,Medium,0.19908333333333333,0.6778000000000001,0.49879999999999997
27,Weekday,Bike,8.07,5.02,0,Non-Veg,6.8,0.65,1,10.01,Medium,0.4849416666666667,0.667,0.482
27,Weekday,Bus,6.66,2.56,100,Non-Veg,5.4,0.72,2,6.1,Medium,0.1771166666666667,0.6796,0.5016
27,Weekday,Bike,13.89,5.68,50,Veg,7.7,0.58,0,5.02,Low,0.4818916666666667,0.1044,0.1624
28,Weekday,Bike,13.6,8.47,75,Non-Veg,4.5,0.69,0,8.06,Medium,0.5305666666666667,0.6742,0.49319999999999997
28,Weekend,Bus,3.13,8.01,75,Non-Veg,5.0,0.61,1,7.73,Medium,0.382825,0.6598,0.4708
28,Weekend,Car,7.12,4.26,50,Non-Veg,8.0,0.81,0,9.71,Medium,0.3452,0.6958000000000001,0.5267999999999999
28,Weekend,Car,10.9,9.32,25,Non-Veg,3.6,1.04,2,13.97,High,0.6279833333333333,0.7372000000000001,0.5912
28,Weekend,Walk,0.5,4.95,25,Non-Veg,7.0,1.07,2,9.04,Medium,0.33775000000000005,0.7426,0.5995999999999999
28,Weekday,EV,13.21,5.44,25,Mixed,3.9,0.53,1,7.6,Medium,0.5145916666666668,0.09540000000000001,0.1484
28,Weekend,Bus,3.15,5.03,75,Mixed,3.6,0.75,3,4.49,Low,0.2738083333333333,0.135,0.20999999999999996
29,Weekday,EV,16.91,3.19,100,Non-Veg,6.6,0.96,1,6.93,Medium,0.3283416666666667,0.7228000000000001,0.5688
29,Weekend,Walk,7.68,6.37,0,Mixed,6.8,0.64,0,9.5,Medium,0.5295666666666667,0.11520000000000001,0.17919999999999997
29,Weekday,Car,8.34,5.51,25,Non-Veg,7.3,0.89,2,10.91,Medium,0.4562833333333334,0.7102,0.5492
29,Weekend,Walk,1.14,3.4,100,Mixed,8.5,0.56,2,3.38,Low,0.1389166666666667,0.10080000000000003,0.1568
29,Weekday,Car,9.0,5.77,50,Mixed,2.9,0.73,1,8.23,Medium,0.4240666666666667,0.13140000000000002,0.2044
29,Weekend,Walk,8.33,3.44,25,Mixed,2.6,0.45,2,5.35,Low,0.38025833333333336,0.081,0.126
29,Weekday,Bus,7.59,2.0,50,Mixed,5.6,0.63,2,4.88,Low,0.2682083333333334,0.11340000000000001,0.17639999999999997
30,Weekday,Bus,15.35,7.7,25,Veg,8.1,0.86,3,7.8,Medium,0.6242083333333334,0.1548,0.2408
30,Weekend,Bike,5.3,6.19,0,Non-Veg,6.9,0.89,2,10.84,Medium,0.4932166666666667,0.7102,0.5492
30,Weekend,EV,5.96,11.99,50,Mixed,3.2,0.82,1,9.24,Medium,0.6141333333333333,0.1476,0.22959999999999997
30,Weekday,Bus,10.51,5.76,0,Non-Veg,2.2,0.98,1,11.85,High,0.542575,0.7264,0.5744
30,Weekend,Bus,6.22,2.35,0,Veg,6.5,0.94,0,5.55,Low,0.36391666666666667,0.1692,0.2632
30,Weekday,EV,18.12,9.74,0,Veg,2.4,0.84,0,11.72,High,0.7836333333333334,0.1512,0.2352
30,Weekday,Car,17.96,6.54,0,Non-Veg,4.1,0.8,0,15.59,High,0.6643000000000001,0.6940000000000001,0.524
31,Weekend,Walk,6.06,5.38,100,Non-Veg,7.7,0.47,2,5.27,Low,0.2730166666666667,0.6346,0.4316
31,Weekend,Bike,9.65,4.23,25,Non-Veg,4.9,0.74,3,7.79,Medium,0.425725,0.6832,0.5072
31,Weekday,EV,9.69,2.03,0,Mixed,3.8,0.67,1,5.96,Low,0.39555833333333335,0.12060000000000001,0.1876
31,Weekend,Car,7.57,6.66,0,Non-Veg,5.8,0.9,2,12.83,High,0.5388250000000001,0.7120000000000001,0.552
31,Weekday,Bike,7.23,6.62,0,Veg,7.2,0.32,1,7.41,Medium,0.5331083333333333,0.057600000000000005,0.08959999999999999
31,Weekday,Bike,10.22,7.2,100,Mixed,7.5,0.82,1,4.09,Low,0.39175000000000004,0.1476,0.22959999999999997
31,Weekday,Car,5.6,5.96,75,Veg,2.3,0.76,3,4.11,Low,0.3385333333333333,0.1368,0.21279999999999996
32,Weekday,EV,15.69,6.47,0,Mixed,7.2,0.6,2,9.35,Medium,0.6333583333333332,0.10800000000000001,0.16799999999999998
32,Weekend,EV,6.95,5.59,0,Non-Veg,2.5,0.59,0,11.07,High,0.4918416666666667,0.6562,0.46519999999999995
32,Weekend,Car,11.2,8.57,50,Veg,3.3,0.62,0,8.6,Medium,0.5542333333333334,0.1116,0.1736
32,Weekend,Car,7.13,5.14,50,Mixed,3.9,0.87,1,7.75,Medium,0.37759166666666666,0.15660000000000002,0.24359999999999998
32,Weekend,Walk,11.24,6.92,50,Veg,6.5,0.56,1,5.11,Low,0.4942333333333333,0.10080000000000003,0.1568
32,Weekend,Bus,11.82,9.65,50,Mixed,7.7,0.58,2,8.29,Medium,0.6015833333333334,0.1044,0.1624
32,Weekday,Bus,13.44,4.53,25,Mixed,6.3,0.35,1,7.39,Medium,0.48410000000000003,0.063,0.09799999999999999
33,Weekend,Car,6.84,4.34,50,Non-Veg,4.0,0.6,2,8.64,Medium,0.34463333333333335,0.658,0.46799999999999997
33,Weekend,Walk,7.06,4.19,75,Veg,7.1,0.86,2,3.09,Low,0.2918833333333334,0.1548,0.2408
33,Weekday,Bus,13.31,4.69,75,Mixed,2.3,0.52,2,5.35,Low,0.38834166666666664,0.0936,0.1456
33,Weekday,Bus,11.66,6.87,50,Non-Veg,5.8,0.55,1,9.5,Medium,0.49765000000000004,0.649,0.45399999999999996
33,Weekend,Bus,8.26,2.0,50,Veg,8.1,0.8,0,4.44,Low,0.2765833333333333,0.14400000000000002,0.22399999999999998
33,Weekend,Car,8.69,4.19,0,Veg,7.1,0.54,1,7.5,Medium,0.4622583333333334,0.09720000000000001,0.1512
33,Weekday,Car,17.15,3.88,0,Mixed,5.9,0.68,0,11.1,High,0.5566416666666667,0.12240000000000002,0.19039999999999999
34,Weekday,EV,17.79,5.98,0,Non-Veg,7.3,0.93,0,12.23,High,0.6416416666666667,0.7174,0.5604
34,Weekday,Bike,8.86,6.65,100,Non-Veg,4.6,0.46,1,5.65,Low,0.35458333333333336,0.6328,0.42879999999999996
34,Weekday,Bus,10.25,8.59,75,Veg,6.2,0.56,1,4.85,Low,0.49309166666666665,0.10080000000000003,0.1568
34,Weekend,EV,0.5,7.75,50,Veg,2.7,0.53,1,5.43,Low,0.39041666666666663,0.09540000000000001,0.1484
34,Weekday,Walk,22.23,8.26,25,Non-Veg,6.2,1.04,2,11.03,High,0.7307416666666667,0.7372000000000001,0.5912
34,Weekday,Bike,11.97,7.84,0,Veg,2.4,0.86,2,8.67,Medium,0.6370916666666667,0.1548,0.2408
34,Weekend,Bike,3.4,3.42,0,Veg,5.0,0.6,0,5.53,Low,0.3679,0.10800000000000001,0.16799999999999998
35,Weekend,Bus,12.05,6.13,100,Non-Veg,8.5,0.38,2,6.12,Medium,0.3753916666666667,0.6184000000000001,0.4064
35,Weekend,Bus,13.42,7.06,25,Veg,6.0,0.52,1,7.64,Medium,0.5766166666666668,0.0936,0.1456
35,Weekend,EV,0.5,2.88,0,Veg,2.2,0.48,1,4.55,Low,0.31185,0.0864,0.1344
35,Weekend,EV,9.09,6.85,75,Mixed,3.3,0.54,2,5.12,Low,0.4147916666666666,0.09720000000000001,0.1512
35,Weekend,Walk,5.89,8.18,25,Mixed,7.1,0.46,1,8.69,Medium,0.5235583333333333,0.08280000000000001,0.1288
35,Weekend,Bike,7.88,6.37,100,Mixed,2.5,0.83,0,4.49,Low,0.3320666666666667,0.1494,0.2324
35,Weekday,Car,8.09,3.39,0,Non-Veg,8.3,0.41,2,9.68,Medium,0.42542500000000005,0.6238,0.41479999999999995
36,Weekday,Bus,8.31,3.49,0,Non-Veg,8.3,0.51,0,9.64,Medium,0.4318416666666667,0.6418,0.44279999999999997
36,Weekend,Bike,0.5,6.03,0,Veg,8.3,0.53,1,7.18,Medium,0.42735,0.09540000000000001,0.1484
36,Weekend,Car,8.06,2.0,50,Mixed,8.9,0.41,0,6.51,Medium,0.27408333333333335,0.0738,0.11479999999999999
36,Weekday,Walk,7.56,5.46,25,Mixed,5.2,0.53,1,7.1,Medium,0.44470000000000004,0.09540000000000001,0.1484
36,Weekend,EV,7.39,3.67,0,Mixed,8.0,0.41,1,6.89,Medium,0.42694166666666666,0.0738,0.11479999999999999
36,Weekend,Car,4.82,4.71,50,Veg,5.8,0.5,1,5.14,Low,0.33294999999999997,0.09,0.13999999999999999
36,Weekday,Bike,8.68,3.63,25,Mixed,6.6,0.92,1,6.43,Medium,0.39160000000000006,0.16560000000000002,0.2576
37,Weekday,Car,11.27,8.52,0,Non-Veg,7.5,0.58,0,15.54,High,0.653275,0.6544000000000001,0.4624
37,Weekday,Walk,8.8,8.14,25,Mixed,3.4,0.55,3,7.97,Medium,0.5584666666666668,0.099,0.154
37,Weekend,Bike,7.27,5.99,50,Mixed,2.2,0.69,2,5.99,Low,0.41050833333333336,0.1242,0.19319999999999998
37,Weekend,Bus,3.06,6.58,75,Mixed,4.7,0.55,2,4.96,Low,0.3295166666666667,0.099,0.154
37,Weekend,Bike,0.5,6.41,50,Veg,6.0,0.94,2,4.96,Low,0.3412833333333334,0.1692,0.2632
37,Weekday,EV,14.15,6.92,50,Veg,4.2,0.54,2,5.25,Low,0.5306083333333333,0.09720000000000001,0.1512
37,Weekend,Car,3.81,5.12,75,Veg,6.6,0.67,1,4.25,Low,0.2853583333333334,0.12060000000000001,0.1876
38,Weekend,EV,1.35,7.42,100,Veg,4.9,1.14,3,2.23,Low,0.28894166666666665,0.2052,0.3192
38,Weekend,Bus,5.25,9.15,0,Veg,2.1,1.1,2,10.44,Medium,0.601125,0.198,0.308
38,Weekend,Walk,16.36,5.93,75,Veg,7.7,0.98,2,3.59,Low,0.4719333333333333,0.1764,0.2744
38,Weekend,EV,11.27,7.16,25,Mixed,4.5,1.12,1,9.3,Medium,0.5534083333333334,0.20160000000000006,0.3136
38,Weekday,EV,11.91,8.89,0,Veg,3.7,0.97,0,10.93,Medium,0.6748416666666668,0.1746,0.27159999999999995
38,Weekday,Walk,9.35,3.72,50,Mixed,6.6,0.56,3,4.49,Low,0.353275,0.10080000000000003,0.1568
38,Weekend,Walk,10.98,8.05,0,Mixed,6.8,0.7,0,10.94,Medium,0.6324166666666668,0.126,0.19599999999999998
39,Weekday,EV,10.39,5.77,75,Mixed,4.0,0.84,1,5.71,Low,0.3914416666666667,0.1512,0.2352
39,Weekday,Car,16.05,6.68,75,Veg,8.1,0.3,3,5.9,Low,0.4955583333333333,0.054000000000000006,0.08399999999999999
39,Weekend,Bike,7.09,6.0,25,Mixed,2.8,0.22,2,6.66,Medium,0.45862500000000006,0.0396,0.0616
39,Weekend,Car,0.5,3.87,50,Mixed,8.4,0.55,0,5.84,Low,0.24815000000000004,0.099,0.154
39,Weekend,Bus,4.26,6.18,75,Non-Veg,7.3,0.74,0,8.0,Medium,0.32985,0.6832,0.5072
39,Weekend,Bus,3.89,5.49,0,Mixed,3.7,0.93,0,9.43,Medium,0.449925,0.16740000000000002,0.2604
39,Weekend,Bike,0.5,4.3,25,Mixed,4.1,0.77,0,7.07,Medium,0.31391666666666673,0.1386,0.21559999999999996
40,Weekend,Bus,2.54,8.22,25,Mixed,8.2,1.05,0,10.02,Medium,0.4831500000000001,0.189,0.294
40,Weekend,Bus,5.58,7.15,50,Non-Veg,2.2,0.88,0,9.94,Medium,0.4319166666666667,0.7084,0.5464
40,Weekday,Car,16.65,8.08,0,Non-Veg,2.7,1.1,4,15.34,High,0.7043916666666667,0.748,0.608
40,Weekday,Walk,1.19,8.67,0,Veg,5.0,0.97,2,9.48,Medium,0.532775,0.1746,0.27159999999999995
40,Weekday,Bus,17.49,9.65,50,Mixed,3.7,1.22,1,9.92,Medium,0.6724583333333334,0.21960000000000002,0.3416
40,Weekday,EV,10.97,3.13,50,Veg,8.7,1.17,2,4.32,Low,0.3518916666666667,0.21059999999999998,0.3276
40,Weekend,EV,8.44,6.11,25,Mixed,2.3,0.61,0,8.32,Medium,0.47953333333333337,0.10980000000000001,0.1708
41,Weekday,Walk,6.37,5.05,50,Mixed,4.0,0.62,0,6.32,Medium,0.3647916666666666,0.1116,0.1736
41,Weekend,Bus,0.5,7.15,25,Veg,5.6,0.49,0,7.03,Medium,0.4184166666666667,0.0882,0.1372
41,Weekday,Bus,11.36,6.4,0,Veg,6.3,0.54,2,8.01,Medium,0.5766666666666667,0.09720000000000001,0.1512
41,Weekend,Walk,2.82,4.48,25,Non-Veg,5.0,0.48,2,8.02,Medium,0.3495166666666667,0.6364000000000001,0.4344
41,Weekday,Bus,5.68,6.81,75,Non-Veg,8.7,0.51,0,7.96,Medium,0.3707,0.6418,0.44279999999999997
41,Weekday,EV,12.59,5.46,50,Veg,2.8,0.48,1,4.92,Low,0.45757499999999995,0.0864,0.1344
41,Weekday,Bus,8.45,4.64,25,Non-Veg,7.3,0.71,2,9.08,Medium,0.42575833333333335,0.6778000000000001,0.49879999999999997
42,Weekend,Car,5.33,6.71,75,Mixed,7.1,0.89,0,7.06,Medium,0.36265833333333336,0.1602,0.2492
42,Weekend,Car,1.43,6.53,0,Veg,5.0,0.71,1,8.11,Medium,0.45730833333333337,0.1278,0.19879999999999998
42,Weekend,Bike,0.5,6.62,0,Veg,7.1,0.53,3,6.87,Medium,0.4489833333333334,0.09540000000000001,0.1484
42,Weekend,EV,1.23,7.99,0,Non-Veg,7.5,1.02,3,12.12,High,0.5083416666666667,0.7336,0.5855999999999999
42,Weekend,EV,5.0,7.77,25,Non-Veg,6.2,0.39,2,10.14,Medium,0.49740000000000006,0.6202000000000001,0.4092
42,Weekend,Walk,4.99,4.15,0,Non-Veg,8.2,0.55,0,9.56,Medium,0.4145416666666667,0.649,0.45399999999999996
42,Weekend,Car,4.28,8.7,0,Veg,2.5,1.02,1,10.85,Medium,0.5725,0.1836,0.28559999999999997
43,Weekday,Car,5.48,8.93,0,Mixed,8.9,1.15,0,13.36,High,0.5959333333333334,0.207,0.32199999999999995
43,Weekday,Bike,10.15,5.78,25,Veg,8.7,0.77,1,6.08,Medium,0.4888083333333334,0.1386,0.21559999999999996
43,Weekday,Car,11.65,5.97,0,Veg,2.2,0.72,0,10.21,Medium,0.5645249999999999,0.1296,0.2016
43,Weekend,Walk,12.39,6.47,75,Mixed,6.2,0.82,2,5.01,Low,0.4421083333333333,0.1476,0.22959999999999997
43,Weekend,Car,5.57,7.44,25,Non-Veg,4.4,0.54,1,11.49,High,0.49242500000000006,0.6472,0.4512
43,Weekday,Bus,12.57,7.79,25,Non-Veg,4.1,0.87,0,12.34,High,0.5927583333333334,0.7066000000000001,0.5436
43,Weekday,Walk,6.95,5.08,100,Veg,5.9,0.97,0,3.16,Low,0.2731416666666667,0.1746,0.27159999999999995
44,Weekend,EV,0.5,5.43,25,Veg,9.0,1.14,3,5.53,Low,0.35535000000000005,0.2052,0.3192
44,Weekday,Bus,10.21,3.5,0,Veg,5.3,0.37,4,4.53,Low,0.4559583333333334,0.0666,0.1036
44,Weekday,Walk,12.96,6.35,0,Non-Veg,7.6,0.6,0,11.43,High,0.5948333333333333,0.658,0.46799999999999997
44,Weekday,Bike,11.5,3.69,100,Veg,5.4,0.73,1,2.47,Low,0.27905,0.13140000000000002,0.2044
44,Weekend,Bus,10.18,6.95,25,Mixed,5.6,0.53,1,8.83,Medium,0.5320833333333334,0.09540000000000001,0.1484
44,Weekday,Car,16.78,5.19,50,Mixed,6.0,0.91,1,9.84,Medium,0.50005,0.1638,0.2548
44,Weekend,Car,5.18,5.56,25,Veg,6.4,0.88,1,7.16,Medium,0.4186166666666667,0.1584,0.2464
45,Weekday,Bus,16.5,7.62,50,Mixed,2.9,0.5,1,8.14,Medium,0.58565,0.09,0.13999999999999999
45,Weekday,Car,6.48,7.63,0,Mixed,2.1,0.79,3,10.87,Medium,0.5607666666666666,0.14220000000000002,0.22119999999999998
45,Weekday,Car,15.2,7.27,50,Mixed,7.4,0.76,0,10.59,Medium,0.5565666666666667,0.1368,0.21279999999999996
45,Weekday,Walk,16.28,4.44,25,Mixed,4.8,0.69,0,7.05,Medium,0.5163000000000001,0.1242,0.19319999999999998
45,Weekday,EV,8.83,5.36,75,Mixed,8.6,0.31,0,5.33,Low,0.3569083333333333,0.0558,0.0868
45,Weekend,Bus,6.85,8.54,50,Veg,2.4,0.69,0,6.88,Medium,0.4987583333333333,0.1242,0.19319999999999998
45,Weekend,Car,0.5,4.54,0,Mixed,4.0,0.86,1,7.96,Medium,0.3727166666666667,0.1548,0.2408
46,Weekday,Car,11.22,5.16,50,Non-Veg,4.5,0.59,1,10.28,Medium,0.42945,0.6562,0.46519999999999995
46,Weekend,Walk,6.03,6.82,25,Non-Veg,6.1,0.46,1,9.84,Medium,0.47544166666666676,0.6328,0.42879999999999996
46,Weekday,Car,12.76,6.53,75,Non-Veg,5.9,0.7,1,9.95,Medium,0.44893333333333335,0.676,0.496
46,Weekday,Walk,9.04,6.62,25,Mixed,4.0,0.65,0,8.35,Medium,0.5057333333333334,0.11700000000000002,0.182
46,Weekday,Bus,8.21,3.53,0,Veg,5.6,0.81,0,6.53,Medium,0.4320583333333334,0.1458,0.22679999999999997
46,Weekend,EV,9.82,3.15,0,Veg,7.9,0.41,0,5.48,Low,0.43825000000000003,0.0738,0.11479999999999999
46,Weekend,EV,10.5,2.59,75,Veg,4.2,0.42,3,2.26,Low,0.27621666666666667,0.0756,0.1176
47,Weekend,Walk,5.74,9.13,25,Mixed,6.4,0.75,5,8.02,Medium,0.5565166666666668,0.135,0.20999999999999996
47,Weekday,Bike,8.73,5.92,50,Mixed,2.3,0.59,2,5.84,Low,0.42619166666666664,0.1062,0.16519999999999999
47,Weekend,EV,0.5,2.0,0,Mixed,4.6,0.55,2,5.02,Low,0.27958333333333335,0.099,0.154
47,Weekend,Bike,5.41,4.84,50,Non-Veg,5.3,0.74,1,7.98,Medium,0.3450916666666667,0.6832,0.5072
47,Weekend,Bus,9.88,8.44,0,Mixed,3.0,0.9,1,11.9,High,0.6329666666666667,0.162,0.252
47,Weekend,Walk,9.24,8.34,0,Veg,8.2,0.5,0,9.44,Medium,0.6213,0.09,0.13999999999999999
47,Weekday,Bike,9.82,5.27,0,Veg,5.6,0.8,0,7.27,Medium,0.5159833333333332,0.14400000000000002,0.22399999999999998
48,Weekday,Bike,9.95,5.15,25,Veg,4.8,0.45,2,4.91,Low,0.46320833333333333,0.081,0.126
48,Weekend,Bike,8.15,5.49,25,Non-Veg,6.7,0.86,3,8.71,Medium,0.45317500000000005,0.7048000000000001,0.5408
48,Weekday,Bus,9.11,5.14,0,Mixed,2.1,0.69,0,9.27,Medium,0.5023416666666667,0.1242,0.19319999999999998
48,Weekend,Bike,6.41,8.35,0,Non-Veg,4.6,0.68,1,12.77,High,0.5862916666666667,0.6724000000000001,0.49039999999999995
48,Weekend,Car,6.2,5.88,50,Mixed,5.2,0.7,1,7.65,Medium,0.3931,0.126,0.19599999999999998
48,Weekday,Bus,11.59,2.61,50,Veg,5.3,0.65,1,4.38,Low,0.34057499999999996,0.11700000000000002,0.182
48,Weekday,Bike,12.92,3.3,0,Veg,3.0,0.53,2,4.53,Low,0.4825,0.09540000000000001,0.1484
49,Weekday,Car,13.99,6.78,25,Non-Veg,6.7,0.39,1,12.68,High,0.5734750000000001,0.6202000000000001,0.4092
49,Weekday,Car,6.97,6.51,50,Veg,2.4,0.54,0,6.78,Medium,0.425825,0.09720000000000001,0.1512
49,Weekday,Bus,7.64,4.45,100,Non-Veg,5.7,0.55,1,6.37,Medium,0.2586666666666667,0.649,0.45399999999999996
49,Weekend,Bike,0.5,6.24,25,Veg,5.8,0.43,1,5.95,Low,0.38505000000000006,0.0774,0.1204
49,Weekday,Car,11.2,2.51,0,Veg,2.3,0.64,0,7.18,Medium,0.4320333333333333,0.11520000000000001,0.17919999999999997
49,Weekday,Bike,13.48,2.0,25,Veg,6.2,0.64,0,4.0,Low,0.39183333333333337,0.11520000000000001,0.17919999999999997
49,Weekend,EV,6.65,4.8,0,Mixed,7.5,0.56,2,7.57,Medium,0.45912500000000006,0.10080000000000003,0.1568
50,Weekend,EV,8.29,4.19,50,Non-Veg,6.7,0.86,0,8.58,Medium,0.35725833333333334,0.7048000000000001,0.5408
50,Weekend,Car,11.94,6.56,25,Veg,2.1,0.44,1,8.67,Medium,0.5397833333333334,0.0792,0.1232
50,Weekday,Car,14.42,5.07,25,Veg,2.2,0.74,2,8.24,Medium,0.5161500000000001,0.1332,0.2072
50,Weekday,Walk,8.97,3.1,75,Non-Veg,9.0,0.42,4,5.04,Low,0.27579166666666666,0.6256,0.41759999999999997
50,Weekday,Car,5.59,4.68,25,Non-Veg,4.5,0.85,1,10.17,Medium,0.391475,0.7030000000000001,0.538
50,Weekend,Bus,6.06,4.2,0,Non-Veg,2.3,0.61,2,9.36,Medium,0.42975,0.6598,0.4708
50,Weekday,Bike,14.75,6.91,50,Non-Veg,4.0,1.22,2,8.99,Medium,0.5377416666666667,0.7696000000000001,0.6416
51,Weekday,Bus,17.64,6.68,25,Non-Veg,5.5,0.95,0,12.16,High,0.6154333333333334,0.7210000000000001,0.566
51,Weekday,Walk,6.7,9.01,0,Mixed,2.5,0.78,0,11.82,High,0.6141166666666666,0.14040000000000002,0.21839999999999998
51,Weekday,Walk,12.04,8.69,25,Non-Veg,7.7,0.77,3,10.57,Medium,0.6191333333333334,0.6886000000000001,0.5156
51,Weekend,Bus,9.83,7.61,0,Veg,5.0,1.08,0,10.32,Medium,0.6019083333333334,0.19440000000000002,0.3024
51,Weekend,Bus,7.39,6.54,0,Mixed,4.9,0.73,1,9.93,Medium,0.5321750000000001,0.13140000000000002,0.2044
51,Weekend,Bus,6.14,5.46,0,Mixed,2.0,0.65,2,8.44,Medium,0.47695000000000004,0.11700000000000002,0.182
51,Weekday,Walk,16.87,8.89,75,Mixed,5.0,0.65,2,5.31,Low,0.5868416666666668,0.11700000000000002,0.182
52,Weekday,Car,7.21,8.16,50,Veg,2.5,0.3,2,6.42,Medium,0.489325,0.054000000000000006,0.08399999999999999
52,Weekend,Bus,7.67,8.06,100,Mixed,2.3,0.78,0,5.04,Low,0.39140833333333336,0.14040000000000002,0.21839999999999998
52,Weekday,Walk,5.99,7.28,0,Veg,5.6,0.81,1,8.54,Medium,0.5418083333333334,0.1458,0.22679999999999997
52,Weekday,Bus,16.33,7.33,25,Non-Veg,8.4,0.86,1,11.95,High,0.6228916666666667,0.7048000000000001,0.5408
52,Weekday,Bus,15.7,4.57,0,Non-Veg,4.3,0.75,4,9.81,Medium,0.5638166666666666,0.685,0.51
52,Weekend,EV,5.98,6.74,25,Mixed,3.1,0.78,1,8.43,Medium,0.4718833333333334,0.14040000000000002,0.21839999999999998
52,Weekend,Walk,9.4,2.8,50,Non-Veg,7.7,0.57,2,6.54,Medium,0.3201666666666667,0.6526000000000001,0.4596
53,Weekday,Bike,14.8,6.78,0,Veg,7.6,0.27,0,7.88,Medium,0.6336,0.048600000000000004,0.0756
53,Weekday,Walk,16.39,4.01,75,Mixed,6.7,0.5,1,4.52,Low,0.40190833333333337,0.09,0.13999999999999999
53,Weekend,Bike,10.45,9.5,75,Mixed,8.3,0.72,0,6.31,Medium,0.5289583333333334,0.1296,0.2016
53,Weekday,Walk,9.44,4.16,50,Veg,4.3,0.43,1,3.83,Low,0.3705333333333334,0.0774,0.1204
53,Weekday,Car,9.86,2.94,50,Non-Veg,4.3,0.67,3,8.38,Medium,0.33104999999999996,0.6706000000000001,0.4876
53,Weekend,Car,3.81,5.37,50,Veg,2.7,0.44,0,5.53,Low,0.344525,0.0792,0.1232
53,Weekend,Bus,3.97,3.01,100,Non-Veg,2.5,0.44,1,5.94,Low,0.15999166666666667,0.6292000000000001,0.4232
54,Weekday,Walk,12.31,7.26,25,Mixed,4.4,0.87,1,8.6,Medium,0.5700750000000001,0.15660000000000002,0.24359999999999998
54,Weekend,Bike,5.67,3.04,0,Non-Veg,4.0,0.7,1,8.44,Medium,0.3823416666666667,0.676,0.496
54,Weekday,Bike,12.28,4.67,25,Non-Veg,6.4,0.61,1,8.7,Medium,0.47473333333333334,0.6598,0.4708
54,Weekday,Car,15.25,3.59,50,Veg,6.3,0.44,3,5.99,Low,0.4222583333333333,0.0792,0.1232
54,Weekday,Bike,8.33,6.65,0,Veg,6.1,0.73,2,7.52,Medium,0.5479583333333333,0.13140000000000002,0.2044
54,Weekday,Bus,12.18,5.19,0,Mixed,5.2,0.64,1,9.1,Medium,0.5425500000000001,0.11520000000000001,0.17919999999999997
54,Weekday,Bike,13.99,4.1,50,Veg,8.4,0.63,1,4.04,Low,0.4252083333333333,0.11340000000000001,0.17639999999999997
55,Weekend,EV,13.0,8.25,50,Non-Veg,3.7,0.57,0,10.09,Medium,0.5650000000000001,0.6526000000000001,0.4596
55,Weekend,EV,7.05,6.41,0,Veg,3.7,0.79,0,8.48,Medium,0.5231583333333334,0.14220000000000002,0.22119999999999998
55,Weekday,Bike,8.34,4.27,0,Mixed,5.2,0.81,1,7.57,Medium,0.46081666666666665,0.1458,0.22679999999999997
55,Weekday,Walk,17.95,6.66,75,Veg,5.8,0.77,0,4.29,Low,0.518575,0.1386,0.21559999999999996
55,Weekday,Walk,17.67,6.99,50,Mixed,5.7,0.64,2,6.33,Medium,0.577175,0.11520000000000001,0.17919999999999997
55,Weekend,Walk,3.52,4.35,75,Veg,6.7,0.4,2,2.57,Low,0.2535,0.07200000000000001,0.11199999999999999
55,Weekday,Car,15.32,3.93,25,Veg,5.1,0.78,0,8.57,Medium,0.48560000000000003,0.14040000000000002,0.21839999999999998
56,Weekend,Walk,6.74,6.31,0,Mixed,4.1,0.48,1,8.85,Medium,0.5156166666666666,0.0864,0.1344
56,Weekend,Bike,9.17,7.14,0,Mixed,7.4,1.19,0,10.78,Medium,0.576425,0.2142,0.3332
56,Weekend,Bike,1.93,6.67,0,Non-Veg,3.3,0.78,4,10.3,Medium,0.4686916666666667,0.6904000000000001,0.5184
56,Weekend,Bike,1.97,5.16,0,Veg,5.6,0.41,1,6.32,Medium,0.41382500000000005,0.0738,0.11479999999999999
56,Weekday,Bus,14.13,5.97,75,Veg,8.7,1.04,1,5.2,Low,0.445525,0.1872,0.2912
56,Weekend,Bike,8.83,7.19,75,Veg,2.7,1.05,1,4.33,Low,0.4240083333333333,0.189,0.294
56,Weekday,EV,3.44,7.92,75,Veg,8.0,1.01,2,4.17,Low,0.38339999999999996,0.18180000000000002,0.2828
57,Weekend,Bus,2.05,5.74,50,Non-Veg,3.6,0.58,0,8.71,Medium,0.3360916666666667,0.6544000000000001,0.4624
57,Weekend,Bus,12.98,3.5,0,Veg,3.6,0.31,2,5.48,Low,0.49058333333333337,0.0558,0.0868
57,Weekday,EV,11.42,3.71,0,Veg,3.5,0.58,1,5.79,Low,0.47878333333333334,0.1044,0.1624
57,Weekend,Car,7.78,7.19,50,Mixed,6.9,0.1,0,8.2,Medium,0.4608833333333333,0.018000000000000002,0.027999999999999997
57,Weekday,Walk,1.46,4.78,75,Veg,6.4,0.35,1,3.01,Low,0.24351666666666671,0.063,0.09799999999999999
57,Weekend,Walk,6.34,3.17,50,Non-Veg,3.4,0.48,2,6.57,Medium,0.2954833333333333,0.6364000000000001,0.4344
57,Weekday,Car,1.26,5.24,0,Veg,7.5,0.55,2,6.42,Medium,0.4078833333333334,0.099,0.154
58,Weekday,EV,8.94,7.35,75,Non-Veg,7.9,0.62,1,7.71,Medium,0.43124999999999997,0.6616000000000001,0.4736
58,Weekday,Car,11.04,7.69,0,Non-Veg,8.0,0.58,0,14.82,High,0.6199666666666668,0.6544000000000001,0.4624
58,Weekend,Walk,10.09,7.34,75,Non-Veg,3.4,0.5,0,7.61,Medium,0.4452583333333333,0.64,0.43999999999999995
58,Weekend,Walk,4.9,6.81,25,Veg,8.8,0.63,0,6.95,Medium,0.46095,0.11340000000000001,0.17639999999999997
58,Weekday,Walk,9.76,7.27,25,Non-Veg,9.0,0.5,1,10.17,Medium,0.5385666666666666,0.64,0.43999999999999995
58,Weekend,Bike,3.46,2.97,25,Veg,2.5,0.48,3,3.2,Low,0.30215000000000003,0.0864,0.1344
58,Weekend,Car,0.5,6.28,25,Mixed,2.0,0.37,3,6.71,Medium,0.38651666666666673,0.0666,0.1036
59,Weekday,EV,17.59,7.71,50,Non-Veg,7.6,0.58,3,8.86,Medium,0.602575,0.6544000000000001,0.4624
59,Weekend,Walk,6.23,7.23,50,Veg,8.4,0.79,2,5.11,Low,0.442975,0.14220000000000002,0.22119999999999998
59,Weekday,Bike,12.76,8.65,50,Veg,3.1,1.17,0,6.96,Medium,0.5766666666666667,0.21059999999999998,0.3276
59,Weekend,EV,5.13,5.82,0,Non-Veg,3.5,0.61,2,10.41,Medium,0.47752500000000003,0.6598,0.4708
59,Weekend,Bike,2.37,9.69,75,Non-Veg,6.6,0.68,1,7.9,Medium,0.434925,0.6724000000000001,0.49039999999999995
59,Weekday,Car,15.42,7.27,0,Veg,3.9,0.92,0,12.31,High,0.6593166666666668,0.16560000000000002,0.2576
59,Weekday,EV,7.95,8.22,25,Non-Veg,3.9,1.02,2,11.3,High,0.550775,0.7336,0.5855999999999999
60,Weekend,Bus,8.15,2.81,25,Mixed,2.2,0.81,0,6.86,Medium,0.3549083333333334,0.1458,0.22679999999999997
60,Weekday,Bike,13.4,2.0,0,Veg,6.7,0.66,1,4.04,Low,0.44083333333333335,0.11880000000000002,0.1848
60,Weekday,Bike,10.79,5.12,0,Veg,6.0,0.59,0,6.91,Medium,0.5226083333333333,0.1062,0.16519999999999999
60,Weekend,Walk,10.65,3.06,75,Non-Veg,8.0,0.51,0,6.74,Medium,0.295325,0.6418,0.44279999999999997
60,Weekend,Walk,3.98,4.45,50,Veg,6.0,0.5,1,4.02,Low,0.31291666666666673,0.09,0.13999999999999999
60,Weekday,Car,14.49,6.91,50,Mixed,2.3,0.6,3,8.9,Medium,0.5344916666666667,0.10800000000000001,0.16799999999999998
60,Weekday,Car,16.36,4.78,50,Veg,5.1,0.53,1,7.63,Medium,0.4797666666666667,0.09540000000000001,0.1484
61,Weekend,EV,8.81,5.31,75,Veg,4.4,0.29,5,1.79,Low,0.354825,0.0522,0.0812
61,Weekday,EV,12.56,4.9,50,Veg,6.7,0.46,2,4.26,Low,0.43666666666666665,0.08280000000000001,0.1288
61,Weekday,EV,19.85,5.03,50,Mixed,6.5,0.44,2,6.08,Medium,0.5325583333333334,0.0792,0.1232
61,Weekend,Walk,4.06,4.31,50,Veg,7.9,0.95,0,4.91,Low,0.3087833333333333,0.17099999999999999,0.26599999999999996
61,Weekend,EV,12.22,6.56,75,Mixed,7.6,0.59,1,5.65,Low,0.4432833333333333,0.1062,0.16519999999999999
61,Weekday,EV,14.23,5.46,0,Veg,8.4,0.36,2,6.67,Medium,0.5780750000000001,0.0648,0.1008
61,Weekday,Car,8.77,4.76,50,Non-Veg,8.2,0.65,0,10.07,Medium,0.38415833333333327,0.667,0.482
62,Weekend,Bus,9.2,7.01,50,Veg,4.0,0.89,2,5.88,Low,0.4720333333333333,0.1602,0.2492
62,Weekday,EV,13.01,8.78,100,Veg,5.3,0.75,4,1.82,Low,0.4845583333333333,0.135,0.20999999999999996
62,Weekday,Car,11.21,6.11,0,Non-Veg,3.6,0.82,1,13.44,High,0.5641583333333333,0.6976,0.5296
62,Weekend,Walk,0.5,6.47,50,Mixed,4.3,0.65,0,6.93,Medium,0.34348333333333336,0.11700000000000002,0.182
62,Weekday,Bike,8.96,5.92,50,Mixed,2.4,0.59,0,6.64,Medium,0.4290666666666667,0.1062,0.16519999999999999
62,Weekday,EV,10.48,7.9,0,Veg,8.1,0.47,2,8.66,Medium,0.6206666666666667,0.0846,0.1316
62,Weekend,Bus,5.4,7.64,0,Mixed,6.4,1.39,0,11.86,High,0.5476333333333334,0.2502,0.38919999999999993
63,Weekend,Bike,5.68,4.46,0,Non-Veg,7.8,0.67,2,9.16,Medium,0.4345333333333334,0.6706000000000001,0.4876
63,Weekend,Bike,3.46,7.99,75,Veg,4.2,0.83,4,3.04,Low,0.3862166666666667,0.1494,0.2324
63,Weekend,Bus,5.8,3.43,50,Veg,5.4,0.94,2,4.2,Low,0.2982666666666667,0.1692,0.2632
63,Weekday,Walk,11.75,5.01,50,Non-Veg,2.9,0.3,0,7.92,Medium,0.43057500000000004,0.6040000000000001,0.384
63,Weekday,Car,19.62,8.88,25,Mixed,6.5,0.75,1,13.59,High,0.7208500000000001,0.135,0.20999999999999996
63,Weekend,Bike,0.5,6.35,0,Non-Veg,4.0,0.48,0,11.27,High,0.4390833333333334,0.6364000000000001,0.4344
63,Weekday,Car,13.77,5.18,0,Non-Veg,8.5,0.71,0,13.49,High,0.5620583333333333,0.6778000000000001,0.49879999999999997
64,Weekend,Walk,7.78,4.59,0,Non-Veg,5.9,0.89,2,9.53,Medium,0.46555,0.7102,0.5492
64,Weekend,Walk,1.59,6.77,0,Mixed,8.1,0.48,0,9.63,Medium,0.46810833333333335,0.0864,0.1344
64,Weekday,EV,8.45,6.08,50,Veg,7.3,0.72,0,5.7,Low,0.4285583333333334,0.1296,0.2016
64,Weekend,Bike,0.5,4.5,0,Non-Veg,5.4,0.46,0,9.74,Medium,0.37125,0.6328,0.42879999999999996
64,Weekend,EV,3.33,5.42,25,Veg,7.3,0.83,0,6.46,Medium,0.39035833333333336,0.1494,0.2324
64,Weekend,Walk,0.5,4.65,25,Mixed,9.0,0.54,1,6.61,Medium,0.3267500000000001,0.09720000000000001,0.1512
64,Weekend,Bus,11.55,5.8,50,Veg,8.4,0.22,1,5.17,Low,0.4570416666666667,0.0396,0.0616
65,Weekday,EV,12.23,3.46,25,Mixed,7.9,0.2,0,6.36,Medium,0.4297416666666667,0.036000000000000004,0.055999999999999994
65,Weekend,Bike,4.79,3.36,50,Veg,4.0,0.58,0,4.07,Low,0.28307499999999997,0.1044,0.1624
65,Weekend,Bus,10.88,3.5,25,Mixed,7.3,0.58,0,7.22,Medium,0.4143333333333334,0.1044,0.1624
65,Weekday,Car,10.22,5.61,75,Non-Veg,4.7,0.88,0,9.85,Medium,0.38345,0.7084,0.5464
65,Weekday,Bus,18.14,4.63,0,Veg,4.4,0.61,0,7.98,Medium,0.5965166666666667,0.10980000000000001,0.1708
65,Weekend,Walk,6.78,7.22,0,Mixed,7.9,0.71,3,9.07,Medium,0.5494833333333333,0.1278,0.19879999999999998
65,Weekday,Walk,15.5,7.03,100,Mixed,4.2,0.39,1,3.57,Low,0.4515166666666667,0.07020000000000001,0.10919999999999999
66,Weekend,Car,5.08,4.59,75,Veg,2.4,0.4,0,4.49,Low,0.2818,0.07200000000000001,0.11199999999999999
66,Weekend,Bus,7.3,3.37,0,Mixed,8.8,0.65,0,7.63,Medium,0.41481666666666667,0.11700000000000002,0.182
66,Weekend,Bike,0.5,9.17,50,Non-Veg,7.3,0.56,4,8.33,Medium,0.44248333333333334,0.6508,0.4568
66,Weekday,Walk,8.2,8.58,25,Non-Veg,8.2,0.86,0,11.81,High,0.5671,0.7048000000000001,0.5408
66,Weekend,Bus,1.57,4.53,0,Non-Veg,5.0,0.54,1,9.59,Medium,0.38572500000000004,0.6472,0.4512
66,Weekend,Car,6.92,8.52,0,Non-Veg,5.4,0.79,1,14.49,High,0.5989,0.6922,0.5212
66,Weekend,Bike,0.5,5.66,75,Mixed,4.4,0.43,4,3.58,Low,0.26378333333333337,0.0774,0.1204
67,Weekend,Bike,5.13,8.11,0,Mixed,2.1,0.86,0,11.18,High,0.5614916666666667,0.1548,0.2408
67,Weekend,Bus,8.03,4.53,0,Veg,8.9,1.25,0,7.86,Medium,0.46647500000000003,0.225,0.35
67,Weekday,Bus,12.6,5.34,50,Non-Veg,2.2,0.85,0,9.72,Medium,0.45330000000000004,0.7030000000000001,0.538
67,Weekday,Car,20.32,7.03,0,Non-Veg,8.6,0.52,2,15.35,High,0.7117666666666667,0.6436000000000001,0.4456
67,Weekday,EV,11.74,7.38,0,Veg,2.4,0.79,1,9.07,Medium,0.6173500000000001,0.14220000000000002,0.22119999999999998
67,Weekend,Car,4.79,4.02,25,Non-Veg,4.5,0.9,3,8.85,Medium,0.357275,0.7120000000000001,0.552
67,Weekend,Bike,10.61,5.63,0,Mixed,3.5,0.75,2,8.22,Medium,0.5390583333333334,0.135,0.20999999999999996
68,Weekend,EV,2.59,6.44,25,Non-Veg,5.2,0.74,1,10.06,Medium,0.4185083333333334,0.6832,0.5072
68,Weekend,EV,7.34,9.09,0,Veg,5.3,0.42,3,9.06,Medium,0.6250500000000001,0.0756,0.1176
68,Weekend,Walk,4.75,5.33,0,Non-Veg,6.3,0.51,2,9.68,Medium,0.45480833333333337,0.6418,0.44279999999999997
68,Weekday,Bus,14.86,2.0,25,Mixed,7.8,0.74,1,6.4,Medium,0.40908333333333335,0.1332,0.2072
68,Weekday,Walk,16.79,5.05,25,Mixed,6.7,0.49,1,6.8,Medium,0.5450416666666666,0.0882,0.1372
68,Weekend,Bus,1.19,4.86,0,Veg,7.8,0.63,0,6.84,Medium,0.39307500000000006,0.11340000000000001,0.17639999999999997
68,Weekend,Bike,3.88,5.85,0,Veg,5.5,0.85,2,7.02,Medium,0.463,0.153,0.238
69,Weekend,Bike,11.48,9.96,25,Veg,7.3,1.26,2,8.84,Medium,0.6587000000000001,0.22680000000000003,0.35279999999999995
69,Weekday,Bike,13.4,7.81,25,Non-Veg,7.9,0.81,1,10.88,Medium,0.6038666666666668,0.6958000000000001,0.5267999999999999
69,Weekday,Bike,11.26,7.95,75,Veg,5.4,0.47,1,3.8,Low,0.48225,0.0846,0.1316
69,Weekday,Bike,12.57,7.22,50,Non-Veg,4.4,0.95,3,8.4,Medium,0.5218583333333333,0.7210000000000001,0.566
69,Weekend,EV,3.17,8.93,100,Non-Veg,2.2,1.19,1,6.66,Medium,0.3670583333333334,0.7642,0.6332
69,Weekday,EV,16.28,5.06,0,Non-Veg,5.8,0.98,1,11.07,High,0.5890333333333333,0.7264,0.5744
69,Weekday,Bus,10.8,5.21,50,Non-Veg,8.3,0.82,0,9.49,Medium,0.4260333333333334,0.6976,0.5296
70,Weekday,Bus,8.98,6.15,0,Mixed,3.6,0.83,0,10.25,Medium,0.53775,0.1494,0.2324
70,Weekend,Walk,4.51,3.35,75,Veg,8.5,0.38,0,3.14,Low,0.22920833333333335,0.0684,0.10639999999999998
70,Weekend,Car,5.58,2.0,0,Mixed,6.1,0.76,0,7.22,Medium,0.34308333333333335,0.1368,0.21279999999999996
70,Weekend,Car,3.29,6.07,0,Non-Veg,6.1,0.57,1,11.45,High,0.4636916666666667,0.6526000000000001,0.4596
70,Weekday,EV,11.7,2.42,75,Non-Veg,4.6,0.68,1,6.89,Medium,0.2849833333333333,0.6724000000000001,0.49039999999999995
70,Weekday,EV,16.84,3.78,75,Veg,3.6,0.62,1,3.8,Low,0.39909999999999995,0.1116,0.1736
70,Weekday,Walk,9.81,2.0,75,Veg,2.6,0.37,0,2.86,Low,0.24595833333333333,0.0666,0.1036
71,Weekday,Bike,11.96,5.73,25,Veg,4.3,0.94,0,6.65,Medium,0.5096,0.1692,0.2632
71,Weekday,Walk,2.52,9.3,50,Veg,3.1,0.87,0,6.86,Medium,0.47250000000000003,0.15660000000000002,0.24359999999999998
71,Weekend,Car,2.77,4.49,25,Non-Veg,6.8,1.12,0,10.19,Medium,0.3492583333333334,0.7516,0.6135999999999999
71,Weekend,Bus,2.56,4.54,75,Non-Veg,8.3,0.96,0,7.79,Medium,0.24846666666666667,0.7228000000000001,0.5688
71,Weekday,Bus,10.12,4.34,0,Non-Veg,6.7,0.91,2,10.16,Medium,0.4856333333333333,0.7138,0.5548
71,Weekend,Bus,9.89,5.5,50,Mixed,3.9,1.07,0,7.83,Medium,0.42529166666666673,0.19260000000000002,0.2996
71,Weekday,EV,14.42,8.92,25,Mixed,8.1,0.75,1,10.06,Medium,0.6573166666666668,0.135,0.20999999999999996
72,Weekday,Bus,4.7,7.02,75,Non-Veg,3.4,0.29,3,6.47,Medium,0.36615000000000003,0.6022000000000001,0.3812
72,Weekday,Bike,8.19,4.52,50,Mixed,3.8,0.85,1,5.97,Low,0.36810833333333326,0.153,0.238
72,Weekday,Bike,13.8,8.74,50,Veg,6.0,0.97,1,6.35,Medium,0.5929666666666666,0.1746,0.27159999999999995
72,Weekday,Car,9.06,7.04,50,Non-Veg,3.6,0.94,0,11.42,High,0.4713833333333334,0.7192000000000001,0.5631999999999999
72,Weekend,Bike,8.78,7.67,0,Mixed,7.1,0.73,1,10.27,Medium,0.5909833333333334,0.13140000000000002,0.2044
72,Weekend,Bike,5.16,6.7,25,Veg,2.1,0.63,0,6.88,Medium,0.4601666666666667,0.11340000000000001,0.17639999999999997
72,Weekend,EV,4.71,3.81,25,Mixed,3.2,1.05,0,7.29,Medium,0.348575,0.189,0.294
73,Weekday,Bike,12.74,8.28,25,Mixed,5.5,0.44,2,8.31,Medium,0.6128500000000001,0.0792,0.1232
73,Weekday,Walk,16.23,4.79,25,Mixed,6.9,0.98,5,5.62,Low,0.5285083333333334,0.1764,0.2744
73,Weekend,Bike,8.61,4.54,50,Non-Veg,6.2,1.0,1,8.16,Medium,0.3740916666666667,0.73,0.58
73,Weekday,Walk,7.02,5.22,25,Veg,7.1,0.83,1,5.8,Low,0.42915000000000003,0.1494,0.2324
73,Weekend,Walk,0.81,5.23,0,Non-Veg,5.8,0.89,0,10.85,Medium,0.4018916666666667,0.7102,0.5492
73,Weekend,Car,17.06,2.72,50,Veg,4.7,0.94,0,7.83,Medium,0.41298333333333337,0.1692,0.2632
73,Weekday,EV,10.87,5.48,0,Non-Veg,3.2,0.76,3,10.14,Medium,0.5368083333333333,0.6868000000000001,0.5127999999999999
74,Weekend,EV,7.1,4.95,25,Non-Veg,6.7,0.62,1,9.17,Medium,0.42025,0.6616000000000001,0.4736
74,Weekday,Walk,13.35,5.44,0,Non-Veg,6.0,1.05,3,10.02,Medium,0.5663416666666667,0.7390000000000001,0.594
74,Weekend,Walk,10.25,5.0,0,Mixed,4.0,0.92,1,8.3,Medium,0.5114583333333333,0.16560000000000002,0.2576
74,Weekday,Walk,10.55,7.87,0,Non-Veg,8.7,0.82,2,12.14,High,0.6204416666666668,0.6976,0.5296
74,Weekend,Car,2.07,9.25,0,Non-Veg,6.5,1.29,1,14.66,High,0.5650416666666667,0.7822,0.6612
74,Weekday,EV,19.88,7.09,0,Non-Veg,4.2,1.0,3,12.11,High,0.7084666666666666,0.73,0.58
74,Weekend,Bus,6.96,6.19,0,Mixed,6.9,1.26,1,10.25,Medium,0.5139666666666667,0.22680000000000003,0.35279999999999995
75,Weekday,Walk,7.89,9.69,50,Veg,4.8,0.82,2,6.15,Medium,0.553925,0.1476,0.22959999999999997
75,Weekday,Bike,18.36,7.87,100,Mixed,4.6,0.68,0,4.31,Low,0.5180666666666667,0.12240000000000002,0.19039999999999999
75,Weekday,Car,12.31,3.65,0,Mixed,6.6,0.64,0,9.85,Medium,0.48770833333333335,0.11520000000000001,0.17919999999999997
75,Weekend,Car,0.5,7.1,25,Non-Veg,6.6,1.06,1,10.85,Medium,0.41658333333333336,0.7408000000000001,0.5968
75,Weekday,EV,12.69,8.4,100,Veg,3.1,1.36,1,3.74,Low,0.46662500000000007,0.24480000000000005,0.38079999999999997
75,Weekday,Bike,9.83,5.98,25,Non-Veg,3.1,0.8,1,9.74,Medium,0.4921416666666667,0.6940000000000001,0.524
75,Weekday,Walk,12.32,6.25,25,Veg,8.1,0.5,2,5.65,Low,0.5331666666666667,0.09,0.13999999999999999
76,Weekend,Bike,9.68,5.87,0,Mixed,3.0,0.89,0,9.38,Medium,0.5362333333333333,0.1602,0.2492
76,Weekend,EV,13.89,3.74,0,Mixed,8.6,0.83,1,7.72,Medium,0.5107583333333334,0.1494,0.2324
76,Weekday,Car,17.96,10.33,75,Non-Veg,7.5,0.65,0,12.16,High,0.6532666666666668,0.667,0.482
76,Weekend,Bus,8.24,4.77,0,Non-Veg,4.8,1.25,3,10.38,Medium,0.47790000000000005,0.775,0.6499999999999999
76,Weekday,EV,14.13,5.18,0,Veg,5.1,0.9,1,7.48,Medium,0.5665583333333333,0.162,0.252
76,Weekend,Car,6.53,5.18,75,Veg,4.7,0.67,0,5.23,Low,0.32155833333333333,0.12060000000000001,0.1876
76,Weekday,Bus,6.2,7.0,25,Veg,4.5,0.81,3,6.58,Medium,0.48416666666666675,0.1458,0.22679999999999997
77,Weekday,Walk,5.91,10.17,100,Mixed,5.8,0.55,2,3.36,Low,0.44677500000000003,0.099,0.154
77,Weekday,Bike,14.02,7.29,50,Non-Veg,5.7,0.7,0,9.32,Medium,0.54255,0.676,0.496
77,Weekend,Walk,3.63,7.45,25,Non-Veg,3.1,0.72,1,10.54,Medium,0.4685416666666667,0.6796,0.5016
77,Weekday,Bike,9.81,7.54,25,Non-Veg,4.7,0.32,1,10.12,Medium,0.5490916666666668,0.6076,0.38959999999999995
77,Weekday,EV,9.09,7.04,0,Non-Veg,6.0,1.02,2,12.06,High,0.5717583333333334,0.7336,0.5855999999999999
77,Weekend,EV,6.71,7.34,50,Mixed,2.3,0.55,2,6.64,Medium,0.45300833333333335,0.099,0.154
77,Weekday,Bike,5.45,7.24,25,Veg,8.9,0.88,0,7.51,Medium,0.4835916666666667,0.1584,0.2464
78,Weekday,Walk,12.52,4.15,0,Non-Veg,6.7,0.67,1,9.31,Medium,0.5086666666666666,0.6706000000000001,0.4876
78,Weekday,Walk,1.44,4.99,0,Veg,4.3,0.67,1,6.5,Medium,0.4009666666666667,0.12060000000000001,0.1876
78,Weekday,Walk,14.03,3.07,0,Veg,3.3,0.54,2,4.36,Low,0.48794166666666666,0.09720000000000001,0.1512
78,Weekend,Bus,9.26,5.49,0,Non-Veg,4.0,0.89,1,11.41,High,0.51705,0.7102,0.5492
78,Weekday,Bus,9.49,5.66,0,Mixed,4.8,0.66,2,8.89,Medium,0.5261583333333334,0.11880000000000002,0.1848
78,Weekend,Bike,3.61,7.52,50,Non-Veg,4.9,0.89,2,8.85,Medium,0.42085833333333333,0.7102,0.5492
78,Weekend,EV,7.13,4.14,25,Veg,5.8,0.74,1,5.32,Low,0.390925,0.1332,0.2072
79,Weekend,EV,7.59,6.3,25,Veg,2.9,1.18,1,7.19,Medium,0.47587500000000005,0.2124,0.33039999999999997
79,Weekday,Walk,7.33,9.84,25,Veg,3.1,0.56,1,8.33,Medium,0.602425,0.10080000000000003,0.1568
79,Weekday,EV,6.41,8.4,50,Non-Veg,2.2,1.15,1,10.18,Medium,0.48812500000000003,0.757,0.6219999999999999
79,Weekend,Car,3.5,8.89,50,Veg,7.1,1.26,1,7.5,Medium,0.4697166666666668,0.22680000000000003,0.35279999999999995
79,Weekday,Car,10.41,6.69,25,Mixed,6.2,0.54,0,10.44,Medium,0.525425,0.09720000000000001,0.1512
79,Weekday,Walk,12.48,4.48,50,Mixed,2.2,0.9,2,5.62,Low,0.4202666666666667,0.162,0.252
79,Weekday,Car,8.44,7.68,50,Veg,5.9,1.02,1,7.75,Medium,0.4871,0.1836,0.28559999999999997
80,Weekend,Walk,0.5,4.69,75,Veg,6.2,0.71,2,3.02,Low,0.22821666666666668,0.1278,0.19879999999999998
80,Weekday,Car,12.58,5.77,0,Veg,3.9,0.37,1,9.42,Medium,0.5688166666666667,0.0666,0.1036
80,Weekday,Car,9.0,2.0,50,Mixed,2.6,0.87,0,7.26,Medium,0.2858333333333334,0.15660000000000002,0.24359999999999998
80,Weekend,Bus,6.29,2.0,0,Mixed,4.0,0.75,0,6.54,Medium,0.3519583333333334,0.135,0.20999999999999996
80,Weekday,Car,10.42,6.69,50,Veg,8.5,0.74,0,7.81,Medium,0.47555000000000003,0.1332,0.2072
80,Weekend,Bike,15.21,2.0,50,Non-Veg,6.8,0.3,1,6.29,Medium,0.3634583333333333,0.6040000000000001,0.384
80,Weekday,Bike,16.03,4.89,0,Mixed,3.5,0.45,0,8.05,Medium,0.579675,0.081,0.126
81,Weekday,Bus,20.2,7.29,0,Mixed,7.3,0.69,1,11.53,High,0.7198,0.1242,0.19319999999999998
81,Weekday,Walk,16.33,7.35,75,Non-Veg,4.1,0.87,4,6.46,Medium,0.523625,0.7066000000000001,0.5436
81,Weekend,Walk,7.53,5.81,50,Non-Veg,6.0,0.86,1,8.51,Medium,0.4071583333333333,0.7048000000000001,0.5408
81,Weekend,Bus,0.5,9.62,0,Non-Veg,4.8,1.0,0,14.63,High,0.5589833333333334,0.73,0.58
81,Weekday,Car,14.39,6.15,75,Non-Veg,4.6,0.94,1,10.5,Medium,0.45537500000000003,0.7192000000000001,0.5631999999999999
81,Weekend,Bike,7.07,7.07,0,Mixed,2.4,0.94,1,10.03,Medium,0.5476083333333335,0.1692,0.2632
81,Weekend,Bus,2.76,5.29,75,Mixed,8.1,1.01,2,5.21,Low,0.2784666666666667,0.18180000000000002,0.2828
82,Weekend,Walk,4.28,6.95,0,Mixed,5.5,0.85,2,9.43,Medium,0.5083333333333333,0.153,0.238
82,Weekday,Car,15.96,5.58,75,Veg,3.0,0.75,4,5.8,Low,0.4541,0.135,0.20999999999999996
82,Weekday,Bus,13.36,8.54,50,Mixed,3.8,0.95,1,8.81,Medium,0.5801333333333333,0.17099999999999999,0.26599999999999996
82,Weekend,EV,6.29,6.41,25,Non-Veg,7.9,0.56,2,9.56,Medium,0.4636583333333334,0.6508,0.4568
82,Weekend,Car,4.43,6.85,50,Mixed,5.2,1.14,3,7.41,Medium,0.4065416666666667,0.2052,0.3192
82,Weekday,Walk,13.89,8.37,50,Mixed,4.5,0.85,0,7.96,Medium,0.580525,0.153,0.238
82,Weekday,Walk,14.43,8.36,0,Non-Veg,8.7,0.74,2,12.44,High,0.6869083333333333,0.6832,0.5072
83,Weekday,Car,11.44,5.65,50,Mixed,4.8,0.68,1,8.63,Medium,0.4501666666666667,0.12240000000000002,0.19039999999999999
83,Weekend,Bike,6.16,5.6,25,Veg,8.2,0.17,1,5.25,Low,0.43233333333333335,0.030600000000000006,0.047599999999999996
83,Weekday,Walk,11.27,4.9,50,Non-Veg,6.2,0.27,1,7.43,Medium,0.4205416666666667,0.5986,0.3756
83,Weekday,Car,4.85,5.99,25,Veg,5.2,0.81,0,7.67,Medium,0.43025833333333335,0.1458,0.22679999999999997
83,Weekday,Bus,12.34,8.07,0,Mixed,6.2,0.59,2,11.02,High,0.65015,0.1062,0.16519999999999999
83,Weekday,Bike,12.08,4.43,0,Veg,2.0,0.32,3,4.82,Low,0.5134333333333334,0.057600000000000005,0.08959999999999999
83,Weekend,Car,7.29,5.4,25,Non-Veg,2.8,0.16,1,10.14,Medium,0.43912500000000004,0.5788000000000001,0.3448
84,Weekday,EV,12.71,6.6,75,Non-Veg,4.4,0.7,1,7.8,Medium,0.45087499999999997,0.676,0.496
84,Weekend,Walk,10.55,6.84,75,Non-Veg,2.1,0.75,4,6.2,Medium,0.43267500000000003,0.685,0.51
84,Weekday,EV,18.02,7.19,75,Non-Veg,2.7,0.8,1,8.25,Medium,0.5388833333333334,0.6940000000000001,0.524
84,Weekday,EV,14.66,5.79,0,Non-Veg,7.8,0.64,0,11.6,High,0.59555,0.6652,0.47919999999999996
84,Weekend,EV,2.96,7.21,0,Mixed,4.9,0.53,2,9.36,Medium,0.5013666666666667,0.09540000000000001,0.1484
84,Weekday,Bus,3.7,6.63,0,Non-Veg,8.7,0.76,0,12.15,High,0.48935,0.6868000000000001,0.5127999999999999
84,Weekend,EV,4.69,5.13,50,Mixed,2.9,0.69,1,6.22,Medium,0.34672500000000006,0.1242,0.19319999999999998
85,Weekend,Bike,6.72,6.8,0,Non-Veg,8.7,0.64,0,11.84,High,0.5333333333333334,0.6652,0.47919999999999996
85,Weekend,Bike,4.35,7.28,75,Mixed,8.4,0.53,2,4.83,Low,0.37130833333333335,0.09540000000000001,0.1484
85,Weekday,EV,8.03,2.63,25,Veg,4.8,0.28,1,3.87,Low,0.3468083333333334,0.050400000000000014,0.0784
85,Weekday,EV,12.64,4.52,50,Non-Veg,7.2,0.13,1,7.61,Medium,0.4237333333333333,0.5734,0.3364
85,Weekend,Bike,2.57,4.63,25,Veg,4.9,0.44,0,5.38,Low,0.3518916666666667,0.0792,0.1232
85,Weekday,EV,11.51,5.46,0,Veg,7.3,0.49,0,7.53,Medium,0.5440750000000001,0.0882,0.1372
85,Weekend,EV,5.82,4.78,50,Non-Veg,4.4,0.28,0,8.03,Medium,0.34801666666666675,0.6004,0.37839999999999996
86,Weekend,Car,7.95,9.7,0,Mixed,4.3,0.98,1,13.9,High,0.6550416666666667,0.1764,0.2744
86,Weekday,Bike,8.12,6.86,25,Mixed,7.7,0.69,0,8.55,Medium,0.5030333333333334,0.1242,0.19319999999999998
86,Weekend,Bus,4.76,6.17,50,Veg,6.2,0.68,1,5.33,Low,0.3857333333333334,0.12240000000000002,0.19039999999999999
86,Weekend,Bus,4.05,8.54,25,Veg,7.6,0.82,1,8.16,Medium,0.5137583333333333,0.1476,0.22959999999999997
86,Weekend,EV,9.2,5.58,0,Mixed,6.3,1.11,0,9.78,Medium,0.5196000000000001,0.19980000000000003,0.3108
86,Weekday,Bike,9.1,7.23,0,Mixed,4.1,0.88,0,10.48,Medium,0.5788500000000001,0.1584,0.2464
86,Weekday,EV,11.14,8.43,0,Non-Veg,8.8,0.84,0,13.87,High,0.64835,0.7012,0.5352
87,Weekend,EV,10.01,7.09,25,Veg,5.7,0.71,1,7.21,Medium,0.5350916666666667,0.1278,0.19879999999999998
87,Weekday,Bike,10.28,9.26,0,Mixed,8.7,0.67,3,10.7,Medium,0.6680333333333334,0.12060000000000001,0.1876
87,Weekday,Car,11.04,3.86,0,Veg,7.2,0.77,2,7.61,Medium,0.4795333333333333,0.1386,0.21559999999999996
87,Weekend,Walk,9.15,2.92,75,Veg,6.0,0.77,2,2.72,Low,0.2714416666666667,0.1386,0.21559999999999996
87,Weekday,Bike,16.6,6.48,25,Veg,7.6,0.83,3,5.78,Low,0.5951000000000001,0.1494,0.2324
87,Weekend,Walk,8.29,6.65,50,Veg,5.2,0.69,1,5.15,Low,0.4474583333333334,0.1242,0.19319999999999998
87,Weekend,EV,1.46,7.75,50,Veg,5.8,0.67,2,5.24,Low,0.40241666666666664,0.12060000000000001,0.1876
88,Weekday,Bus,8.28,6.09,75,Veg,5.7,0.38,1,3.97,Low,0.3768,0.0684,0.10639999999999998
88,Weekend,Walk,1.86,7.42,0,Non-Veg,2.0,1.05,2,12.04,High,0.4953166666666667,0.7390000000000001,0.594
88,Weekend,Bus,1.25,8.89,50,Veg,7.4,1.2,2,6.39,Medium,0.4415916666666667,0.21600000000000003,0.33599999999999997
88,Weekday,Bus,9.71,8.04,75,Mixed,2.8,1.1,1,6.84,Medium,0.466175,0.198,0.308
88,Weekend,Bike,3.8,9.78,0,Mixed,8.1,0.88,0,12.57,High,0.6061000000000001,0.1584,0.2464
88,Weekend,Bike,8.15,8.45,0,Veg,5.0,1.0,2,9.33,Medium,0.6117083333333333,0.18,0.27999999999999997
88,Weekend,Car,2.66,8.82,75,Non-Veg,6.7,0.52,2,7.69,Medium,0.40665000000000007,0.6436000000000001,0.4456
89,Weekday,EV,5.24,7.9,0,Veg,7.1,0.81,1,9.25,Medium,0.5551666666666667,0.1458,0.22679999999999997
89,Weekday,Walk,9.18,5.48,25,Non-Veg,6.3,0.95,4,8.41,Medium,0.4656833333333334,0.7210000000000001,0.566
89,Weekday,Car,14.27,5.66,50,Veg,6.2,1.51,1,8.73,Medium,0.4859083333333334,0.2718,0.42279999999999995
89,Weekend,Walk,1.51,8.54,0,Mixed,2.6,0.77,1,11.03,High,0.5320083333333333,0.1386,0.21559999999999996
89,Weekday,EV,5.24,6.7,25,Non-Veg,4.4,0.47,1,9.99,Medium,0.4611666666666667,0.6346,0.4316
89,Weekday,Bike,12.11,3.81,75,Non-Veg,2.1,0.82,2,6.46,Medium,0.34107499999999996,0.6976,0.5296
89,Weekend,Walk,15.56,8.23,0,Mixed,5.4,0.73,0,11.12,High,0.6962666666666667,0.13140000000000002,0.2044
90,Weekday,Bus,11.49,5.93,25,Mixed,7.4,0.72,0,8.93,Medium,0.5110583333333334,0.1296,0.2016
90,Weekday,Walk,8.06,7.57,0,Mixed,2.4,0.83,1,10.3,Medium,0.5783166666666668,0.1494,0.2324
90,Weekend,EV,3.68,6.28,25,Mixed,6.0,0.82,1,8.1,Medium,0.42626666666666674,0.1476,0.22959999999999997
90,Weekday,Walk,9.29,6.64,25,Veg,2.7,1.16,0,7.48,Medium,0.5095916666666667,0.2088,0.3248
90,Weekend,EV,9.21,5.9,25,Mixed,7.3,1.27,0,9.02,Medium,0.48145833333333343,0.2286,0.35559999999999997
90,Weekday,Bus,14.07,6.82,0,Non-Veg,5.4,0.88,1,12.87,High,0.6259416666666667,0.7084,0.5464
90,Weekday,Walk,15.06,8.89,25,Non-Veg,5.6,0.76,0,11.88,High,0.6642166666666668,0.6868000000000001,0.5127999999999999
91,Weekend,EV,5.58,4.97,50,Mixed,2.6,0.59,1,6.07,Medium,0.3519833333333333,0.1062,0.16519999999999999
91,Weekday,Walk,12.78,6.89,25,Non-Veg,8.2,0.59,3,9.24,Medium,0.5623833333333335,0.6562,0.46519999999999995
91,Weekend,Car,2.03,3.12,75,Non-Veg,7.3,0.26,0,6.88,Medium,0.18977500000000003,0.5968,0.3728
91,Weekday,Walk,16.22,3.96,0,Non-Veg,6.3,0.82,0,9.74,Medium,0.5479499999999999,0.6976,0.5296
91,Weekday,Walk,10.55,2.0,0,Veg,8.9,0.42,0,4.14,Low,0.4052083333333334,0.0756,0.1176
91,Weekday,Car,10.78,3.52,25,Mixed,2.1,0.79,0,8.88,Medium,0.4138166666666667,0.14220000000000002,0.22119999999999998
91,Weekend,Bike,11.24,3.85,75,Veg,2.6,0.67,2,2.79,Low,0.3316666666666667,0.12060000000000001,0.1876
92,Weekday,Bus,12.32,5.59,75,Veg,3.9,1.17,1,5.13,Low,0.40896666666666665,0.21059999999999998,0.3276
92,Weekday,Bike,14.38,6.51,50,Non-Veg,2.4,0.58,1,8.47,Medium,0.5184500000000001,0.6544000000000001,0.4624
92,Weekday,Walk,8.88,10.0,100,Mixed,4.6,1.06,3,3.57,Low,0.4776666666666667,0.19080000000000003,0.2968
92,Weekend,Bike,10.58,6.17,25,Mixed,6.3,1.21,0,8.74,Medium,0.5084833333333334,0.2178,0.3388
92,Weekend,Walk,4.51,7.31,25,Mixed,3.2,0.82,1,8.58,Medium,0.4744083333333334,0.1476,0.22959999999999997
92,Weekend,Bus,6.48,6.42,75,Mixed,3.1,1.22,1,6.4,Medium,0.3664,0.21960000000000002,0.3416
92,Weekend,Walk,10.0,7.81,0,Non-Veg,6.8,0.36,1,11.94,High,0.6113666666666667,0.6148,0.4008
93,Weekend,Bus,5.78,6.13,25,Mixed,8.4,0.77,3,7.46,Medium,0.44701666666666673,0.1386,0.21559999999999996
93,Weekday,EV,18.55,6.22,50,Non-Veg,2.6,0.63,2,8.75,Medium,0.5599416666666667,0.6634000000000001,0.47639999999999993
93,Weekend,Bus,0.5,7.9,75,Veg,3.4,0.69,0,4.49,Low,0.34591666666666665,0.1242,0.19319999999999998
93,Weekend,Car,11.05,5.55,0,Veg,5.3,0.74,1,9.36,Medium,0.541625,0.1332,0.2072
93,Weekday,Bike,10.81,5.08,0,Non-Veg,7.5,0.34,0,10.07,Medium,0.5213916666666667,0.6112000000000001,0.3952
93,Weekday,Car,11.36,6.35,0,Mixed,8.9,0.61,1,11.43,High,0.5748333333333333,0.10980000000000001,0.1708
93,Weekday,Bike,11.6,7.28,50,Mixed,8.9,0.45,0,7.03,Medium,0.5119333333333334,0.081,0.126
94,Weekday,Walk,15.93,4.17,50,Mixed,5.0,0.28,0,5.55,Low,0.452025,0.050400000000000014,0.0784
94,Weekend,Car,7.58,4.82,25,Non-Veg,5.7,0.1,2,9.37,Medium,0.4214833333333334,0.5680000000000001,0.32799999999999996
94,Weekend,Bus,4.02,5.56,100,Veg,5.6,0.54,1,2.57,Low,0.25411666666666666,0.09720000000000001,0.1512
94,Weekday,Bus,5.41,5.43,0,Non-Veg,4.8,0.35,0,10.8,Medium,0.466725,0.613,0.39799999999999996
94,Weekend,Bus,6.6,5.23,0,Veg,4.2,0.1,0,6.94,Medium,0.47426666666666667,0.018000000000000002,0.027999999999999997
94,Weekday,Car,11.36,5.12,25,Veg,8.4,0.44,0,8.06,Medium,0.47973333333333334,0.0792,0.1232
94,Weekend,EV,6.1,7.68,50,Veg,9.0,0.41,0,5.89,Low,0.45785,0.0738,0.11479999999999999
95,Weekday,EV,2.43,7.66,0,Non-Veg,8.8,0.71,1,12.33,High,0.5112416666666666,0.6778000000000001,0.49879999999999997
95,Weekday,Bus,16.71,9.5,25,Veg,8.9,0.8,1,9.74,Medium,0.7072083333333334,0.14400000000000002,0.22399999999999998
95,Weekend,Bike,3.56,7.05,25,Mixed,4.4,1.0,2,8.24,Medium,0.453,0.18,0.27999999999999997
95,Weekday,Bike,10.61,8.07,0,Mixed,3.6,0.61,1,10.44,Medium,0.628525,0.10980000000000001,0.1708
95,Weekday,EV,0.5,7.2,100,Non-Veg,6.0,0.93,2,5.83,Low,0.27025,0.7174,0.5604
95,Weekday,Walk,12.8,5.97,25,Non-Veg,8.1,0.54,0,9.82,Medium,0.5289,0.6472,0.4512
95,Weekday,Bike,9.0,3.89,75,Non-Veg,8.8,0.34,2,5.9,Low,0.30513333333333337,0.6112000000000001,0.3952
96,Weekday,Bike,9.61,4.02,0,Veg,5.4,0.56,1,5.56,Low,0.467525,0.10080000000000003,0.1568
96,Weekday,Bus,6.72,3.03,25,Mixed,8.9,0.96,2,6.25,Medium,0.3451,0.1728,0.2688
96,Weekday,Walk,7.56,6.03,25,Non-Veg,7.2,0.84,0,10.21,Medium,0.4656,0.7012,0.5352
96,Weekend,Bus,5.44,9.02,0,Mixed,2.9,0.69,2,11.36,High,0.5987333333333333,0.1242,0.19319999999999998
96,Weekday,Car,7.52,5.08,0,Non-Veg,4.9,0.64,1,11.61,High,0.4802666666666667,0.6652,0.47919999999999996
96,Weekday,Bike,6.77,3.98,100,Mixed,8.7,0.67,0,4.31,Low,0.2305583333333333,0.12060000000000001,0.1876
96,Weekday,Bike,14.93,4.8,25,Mixed,7.4,0.62,2,6.4,Medium,0.512625,0.1116,0.1736
97,Weekend,Car,4.41,6.37,50,Non-Veg,2.1,0.43,2,8.76,Medium,0.38869166666666666,0.6274000000000001,0.4204
97,Weekend,Bus,2.34,5.6,25,Non-Veg,7.1,0.96,2,9.48,Medium,0.3845833333333334,0.7228000000000001,0.5688
97,Weekday,EV,16.34,9.56,75,Veg,3.1,0.86,0,5.65,Low,0.6047833333333335,0.1548,0.2408
97,Weekday,EV,18.23,2.96,25,Mixed,8.2,0.72,2,6.11,Medium,0.48640833333333333,0.1296,0.2016
97,Weekday,Bike,4.14,6.52,0,Veg,5.5,0.55,1,7.61,Medium,0.4908166666666667,0.099,0.154
97,Weekday,Bike,8.62,5.59,50,Mixed,7.7,0.84,1,6.4,Medium,0.4127166666666666,0.1512,0.2352
97,Weekend,Walk,10.14,7.48,25,Veg,6.5,1.12,0,7.94,Medium,0.5510166666666667,0.20160000000000006,0.3136
98,Weekday,Bus,2.03,6.28,0,Mixed,5.8,0.6,0,9.53,Medium,0.4556416666666667,0.10800000000000001,0.16799999999999998
98,Weekend,Walk,9.98,7.66,0,Mixed,2.7,0.28,0,10.12,Medium,0.6056166666666667,0.050400000000000014,0.0784
98,Weekend,EV,14.17,8.1,75,Veg,6.4,0.83,0,5.22,Low,0.5241250000000001,0.1494,0.2324
98,Weekend,Bike,3.57,5.77,0,Non-Veg,4.7,0.79,2,10.38,Medium,0.4561916666666667,0.6922,0.5212
98,Weekend,EV,8.34,4.88,50,Non-Veg,4.4,0.95,1,8.57,Medium,0.3831833333333333,0.7210000000000001,0.566
98,Weekday,Bus,13.28,6.2,0,Mixed,6.9,0.91,2,9.94,Medium,0.5933333333333333,0.1638,0.2548
98,Weekday,Bus,14.05,7.38,50,Mixed,2.9,0.97,3,7.62,Medium,0.546225,0.1746,0.27159999999999995
99,Weekday,Car,16.33,3.52,50,Veg,5.2,0.49,2,6.66,Medium,0.43319166666666664,0.0882,0.1372
99,Weekday,EV,9.46,4.82,0,Veg,8.8,0.12,1,6.07,Medium,0.4949833333333334,0.0216,0.0336
99,Weekend,EV,11.48,2.39,50,Veg,7.0,0.33,0,3.83,Low,0.3311333333333334,0.05940000000000001,0.0924
99,Weekend,Bike,1.47,3.76,25,Veg,8.1,0.53,2,4.15,Low,0.3062416666666667,0.09540000000000001,0.1484
99,Weekday,Walk,12.91,3.33,75,Veg,3.7,0.74,1,3.17,Low,0.333475,0.1332,0.2072
99,Weekday,Bike,10.91,2.0,0,Mixed,8.4,0.55,2,5.0,Low,0.40970833333333334,0.099,0.154
99,Weekend,Walk,5.15,6.47,0,Veg,5.8,0.55,1,7.56,Medium,0.5016083333333333,0.099,0.154
100,Weekend,Car,4.72,6.95,0,Veg,2.3,0.63,2,8.64,Medium,0.5138333333333334,0.11340000000000001,0.17639999999999997
100,Weekday,Car,16.38,2.0,0,Non-Veg,2.2,0.72,2,10.64,Medium,0.47808333333333336,0.6796,0.5016
100,Weekday,EV,17.59,3.83,0,Veg,2.9,0.34,4,4.65,Low,0.5603083333333334,0.06120000000000001,0.09519999999999999
100,Weekday,EV,19.47,7.12,50,Non-Veg,6.9,0.7,0,10.03,Medium,0.6044416666666667,0.676,0.496
100,Weekday,Car,13.8,2.37,100,Non-Veg,2.2,0.78,1,8.93,Medium,0.2594,0.6904000000000001,0.5184
100,Weekend,Walk,2.62,5.87,0,Mixed,5.5,0.65,2,8.3,Medium,0.4479833333333334,0.11700000000000002,0.182
100,Weekend,Bike,3.69,2.65,0,Veg,6.8,0.7,2,4.22,Low,0.34329166666666666,0.126,0.19599999999999998
101,Weekday,Bus,12.92,5.73,0,Non-Veg,4.1,0.85,0,12.26,High,0.5716000000000001,0.7030000000000001,0.538
101,Weekday,Bike,4.18,5.43,75,Mixed,2.7,0.75,2,4.72,Low,0.30135,0.135,0.20999999999999996
101,Weekend,EV,5.8,6.69,75,Veg,6.7,0.49,1,3.8,Low,0.3678,0.0882,0.1372
101,Weekend,EV,3.64,8.26,0,Non-Veg,2.9,0.61,1,12.75,High,0.5483666666666667,0.6598,0.4708
101,Weekend,Bus,11.39,3.54,25,Non-Veg,6.7,0.88,0,9.65,Medium,0.4221750000000001,0.7084,0.5464
101,Weekend,EV,11.87,5.72,75,Mixed,6.0,0.57,2,5.03,Low,0.4081083333333333,0.1026,0.1596
101,Weekday,Bike,16.36,7.97,100,Non-Veg,8.9,0.46,1,5.65,Low,0.49673333333333336,0.6328,0.42879999999999996
102,Weekend,Car,9.18,6.62,50,Non-Veg,5.0,0.97,1,10.91,Medium,0.45748333333333335,0.7246,0.5715999999999999
102,Weekend,Bike,7.48,8.06,0,Non-Veg,2.5,0.9,2,12.39,High,0.5890333333333333,0.7120000000000001,0.552
102,Weekday,Bike,11.08,9.62,0,Non-Veg,7.8,0.53,0,14.03,High,0.6912333333333334,0.6454000000000001,0.4484
102,Weekday,Car,7.72,10.1,25,Veg,2.8,0.98,1,10.61,Medium,0.6168333333333333,0.1764,0.2744
102,Weekend,Car,3.72,8.54,100,Non-Veg,8.4,0.57,2,6.17,Medium,0.3596333333333333,0.6526000000000001,0.4596
102,Weekday,Bus,9.97,5.48,0,Veg,3.9,0.73,0,8.17,Medium,0.5255583333333333,0.13140000000000002,0.2044
102,Weekday,EV,16.66,4.89,0,Veg,8.9,1.18,1,7.7,Medium,0.58755,0.2124,0.33039999999999997
103,Weekday,Bike,14.9,4.7,25,Veg,7.9,0.87,1,5.54,Low,0.5085833333333334,0.15660000000000002,0.24359999999999998
103,Weekday,Walk,10.16,6.91,0,Non-Veg,4.5,0.24,2,10.66,Medium,0.5803666666666667,0.5932000000000001,0.36719999999999997
103,Weekend,Walk,4.89,6.78,50,Non-Veg,6.2,0.48,2,8.05,Medium,0.409725,0.6364000000000001,0.4344
103,Weekend,EV,9.75,3.13,50,Mixed,4.2,0.39,1,5.24,Low,0.3366416666666667,0.07020000000000001,0.10919999999999999
103,Weekend,EV,4.94,6.32,50,Veg,3.0,0.29,1,4.73,Low,0.3934833333333334,0.0522,0.0812
103,Weekend,Bike,15.1,7.43,25,Veg,7.1,0.4,0,7.05,Medium,0.6111833333333334,0.07200000000000001,0.11199999999999999
103,Weekday,Car,13.43,6.72,0,Mixed,3.7,0.74,1,12.32,High,0.614275,0.1332,0.2072
104,Weekend,Car,7.7,6.25,25,Non-Veg,3.4,1.24,1,12.05,High,0.4754166666666667,0.7732000000000001,0.6472
104,Weekend,Bus,5.97,7.64,25,Veg,6.0,1.2,1,8.22,Medium,0.5047583333333334,0.21600000000000003,0.33599999999999997
104,Weekday,Bike,10.44,7.03,0,Veg,8.4,0.58,2,7.66,Medium,0.5882666666666667,0.1044,0.1624
104,Weekday,Bike,14.81,11.2,0,Mixed,4.6,0.9,2,12.97,High,0.7957916666666667,0.162,0.252
104,Weekend,Car,2.79,6.74,75,Veg,7.0,0.62,1,4.31,Low,0.33200833333333335,0.1116,0.1736
104,Weekday,EV,7.06,9.04,25,Non-Veg,2.8,0.6,3,10.87,Medium,0.5697166666666666,0.658,0.46799999999999997
104,Weekend,EV,8.93,5.21,100,Veg,4.7,0.7,2,2.39,Low,0.30265833333333336,0.126,0.19599999999999998
105,Weekend,Bike,3.39,2.17,0,Veg,2.1,0.34,0,4.18,Low,0.3219416666666667,0.06120000000000001,0.09519999999999999
105,Weekday,EV,7.01,6.77,0,Mixed,3.1,0.7,2,9.37,Medium,0.5358583333333333,0.126,0.19599999999999998
105,Weekend,Bus,0.5,6.79,25,Veg,7.4,0.51,2,6.03,Medium,0.40521666666666667,0.0918,0.14279999999999998
105,Weekend,Car,10.97,6.78,75,Mixed,2.6,0.58,3,6.69,Medium,0.43572500000000003,0.1044,0.1624
105,Weekday,Bus,13.64,5.7,0,Non-Veg,8.7,1.07,1,12.15,High,0.5795000000000001,0.7426,0.5995999999999999
105,Weekend,Car,10.74,6.36,50,Non-Veg,7.8,0.61,0,11.1,High,0.46745000000000003,0.6598,0.4708
105,Weekend,EV,0.5,8.86,25,Non-Veg,2.5,0.6,2,10.89,Medium,0.4811166666666667,0.658,0.46799999999999997
106,Weekend,Bike,13.99,6.78,50,Mixed,3.1,0.74,2,6.36,Medium,0.523475,0.1332,0.2072
106,Weekend,EV,0.54,7.8,75,Non-Veg,7.7,0.76,2,7.23,Medium,0.34274999999999994,0.6868000000000001,0.5127999999999999
106,Weekend,Car,7.66,10.13,0,Non-Veg,4.9,1.17,2,16.02,High,0.6671833333333335,0.7606,0.6275999999999999
106,Weekend,Car,5.06,5.8,75,Mixed,2.9,0.66,1,6.14,Medium,0.3259166666666667,0.11880000000000002,0.1848
106,Weekday,Bike,13.18,5.34,50,Non-Veg,3.6,0.91,2,7.98,Medium,0.46055,0.7138,0.5548
106,Weekend,Walk,7.04,8.38,0,Mixed,5.0,0.86,1,11.0,High,0.5952666666666668,0.1548,0.2408
106,Weekday,EV,8.64,8.98,75,Mixed,5.6,0.77,2,5.81,Low,0.4872666666666667,0.1386,0.21559999999999996
107,Weekend,Bus,0.5,5.78,25,Veg,7.9,0.78,1,6.13,Medium,0.3681833333333334,0.14040000000000002,0.21839999999999998
107,Weekday,Walk,16.67,4.54,50,Mixed,5.4,0.93,1,6.08,Medium,0.4748416666666667,0.16740000000000002,0.2604
107,Weekday,EV,8.46,6.32,25,Non-Veg,4.1,0.84,1,10.33,Medium,0.4874833333333334,0.7012,0.5352
107,Weekday,Car,11.45,5.9,100,Veg,4.6,0.44,0,4.93,Low,0.3594583333333334,0.0792,0.1232
107,Weekend,Bike,4.95,4.38,50,Mixed,3.4,1.13,1,6.25,Medium,0.32247500000000007,0.20339999999999997,0.31639999999999996
107,Weekend,Bus,4.32,8.44,0,Non-Veg,8.0,0.69,0,13.59,High,0.5634666666666667,0.6742,0.49319999999999997
107,Weekend,Bike,4.63,8.81,50,Mixed,4.2,0.84,0,8.12,Medium,0.4809083333333334,0.1512,0.2352
108,Weekend,Car,0.69,6.13,25,Non-Veg,3.9,0.53,3,8.85,Medium,0.3833916666666667,0.6454000000000001,0.4484
108,Weekend,Bus,4.49,5.17,0,Veg,2.0,0.58,0,7.29,Medium,0.4456916666666667,0.1044,0.1624
108,Weekday,Walk,17.96,4.06,25,Veg,7.3,0.42,1,4.6,Low,0.5233666666666668,0.0756,0.1176
108,Weekday,EV,14.74,4.65,50,Veg,7.6,0.14,0,4.66,Low,0.45475,0.025200000000000007,0.0392
108,Weekday,Bike,9.88,5.44,0,Non-Veg,5.6,0.65,2,9.94,Medium,0.5229666666666668,0.667,0.482
108,Weekday,Bike,16.73,9.12,0,Non-Veg,2.4,0.75,0,13.88,High,0.743525,0.685,0.51
108,Weekend,Car,9.8,4.41,0,Mixed,3.7,0.63,1,9.52,Medium,0.4842000000000001,0.11340000000000001,0.17639999999999997
109,Weekend,Car,6.76,5.89,0,Mixed,3.0,0.72,0,10.62,Medium,0.5004666666666666,0.1296,0.2016
109,Weekday,Bike,9.91,6.04,25,Mixed,5.9,0.95,0,8.35,Medium,0.49534166666666674,0.17099999999999999,0.26599999999999996
109,Weekend,Bike,3.57,4.13,25,Veg,3.5,0.56,0,5.21,Low,0.34605833333333336,0.10080000000000003,0.1568
109,Weekday,Walk,15.87,6.76,50,Mixed,7.5,0.54,2,6.11,Medium,0.5462416666666666,0.09720000000000001,0.1512
109,Weekday,EV,14.53,5.11,0,Mixed,2.5,0.54,2,8.12,Medium,0.5689916666666667,0.09720000000000001,0.1512
109,Weekend,EV,12.44,4.14,0,Veg,5.5,0.36,0,6.32,Medium,0.5073000000000001,0.0648,0.1008
109,Weekday,EV,5.25,3.94,50,Veg,7.6,0.62,1,4.17,Low,0.31009166666666665,0.1116,0.1736
110,Weekday,Walk,7.93,5.45,25,Non-Veg,2.7,0.95,1,9.59,Medium,0.44895833333333335,0.7210000000000001,0.566
110,Weekend,Bike,11.33,3.72,75,Veg,5.9,0.74,4,2.05,Low,0.328025,0.1332,0.2072
110,Weekend,Bus,1.48,10.07,50,Veg,6.2,0.89,0,7.31,Medium,0.48773333333333346,0.1602,0.2492
110,Weekday,EV,14.61,8.66,0,Veg,5.2,0.72,0,10.56,Medium,0.7001583333333334,0.1296,0.2016
110,Weekend,Car,1.97,9.05,50,Veg,6.6,0.39,1,6.19,Medium,0.4564583333333334,0.07020000000000001,0.10919999999999999
110,Weekend,Car,6.01,9.29,100,Veg,2.7,1.02,2,3.69,Low,0.4157583333333333,0.1836,0.28559999999999997
110,Weekend,Car,0.5,11.04,50,Mixed,3.8,1.07,2,8.61,Medium,0.51105,0.19260000000000002,0.2996
111,Weekend,Bus,12.12,7.83,50,Mixed,3.5,1.05,2,8.14,Medium,0.5386,0.189,0.294
111,Weekday,Bike,12.79,6.6,100,Non-Veg,4.2,0.63,2,5.46,Low,0.401875,0.6634000000000001,0.47639999999999993
111,Weekend,EV,6.89,6.44,0,Non-Veg,7.5,0.69,1,11.48,High,0.5222583333333334,0.6742,0.49319999999999997
111,Weekend,EV,0.5,3.45,25,Veg,5.7,0.65,1,4.52,Low,0.28275000000000006,0.11700000000000002,0.182
111,Weekend,Walk,14.17,7.7,0,Veg,3.9,0.87,2,8.55,Medium,0.6594583333333335,0.15660000000000002,0.24359999999999998
111,Weekend,Bike,7.12,7.52,25,Non-Veg,4.5,1.32,0,11.71,High,0.5147333333333334,0.7876000000000001,0.6696
111,Weekday,Bus,8.49,2.85,0,Mixed,2.3,0.9,1,7.19,Medium,0.410625,0.162,0.252
112,Weekday,EV,19.13,6.12,25,Non-Veg,4.0,0.71,0,10.88,Medium,0.6135250000000001,0.6778000000000001,0.49879999999999997
112,Weekend,Bus,11.38,9.21,75,Veg,4.9,0.77,3,4.52,Low,0.5299500000000001,0.1386,0.21559999999999996
112,Weekend,Walk,4.69,5.88,25,Mixed,8.4,0.81,2,7.29,Medium,0.424225,0.1458,0.22679999999999997
112,Weekday,Bus,12.62,7.6,0,Mixed,5.3,0.77,1,11.26,High,0.6364166666666666,0.1386,0.21559999999999996
112,Weekday,EV,5.6,5.02,25,Veg,7.8,0.71,1,5.77,Low,0.4040666666666667,0.1278,0.19879999999999998
112,Weekday,Walk,14.92,7.85,100,Non-Veg,8.2,0.95,0,6.64,Medium,0.47433333333333333,0.7210000000000001,0.566
112,Weekday,Bike,21.58,6.42,50,Non-Veg,5.9,0.48,1,8.31,Medium,0.60515,0.6364000000000001,0.4344
113,Weekday,Car,11.32,4.77,50,Mixed,6.9,0.31,2,7.41,Medium,0.4164,0.0558,0.0868
113,Weekday,Car,11.91,5.83,75,Non-Veg,2.4,0.78,1,9.74,Medium,0.4126416666666667,0.6904000000000001,0.5184
113,Weekend,Bus,6.52,2.66,75,Non-Veg,2.3,0.92,1,7.26,Medium,0.2290333333333333,0.7156,0.5576
113,Weekend,Car,4.44,2.81,75,Veg,7.3,0.48,2,3.28,Low,0.20853333333333335,0.0864,0.1344
113,Weekday,Walk,7.28,5.84,75,Veg,7.4,0.85,4,2.62,Low,0.35513333333333336,0.153,0.238
113,Weekend,Walk,0.5,9.37,0,Mixed,2.9,1.14,1,12.15,High,0.5498166666666666,0.2052,0.3192
113,Weekday,EV,12.35,5.47,25,Mixed,8.8,0.58,3,6.85,Medium,0.5049416666666666,0.1044,0.1624
114,Weekday,EV,11.89,2.85,0,Mixed,4.4,0.97,0,7.47,Medium,0.45312500000000006,0.1746,0.27159999999999995
114,Weekend,Car,7.25,5.59,0,Veg,7.7,0.64,0,8.87,Medium,0.49559166666666665,0.11520000000000001,0.17919999999999997
114,Weekday,EV,9.31,7.2,50,Veg,8.8,0.72,3,5.0,Low,0.480375,0.1296,0.2016
114,Weekday,Bus,7.71,5.5,25,Mixed,5.4,0.62,2,7.44,Medium,0.4480416666666667,0.1116,0.1736
114,Weekday,Car,6.38,6.7,0,Non-Veg,4.9,0.93,0,13.46,High,0.5254166666666666,0.7174,0.5604
114,Weekend,Bus,4.97,5.23,0,Non-Veg,7.5,0.57,0,10.87,Medium,0.4538916666666667,0.6526000000000001,0.4596
114,Weekend,Bus,5.94,6.41,75,Non-Veg,8.0,0.76,1,7.8,Medium,0.35928333333333334,0.6868000000000001,0.5127999999999999
115,Weekday,EV,13.57,7.83,25,Veg,3.6,0.91,1,8.06,Medium,0.6067250000000001,0.1638,0.2548
115,Weekend,Bike,8.92,5.77,50,Veg,3.3,0.69,0,5.19,Low,0.4230666666666667,0.1242,0.19319999999999998
115,Weekday,Bike,10.3,8.92,75,Non-Veg,5.9,0.98,2,7.7,Medium,0.5058166666666668,0.7264,0.5744
115,Weekend,Car,1.29,7.95,100,Mixed,3.9,0.71,1,4.23,Low,0.30762500000000004,0.1278,0.19879999999999998
115,Weekend,Bike,6.55,12.27,0,Mixed,5.1,0.87,1,14.21,High,0.7317750000000001,0.15660000000000002,0.24359999999999998
115,Weekday,EV,3.7,8.45,25,Veg,2.4,1.01,2,7.76,Medium,0.5060833333333334,0.18180000000000002,0.2828
115,Weekday,Walk,8.03,6.02,25,Veg,3.1,1.09,1,6.61,Medium,0.47110833333333335,0.1962,0.3052
116,Weekday,Bike,8.0,5.49,0,Non-Veg,8.2,0.67,0,10.8,Medium,0.5013000000000001,0.6706000000000001,0.4876
116,Weekday,Car,13.84,6.12,0,Veg,4.6,0.86,2,10.16,Medium,0.5974,0.1548,0.2408
116,Weekend,Bike,6.72,4.06,25,Non-Veg,2.3,1.01,0,9.21,Medium,0.3828666666666667,0.7318,0.5828
116,Weekday,EV,11.09,8.3,0,Mixed,4.7,0.75,0,11.66,High,0.6429583333333333,0.135,0.20999999999999996
116,Weekday,Bus,14.48,5.12,75,Mixed,6.1,0.56,2,5.58,Low,0.41873333333333335,0.10080000000000003,0.1568
116,Weekend,Bike,6.42,8.21,0,Non-Veg,2.9,0.81,1,12.81,High,0.5812833333333334,0.6958000000000001,0.5267999999999999
116,Weekday,Bike,12.24,4.32,0,Veg,2.7,0.83,1,6.14,Medium,0.5114000000000001,0.1494,0.2324
117,Weekend,EV,13.14,5.56,0,Mixed,4.8,1.23,1,9.67,Medium,0.5681166666666666,0.22139999999999999,0.3444
117,Weekday,EV,7.71,6.62,25,Mixed,6.9,0.84,1,8.48,Medium,0.48910833333333337,0.1512,0.2352
117,Weekday,Bike,13.23,9.26,50,Non-Veg,4.4,0.68,0,10.11,Medium,0.6049083333333333,0.6724000000000001,0.49039999999999995
117,Weekend,EV,9.35,8.38,50,Veg,5.5,0.58,1,6.11,Medium,0.5241416666666667,0.1044,0.1624
117,Weekend,Bike,9.51,5.18,75,Mixed,6.8,0.57,0,5.24,Low,0.35880833333333334,0.1026,0.1596
117,Weekend,EV,9.26,4.7,0,Mixed,4.2,0.35,0,8.14,Medium,0.48808333333333337,0.063,0.09799999999999999
117,Weekday,Car,14.45,2.43,25,Veg,4.4,0.74,1,7.01,Medium,0.419725,0.1332,0.2072
118,Weekday,Walk,13.16,8.85,0,Mixed,2.4,0.69,0,11.59,High,0.6890000000000001,0.1242,0.19319999999999998
118,Weekday,Car,13.44,8.62,0,Mixed,5.9,1.23,0,14.86,High,0.6840666666666666,0.22139999999999999,0.3444
118,Weekend,Bike,7.5,6.14,50,Non-Veg,2.1,0.96,1,8.77,Medium,0.4188833333333334,0.7228000000000001,0.5688
118,Weekday,EV,8.9,7.02,50,Non-Veg,3.5,1.01,2,9.14,Medium,0.46865,0.7318,0.5828
118,Weekend,Bus,8.4,8.9,0,Mixed,6.0,0.7,1,11.91,High,0.6313333333333333,0.126,0.19599999999999998
118,Weekend,Bike,4.46,3.52,75,Veg,8.5,1.21,1,3.77,Low,0.23481666666666667,0.2178,0.3388
118,Weekday,Car,14.25,8.26,75,Mixed,8.0,0.61,1,8.51,Medium,0.5309916666666668,0.10980000000000001,0.1708
119,Weekend,Bus,2.96,4.01,50,Non-Veg,2.5,0.62,1,7.73,Medium,0.28403333333333336,0.6616000000000001,0.4736
119,Weekday,Bus,16.93,4.59,100,Non-Veg,7.7,0.62,1,7.2,Medium,0.379925,0.6616000000000001,0.4736
119,Weekend,Walk,5.23,6.75,0,Non-Veg,5.9,0.89,3,10.9,Medium,0.512875,0.7102,0.5492
119,Weekday,Bike,12.84,6.63,0,Non-Veg,2.6,0.32,0,11.33,High,0.6036,0.6076,0.38959999999999995
119,Weekend,EV,10.9,5.45,25,Non-Veg,9.0,0.47,0,9.85,Medium,0.4860833333333334,0.6346,0.4316
119,Weekend,Walk,2.1,4.85,50,Veg,8.3,0.51,1,4.21,Low,0.30408333333333337,0.0918,0.14279999999999998
119,Weekday,Walk,10.61,7.16,0,Veg,8.1,0.46,1,8.03,Medium,0.5951583333333335,0.08280000000000001,0.1288
120,Weekday,Walk,13.71,7.32,0,Veg,4.5,0.79,1,8.56,Medium,0.639775,0.14220000000000002,0.22119999999999998
120,Weekend,Walk,10.55,5.21,75,Non-Veg,8.6,0.88,2,6.83,Medium,0.37290833333333334,0.7084,0.5464
120,Weekend,Bike,7.42,3.91,25,Non-Veg,4.0,0.62,1,8.25,Medium,0.38611666666666666,0.6616000000000001,0.4736
120,Weekend,Walk,6.25,5.18,0,Non-Veg,2.8,0.76,2,9.86,Medium,0.46805833333333335,0.6868000000000001,0.5127999999999999
120,Weekday,Walk,6.01,3.54,0,Mixed,7.4,0.64,0,7.17,Medium,0.40492500000000003,0.11520000000000001,0.17919999999999997
120,Weekend,Bus,1.62,6.73,0,Mixed,8.5,0.89,1,9.81,Medium,0.46701666666666675,0.1602,0.2492
120,Weekend,EV,8.96,7.95,0,Non-Veg,3.5,0.69,1,12.8,High,0.6035000000000001,0.6742,0.49319999999999997
121,Weekend,Walk,6.1,5.96,75,Mixed,8.3,0.8,1,5.28,Low,0.34478333333333333,0.14400000000000002,0.22399999999999998
121,Weekend,Walk,1.88,6.91,25,Non-Veg,6.2,0.62,0,10.5,Medium,0.4268666666666667,0.6616000000000001,0.4736
121,Weekend,Bus,6.41,7.82,0,Non-Veg,4.3,0.6,2,12.35,High,0.5668583333333334,0.658,0.46799999999999997
121,Weekday,Bus,15.21,7.67,0,Mixed,4.7,0.72,0,11.87,High,0.6713583333333335,0.1296,0.2016
121,Weekday,Walk,14.14,7.72,25,Non-Veg,2.6,0.57,2,10.14,Medium,0.6098166666666667,0.6526000000000001,0.4596
121,Weekday,Bus,16.6,8.61,0,Mixed,7.4,0.75,0,12.78,High,0.7232000000000001,0.135,0.20999999999999996
121,Weekday,EV,10.47,4.0,75,Non-Veg,8.5,0.77,0,7.66,Medium,0.3275416666666667,0.6886000000000001,0.5156
122,Weekend,Bike,1.28,7.7,75,Veg,4.7,0.69,3,3.2,Low,0.3483333333333334,0.1242,0.19319999999999998
122,Weekend,Walk,2.92,2.84,0,Mixed,3.4,0.73,0,6.7,Medium,0.34063333333333334,0.13140000000000002,0.2044
122,Weekend,Car,4.62,6.79,25,Mixed,4.9,0.78,1,9.18,Medium,0.4567166666666667,0.14040000000000002,0.21839999999999998
122,Weekend,Walk,3.21,4.32,0,Veg,4.7,0.75,2,5.64,Low,0.398525,0.135,0.20999999999999996
122,Weekend,Bike,9.07,6.61,50,Mixed,2.3,0.42,1,6.32,Medium,0.4557416666666667,0.0756,0.1176
122,Weekday,Bike,15.9,8.56,0,Non-Veg,2.7,0.5,2,12.31,High,0.7126166666666667,0.64,0.43999999999999995
122,Weekday,Bus,11.19,6.01,0,Mixed,7.7,1.02,2,9.75,Medium,0.5602416666666667,0.1836,0.28559999999999997
123,Weekend,Walk,3.87,6.93,0,Mixed,8.2,0.2,0,9.43,Medium,0.502475,0.036000000000000004,0.055999999999999994
123,Weekend,Bike,0.84,5.37,25,Non-Veg,6.7,0.95,3,8.74,Medium,0.35740000000000005,0.7210000000000001,0.566
123,Weekday,Car,12.54,7.01,0,Non-Veg,2.9,0.65,2,13.86,High,0.6137833333333333,0.667,0.482
123,Weekend,Bus,10.09,5.11,25,Non-Veg,5.8,0.76,2,9.56,Medium,0.4634916666666667,0.6868000000000001,0.5127999999999999
123,Weekend,Bike,6.66,3.75,75,Veg,7.8,0.63,1,3.13,Low,0.27075,0.11340000000000001,0.17639999999999997
123,Weekend,Car,9.37,5.83,75,Veg,6.1,0.7,2,5.2,Low,0.3808916666666667,0.126,0.19599999999999998
123,Weekday,Car,10.32,6.44,0,Mixed,7.8,0.59,1,11.26,High,0.5651333333333335,0.1062,0.16519999999999999
124,Weekend,Bus,10.9,2.86,0,Mixed,7.6,0.36,0,7.14,Medium,0.4411166666666667,0.0648,0.1008
124,Weekend,Bike,6.08,2.0,75,Mixed,3.7,0.45,4,2.85,Low,0.1993333333333333,0.081,0.126
124,Weekday,EV,9.42,3.91,0,Non-Veg,8.9,0.99,1,9.87,Medium,0.4611166666666667,0.7282000000000001,0.5771999999999999
124,Weekend,Car,1.07,5.92,25,Non-Veg,6.1,0.73,0,10.24,Medium,0.3804416666666667,0.6814,0.5044
124,Weekend,EV,5.21,7.26,50,Mixed,7.5,0.1,1,6.4,Medium,0.43132500000000007,0.018000000000000002,0.027999999999999997
124,Weekday,EV,17.81,2.87,0,Non-Veg,3.4,0.7,2,8.61,Medium,0.5278583333333333,0.676,0.496
124,Weekday,Bus,11.86,2.32,75,Mixed,3.7,0.48,4,3.91,Low,0.28331666666666666,0.0864,0.1344
125,Weekend,EV,7.09,5.21,0,Non-Veg,5.5,0.75,1,10.55,Medium,0.47965833333333335,0.685,0.51
125,Weekday,Bike,10.5,5.8,25,Non-Veg,3.3,0.86,2,9.29,Medium,0.49391666666666667,0.7048000000000001,0.5408
125,Weekday,EV,8.64,9.19,50,Non-Veg,5.0,1.25,0,11.12,High,0.5449666666666667,0.775,0.6499999999999999
125,Weekday,EV,11.07,9.14,0,Mixed,2.6,1.13,0,12.79,High,0.6735083333333334,0.20339999999999997,0.31639999999999996
125,Weekend,Bike,6.9,7.91,0,Non-Veg,4.5,1.05,0,13.24,High,0.5762833333333334,0.7390000000000001,0.594
125,Weekday,Bike,13.28,7.74,0,Non-Veg,3.4,0.76,2,11.96,High,0.6498,0.6868000000000001,0.5127999999999999
125,Weekday,Bike,13.94,6.42,25,Veg,7.0,0.78,0,6.89,Medium,0.55965,0.14040000000000002,0.21839999999999998
126,Weekday,Bus,15.07,6.39,25,Mixed,8.4,0.62,0,9.39,Medium,0.572675,0.1116,0.1736
126,Weekend,Walk,10.15,6.23,25,Mixed,5.4,0.67,2,7.34,Medium,0.5053083333333334,0.12060000000000001,0.1876
126,Weekday,Walk,10.7,9.65,0,Veg,5.4,0.62,3,9.45,Medium,0.6875833333333334,0.1116,0.1736
126,Weekend,Walk,7.41,5.22,0,Mixed,8.5,0.9,0,8.85,Medium,0.484025,0.162,0.252
126,Weekend,Bike,9.3,9.81,50,Mixed,2.7,0.51,2,7.33,Medium,0.5759500000000001,0.0918,0.14279999999999998
126,Weekday,Bike,12.3,8.44,25,Mixed,4.2,1.03,1,9.52,Medium,0.6132166666666667,0.1854,0.2884
126,Weekday,Bike,14.25,7.99,0,Veg,8.0,0.91,1,9.24,Medium,0.6710916666666666,0.1638,0.2548
127,Weekday,Bus,16.04,4.99,25,Veg,7.2,0.58,2,6.25,Medium,0.5334666666666668,0.1044,0.1624
127,Weekday,Bus,8.31,2.21,25,Veg,7.5,0.59,1,4.34,Low,0.33490833333333336,0.1062,0.16519999999999999
127,Weekday,Bike,12.65,6.41,25,Veg,5.5,0.83,1,6.54,Medium,0.5431583333333334,0.1494,0.2324
127,Weekday,Car,20.28,5.88,25,Mixed,2.9,0.5,3,10.77,Medium,0.6191,0.09,0.13999999999999999
127,Weekday,EV,12.23,3.05,0,Veg,8.5,0.48,1,5.16,Low,0.46470833333333333,0.0864,0.1344
127,Weekday,Walk,9.05,4.69,0,Non-Veg,3.9,0.88,1,10.0,Medium,0.4850916666666667,0.7084,0.5464
127,Weekday,Bus,16.72,8.68,50,Mixed,8.6,0.48,1,8.57,Medium,0.6272666666666666,0.0864,0.1344
128,Weekend,EV,4.49,7.51,0,Veg,5.1,1.02,0,9.56,Medium,0.5314916666666667,0.1836,0.28559999999999997
128,Weekend,Car,0.5,8.69,25,Veg,6.3,0.97,3,7.42,Medium,0.4748833333333334,0.1746,0.27159999999999995
128,Weekend,Car,9.41,4.45,0,Non-Veg,6.7,0.95,1,11.87,High,0.4807916666666667,0.7210000000000001,0.566
128,Weekend,Bike,7.45,8.28,75,Non-Veg,3.9,0.84,1,7.81,Medium,0.44672500000000004,0.7012,0.5352
128,Weekend,Car,8.57,4.78,0,Mixed,6.7,0.82,0,10.21,Medium,0.4823916666666667,0.1476,0.22959999999999997
128,Weekend,EV,4.21,5.51,25,Non-Veg,4.5,0.93,1,9.77,Medium,0.40465833333333334,0.7174,0.5604
128,Weekday,Bus,11.79,9.54,0,Veg,2.7,0.86,2,11.0,Medium,0.697175,0.1548,0.2408
129,Weekday,Car,13.35,2.61,0,Mixed,5.5,0.16,3,7.43,Medium,0.462575,0.028800000000000003,0.04479999999999999
129,Weekend,EV,7.47,4.36,0,Veg,8.8,0.32,0,6.26,Medium,0.4532416666666667,0.057600000000000005,0.08959999999999999
129,Weekday,EV,2.92,4.02,50,Veg,2.9,0.18,1,3.58,Low,0.28390000000000004,0.0324,0.0504
129,Weekend,Bus,3.95,6.13,0,Veg,8.8,0.38,1,7.4,Medium,0.4741416666666667,0.0684,0.10639999999999998
129,Weekend,Car,3.65,4.06,100,Mixed,2.3,0.37,1,4.31,Low,0.19449166666666667,0.0666,0.1036
129,Weekend,EV,13.9,2.0,50,Non-Veg,2.5,1.08,0,8.17,Medium,0.34708333333333335,0.7444000000000001,0.6024
129,Weekend,Car,8.79,2.89,0,Veg,6.0,0.6,2,6.14,Medium,0.41584166666666667,0.10800000000000001,0.16799999999999998
130,Weekend,Bus,4.58,5.87,75,Non-Veg,4.8,1.01,2,7.48,Medium,0.32248333333333334,0.7318,0.5828
130,Weekday,EV,10.68,2.0,25,Mixed,6.9,0.55,0,5.82,Low,0.35683333333333334,0.099,0.154
130,Weekend,Bus,7.77,10.62,0,Non-Veg,7.3,0.54,2,14.67,High,0.686525,0.6472,0.4512
130,Weekend,Bus,7.52,6.29,25,Non-Veg,5.8,0.57,1,10.26,Medium,0.47463333333333335,0.6526000000000001,0.4596
130,Weekday,Walk,16.77,2.72,75,Veg,6.7,0.65,1,2.94,Low,0.35935833333333334,0.11700000000000002,0.182
130,Weekend,EV,2.22,5.51,0,Veg,5.7,0.9,0,7.69,Medium,0.42978333333333335,0.162,0.252
130,Weekend,Bus,0.5,2.79,100,Veg,5.9,0.54,1,2.28,Low,0.10855000000000002,0.09720000000000001,0.1512
131,Weekend,Walk,13.45,2.84,0,Non-Veg,7.7,0.18,0,8.04,Medium,0.47225833333333334,0.5824,0.3504
131,Weekday,EV,13.16,2.56,0,Non-Veg,6.8,0.69,1,8.55,Medium,0.4583666666666667,0.6742,0.49319999999999997
131,Weekday,Walk,7.09,3.48,50,Mixed,8.8,0.6,1,5.25,Low,0.316225,0.10800000000000001,0.16799999999999998
131,Weekday,Bus,7.21,5.84,25,Non-Veg,5.8,0.42,1,9.77,Medium,0.4542583333333334,0.6256,0.41759999999999997
131,Weekend,Walk,6.97,3.69,0,Non-Veg,6.8,0.25,1,8.43,Medium,0.422425,0.5950000000000001,0.37
131,Weekend,Car,0.5,4.0,50,Veg,6.7,0.4,0,4.23,Low,0.2529166666666667,0.07200000000000001,0.11199999999999999
131,Weekend,Car,0.5,4.22,0,Non-Veg,2.2,0.5,0,9.66,Medium,0.3609833333333333,0.64,0.43999999999999995
132,Weekday,Car,12.87,5.81,0,Mixed,2.9,0.43,1,11.08,High,0.5739083333333332,0.0774,0.1204
132,Weekday,EV,13.95,8.39,0,Veg,6.6,0.63,1,9.79,Medium,0.6820083333333333,0.11340000000000001,0.17639999999999997
132,Weekday,EV,7.94,6.97,100,Veg,6.3,0.66,1,2.71,Low,0.35481666666666667,0.11880000000000002,0.1848
132,Weekend,Walk,5.43,2.17,25,Mixed,8.4,0.33,2,4.43,Low,0.29744166666666666,0.05940000000000001,0.0924
132,Weekend,Bus,0.5,2.38,75,Mixed,2.3,0.82,2,4.22,Low,0.14351666666666668,0.1476,0.22959999999999997
132,Weekday,Walk,20.37,5.14,0,Mixed,8.1,0.21,0,7.97,Medium,0.6430916666666666,0.0378,0.0588
132,Weekday,Car,9.3,4.89,25,Mixed,6.8,0.1,2,7.78,Medium,0.44555000000000006,0.018000000000000002,0.027999999999999997
133,Weekday,Car,11.06,5.5,0,Non-Veg,6.0,0.96,2,12.68,High,0.5399166666666667,0.7228000000000001,0.5688
133,Weekday,Bike,7.6,7.4,75,Non-Veg,4.9,0.62,1,7.36,Medium,0.4163333333333334,0.6616000000000001,0.4736
133,Weekend,EV,7.01,5.49,75,Mixed,4.0,0.98,0,6.08,Medium,0.338925,0.1764,0.2744
133,Weekday,Walk,9.29,7.29,25,Non-Veg,7.1,0.37,1,10.02,Medium,0.533425,0.6166,0.40359999999999996
133,Weekend,Walk,10.98,11.12,50,Veg,3.8,0.83,3,6.36,Medium,0.6449833333333334,0.1494,0.2324
133,Weekday,Bus,5.82,4.11,0,Mixed,2.4,0.53,2,7.17,Medium,0.42345000000000005,0.09540000000000001,0.1484
133,Weekday,Bike,14.81,6.16,50,Mixed,8.6,1.18,1,7.04,Medium,0.5109916666666667,0.2124,0.33039999999999997
134,Weekday,Walk,8.1,5.88,25,Mixed,7.7,0.4,2,6.8,Medium,0.46685,0.07200000000000001,0.11199999999999999
134,Weekend,Car,6.01,9.07,75,Mixed,8.4,0.66,1,7.01,Medium,0.45769166666666666,0.11880000000000002,0.1848
134,Weekend,Bus,4.49,6.35,50,Mixed,8.4,0.44,2,6.19,Medium,0.3889583333333333,0.0792,0.1232
134,Weekend,EV,13.97,6.53,25,Non-Veg,7.1,0.52,0,10.7,Medium,0.5640583333333333,0.6436000000000001,0.4456
134,Weekend,Car,6.16,6.72,75,Mixed,2.8,0.83,1,6.77,Medium,0.3734,0.1494,0.2324
134,Weekend,Bike,9.75,3.62,0,Non-Veg,6.1,0.62,1,8.81,Medium,0.45460833333333334,0.6616000000000001,0.4736
134,Weekday,Bus,14.56,3.12,0,Veg,4.2,0.91,0,6.81,Medium,0.4964,0.1638,0.2548
135,Weekend,Walk,0.5,6.4,25,Mixed,4.2,1.09,1,8.34,Medium,0.3909166666666667,0.1962,0.3052
135,Weekday,Car,11.25,7.7,50,Veg,8.2,1.26,2,8.23,Medium,0.5229583333333334,0.22680000000000003,0.35279999999999995
135,Weekend,Car,15.97,6.95,0,Non-Veg,8.9,0.81,1,15.12,High,0.6544583333333334,0.6958000000000001,0.5267999999999999
135,Weekday,Bike,12.47,3.91,25,Veg,3.8,0.75,0,5.31,Low,0.4492416666666667,0.135,0.20999999999999996
135,Weekend,Bus,6.6,10.98,0,Veg,4.2,0.73,0,12.4,High,0.6851,0.13140000000000002,0.2044
135,Weekend,EV,6.61,8.92,50,Mixed,6.7,1.03,2,7.86,Medium,0.5096916666666668,0.1854,0.2884
135,Weekday,Walk,17.18,8.47,25,Mixed,4.5,1.04,2,9.16,Medium,0.6753166666666667,0.1872,0.2912
136,Weekend,Bike,0.63,8.76,25,Veg,5.6,0.85,3,7.2,Medium,0.4790750000000001,0.153,0.238
136,Weekday,EV,21.28,8.06,25,Non-Veg,2.7,0.97,1,12.07,High,0.7115333333333335,0.7246,0.5715999999999999
136,Weekday,Car,15.3,6.36,25,Veg,8.6,0.92,1,9.83,Medium,0.5744500000000001,0.16560000000000002,0.2576
136,Weekday,EV,7.71,9.32,0,Non-Veg,9.0,0.96,1,14.2,High,0.6381083333333333,0.7228000000000001,0.5688
136,Weekend,Walk,11.12,7.07,50,Mixed,5.8,0.72,1,6.86,Medium,0.4982333333333333,0.1296,0.2016
136,Weekend,Walk,0.81,5.79,25,Non-Veg,2.5,0.79,3,8.8,Medium,0.372425,0.6922,0.5212
136,Weekday,Walk,15.09,7.69,0,Non-Veg,2.7,0.86,2,12.04,High,0.6705916666666667,0.7048000000000001,0.5408
137,Weekend,Bike,8.82,6.51,0,Veg,6.7,0.75,0,8.23,Medium,0.54895,0.135,0.20999999999999996
137,Weekday,EV,9.07,4.49,25,Mixed,6.2,0.92,0,7.73,Medium,0.4280083333333334,0.16560000000000002,0.2576
137,Weekend,Walk,2.52,8.01,50,Non-Veg,3.1,0.56,1,9.06,Medium,0.4252,0.6508,0.4568
137,Weekend,Bus,7.54,4.58,75,Veg,8.2,0.89,0,4.61,Low,0.3121833333333333,0.1602,0.2492
137,Weekend,EV,2.95,6.48,25,Non-Veg,7.0,0.95,0,10.74,Medium,0.42447500000000005,0.7210000000000001,0.566
137,Weekend,Bike,11.99,4.62,50,Mixed,5.5,0.66,1,5.79,Low,0.41927500000000006,0.11880000000000002,0.1848
137,Weekday,Bike,7.31,3.87,0,Veg,4.4,0.72,1,5.63,Low,0.433275,0.1296,0.2016
138,Weekday,Bus,12.09,4.28,0,Veg,8.5,0.64,0,7.25,Medium,0.5080583333333334,0.11520000000000001,0.17919999999999997
138,Weekday,Car,17.31,8.29,0,Veg,5.0,0.76,0,13.34,High,0.7203416666666667,0.1368,0.21279999999999996
138,Weekday,EV,15.46,2.92,0,Non-Veg,2.9,0.33,2,8.11,Medium,0.5003166666666667,0.6094,0.39239999999999997
138,Weekend,Bike,7.26,3.29,75,Mixed,3.8,0.21,1,4.02,Low,0.26138333333333336,0.0378,0.0588
138,Weekend,Bus,4.5,2.0,25,Veg,4.9,0.68,2,3.61,Low,0.27958333333333335,0.12240000000000002,0.19039999999999999
138,Weekend,Walk,5.35,5.1,25,Mixed,2.7,0.43,0,7.15,Medium,0.403875,0.0774,0.1204
138,Weekday,Walk,6.72,8.34,50,Mixed,4.7,0.32,2,6.5,Medium,0.4898,0.057600000000000005,0.08959999999999999
139,Weekday,EV,17.26,4.18,50,Mixed,7.8,0.31,0,6.28,Medium,0.46901666666666664,0.0558,0.0868
139,Weekend,Car,5.93,6.39,50,Mixed,4.1,0.3,1,7.33,Medium,0.40842500000000004,0.054000000000000006,0.08399999999999999
139,Weekend,Bus,0.5,3.58,0,Mixed,3.4,0.41,1,6.57,Medium,0.3375166666666667,0.0738,0.11479999999999999
139,Weekday,Bike,7.61,8.57,50,Non-Veg,4.7,0.89,1,9.68,Medium,0.5093583333333334,0.7102,0.5492
139,Weekend,Bike,5.75,3.25,25,Veg,8.2,0.42,1,4.11,Low,0.3410416666666667,0.0756,0.1176
139,Weekday,Car,6.78,4.46,75,Veg,5.1,0.28,2,3.87,Low,0.29828333333333334,0.050400000000000014,0.0784
139,Weekday,Bus,5.2,4.32,75,Veg,6.0,0.37,1,3.35,Low,0.27340000000000003,0.0666,0.1036
140,Weekend,Walk,2.5,8.3,25,Mixed,5.4,0.83,2,8.8,Medium,0.48558333333333337,0.1494,0.2324
140,Weekday,Bike,15.17,5.76,0,Mixed,2.8,1.26,1,9.33,Medium,0.6008249999999999,0.22680000000000003,0.35279999999999995
140,Weekday,Car,7.74,8.96,75,Veg,7.4,0.82,0,6.44,Medium,0.4752833333333334,0.1476,0.22959999999999997
140,Weekend,Car,8.15,8.93,25,Mixed,4.4,0.79,1,11.25,High,0.5793083333333333,0.14220000000000002,0.22119999999999998
140,Weekday,Bike,10.57,7.08,25,Mixed,6.5,0.47,1,8.01,Medium,0.541725,0.0846,0.1316
140,Weekend,Walk,1.99,7.18,50,Non-Veg,7.1,0.88,1,9.09,Medium,0.3881416666666667,0.7084,0.5464
140,Weekend,EV,7.23,6.69,75,Non-Veg,5.7,0.93,2,7.48,Medium,0.38567500000000005,0.7174,0.5604
141,Weekend,EV,4.55,5.67,0,Mixed,5.3,0.43,0,8.85,Medium,0.464775,0.0774,0.1204
141,Weekday,Bike,12.34,4.2,75,Mixed,8.9,0.41,1,4.46,Low,0.35825,0.0738,0.11479999999999999
141,Weekday,Car,12.15,5.98,0,Non-Veg,8.5,0.67,1,13.36,High,0.5711416666666667,0.6706000000000001,0.4876
141,Weekend,EV,9.6,5.54,0,Veg,5.1,0.3,2,6.49,Medium,0.5231333333333333,0.054000000000000006,0.08399999999999999
141,Weekend,Car,8.02,5.12,50,Mixed,3.6,0.32,0,7.67,Medium,0.38798333333333335,0.057600000000000005,0.08959999999999999
141,Weekday,Walk,7.46,2.77,25,Mixed,8.4,0.37,0,5.65,Low,0.34481666666666666,0.0666,0.1036
141,Weekend,Walk,9.84,6.37,0,Mixed,8.5,0.12,1,8.46,Medium,0.5565666666666667,0.0216,0.0336
142,Weekend,EV,9.91,10.43,0,Veg,6.7,0.62,2,10.9,Medium,0.7063083333333333,0.1116,0.1736
142,Weekday,EV,15.83,6.51,25,Mixed,7.9,0.7,0,8.98,Medium,0.5865750000000001,0.126,0.19599999999999998
142,Weekend,Walk,11.22,8.85,0,Veg,5.7,0.71,1,9.71,Medium,0.6647500000000002,0.1278,0.19879999999999998
142,Weekend,Bike,0.87,7.99,0,Mixed,7.6,0.73,1,10.52,Medium,0.5038416666666667,0.13140000000000002,0.2044
142,Weekday,EV,10.04,5.92,0,Mixed,7.0,1.14,0,10.13,Medium,0.5425666666666666,0.2052,0.3192
142,Weekend,Bus,5.43,6.4,100,Non-Veg,6.9,0.69,1,6.37,Medium,0.3025416666666667,0.6742,0.49319999999999997
142,Weekend,Bike,11.09,11.7,50,Veg,3.8,0.57,1,7.09,Medium,0.667625,0.1026,0.1596
143,Weekday,EV,11.95,7.06,0,Veg,5.1,0.55,2,8.13,Medium,0.6082416666666667,0.099,0.154
143,Weekend,Car,13.6,6.75,50,Veg,6.1,1.03,1,8.46,Medium,0.5175,0.1854,0.2884
143,Weekday,Walk,8.72,6.91,0,Mixed,2.7,1.12,2,9.71,Medium,0.5623666666666667,0.20160000000000006,0.3136
143,Weekday,Walk,17.1,11.45,100,Non-Veg,5.7,0.62,1,5.84,Low,0.6335833333333334,0.6616000000000001,0.4736
143,Weekday,Bus,10.97,5.27,25,Mixed,7.7,0.64,2,7.59,Medium,0.48035833333333333,0.11520000000000001,0.17919999999999997
143,Weekday,Walk,13.75,4.18,100,Non-Veg,6.6,0.89,1,6.17,Medium,0.32514166666666666,0.7102,0.5492
143,Weekday,Bike,8.39,9.13,0,Veg,5.7,1.07,0,10.77,Medium,0.6396416666666667,0.19260000000000002,0.2996
144,Weekend,EV,0.5,5.9,50,Veg,6.3,0.87,2,4.68,Low,0.3225833333333334,0.15660000000000002,0.24359999999999998
144,Weekend,Bike,5.39,5.4,100,Mixed,5.8,0.63,2,3.46,Low,0.265375,0.11340000000000001,0.17639999999999997
144,Weekday,Bike,10.54,7.44,0,Non-Veg,3.8,0.72,2,11.67,High,0.60455,0.6796,0.5016
144,Weekday,Walk,14.29,5.01,25,Veg,4.8,0.72,1,5.55,Low,0.512325,0.1296,0.2016
144,Weekday,Bus,7.93,5.67,50,Mixed,5.1,0.74,0,7.34,Medium,0.40702499999999997,0.1332,0.2072
144,Weekday,Bike,14.02,7.51,25,Veg,4.1,0.49,0,7.2,Medium,0.6006166666666667,0.0882,0.1372
144,Weekend,Bus,9.61,5.77,75,Non-Veg,5.6,0.65,2,7.43,Medium,0.38169166666666665,0.667,0.482
145,Weekend,Car,3.92,3.16,0,Non-Veg,6.7,0.75,0,9.82,Medium,0.3648666666666667,0.685,0.51
145,Weekday,Walk,5.27,4.72,75,Non-Veg,4.6,0.38,1,6.52,Medium,0.28894166666666665,0.6184000000000001,0.4064
145,Weekend,Bus,2.6,4.54,0,Veg,7.3,0.64,1,6.29,Medium,0.3989666666666667,0.11520000000000001,0.17919999999999997
145,Weekend,Car,4.74,2.11,0,Mixed,7.1,0.75,1,6.73,Medium,0.3366166666666667,0.135,0.20999999999999996
145,Weekday,Car,14.77,2.0,25,Veg,2.9,0.77,0,7.26,Medium,0.4079583333333333,0.1386,0.21559999999999996
145,Weekday,Car,21.99,7.94,25,Veg,2.7,0.59,3,11.0,High,0.7160083333333335,0.1062,0.16519999999999999
145,Weekend,Bike,7.89,4.0,50,Non-Veg,2.2,0.28,1,7.08,Medium,0.34529166666666666,0.6004,0.37839999999999996
146,Weekend,Bus,2.31,8.24,0,Non-Veg,8.9,0.69,2,12.47,High,0.5310083333333334,0.6742,0.49319999999999997
146,Weekday,Walk,14.27,5.07,0,Non-Veg,7.7,1.0,1,10.46,Medium,0.5642750000000001,0.73,0.58
146,Weekend,Bike,0.5,7.39,50,Non-Veg,5.6,1.25,1,9.63,Medium,0.37721666666666664,0.775,0.6499999999999999
146,Weekday,Bike,15.58,3.19,75,Non-Veg,5.1,0.84,1,6.76,Medium,0.3617166666666667,0.7012,0.5352
146,Weekend,Walk,6.04,7.37,75,Mixed,6.3,0.61,1,5.34,Low,0.3957333333333334,0.10980000000000001,0.1708
146,Weekend,Bus,7.94,7.32,0,Veg,7.0,0.63,1,9.0,Medium,0.56765,0.11340000000000001,0.17639999999999997
146,Weekday,Walk,10.03,2.0,0,Veg,2.2,0.98,1,4.41,Low,0.39870833333333333,0.1764,0.2744
147,Weekday,Bike,13.56,6.32,75,Veg,5.5,0.69,0,4.13,Low,0.4512333333333334,0.1242,0.19319999999999998
147,Weekday,EV,9.01,3.99,75,Mixed,2.9,0.6,3,4.19,Low,0.308925,0.10800000000000001,0.16799999999999998
147,Weekend,EV,10.87,6.14,25,Non-Veg,7.5,0.75,1,10.22,Medium,0.5110083333333334,0.685,0.51
147,Weekday,Bus,11.76,6.32,25,Mixed,3.3,0.72,3,7.99,Medium,0.5287333333333334,0.1296,0.2016
147,Weekday,EV,11.86,4.36,50,Non-Veg,7.8,0.34,1,7.77,Medium,0.4081166666666667,0.6112000000000001,0.3952
147,Weekday,Bus,12.88,4.1,0,Veg,7.7,0.62,0,7.14,Medium,0.5113333333333334,0.1116,0.1736
147,Weekend,Bus,4.92,2.5,25,Non-Veg,7.3,0.9,1,8.11,Medium,0.3031666666666667,0.7120000000000001,0.552
148,Weekend,EV,4.96,2.0,50,Non-Veg,6.1,0.31,1,6.49,Medium,0.23533333333333334,0.6058,0.3868
148,Weekday,Bike,13.61,2.15,25,Mixed,5.6,0.65,1,5.21,Low,0.39895833333333336,0.11700000000000002,0.182
148,Weekday,Walk,8.02,5.57,0,Veg,6.2,0.55,0,7.23,Medium,0.5044833333333334,0.099,0.154
148,Weekend,Bus,2.85,5.13,100,Mixed,7.0,0.69,1,4.16,Low,0.223725,0.1242,0.19319999999999998
148,Weekday,Bus,15.85,6.14,25,Veg,5.8,0.56,1,7.31,Medium,0.5732583333333334,0.10080000000000003,0.1568
148,Weekday,Bus,2.49,5.11,25,Veg,8.9,0.42,0,5.85,Low,0.3684916666666667,0.0756,0.1176
148,Weekend,Car,0.5,7.49,0,Mixed,6.0,0.64,0,10.51,Medium,0.48088333333333333,0.11520000000000001,0.17919999999999997
149,Weekday,Bike,9.18,4.39,100,Non-Veg,4.2,0.53,1,5.74,Low,0.2757166666666666,0.6454000000000001,0.4484
149,Weekday,Bus,10.64,4.46,0,Non-Veg,6.5,0.27,1,9.92,Medium,0.4965333333333334,0.5986,0.3756
149,Weekday,Walk,14.39,2.98,25,Mixed,3.3,0.71,1,5.78,Low,0.4391416666666667,0.1278,0.19879999999999998
149,Weekend,Bus,13.24,6.21,0,Non-Veg,6.9,0.8,2,11.81,High,0.5932,0.6940000000000001,0.524
149,Weekend,Car,0.92,7.79,100,Non-Veg,4.3,0.75,1,6.2,Medium,0.29713333333333336,0.685,0.51
149,Weekend,Bus,3.48,6.58,0,Veg,2.1,0.1,0,7.79,Medium,0.4847666666666667,0.018000000000000002,0.027999999999999997
149,Weekend,Car,4.21,2.0,0,Mixed,8.1,0.49,3,5.41,Low,0.32595833333333335,0.0882,0.1372
150,Weekday,Car,12.99,6.78,0,Mixed,5.6,0.75,0,12.68,High,0.610975,0.135,0.20999999999999996
150,Weekday,Walk,13.91,4.21,0,Mixed,5.3,0.34,1,6.97,Medium,0.5282416666666667,0.06120000000000001,0.09519999999999999
150,Weekday,EV,12.84,3.09,100,Veg,3.1,0.4,1,2.59,Low,0.2738,0.07200000000000001,0.11199999999999999
150,Weekday,Bus,15.1,5.41,0,Mixed,3.3,0.86,1,9.78,Medium,0.5871166666666667,0.1548,0.2408
150,Weekday,Walk,15.74,4.95,75,Non-Veg,5.2,0.75,1,7.02,Medium,0.42825,0.685,0.51
150,Weekday,Bus,16.87,2.0,0,Non-Veg,5.1,0.73,2,8.57,Medium,0.48420833333333335,0.6814,0.5044
150,Weekend,Walk,10.28,7.67,25,Veg,4.3,0.65,0,7.5,Medium,0.5597333333333334,0.11700000000000002,0.182
151,Weekday,EV,16.19,7.25,25,Mixed,6.7,0.98,1,9.38,Medium,0.6182083333333335,0.1764,0.2744
151,Weekend,Bike,10.35,6.5,25,Non-Veg,2.7,1.1,1,10.42,Medium,0.5177083333333333,0.748,0.608
151,Weekday,EV,7.82,10.61,25,Non-Veg,6.8,0.89,2,12.61,High,0.6367833333333335,0.7102,0.5492
151,Weekday,Bike,9.28,7.92,75,Veg,5.4,1.01,3,3.64,Low,0.4564,0.18180000000000002,0.2828
151,Weekend,Car,3.15,4.68,25,Mixed,4.0,0.99,0,8.23,Medium,0.36097500000000005,0.1782,0.2772
151,Weekend,Walk,4.31,5.68,0,Veg,2.4,0.97,0,7.81,Medium,0.4621416666666667,0.1746,0.27159999999999995
151,Weekend,Walk,7.65,7.91,0,Veg,5.2,1.08,2,8.98,Medium,0.5856583333333334,0.19440000000000002,0.3024
152,Weekday,Walk,11.66,7.25,75,Veg,7.2,0.84,1,4.1,Low,0.46158333333333335,0.1512,0.2352
152,Weekday,Bus,13.16,3.37,50,Non-Veg,4.9,0.99,0,9.12,Medium,0.38806666666666667,0.7282000000000001,0.5771999999999999
152,Weekend,Car,7.7,3.26,50,Veg,3.7,0.61,2,4.89,Low,0.3157833333333333,0.10980000000000001,0.1708
152,Weekend,Bike,5.0,6.59,100,Mixed,8.7,0.85,1,4.12,Low,0.30413333333333337,0.153,0.238
152,Weekday,Bus,6.66,4.51,75,Veg,4.0,0.99,2,3.84,Low,0.2986166666666667,0.1782,0.2772
152,Weekday,EV,11.65,6.43,0,Mixed,7.7,0.81,3,9.01,Medium,0.5813916666666668,0.1458,0.22679999999999997
152,Weekend,Car,11.6,5.54,25,Veg,5.1,0.66,1,8.24,Medium,0.4981333333333333,0.11880000000000002,0.1848
153,Weekday,Car,9.52,5.73,25,Veg,3.6,0.43,1,7.64,Medium,0.4791000000000001,0.0774,0.1204
153,Weekend,Bike,10.75,5.94,75,Non-Veg,5.0,0.71,1,7.17,Medium,0.402175,0.6778000000000001,0.49879999999999997
153,Weekend,Bike,17.92,6.59,25,Veg,6.9,0.68,2,6.07,Medium,0.6156333333333334,0.12240000000000002,0.19039999999999999
153,Weekday,Bike,9.12,4.09,0,Non-Veg,4.3,0.79,0,9.81,Medium,0.4639666666666667,0.6922,0.5212
153,Weekday,Bus,13.17,10.07,0,Non-Veg,2.1,0.69,1,15.25,High,0.7338583333333335,0.6742,0.49319999999999997
153,Weekend,Car,7.85,3.69,0,Non-Veg,3.6,0.95,0,11.31,High,0.433425,0.7210000000000001,0.566
153,Weekday,EV,19.48,5.26,0,Mixed,2.1,1.28,2,9.32,Medium,0.6363666666666667,0.23040000000000002,0.35839999999999994
154,Weekday,EV,13.75,4.25,0,Non-Veg,5.5,0.58,2,9.43,Medium,0.5277083333333334,0.6544000000000001,0.4624
154,Weekend,Walk,9.4,7.38,0,Veg,6.6,0.92,3,7.96,Medium,0.5881000000000001,0.16560000000000002,0.2576
154,Weekday,Bus,11.28,2.69,50,Mixed,3.5,0.72,2,5.57,Low,0.33963333333333334,0.1296,0.2016
154,Weekend,Car,0.6,5.44,25,Mixed,4.0,0.84,0,7.98,Medium,0.35696666666666677,0.1512,0.2352
154,Weekend,Walk,3.07,2.31,100,Veg,4.7,0.55,0,2.67,Low,0.12307500000000002,0.099,0.154
154,Weekday,Car,12.72,4.8,25,Mixed,4.9,0.6,1,9.45,Medium,0.48500000000000004,0.10800000000000001,0.16799999999999998
154,Weekend,Bus,5.61,4.02,0,Mixed,3.2,0.82,2,7.43,Medium,0.41752500000000003,0.1476,0.22959999999999997
155,Weekday,EV,11.83,2.73,0,Non-Veg,6.7,0.82,0,9.19,Medium,0.447975,0.6976,0.5296
155,Weekday,EV,12.22,6.41,0,Veg,4.8,0.75,0,8.64,Medium,0.5877833333333333,0.135,0.20999999999999996
155,Weekday,EV,8.56,3.78,25,Non-Veg,4.9,0.49,0,8.75,Medium,0.39560000000000006,0.6382000000000001,0.4372
155,Weekend,EV,10.65,4.6,50,Non-Veg,6.0,0.79,1,8.36,Medium,0.40179166666666666,0.6922,0.5212
155,Weekday,EV,10.36,5.79,50,Non-Veg,8.3,0.53,1,8.52,Medium,0.44179999999999997,0.6454000000000001,0.4484
155,Weekend,Car,12.86,3.44,25,Mixed,7.3,0.63,0,9.07,Medium,0.4368833333333334,0.11340000000000001,0.17639999999999997
155,Weekend,Walk,6.99,5.36,50,Veg,7.9,0.92,0,5.3,Low,0.3839083333333334,0.16560000000000002,0.2576
156,Weekend,EV,4.16,3.87,75,Veg,4.4,0.28,2,2.5,Low,0.2439,0.050400000000000014,0.0784
156,Weekend,Walk,10.03,2.0,0,Mixed,2.6,0.74,1,5.63,Low,0.39870833333333333,0.1332,0.2072
156,Weekend,Bus,0.67,3.16,25,Mixed,7.0,0.29,2,5.04,Low,0.2742416666666667,0.0522,0.0812
156,Weekday,Walk,22.67,4.82,75,Mixed,2.3,0.76,0,5.41,Low,0.5101083333333334,0.1368,0.21279999999999996
156,Weekend,Walk,6.93,5.06,50,Veg,5.1,0.57,0,4.75,Low,0.37215833333333337,0.1026,0.1596
156,Weekend,EV,5.77,6.13,0,Non-Veg,6.8,0.33,0,11.15,High,0.4968916666666667,0.6094,0.39239999999999997
156,Weekday,Walk,11.79,4.86,50,Veg,5.5,0.4,3,3.27,Low,0.42557500000000004,0.07200000000000001,0.11199999999999999
157,Weekend,Bike,12.24,3.19,50,Mixed,4.5,0.73,1,5.28,Low,0.36996666666666667,0.13140000000000002,0.2044
157,Weekday,Walk,9.31,4.18,0,Non-Veg,4.2,1.2,3,9.17,Medium,0.4696416666666667,0.766,0.6359999999999999
157,Weekday,Bus,9.48,6.17,0,Non-Veg,7.8,0.78,0,12.25,High,0.5447333333333334,0.6904000000000001,0.5184
157,Weekend,Bus,7.6,5.96,25,Mixed,2.5,0.61,3,7.31,Medium,0.46353333333333335,0.10980000000000001,0.1708
157,Weekend,Bus,8.37,9.26,50,Non-Veg,6.5,0.96,4,9.51,Medium,0.5441583333333333,0.7228000000000001,0.5688
157,Weekday,Bike,20.34,6.64,25,Mixed,7.8,0.61,1,7.92,Medium,0.6477166666666667,0.10980000000000001,0.1708
157,Weekday,Bus,9.77,6.76,50,Non-Veg,7.8,0.84,1,9.67,Medium,0.4699916666666667,0.7012,0.5352
158,Weekday,Car,7.49,4.54,0,Non-Veg,3.2,0.59,2,10.71,Medium,0.4600916666666667,0.6562,0.46519999999999995
158,Weekday,Bike,5.71,2.97,25,Veg,4.7,0.7,2,3.86,Low,0.33027500000000004,0.126,0.19599999999999998
158,Weekday,Bus,10.34,2.0,75,Mixed,2.0,0.65,1,5.12,Low,0.2525833333333333,0.11700000000000002,0.182
158,Weekend,Car,10.47,2.18,75,Non-Veg,6.3,0.45,1,8.29,Medium,0.26080833333333336,0.631,0.426
158,Weekend,Car,8.69,4.7,50,Veg,6.1,0.49,2,5.54,Low,0.3809583333333334,0.0882,0.1372
158,Weekday,Car,12.94,2.95,0,Non-Veg,2.6,0.86,1,11.28,High,0.4699166666666667,0.7048000000000001,0.5408
158,Weekend,Car,0.5,2.17,50,Non-Veg,6.5,0.78,2,6.63,Medium,0.18581666666666669,0.6904000000000001,0.5184
159,Weekday,Walk,14.23,6.43,75,Veg,6.1,0.63,1,3.67,Low,0.4636416666666667,0.11340000000000001,0.17639999999999997
159,Weekend,Bus,3.39,6.96,0,Mixed,8.8,0.41,0,9.96,Medium,0.49757500000000005,0.0738,0.11479999999999999
159,Weekend,Bike,13.08,7.07,25,Non-Veg,6.4,0.53,1,10.08,Medium,0.5727333333333334,0.6454000000000001,0.4484
159,Weekday,Bus,7.89,3.72,25,Veg,2.6,0.91,0,6.0,Medium,0.38502500000000006,0.1638,0.2548
159,Weekday,Walk,11.12,6.48,0,Veg,7.7,0.8,0,8.28,Medium,0.5766,0.14400000000000002,0.22399999999999998
159,Weekday,Walk,10.81,6.63,0,Veg,5.6,1.0,1,8.24,Medium,0.578225,0.18,0.27999999999999997
159,Weekend,Car,0.5,5.06,50,Non-Veg,4.5,0.75,1,8.18,Medium,0.29178333333333334,0.685,0.51
160,Weekend,Bus,10.99,5.73,0,Non-Veg,4.2,0.98,1,11.86,High,0.547475,0.7264,0.5744
160,Weekend,Bus,4.09,7.17,25,Mixed,6.0,0.85,2,8.45,Medium,0.464025,0.153,0.238
160,Weekend,Bike,8.5,8.55,100,Veg,8.0,0.49,0,2.59,Low,0.41975000000000007,0.0882,0.1372
160,Weekday,Walk,9.39,6.15,75,Mixed,8.0,0.74,1,5.25,Low,0.39287500000000003,0.1332,0.2072
160,Weekend,Car,11.41,7.31,0,Veg,2.9,0.51,2,10.2,Medium,0.6106583333333333,0.0918,0.14279999999999998
160,Weekend,Car,0.5,7.79,50,Non-Veg,7.5,1.0,0,10.0,Medium,0.39188333333333336,0.73,0.58
160,Weekend,EV,9.72,6.55,0,Mixed,7.3,0.43,1,9.38,Medium,0.5616666666666668,0.0774,0.1204
161,Weekend,Car,1.25,9.22,0,Mixed,5.4,0.68,1,11.74,High,0.5536916666666667,0.12240000000000002,0.19039999999999999
161,Weekday,EV,19.59,7.77,50,Mixed,4.3,0.28,1,7.41,Medium,0.6297750000000001,0.050400000000000014,0.0784
161,Weekday,Bike,8.97,4.83,75,Veg,3.6,0.7,1,3.43,Low,0.339225,0.126,0.19599999999999998
161,Weekday,Walk,12.4,2.07,25,Veg,6.2,0.57,5,1.96,Low,0.3809,0.1026,0.1596
161,Weekend,EV,5.06,7.19,100,Veg,4.9,0.97,1,2.97,Low,0.3268833333333333,0.1746,0.27159999999999995
161,Weekday,Bike,15.04,5.89,0,Mixed,7.4,0.99,2,8.72,Medium,0.6039666666666668,0.1782,0.2772
161,Weekend,Car,15.47,4.96,25,Veg,3.4,0.66,2,8.29,Medium,0.5252416666666667,0.11880000000000002,0.1848
162,Weekday,Walk,14.26,7.66,25,Veg,5.5,0.21,0,6.96,Medium,0.6091166666666666,0.0378,0.0588
162,Weekend,Bus,0.86,5.64,0,Veg,8.5,0.99,2,7.08,Medium,0.41755,0.1782,0.2772
162,Weekday,Bus,16.31,4.54,100,Mixed,7.7,0.92,1,5.51,Low,0.3703416666666667,0.16560000000000002,0.2576
162,Weekend,Bike,2.27,3.87,0,Mixed,8.0,0.49,0,7.26,Medium,0.370275,0.0882,0.1372
162,Weekend,EV,3.43,6.19,0,Mixed,5.0,0.94,1,9.44,Medium,0.4698416666666667,0.1692,0.2632
162,Weekend,EV,10.76,7.53,50,Mixed,7.1,0.75,0,7.92,Medium,0.5106,0.135,0.20999999999999996
162,Weekday,Walk,13.6,6.96,75,Veg,5.1,1.02,1,4.26,Low,0.4752,0.1836,0.28559999999999997
163,Weekday,Walk,12.01,6.1,50,Non-Veg,7.5,1.05,1,8.86,Medium,0.4737916666666666,0.7390000000000001,0.594
163,Weekend,Bike,6.68,6.97,0,Veg,5.8,0.87,2,7.96,Medium,0.5390666666666666,0.15660000000000002,0.24359999999999998
163,Weekend,Bike,6.73,6.06,25,Veg,3.9,1.06,1,6.6,Medium,0.45632500000000004,0.19080000000000003,0.2968
163,Weekday,Bus,11.1,5.66,75,Mixed,5.2,0.87,1,6.19,Medium,0.3962833333333334,0.15660000000000002,0.24359999999999998
163,Weekend,Bike,13.87,7.49,0,Mixed,6.9,1.1,2,10.16,Medium,0.6480083333333333,0.198,0.308
163,Weekday,EV,16.19,5.06,0,Mixed,2.3,0.84,1,8.9,Medium,0.5879083333333334,0.1512,0.2352
163,Weekday,Walk,16.11,6.22,0,Mixed,3.7,0.98,0,9.78,Medium,0.6294416666666667,0.1764,0.2744
164,Weekday,Bike,9.61,9.4,50,Veg,7.7,0.7,0,6.69,Medium,0.5647916666666667,0.126,0.19599999999999998
164,Weekday,Bike,7.8,4.08,0,Mixed,4.0,0.73,1,7.32,Medium,0.44710000000000005,0.13140000000000002,0.2044
164,Weekend,EV,0.5,4.16,0,Veg,5.8,0.93,0,6.55,Medium,0.35878333333333334,0.16740000000000002,0.2604
164,Weekday,Bike,11.4,4.44,75,Non-Veg,7.1,0.82,2,6.6,Medium,0.3553,0.6976,0.5296
164,Weekend,Car,11.88,11.13,25,Non-Veg,6.0,0.83,5,13.83,High,0.7066000000000001,0.6994,0.5324
164,Weekday,Bike,11.85,2.71,75,Veg,5.5,0.56,0,3.23,Low,0.29749166666666665,0.10080000000000003,0.1568
164,Weekday,Bus,13.65,4.49,25,Non-Veg,3.9,0.78,1,9.9,Medium,0.48525833333333335,0.6904000000000001,0.5184
165,Weekday,Walk,8.34,5.75,75,Mixed,4.6,0.91,0,5.77,Low,0.3650833333333333,0.1638,0.2548
165,Weekend,Bike,9.46,6.01,25,Veg,3.3,0.82,2,5.88,Low,0.4886166666666667,0.1476,0.22959999999999997
165,Weekend,Walk,10.24,4.52,50,Non-Veg,7.4,0.99,1,8.14,Medium,0.39373333333333327,0.7282000000000001,0.5771999999999999
165,Weekend,Walk,4.12,5.9,0,Mixed,5.2,0.66,3,7.93,Medium,0.4678333333333334,0.11880000000000002,0.1848
165,Weekend,Car,8.29,6.24,50,Non-Veg,8.0,0.58,1,10.1,Medium,0.43242500000000006,0.6544000000000001,0.4624
165,Weekend,Bike,2.82,4.96,75,Non-Veg,6.8,0.71,2,6.56,Medium,0.26711666666666667,0.6778000000000001,0.49879999999999997
165,Weekend,Bus,3.52,3.94,25,Veg,5.7,0.76,2,4.81,Low,0.3384666666666667,0.1368,0.21279999999999996
166,Weekday,Bike,14.38,5.85,25,Non-Veg,8.1,0.3,0,9.46,Medium,0.5442500000000001,0.6040000000000001,0.384
166,Weekday,Car,4.5,6.5,25,Mixed,8.1,0.47,1,8.6,Medium,0.4445833333333334,0.0846,0.1316
166,Weekend,Walk,7.6,5.79,25,Veg,2.1,0.33,0,5.95,Low,0.45730000000000004,0.05940000000000001,0.0924
166,Weekday,Walk,8.41,2.0,0,Mixed,6.8,0.61,0,5.88,Low,0.37845833333333334,0.10980000000000001,0.1708
166,Weekend,Car,0.5,3.79,0,Veg,5.7,0.28,0,5.55,Low,0.3452166666666667,0.050400000000000014,0.0784
166,Weekend,EV,1.09,4.43,50,Veg,7.3,0.49,0,4.46,Low,0.27605833333333335,0.0882,0.1372
166,Weekday,EV,8.05,2.0,25,Mixed,5.6,0.64,2,5.02,Low,0.32395833333333335,0.11520000000000001,0.17919999999999997
167,Weekend,Car,9.1,4.77,25,Veg,7.8,0.57,1,7.13,Medium,0.43865,0.1026,0.1596
167,Weekend,Bike,7.9,3.75,50,Non-Veg,3.6,0.45,0,7.57,Medium,0.33625000000000005,0.631,0.426
167,Weekday,Bike,8.72,6.61,0,Non-Veg,3.7,0.57,0,11.6,High,0.5513666666666668,0.6526000000000001,0.4596
167,Weekend,Car,0.5,3.52,25,Veg,6.4,0.43,0,4.78,Low,0.2853166666666667,0.0774,0.1204
167,Weekend,Bus,7.36,5.12,0,Non-Veg,4.7,0.73,1,10.76,Medium,0.4797333333333334,0.6814,0.5044
167,Weekday,EV,15.35,8.1,100,Veg,8.5,0.65,2,2.59,Low,0.48887499999999995,0.11700000000000002,0.182
167,Weekday,Bus,19.67,5.01,75,Mixed,3.4,0.55,0,6.76,Medium,0.47957500000000003,0.099,0.154
168,Weekday,Walk,10.75,7.46,75,Veg,6.4,0.7,0,4.37,Low,0.4579083333333333,0.126,0.19599999999999998
168,Weekend,Bike,6.09,2.0,0,Non-Veg,4.4,0.71,1,7.59,Medium,0.3494583333333333,0.6778000000000001,0.49879999999999997
168,Weekend,EV,1.71,6.25,0,Mixed,5.6,0.59,3,8.21,Medium,0.4505416666666667,0.1062,0.16519999999999999
168,Weekend,EV,2.52,5.11,50,Mixed,4.0,0.64,1,6.07,Medium,0.3188666666666667,0.11520000000000001,0.17919999999999997
168,Weekend,Bike,1.12,6.91,0,Non-Veg,5.3,0.91,2,11.46,High,0.4673666666666667,0.7138,0.5548
168,Weekend,Car,9.94,2.39,75,Veg,6.7,0.6,1,4.9,Low,0.26188333333333336,0.10800000000000001,0.16799999999999998
168,Weekday,Walk,8.84,7.08,25,Mixed,5.1,0.53,2,7.69,Medium,0.5201,0.09540000000000001,0.1484
169,Weekday,Bike,9.88,4.4,0,Veg,5.3,0.59,0,6.32,Medium,0.4848333333333334,0.1062,0.16519999999999999
169,Weekday,EV,10.76,6.28,100,Non-Veg,2.8,0.64,3,5.49,Low,0.3647666666666667,0.6652,0.47919999999999996
169,Weekend,Bus,13.72,6.42,25,Mixed,7.8,0.78,1,9.08,Medium,0.5569000000000001,0.14040000000000002,0.21839999999999998
169,Weekend,Car,4.13,8.41,75,Non-Veg,5.5,0.43,2,7.81,Medium,0.4099916666666667,0.6274000000000001,0.4204
169,Weekday,Bike,5.87,4.3,50,Mixed,7.2,0.81,0,6.24,Medium,0.3310416666666667,0.1458,0.22679999999999997
169,Weekday,Car,5.12,5.41,25,Mixed,4.5,0.84,2,8.11,Medium,0.4123666666666667,0.1512,0.2352
169,Weekend,Bus,3.44,9.01,0,Mixed,4.6,0.31,0,11.53,High,0.5733666666666667,0.0558,0.0868
170,Weekday,Walk,11.88,7.78,75,Non-Veg,5.5,0.79,0,8.04,Medium,0.48376666666666673,0.6922,0.5212
170,Weekend,EV,9.56,7.54,0,Veg,8.3,0.74,2,8.65,Medium,0.5959666666666668,0.1332,0.2072
170,Weekday,Bike,15.23,4.27,25,Veg,7.2,0.64,1,4.99,Low,0.4969416666666667,0.11520000000000001,0.17919999999999997
170,Weekend,Bike,9.98,6.09,0,Non-Veg,4.7,0.75,0,11.4,High,0.54805,0.685,0.51
170,Weekend,Walk,2.6,3.4,0,Veg,8.6,0.85,0,5.8,Low,0.3571666666666667,0.153,0.238
170,Weekend,Car,4.5,5.55,25,Mixed,5.5,0.5,1,8.05,Medium,0.40975000000000006,0.09,0.13999999999999999
170,Weekday,Walk,10.43,5.93,25,Non-Veg,3.4,0.96,0,10.29,Medium,0.49780833333333335,0.7228000000000001,0.5688
171,Weekday,Bus,8.79,3.47,25,Veg,5.9,0.78,1,5.37,Low,0.3871083333333334,0.14040000000000002,0.21839999999999998
171,Weekday,Bike,13.97,6.71,0,Mixed,3.5,0.39,2,8.67,Medium,0.6206583333333333,0.07020000000000001,0.10919999999999999
171,Weekday,Walk,8.51,7.56,0,Veg,4.8,0.68,0,9.02,Medium,0.583575,0.12240000000000002,0.19039999999999999
171,Weekend,Walk,6.43,2.0,25,Non-Veg,2.2,0.58,1,7.02,Medium,0.30370833333333336,0.6544000000000001,0.4624
171,Weekday,EV,4.51,8.46,0,Mixed,4.1,0.78,2,10.75,Medium,0.566575,0.14040000000000002,0.21839999999999998
171,Weekday,EV,10.46,4.35,25,Veg,3.6,0.79,3,4.84,Low,0.44025000000000003,0.14220000000000002,0.22119999999999998
171,Weekend,EV,8.8,3.12,75,Non-Veg,4.4,0.15,1,6.27,Medium,0.27440000000000003,0.5770000000000001,0.34199999999999997
172,Weekend,EV,3.27,5.79,25,Mixed,5.5,0.7,0,8.03,Medium,0.40317500000000006,0.126,0.19599999999999998
172,Weekend,Walk,2.92,6.34,50,Mixed,7.4,1.21,1,7.15,Medium,0.36896666666666667,0.2178,0.3388
172,Weekday,Bus,10.73,6.29,0,Mixed,3.0,0.75,2,9.61,Medium,0.5647583333333334,0.135,0.20999999999999996
172,Weekday,Walk,14.47,9.91,50,Mixed,2.1,1.06,0,8.83,Medium,0.6442416666666667,0.19080000000000003,0.2968
172,Weekend,Bike,0.5,5.26,50,Non-Veg,7.5,1.03,1,8.49,Medium,0.2991166666666667,0.7354,0.5884
172,Weekday,Bus,11.22,8.28,0,Non-Veg,5.4,0.71,0,14.03,High,0.64385,0.6778000000000001,0.49879999999999997
172,Weekday,Bike,14.81,7.89,75,Mixed,3.0,0.58,3,4.62,Low,0.524425,0.1044,0.1624
173,Weekday,Car,14.2,5.29,0,Non-Veg,3.2,1.03,1,13.66,High,0.5714666666666668,0.7354,0.5884
173,Weekday,Bike,10.54,3.7,25,Mixed,6.9,1.02,3,5.8,Low,0.41741666666666666,0.1836,0.28559999999999997
173,Weekday,Bike,12.04,3.82,0,Veg,3.8,0.69,0,5.95,Low,0.49056666666666665,0.1242,0.19319999999999998
173,Weekday,Car,12.05,11.36,75,Veg,6.5,0.86,3,6.69,Medium,0.6171583333333335,0.1548,0.2408
173,Weekend,Car,7.54,5.02,25,Veg,7.5,0.9,2,6.96,Medium,0.4283166666666667,0.162,0.252
173,Weekend,Car,11.57,5.52,50,Mixed,8.7,0.9,2,8.47,Medium,0.447025,0.162,0.252
173,Weekend,Walk,0.5,4.15,50,Non-Veg,7.3,0.55,2,7.06,Medium,0.2584166666666667,0.649,0.45399999999999996
174,Weekend,Bus,8.43,7.38,25,Mixed,8.3,0.95,0,9.85,Medium,0.5259750000000001,0.17099999999999999,0.26599999999999996
174,Weekend,Car,9.28,4.49,75,Mixed,8.0,0.59,2,6.28,Medium,0.33063333333333333,0.1062,0.16519999999999999
174,Weekend,EV,7.39,6.33,50,Mixed,8.8,1.24,0,7.87,Medium,0.42447500000000005,0.2232,0.3472
174,Weekend,Car,10.29,6.53,25,Mixed,2.5,0.33,0,10.07,Medium,0.5180583333333334,0.05940000000000001,0.0924
174,Weekend,Car,8.75,6.26,75,Veg,7.6,0.95,1,5.87,Low,0.38890833333333336,0.17099999999999999,0.26599999999999996
174,Weekend,Car,0.64,5.56,75,Veg,3.2,0.74,0,4.17,Low,0.2618666666666667,0.1332,0.2072
174,Weekday,Walk,4.67,6.95,0,Veg,2.4,0.45,1,7.84,Medium,0.5132083333333334,0.081,0.126
175,Weekday,Walk,18.56,2.74,25,Veg,8.6,0.75,2,3.79,Low,0.4824666666666667,0.135,0.20999999999999996
175,Weekday,Bus,10.41,8.08,0,Mixed,7.7,0.53,2,10.79,Medium,0.6263916666666667,0.09540000000000001,0.1484
175,Weekday,Walk,15.85,8.3,75,Non-Veg,2.3,0.71,0,8.05,Medium,0.5524583333333334,0.6778000000000001,0.49879999999999997
175,Weekday,Walk,11.12,7.67,25,Veg,7.9,0.75,0,7.61,Medium,0.5702333333333334,0.135,0.20999999999999996
175,Weekend,Bus,8.57,5.71,0,Non-Veg,6.2,0.86,0,11.9,High,0.5164916666666667,0.7048000000000001,0.5408
175,Weekend,Walk,5.69,3.17,75,Mixed,6.2,0.62,2,4.1,Low,0.23735833333333334,0.1116,0.1736
175,Weekday,EV,9.4,5.61,25,Veg,6.7,0.8,1,6.38,Medium,0.47320000000000007,0.14400000000000002,0.22399999999999998
176,Weekday,Walk,14.17,2.0,0,Mixed,4.3,0.69,0,5.97,Low,0.45045833333333335,0.1242,0.19319999999999998
176,Weekend,Walk,0.5,5.22,25,Mixed,6.7,0.21,0,6.97,Medium,0.34765,0.0378,0.0588
176,Weekend,Bus,3.43,6.54,50,Mixed,6.7,0.34,0,6.86,Medium,0.3826750000000001,0.06120000000000001,0.09519999999999999
176,Weekend,Bike,12.11,7.67,25,Veg,5.8,1.06,1,7.59,Medium,0.5826083333333334,0.19080000000000003,0.2968
176,Weekend,Bus,4.58,3.2,0,Mixed,8.8,0.57,1,6.78,Medium,0.3745833333333334,0.1026,0.1596
176,Weekday,Car,6.72,3.81,25,Mixed,7.8,0.52,1,7.48,Medium,0.37370000000000003,0.0936,0.1456
176,Weekday,Bus,13.9,5.3,75,Mixed,5.9,0.44,1,5.83,Low,0.4180833333333333,0.0792,0.1232
177,Weekday,Bus,11.17,6.7,0,Non-Veg,5.3,0.47,3,11.25,High,0.5852916666666668,0.6346,0.4316
177,Weekend,Bus,6.64,3.3,0,Non-Veg,3.2,0.25,1,8.64,Medium,0.404,0.5950000000000001,0.37
177,Weekend,Car,11.02,5.56,50,Veg,8.2,0.57,1,6.87,Medium,0.44161666666666666,0.1026,0.1596
177,Weekend,Walk,6.65,3.66,0,Non-Veg,3.2,0.46,0,9.04,Medium,0.41732500000000006,0.6328,0.42879999999999996
177,Weekend,Car,3.24,5.16,75,Non-Veg,8.2,0.77,0,8.16,Medium,0.27970000000000006,0.6886000000000001,0.5156
177,Weekday,Bus,16.68,4.86,0,Veg,8.3,0.65,0,8.1,Medium,0.5867,0.11700000000000002,0.182
177,Weekday,Bike,8.38,4.58,75,Mixed,3.0,0.57,2,4.32,Low,0.3226833333333334,0.1026,0.1596
178,Weekday,Bike,6.06,3.89,75,Veg,4.9,0.76,1,3.31,Low,0.26838333333333336,0.1368,0.21279999999999996
178,Weekend,Walk,11.98,3.69,25,Veg,4.2,0.2,0,4.51,Low,0.43505000000000005,0.036000000000000004,0.055999999999999994
178,Weekday,EV,13.78,6.57,50,Non-Veg,5.5,0.71,4,8.0,Medium,0.51315,0.6778000000000001,0.49879999999999997
178,Weekend,Car,4.92,2.0,0,Non-Veg,8.8,0.76,2,8.29,Medium,0.3348333333333333,0.6868000000000001,0.5127999999999999
178,Weekend,EV,14.4,6.91,25,Veg,7.3,0.65,0,7.6,Medium,0.5833666666666667,0.11700000000000002,0.182
178,Weekend,Bike,3.76,3.37,25,Veg,7.9,0.41,2,3.77,Low,0.32056666666666667,0.0738,0.11479999999999999
178,Weekend,Bus,10.53,4.53,0,Non-Veg,6.9,0.5,0,10.66,Medium,0.49772500000000003,0.64,0.43999999999999995
179,Weekend,Car,0.5,5.38,0,Veg,3.8,0.42,0,7.02,Medium,0.4035166666666667,0.0756,0.1176
179,Weekend,Car,5.93,5.57,0,Mixed,7.3,0.43,0,9.83,Medium,0.4783583333333334,0.0774,0.1204
179,Weekday,Walk,13.84,4.61,50,Mixed,2.5,0.59,4,4.5,Low,0.4420333333333333,0.1062,0.16519999999999999
179,Weekend,Car,11.32,3.87,0,Veg,2.1,1.04,0,8.8,Medium,0.48340000000000005,0.1872,0.2912
179,Weekday,Bike,15.47,8.61,25,Non-Veg,2.2,0.76,1,11.31,High,0.659075,0.6868000000000001,0.5127999999999999
179,Weekend,EV,5.77,6.36,25,Veg,8.0,0.73,2,6.22,Medium,0.4553250000000001,0.13140000000000002,0.2044
179,Weekend,Bus,5.55,5.04,50,Non-Veg,4.9,0.45,3,7.35,Medium,0.354175,0.631,0.426
180,Weekend,Walk,3.04,7.27,0,Mixed,4.9,0.65,1,9.84,Medium,0.5045666666666666,0.11700000000000002,0.182
180,Weekend,Car,11.02,2.0,0,Veg,5.6,0.55,0,6.61,Medium,0.41108333333333336,0.099,0.154
180,Weekend,Bus,3.71,5.16,50,Mixed,7.1,0.99,2,6.3,Medium,0.33557500000000007,0.1782,0.2772
180,Weekday,Walk,17.94,3.54,25,Non-Veg,7.9,0.68,0,8.49,Medium,0.5040500000000001,0.6724000000000001,0.49039999999999995
180,Weekday,Car,12.28,3.31,0,Mixed,8.2,0.88,0,9.85,Medium,0.4748666666666667,0.1584,0.2464
180,Weekend,EV,6.71,6.54,50,Veg,3.4,0.71,0,5.81,Low,0.423675,0.1278,0.19879999999999998
180,Weekday,Car,5.68,3.96,0,Mixed,3.4,0.45,1,8.09,Medium,0.4162,0.081,0.126
181,Weekend,Car,6.9,4.41,0,Mixed,2.8,0.67,2,8.58,Medium,0.44795000000000007,0.12060000000000001,0.1876
181,Weekday,Bike,12.6,2.72,50,Mixed,7.1,0.52,1,4.84,Low,0.3572333333333334,0.0936,0.1456
181,Weekend,Walk,6.14,3.65,50,Veg,7.5,0.38,1,3.55,Low,0.3105833333333333,0.0684,0.10639999999999998
181,Weekday,Bus,8.82,4.15,50,Mixed,6.1,0.73,1,6.38,Medium,0.3624166666666667,0.13140000000000002,0.2044
181,Weekend,Bus,3.88,5.7,25,Mixed,3.5,0.11,0,7.44,Medium,0.40750000000000003,0.0198,0.0308
181,Weekday,EV,10.93,5.49,0,Veg,6.1,0.47,2,6.71,Medium,0.537925,0.0846,0.1316
181,Weekday,Bus,16.61,6.4,50,Non-Veg,8.6,0.1,1,9.17,Medium,0.5422916666666667,0.5680000000000001,0.32799999999999996
182,Weekend,Walk,3.28,6.23,0,Mixed,8.5,0.64,1,8.97,Medium,0.46943333333333337,0.11520000000000001,0.17919999999999997
182,Weekend,Bus,4.2,7.5,25,Veg,4.9,0.78,1,7.49,Medium,0.47750000000000004,0.14040000000000002,0.21839999999999998
182,Weekday,Bike,11.22,5.27,0,Non-Veg,6.3,0.46,0,10.38,Medium,0.5334833333333333,0.6328,0.42879999999999996
182,Weekend,Bus,5.07,5.6,0,Mixed,6.7,0.74,2,8.58,Medium,0.46870833333333334,0.1332,0.2072
182,Weekday,Bike,11.94,5.22,100,Non-Veg,3.8,0.69,2,5.52,Low,0.34065,0.6742,0.49319999999999997
182,Weekday,Walk,10.91,6.64,100,Non-Veg,4.0,0.71,1,5.95,Low,0.37984166666666663,0.6778000000000001,0.49879999999999997
182,Weekday,Walk,19.33,3.95,25,Veg,3.8,0.77,1,4.95,Low,0.5364583333333334,0.1386,0.21559999999999996
183,Weekday,Bus,10.02,2.25,0,Mixed,5.4,0.65,1,6.53,Medium,0.40775,0.11700000000000002,0.182
183,Weekend,Car,8.73,3.34,50,Veg,3.8,0.68,1,5.61,Low,0.3315916666666667,0.12240000000000002,0.19039999999999999
183,Weekend,EV,1.56,5.29,50,Non-Veg,8.3,0.47,2,7.5,Medium,0.31346666666666667,0.6346,0.4316
183,Weekday,Walk,0.82,8.06,0,Non-Veg,7.7,0.72,1,12.57,High,0.5057833333333334,0.6796,0.5016
183,Weekend,Bus,3.83,7.19,0,Non-Veg,6.4,0.48,2,11.48,High,0.5115083333333333,0.6364000000000001,0.4344
183,Weekend,Walk,10.48,4.93,25,Mixed,9.0,0.76,1,7.04,Medium,0.46176666666666666,0.1368,0.21279999999999996
183,Weekend,Walk,11.45,5.02,50,Mixed,7.5,0.37,2,5.2,Low,0.42719166666666664,0.0666,0.1036
184,Weekday,EV,15.43,8.45,25,Veg,2.4,0.66,2,7.81,Medium,0.6527083333333333,0.11880000000000002,0.1848
184,Weekend,EV,0.5,6.9,0,Veg,4.0,0.47,1,7.83,Medium,0.45925,0.0846,0.1316
184,Weekday,Car,10.21,5.77,50,Mixed,3.1,0.23,2,7.49,Medium,0.43919166666666665,0.041400000000000006,0.0644
184,Weekday,Car,13.2,4.41,75,Veg,6.9,0.51,1,5.89,Low,0.3767,0.0918,0.14279999999999998
184,Weekday,Bus,8.85,8.57,0,Non-Veg,7.5,0.32,1,13.22,High,0.6248583333333333,0.6076,0.38959999999999995
184,Weekend,Bike,4.98,5.12,0,Veg,6.5,0.72,1,6.66,Medium,0.4499833333333334,0.1296,0.2016
184,Weekday,Bike,11.75,2.0,0,Veg,6.9,0.56,3,3.11,Low,0.42020833333333335,0.10080000000000003,0.1568
185,Weekday,EV,18.46,5.04,25,Veg,9.0,0.76,0,6.75,Medium,0.56555,0.1368,0.21279999999999996
185,Weekday,Bus,17.35,6.51,25,Mixed,5.5,0.78,3,8.63,Medium,0.6055750000000001,0.14040000000000002,0.21839999999999998
185,Weekday,Walk,7.62,3.38,25,Mixed,7.6,1.31,2,6.35,Medium,0.36918333333333336,0.2358,0.36679999999999996
185,Weekend,Bus,9.47,5.84,0,Non-Veg,2.4,1.13,1,12.01,High,0.5325083333333334,0.7534000000000001,0.6164
185,Weekend,Car,9.35,4.86,50,Veg,3.7,0.5,0,6.55,Medium,0.39507500000000007,0.09,0.13999999999999999
185,Weekend,EV,10.23,7.34,0,Veg,5.7,0.59,1,8.73,Medium,0.5970083333333334,0.1062,0.16519999999999999
185,Weekend,Car,10.11,5.64,25,Non-Veg,5.2,1.16,0,12.48,High,0.483175,0.7588,0.6248
186,Weekday,Bike,12.45,2.0,25,Non-Veg,6.5,0.67,2,6.73,Medium,0.37895833333333334,0.6706000000000001,0.4876
186,Weekend,Bus,9.53,6.49,25,Mixed,6.8,0.5,2,8.06,Medium,0.5070916666666667,0.09,0.13999999999999999
186,Weekend,Car,10.13,4.87,25,Non-Veg,4.3,0.42,0,11.13,High,0.4551916666666667,0.6256,0.41759999999999997
186,Weekday,Bus,8.39,9.49,0,Mixed,6.3,0.71,4,11.21,High,0.6528416666666668,0.1278,0.19879999999999998
186,Weekday,Bike,15.08,4.23,25,Non-Veg,6.0,0.3,2,7.67,Medium,0.49360000000000004,0.6040000000000001,0.384
186,Weekend,Car,5.36,4.2,0,Non-Veg,6.9,0.5,3,9.47,Medium,0.42100000000000004,0.64,0.43999999999999995
186,Weekday,Bike,16.57,2.89,75,Mixed,8.3,0.27,2,3.62,Low,0.36309166666666665,0.048600000000000004,0.0756
187,Weekday,Bike,12.35,7.14,25,Mixed,5.9,0.44,0,8.41,Medium,0.566175,0.0792,0.1232
187,Weekday,Walk,13.33,7.3,0,Non-Veg,7.4,0.86,1,12.11,High,0.6342916666666667,0.7048000000000001,0.5408
187,Weekday,Bus,14.45,6.41,50,Veg,5.8,0.68,1,6.2,Medium,0.5156583333333333,0.12240000000000002,0.19039999999999999
187,Weekend,Car,6.84,8.28,75,Veg,4.8,0.61,0,5.87,Low,0.4391,0.10980000000000001,0.1708
187,Weekday,Bike,15.51,7.8,50,Non-Veg,8.1,1.16,0,10.09,Medium,0.5798749999999999,0.7588,0.6248
187,Weekend,Bike,6.94,5.07,25,Non-Veg,8.5,0.52,1,8.84,Medium,0.4226500000000001,0.6436000000000001,0.4456
187,Weekend,Bike,4.15,5.25,0,Veg,6.3,1.03,1,7.14,Medium,0.444375,0.1854,0.2884
188,Weekend,Walk,7.8,9.02,0,Mixed,4.6,0.78,2,11.04,High,0.6282333333333334,0.14040000000000002,0.21839999999999998
188,Weekend,Car,9.25,7.57,0,Mixed,6.0,0.7,1,12.09,High,0.5931916666666668,0.126,0.19599999999999998
188,Weekend,Car,9.87,6.89,75,Veg,7.9,0.75,1,5.98,Low,0.4260083333333334,0.135,0.20999999999999996
188,Weekday,Bike,11.56,7.36,25,Veg,5.1,0.48,0,7.1,Medium,0.5643666666666668,0.0864,0.1344
188,Weekend,Walk,16.17,5.83,25,Mixed,3.0,0.91,0,8.18,Medium,0.5658916666666667,0.1638,0.2548
188,Weekend,Walk,9.27,4.26,0,Mixed,8.4,0.58,0,7.69,Medium,0.472075,0.1044,0.1624
188,Weekday,Bike,9.53,6.61,0,Non-Veg,4.0,0.9,2,11.2,High,0.5614916666666667,0.7120000000000001,0.552
189,Weekday,Walk,4.88,5.87,25,Non-Veg,2.5,0.67,1,9.52,Medium,0.42623333333333335,0.6706000000000001,0.4876
189,Weekday,Walk,14.96,7.12,100,Mixed,5.3,0.84,1,4.1,Low,0.44806666666666667,0.1512,0.2352
189,Weekday,Bus,11.05,4.47,0,Non-Veg,8.9,0.83,2,10.25,Medium,0.5020249999999999,0.6994,0.5324
189,Weekday,Bus,8.6,7.09,0,Veg,8.6,0.6,2,8.42,Medium,0.5674666666666667,0.10800000000000001,0.16799999999999998
189,Weekday,Bus,8.46,5.71,0,Veg,3.7,0.58,3,6.85,Medium,0.5151166666666667,0.1044,0.1624
189,Weekday,EV,14.93,5.48,0,Veg,6.4,0.36,2,6.73,Medium,0.5875583333333334,0.0648,0.1008
189,Weekday,EV,5.64,9.16,0,Non-Veg,7.4,0.49,0,13.83,High,0.6063666666666667,0.6382000000000001,0.4372
190,Weekday,Bike,11.7,3.53,25,Mixed,5.2,0.7,3,5.31,Low,0.42568333333333336,0.126,0.19599999999999998
190,Weekday,Bus,11.83,4.29,50,Mixed,5.9,0.37,1,6.25,Medium,0.40517500000000006,0.0666,0.1036
190,Weekday,Walk,13.7,3.39,50,Non-Veg,2.3,0.8,1,7.45,Medium,0.39554999999999996,0.6940000000000001,0.524
190,Weekday,Bike,14.74,3.66,50,Non-Veg,6.1,0.51,1,7.21,Medium,0.41845,0.6418,0.44279999999999997
190,Weekend,Bike,0.5,3.73,0,Mixed,3.5,0.91,0,7.65,Medium,0.3430166666666667,0.1638,0.2548
190,Weekday,EV,16.19,3.29,50,Veg,3.4,0.56,3,3.47,Low,0.4230083333333333,0.10080000000000003,0.1568
190,Weekday,Car,14.34,3.13,50,Mixed,4.4,0.82,1,8.37,Medium,0.3940166666666667,0.1476,0.22959999999999997
191,Weekend,EV,2.01,2.0,0,Veg,7.3,0.51,1,3.93,Low,0.2984583333333333,0.0918,0.14279999999999998
191,Weekend,Bus,3.08,4.36,25,Mixed,7.4,0.46,2,6.18,Medium,0.3483666666666667,0.08280000000000001,0.1288
191,Weekday,Walk,14.55,7.88,75,Veg,6.9,0.5,1,3.81,Low,0.5208083333333334,0.09,0.13999999999999999
191,Weekend,EV,0.55,4.93,0,Non-Veg,8.5,0.95,2,9.91,Medium,0.38764166666666666,0.7210000000000001,0.566
191,Weekend,Walk,4.73,3.25,0,Mixed,5.5,0.58,2,6.05,Medium,0.3782916666666667,0.1044,0.1624
191,Weekday,Bus,13.88,4.66,75,Non-Veg,4.0,0.8,0,8.52,Medium,0.3943666666666667,0.6940000000000001,0.524
191,Weekend,Bus,7.07,6.78,75,Non-Veg,8.6,0.56,1,7.73,Medium,0.386975,0.6508,0.4568
192,Weekday,Bike,9.31,7.86,50,Mixed,2.9,0.48,3,6.1,Medium,0.504575,0.0864,0.1344
192,Weekday,Bike,12.07,5.28,0,Mixed,8.8,0.37,0,8.28,Medium,0.544475,0.0666,0.1036
192,Weekend,EV,7.72,9.32,0,Mixed,8.4,1.18,1,12.48,High,0.6382333333333334,0.2124,0.33039999999999997
192,Weekday,Bike,8.29,7.24,75,Non-Veg,4.6,0.78,2,7.13,Medium,0.4190916666666667,0.6904000000000001,0.5184
192,Weekend,EV,3.1,6.88,75,Veg,2.6,0.78,1,4.08,Low,0.3410166666666667,0.14040000000000002,0.21839999999999998
192,Weekday,Car,10.25,8.94,50,Veg,3.1,0.75,2,7.92,Medium,0.555925,0.135,0.20999999999999996
192,Weekend,Walk,2.95,9.08,25,Mixed,5.3,1.15,2,9.66,Medium,0.5198083333333334,0.207,0.32199999999999995
193,Weekend,Bike,1.47,5.26,75,Mixed,8.0,0.99,0,5.76,Low,0.2612416666666667,0.1782,0.2772
193,Weekday,Walk,11.56,5.47,0,Mixed,2.2,0.81,1,8.56,Medium,0.5450666666666667,0.1458,0.22679999999999997
193,Weekend,Bike,4.87,6.36,25,Mixed,8.1,0.42,0,7.92,Medium,0.44407500000000005,0.0756,0.1176
193,Weekend,Car,9.84,3.58,0,Non-Veg,8.3,0.79,0,11.44,High,0.4542666666666667,0.6922,0.5212
193,Weekend,Bike,12.06,6.28,0,Non-Veg,4.2,0.75,0,11.55,High,0.5810166666666667,0.685,0.51
193,Weekday,Bus,7.46,2.92,0,Veg,8.1,0.63,2,4.96,Low,0.40031666666666665,0.11340000000000001,0.17639999999999997
193,Weekday,Car,16.57,4.55,0,Mixed,5.7,0.1,1,10.43,Medium,0.5739583333333333,0.018000000000000002,0.027999999999999997
194,Weekday,Walk,11.12,8.05,0,Mixed,4.7,0.73,1,10.58,Medium,0.6341666666666668,0.13140000000000002,0.2044
194,Weekend,Bus,10.78,6.25,25,Non-Veg,8.6,0.49,2,10.0,Medium,0.5139166666666667,0.6382000000000001,0.4372
194,Weekday,Bus,18.74,4.15,0,Non-Veg,3.5,0.72,0,11.27,High,0.5864166666666666,0.6796,0.5016
194,Weekend,EV,10.58,7.03,50,Non-Veg,7.9,0.77,2,8.93,Medium,0.49001666666666666,0.6886000000000001,0.5156
194,Weekday,EV,11.77,5.5,25,Non-Veg,3.0,0.23,1,9.23,Medium,0.49879166666666674,0.5914,0.3644
194,Weekend,Car,9.49,5.33,50,Veg,4.5,0.96,1,6.93,Medium,0.4140583333333333,0.1728,0.2688
194,Weekday,Car,12.59,5.66,25,Mixed,8.7,0.59,1,9.93,Medium,0.5149083333333334,0.1062,0.16519999999999999
195,Weekend,EV,0.5,5.41,25,Non-Veg,3.0,1.13,0,10.19,Medium,0.3546166666666667,0.7534000000000001,0.6164
195,Weekend,Bike,5.53,10.33,50,Non-Veg,8.6,0.75,1,10.24,Medium,0.5478916666666667,0.685,0.51
195,Weekday,Walk,18.98,8.66,75,Veg,7.0,1.15,0,5.16,Low,0.6047833333333335,0.207,0.32199999999999995
195,Weekend,Car,2.5,4.93,0,Veg,2.2,0.53,0,7.21,Medium,0.4120166666666667,0.09540000000000001,0.1484
195,Weekday,Bike,16.43,8.48,100,Non-Veg,4.4,1.0,0,6.7,Medium,0.5163083333333334,0.73,0.58
195,Weekday,Car,12.59,9.2,0,Mixed,8.0,1.04,1,14.53,High,0.6947083333333333,0.1872,0.2912
195,Weekend,Bus,6.47,3.69,25,Mixed,3.9,0.82,0,7.27,Medium,0.36617500000000003,0.1476,0.22959999999999997
196,Weekend,EV,8.91,2.0,0,Veg,2.9,0.78,2,4.13,Low,0.3847083333333333,0.14040000000000002,0.21839999999999998
196,Weekend,Bike,11.91,2.61,50,Non-Veg,4.7,0.64,1,6.94,Medium,0.34457499999999996,0.6652,0.47919999999999996
196,Weekend,Bus,9.54,5.1,25,Non-Veg,4.2,0.56,4,8.47,Medium,0.45625000000000004,0.6508,0.4568
196,Weekday,Bus,13.34,6.13,25,Non-Veg,7.1,0.65,1,10.71,Medium,0.5415166666666666,0.667,0.482
196,Weekday,Bike,11.1,7.53,0,Non-Veg,2.2,0.89,1,12.35,High,0.6148500000000001,0.7102,0.5492
196,Weekend,EV,12.51,5.61,25,Mixed,7.2,0.51,1,7.66,Medium,0.5120750000000001,0.0918,0.14279999999999998
196,Weekday,Bike,7.14,6.68,25,Non-Veg,5.1,0.72,2,9.67,Medium,0.48418333333333335,0.6796,0.5016
197,Weekday,Car,14.62,8.71,0,Veg,4.2,0.69,3,11.83,High,0.7021166666666667,0.1242,0.19319999999999998
197,Weekend,EV,8.54,4.71,0,Non-Veg,8.0,1.03,1,10.54,Medium,0.47945,0.7354,0.5884
197,Weekday,Car,5.63,7.74,25,Veg,7.8,0.7,0,8.78,Medium,0.504175,0.126,0.19599999999999998
197,Weekend,Walk,5.4,7.63,0,Mixed,4.3,0.86,2,9.99,Medium,0.5472666666666667,0.1548,0.2408
197,Weekend,Car,3.14,5.47,0,Non-Veg,5.4,0.66,3,10.24,Medium,0.4398166666666667,0.6688000000000001,0.4848
197,Weekday,EV,12.38,5.44,0,Veg,7.1,0.65,3,6.54,Medium,0.5542166666666668,0.11700000000000002,0.182
197,Weekday,Bus,7.08,7.07,50,Mixed,6.3,0.55,1,7.22,Medium,0.4477333333333333,0.099,0.154
198,Weekday,Car,10.1,4.28,25,Non-Veg,8.6,0.79,0,11.2,High,0.43318333333333336,0.6922,0.5212
198,Weekday,Bus,18.04,2.34,50,Veg,8.3,0.61,0,5.13,Low,0.4113,0.10980000000000001,0.1708
198,Weekend,Bike,6.28,5.03,0,Veg,7.0,0.54,1,6.38,Medium,0.46293333333333336,0.09720000000000001,0.1512
198,Weekend,EV,4.0,6.36,25,Veg,6.7,0.27,0,6.39,Medium,0.4332000000000001,0.048600000000000004,0.0756
198,Weekday,Car,3.99,7.7,75,Mixed,4.9,0.5,1,6.11,Medium,0.38220833333333337,0.09,0.13999999999999999
198,Weekend,Bike,11.57,4.65,50,Veg,2.8,0.37,1,3.95,Low,0.4151250000000001,0.0666,0.1036
198,Weekday,Bus,13.89,4.97,0,Veg,3.6,0.81,1,7.76,Medium,0.5558583333333333,0.1458,0.22679999999999997
199,Weekday,EV,14.27,4.57,25,Mixed,4.5,0.87,4,6.32,Medium,0.4959416666666667,0.15660000000000002,0.24359999999999998
199,Weekday,Bus,10.45,7.22,0,Mixed,3.9,0.62,1,10.6,Medium,0.5953583333333333,0.1116,0.1736
199,Weekend,Car,12.71,4.91,75,Mixed,6.7,0.53,0,7.81,Medium,0.38890833333333336,0.09540000000000001,0.1484
199,Weekend,EV,4.16,3.98,0,Veg,4.1,0.7,0,6.27,Medium,0.39793333333333336,0.126,0.19599999999999998
199,Weekday,Bus,16.84,6.45,50,Veg,3.8,0.52,2,5.82,Low,0.547,0.0936,0.1456
199,Weekend,Bike,0.5,8.76,0,Non-Veg,2.1,0.75,1,13.18,High,0.52745,0.685,0.51
199,Weekday,EV,7.53,6.89,25,Non-Veg,3.4,0.47,0,10.6,Medium,0.4967583333333334,0.6346,0.4316
200,Weekday,EV,12.51,3.72,0,Veg,5.6,0.55,4,4.61,Low,0.492775,0.099,0.154
200,Weekend,EV,0.5,3.21,75,Veg,6.2,0.22,0,2.94,Low,0.17395,0.0396,0.0616
200,Weekend,Bike,7.73,4.12,25,Veg,2.8,0.58,1,4.83,Low,0.3976916666666667,0.1044,0.1624
200,Weekend,Walk,5.2,4.72,75,Non-Veg,7.1,0.56,1,6.74,Medium,0.2880666666666667,0.6508,0.4568
200,Weekday,Bike,7.16,3.88,25,Non-Veg,3.2,0.72,2,7.95,Medium,0.3817666666666667,0.6796,0.5016
200,Weekday,Bus,10.91,3.84,75,Mixed,4.7,0.77,0,6.08,Medium,0.327175,0.1386,0.21559999999999996
200,Weekend,EV,7.69,5.34,50,Non-Veg,5.0,0.81,1,8.57,Medium,0.3919250000000001,0.6958000000000001,0.5267999999999999
